outcome,predictor,copredictor,estimator,sample,reg_weight,construction,variants,fitted,median_rca,min_rca,max_rca,share_claim,share_sig,share_both
mcomm,growth,none,fe_country,all,n_cell,count,48,48,0.019732149101874815,-0.02117379473963591,0.07957366924257349,0.5,0,0
mcomm,growth,none,fe_country,all,n_cell,rate,50,50,-0.006631116887710705,-0.02117379473963591,0.07957366924257349,0.52,0,0
mcomm,growth,none,fe_country,all,n_cell,share,50,50,-0.11064455135542567,-0.21933801647629672,-0.04896305774323462,1,0.26,0.26
mcomm,growth,none,fe_country,all,n_eff,count,48,48,0.016929047500397004,-0.0267885119327438,0.07886291718302967,0.5,0,0
mcomm,growth,none,fe_country,all,n_eff,rate,50,50,-0.00720660777035615,-0.0267885119327438,0.07886291718302967,0.52,0,0
mcomm,growth,none,fe_country,all,n_eff,share,50,50,-0.11198425029192108,-0.22790233336019833,-0.04896305774323462,1,0.28,0.28
mcomm,growth,none,fe_country,all,none,count,48,48,0.008545961907570461,-0.03367133269275712,0.06697650224982438,0.5,0,0
mcomm,growth,none,fe_country,all,none,rate,50,50,-0.012634791373140355,-0.03367133269275712,0.06697650224982438,0.52,0,0
mcomm,growth,none,fe_country,all,none,share,50,50,-0.1086695131017017,-0.22296754174917996,-0.05045083605373649,1,0.36,0.36
mcomm,growth,none,fe_country,all,pop,count,48,48,0.06618174429765564,0.02748636705123027,0.1399098574667164,0,0.041666666666666664,0
mcomm,growth,none,fe_country,all,pop,rate,50,50,0.06618174429765564,0.02748636705123027,0.1399098574667164,0,0.04,0
mcomm,growth,none,fe_country,all,pop,share,50,50,-0.07968865324675961,-0.1828023118458716,-0.01402088368927357,1,0.26,0.26
mcomm,growth,none,fe_country,no_GR_ES,n_cell,count,48,48,0.06094223232101083,0.01844947095696568,0.1083557140454847,0,0,0
mcomm,growth,none,fe_country,no_GR_ES,n_cell,rate,50,50,0.0332668584197852,0.01844947095696568,0.1083557140454847,0,0,0
mcomm,growth,none,fe_country,no_GR_ES,n_cell,share,50,50,-0.07139683152188428,-0.13594727753242486,-0.01035880975029437,1,0.02,0.02
mcomm,growth,none,fe_country,no_GR_ES,n_eff,count,48,48,0.05848608295917429,0.01487095680612316,0.1083557140454847,0,0,0
mcomm,growth,none,fe_country,no_GR_ES,n_eff,rate,50,50,0.0332668584197852,0.01487095680612316,0.1083557140454847,0,0,0
mcomm,growth,none,fe_country,no_GR_ES,n_eff,share,50,50,-0.07139683152188428,-0.14314311029357948,-0.01035880975029437,1,0.04,0.04
mcomm,growth,none,fe_country,no_GR_ES,none,count,48,48,0.02669708541416477,-0.00698677726466061,0.08303878443960588,0.25,0,0
mcomm,growth,none,fe_country,no_GR_ES,none,rate,50,50,0.005090052177799585,-0.00698677726466061,0.08303878443960588,0.28,0,0
mcomm,growth,none,fe_country,no_GR_ES,none,share,50,50,-0.07691036227364975,-0.18075165491755282,-0.03112075272791512,1,0.26,0.26
mcomm,growth,none,fe_country,no_GR_ES,pop,count,48,48,0.09335189815035777,0.05768559714715749,0.15552680885912146,0,0.16666666666666666,0
mcomm,growth,none,fe_country,no_GR_ES,pop,rate,50,50,0.09335189815035777,0.05768559714715749,0.15552680885912146,0,0.16,0
mcomm,growth,none,fe_country,no_GR_ES,pop,share,50,50,-0.0388108464526869,-0.11134807864416352,0.01090946286370174,0.92,0,0
mcomm,growth,none,fe_country,no_bailout,n_cell,count,48,48,0.19070087320333046,0.1529037530536739,0.23903947825336855,0,0.9375,0
mcomm,growth,none,fe_country,no_bailout,n_cell,rate,50,50,0.18629353439284166,0.1529037530536739,0.23903947825336855,0,0.94,0
mcomm,growth,none,fe_country,no_bailout,n_cell,share,50,50,0.07811326852252837,0.0458286682780536,0.1740361518910166,0,0.18,0
mcomm,growth,none,fe_country,no_bailout,n_eff,count,48,48,0.19123700723599418,0.15617596336154924,0.23903947825336855,0,1,0
mcomm,growth,none,fe_country,no_bailout,n_eff,rate,50,50,0.18873039826202703,0.15617596336154924,0.23903947825336855,0,1,0
mcomm,growth,none,fe_country,no_bailout,n_eff,share,50,50,0.07982389805262122,0.04834672605264664,0.1740361518910166,0,0.18,0
mcomm,growth,none,fe_country,no_bailout,none,count,48,48,0.188607971434254,0.1429557457416381,0.2322783048261996,0,0.8125,0
mcomm,growth,none,fe_country,no_bailout,none,rate,50,50,0.188607971434254,0.1429557457416381,0.2322783048261996,0,0.8,0
mcomm,growth,none,fe_country,no_bailout,none,share,50,50,0.08476850967162483,0.04121981054464254,0.16841432419478097,0,0.14,0
mcomm,growth,none,fe_country,no_bailout,pop,count,48,48,0.18775000180575496,0.14442067067744838,0.23937411389040655,0,0.875,0
mcomm,growth,none,fe_country,no_bailout,pop,rate,50,50,0.18775000180575496,0.14442067067744838,0.23937411389040655,0,0.88,0
mcomm,growth,none,fe_country,no_bailout,pop,share,50,50,0.06075775773281307,0.00649088934235529,0.13271940253904058,0,0,0
mcomm,growth,none,fe_country,y2004_2008,n_cell,count,48,48,0.18603424341501296,0.1496673425368876,0.2310396061408783,0,0.5,0
mcomm,growth,none,fe_country,y2004_2008,n_cell,rate,50,50,0.19675279514157207,0.1496673425368876,0.24653788725946507,0,0.52,0
mcomm,growth,none,fe_country,y2004_2008,n_cell,share,50,50,0.049624881922154876,-0.05519498916899917,0.08639731449288653,0.48,0,0
mcomm,growth,none,fe_country,y2004_2008,n_eff,count,48,48,0.18726615205067182,0.1496673425368876,0.2310396061408783,0,0.5,0
mcomm,growth,none,fe_country,y2004_2008,n_eff,rate,50,50,0.19675279514157207,0.1496673425368876,0.2527026280303681,0,0.52,0
mcomm,growth,none,fe_country,y2004_2008,n_eff,share,50,50,0.050502540455993845,-0.05519498916899917,0.09067275058744816,0.48,0,0
mcomm,growth,none,fe_country,y2004_2008,none,count,48,48,0.12684661091594043,0.08474219032587876,0.1719384613600781,0,0,0
mcomm,growth,none,fe_country,y2004_2008,none,rate,50,50,0.14424366786973328,0.08474219032587876,0.18398966688783974,0,0,0
mcomm,growth,none,fe_country,y2004_2008,none,share,50,50,0.001681115249607845,-0.09588220055751676,0.03173183045841588,0.48,0,0
mcomm,growth,none,fe_country,y2004_2008,pop,count,48,48,0.013406386272531011,-0.04810031280857971,0.0705287113146589,0.4166666666666667,0,0
mcomm,growth,none,fe_country,y2004_2008,pop,rate,50,50,0.016273231360166437,-0.04810031280857971,0.07237979482809151,0.4,0,0
mcomm,growth,none,fe_country,y2004_2008,pop,share,50,50,-0.21741088167174796,-0.367507007918949,-0.12956355589064278,1,0.68,0.68
mcomm,growth,none,fe_country,y2009_2013,n_cell,count,48,48,-0.04985764539040667,-0.1313438637003111,0.01432545632493411,0.9166666666666666,0,0
mcomm,growth,none,fe_country,y2009_2013,n_cell,rate,50,50,-0.06020447007697438,-0.1313438637003111,0.01432545632493411,0.92,0,0
mcomm,growth,none,fe_country,y2009_2013,n_cell,share,50,50,-0.03720971902518949,-0.10772020146640268,0.01937927709751847,0.88,0,0
mcomm,growth,none,fe_country,y2009_2013,n_eff,count,48,48,-0.056833559694339175,-0.13675474904680837,0.01432545632493411,0.9166666666666666,0,0
mcomm,growth,none,fe_country,y2009_2013,n_eff,rate,50,50,-0.06020447007697438,-0.13675474904680837,0.01432545632493411,0.92,0,0
mcomm,growth,none,fe_country,y2009_2013,n_eff,share,50,50,-0.04593826795219996,-0.11107138953744793,0.01937927709751847,0.88,0,0
mcomm,growth,none,fe_country,y2009_2013,none,count,48,48,-0.07223491444169541,-0.12131224480234036,-0.0328692499570659,1,0,0
mcomm,growth,none,fe_country,y2009_2013,none,rate,50,50,-0.07223491444169541,-0.12131224480234036,-0.0328692499570659,1,0,0
mcomm,growth,none,fe_country,y2009_2013,none,share,50,50,-0.04948475823650537,-0.09296957033256024,-0.01920719276342875,1,0,0
mcomm,growth,none,fe_country,y2009_2013,pop,count,48,48,0.14333429870278716,0.04629582558576218,0.21209799749447864,0,0.125,0
mcomm,growth,none,fe_country,y2009_2013,pop,rate,50,50,0.14580431534487748,0.04629582558576218,0.21209799749447864,0,0.12,0
mcomm,growth,none,fe_country,y2009_2013,pop,share,50,50,0.18739657320288824,0.08116621873961836,0.26859615031854245,0,0.44,0
mcomm,growth,none,fe_twoway,all,n_cell,count,48,48,-0.16788230259523057,-0.27240791474267223,-0.11047634908595144,1,0.75,0.75
mcomm,growth,none,fe_twoway,all,n_cell,rate,50,50,-0.16888326237693524,-0.305604789950469,-0.11047634908595144,1,0.76,0.76
mcomm,growth,none,fe_twoway,all,n_cell,share,50,50,-0.20548262947890114,-0.3689287012161931,-0.1089087818654673,1,0.76,0.76
mcomm,growth,none,fe_twoway,all,n_eff,count,48,48,-0.16972661235995606,-0.27240791474267223,-0.11047634908595144,1,0.75,0.75
mcomm,growth,none,fe_twoway,all,n_eff,rate,50,50,-0.1698570430525132,-0.30943785677223146,-0.11047634908595144,1,0.76,0.76
mcomm,growth,none,fe_twoway,all,n_eff,share,50,50,-0.20799423358792313,-0.3722561891950491,-0.1089087818654673,1,0.76,0.76
mcomm,growth,none,fe_twoway,all,none,count,48,48,-0.15176842157126189,-0.2426732582969517,-0.1009528340415998,1,0.7291666666666666,0.7291666666666666
mcomm,growth,none,fe_twoway,all,none,rate,50,50,-0.1577831400825861,-0.28306529886395454,-0.1009528340415998,1,0.74,0.74
mcomm,growth,none,fe_twoway,all,none,share,50,50,-0.1935847247313774,-0.3514360327707416,-0.10302033186936618,1,0.76,0.76
mcomm,growth,none,fe_twoway,all,pop,count,48,48,-0.27075722042925765,-0.3751882080971085,-0.2094277598061855,1,1,1
mcomm,growth,none,fe_twoway,all,pop,rate,50,50,-0.2791192769112454,-0.4046283205227163,-0.2094277598061855,1,1,1
mcomm,growth,none,fe_twoway,all,pop,share,50,50,-0.30397348399274826,-0.46043188636227667,-0.2250101224172713,1,1,1
mcomm,growth,none,fe_twoway,no_GR_ES,n_cell,count,48,48,-0.1307588776613664,-0.22542067714981587,-0.08610916203049673,1,0.5,0.5
mcomm,growth,none,fe_twoway,no_GR_ES,n_cell,rate,50,50,-0.14233589631800692,-0.25990974695004226,-0.08610916203049673,1,0.52,0.52
mcomm,growth,none,fe_twoway,no_GR_ES,n_cell,share,50,50,-0.14289564937181493,-0.2918693520967714,-0.07613516752308971,1,0.52,0.52
mcomm,growth,none,fe_twoway,no_GR_ES,n_eff,count,48,48,-0.13120334865474995,-0.22542067714981587,-0.08610916203049673,1,0.5,0.5
mcomm,growth,none,fe_twoway,no_GR_ES,n_eff,rate,50,50,-0.14278649014445613,-0.26350218995922253,-0.08610916203049673,1,0.52,0.52
mcomm,growth,none,fe_twoway,no_GR_ES,n_eff,share,50,50,-0.14289564937181493,-0.29490240643185706,-0.07613516752308971,1,0.52,0.52
mcomm,growth,none,fe_twoway,no_GR_ES,none,count,48,48,-0.11705044861568968,-0.206864089910251,-0.07488224224377216,1,0.375,0.375
mcomm,growth,none,fe_twoway,no_GR_ES,none,rate,50,50,-0.1301172266223754,-0.2516539857885356,-0.07488224224377216,1,0.4,0.4
mcomm,growth,none,fe_twoway,no_GR_ES,none,share,50,50,-0.1316802939042926,-0.2987573323743262,-0.06915398685319324,1,0.36,0.36
mcomm,growth,none,fe_twoway,no_GR_ES,pop,count,48,48,-0.2276416497127422,-0.3102204235098563,-0.20340458313121468,1,1,1
mcomm,growth,none,fe_twoway,no_GR_ES,pop,rate,50,50,-0.23120390204166552,-0.33912658871726,-0.20340458313121468,1,1,1
mcomm,growth,none,fe_twoway,no_GR_ES,pop,share,50,50,-0.2532286551292925,-0.38356463062866125,-0.19576901250982473,1,1,1
mcomm,growth,none,fe_twoway,no_bailout,n_cell,count,48,48,-0.06533844078187583,-0.13529809788969624,-0.03757587415403007,1,0,0
mcomm,growth,none,fe_twoway,no_bailout,n_cell,rate,50,50,-0.082257680263921,-0.13529809788969624,-0.03757587415403007,1,0,0
mcomm,growth,none,fe_twoway,no_bailout,n_cell,share,50,50,-0.07321506318243429,-0.14416287726380192,-0.01130380500286171,1,0,0
mcomm,growth,none,fe_twoway,no_bailout,n_eff,count,48,48,-0.06455524093222122,-0.13529809788969624,-0.03505494122907864,1,0,0
mcomm,growth,none,fe_twoway,no_bailout,n_eff,rate,50,50,-0.08078405407460623,-0.13529809788969624,-0.03505494122907864,1,0,0
mcomm,growth,none,fe_twoway,no_bailout,n_eff,share,50,50,-0.07321506318243429,-0.13953764830271512,-0.01130380500286171,1,0,0
mcomm,growth,none,fe_twoway,no_bailout,none,count,48,48,-0.02687924099042865,-0.0812653462262939,0.01339763884869643,0.5,0,0
mcomm,growth,none,fe_twoway,no_bailout,none,rate,50,50,-0.0575432720619329,-0.0812653462262939,0.01339763884869643,0.52,0,0
mcomm,growth,none,fe_twoway,no_bailout,none,share,50,50,-0.05719713429965562,-0.10232601744962593,0.04248658751745108,0.52,0,0
mcomm,growth,none,fe_twoway,no_bailout,pop,count,48,48,-0.17010393206462845,-0.22807238543139735,-0.13753698805935488,1,0.7916666666666666,0.7916666666666666
mcomm,growth,none,fe_twoway,no_bailout,pop,rate,50,50,-0.17109496141221717,-0.23838552330120796,-0.13753698805935488,1,0.8,0.8
mcomm,growth,none,fe_twoway,no_bailout,pop,share,50,50,-0.17783773337990572,-0.2813551989684927,-0.13220203271510422,1,0.88,0.88
mcomm,growth,none,fe_twoway,y2004_2008,n_cell,count,48,48,-0.04931414467167627,-0.11343187933275502,-0.00261010279957882,1,0,0
mcomm,growth,none,fe_twoway,y2004_2008,n_cell,rate,50,50,-0.06817130259290988,-0.11343187933275502,-0.00261010279957882,1,0,0
mcomm,growth,none,fe_twoway,y2004_2008,n_cell,share,50,50,-0.033474509306139225,-0.08238414210466864,0.03244838494771172,0.52,0,0
mcomm,growth,none,fe_twoway,y2004_2008,n_eff,count,48,48,-0.04686127752643202,-0.11343187933275502,0.0028111314643271,0.9166666666666666,0,0
mcomm,growth,none,fe_twoway,y2004_2008,n_eff,rate,50,50,-0.06336229998153181,-0.11343187933275502,0.0028111314643271,0.92,0,0
mcomm,growth,none,fe_twoway,y2004_2008,n_eff,share,50,50,-0.030562516668114274,-0.07669200988740646,0.03595239054082374,0.52,0,0
mcomm,growth,none,fe_twoway,y2004_2008,none,count,48,48,-0.040856602056288535,-0.09045434656740052,0.00419653055345719,0.9166666666666666,0,0
mcomm,growth,none,fe_twoway,y2004_2008,none,rate,50,50,-0.05814242376901442,-0.09445857872720737,0.00419653055345719,0.92,0,0
mcomm,growth,none,fe_twoway,y2004_2008,none,share,50,50,-0.040698355893556776,-0.0879668633767381,0.02152144330393204,0.6,0,0
mcomm,growth,none,fe_twoway,y2004_2008,pop,count,48,48,-0.17352874494325632,-0.25249130989019436,-0.1221889214522354,1,0.2916666666666667,0.2916666666666667
mcomm,growth,none,fe_twoway,y2004_2008,pop,rate,50,50,-0.17463665121863825,-0.3038135129527051,-0.1221889214522354,1,0.32,0.32
mcomm,growth,none,fe_twoway,y2004_2008,pop,share,50,50,-0.23279993139395777,-0.3345623359576192,-0.17666049923574065,1,0.76,0.76
mcomm,growth,none,fe_twoway,y2009_2013,n_cell,count,48,48,-0.2439020489541293,-0.3236339463253747,-0.108075899459977,1,0.5833333333333334,0.5833333333333334
mcomm,growth,none,fe_twoway,y2009_2013,n_cell,rate,50,50,-0.28306298242153316,-0.35774504335815527,-0.108075899459977,1,0.6,0.6
mcomm,growth,none,fe_twoway,y2009_2013,n_cell,share,50,50,-0.3275036690150367,-0.4370805138407611,-0.2199957708417681,1,1,1
mcomm,growth,none,fe_twoway,y2009_2013,n_eff,count,48,48,-0.24816319565326922,-0.32784409173648316,-0.11708733880422044,1,0.5833333333333334,0.5833333333333334
mcomm,growth,none,fe_twoway,y2009_2013,n_eff,rate,50,50,-0.2893800124937671,-0.36908694561481226,-0.11708733880422044,1,0.6,0.6
mcomm,growth,none,fe_twoway,y2009_2013,n_eff,share,50,50,-0.3275036690150367,-0.44817779173532085,-0.22282963091369465,1,1,1
mcomm,growth,none,fe_twoway,y2009_2013,none,count,48,48,-0.23816390878913618,-0.3429742070541306,-0.12741600978359963,1,0.6041666666666666,0.6041666666666666
mcomm,growth,none,fe_twoway,y2009_2013,none,rate,50,50,-0.2626864117088036,-0.37606428280848525,-0.12741600978359963,1,0.62,0.62
mcomm,growth,none,fe_twoway,y2009_2013,none,share,50,50,-0.30983374739243497,-0.47287434877235274,-0.21249712611178187,1,1,1
mcomm,growth,none,fe_twoway,y2009_2013,pop,count,48,48,-0.20652014786387934,-0.32742740662519754,-0.10521354499697014,1,0.5,0.5
mcomm,growth,none,fe_twoway,y2009_2013,pop,rate,50,50,-0.21931558318546157,-0.32943351821935163,-0.10521354499697014,1,0.52,0.52
mcomm,growth,none,fe_twoway,y2009_2013,pop,share,50,50,-0.2585508398324222,-0.3880623645490251,-0.1641928078565408,1,0.9,0.9
mcomm,growth,none,pooled_cl,all,n_cell,count,48,48,-0.10471962360786559,-0.13943021800989824,-0.06648682643396134,1,0.4583333333333333,0.4583333333333333
mcomm,growth,none,pooled_cl,all,n_cell,rate,50,50,-0.1120099370946761,-0.13943021800989824,-0.06648682643396134,1,0.46,0.46
mcomm,growth,none,pooled_cl,all,n_cell,share,50,50,-0.18492358071143944,-0.29172006762739083,-0.1459806051733854,1,1,1
mcomm,growth,none,pooled_cl,all,n_eff,count,48,48,-0.10582838593706165,-0.14620756755308725,-0.06648682643396134,1,0.4791666666666667,0.4791666666666667
mcomm,growth,none,pooled_cl,all,n_eff,rate,50,50,-0.11306225596091345,-0.14620756755308725,-0.06648682643396134,1,0.48,0.48
mcomm,growth,none,pooled_cl,all,n_eff,share,50,50,-0.1854984975865807,-0.30199582634118943,-0.1459806051733854,1,1,1
mcomm,growth,none,pooled_cl,all,none,count,48,48,-0.09988949467643818,-0.13595347184408466,-0.06837143402290195,1,0.25,0.25
mcomm,growth,none,pooled_cl,all,none,rate,50,50,-0.10538374074012874,-0.13595347184408466,-0.06837143402290195,1,0.24,0.24
mcomm,growth,none,pooled_cl,all,none,share,50,50,-0.18318097370853992,-0.27541115100514635,-0.13745285585039643,1,1,1
mcomm,growth,none,pooled_cl,all,pop,count,48,48,-0.04254224262990564,-0.07775495486404974,-0.0160279881558484,1,0,0
mcomm,growth,none,pooled_cl,all,pop,rate,50,50,-0.043941776893627715,-0.07775495486404974,-0.0160279881558484,1,0,0
mcomm,growth,none,pooled_cl,all,pop,share,50,50,-0.16569125675182594,-0.285951769283565,-0.08130333991358875,1,0.74,0.74
mcomm,growth,none,pooled_cl,no_GR_ES,n_cell,count,48,48,-0.09567652784788006,-0.12185861079865346,-0.06779104530061722,1,0,0
mcomm,growth,none,pooled_cl,no_GR_ES,n_cell,rate,50,50,-0.10186959059236458,-0.12185861079865346,-0.06779104530061722,1,0,0
mcomm,growth,none,pooled_cl,no_GR_ES,n_cell,share,50,50,-0.17254860678651712,-0.231453314159338,-0.14702613743546436,1,1,1
mcomm,growth,none,pooled_cl,no_GR_ES,n_eff,count,48,48,-0.09678404757710235,-0.12399095828180096,-0.06809609457171899,1,0,0
mcomm,growth,none,pooled_cl,no_GR_ES,n_eff,rate,50,50,-0.10368240355920853,-0.12399095828180096,-0.06809609457171899,1,0,0
mcomm,growth,none,pooled_cl,no_GR_ES,n_eff,share,50,50,-0.17350409210063372,-0.24103959748009457,-0.14702613743546436,1,1,1
mcomm,growth,none,pooled_cl,no_GR_ES,none,count,48,48,-0.09450256214849666,-0.12393873929248664,-0.07106225054158574,1,0,0
mcomm,growth,none,pooled_cl,no_GR_ES,none,rate,50,50,-0.09722327679211457,-0.12393873929248664,-0.07106225054158574,1,0,0
mcomm,growth,none,pooled_cl,no_GR_ES,none,share,50,50,-0.17137902288289636,-0.23976217269170744,-0.13345797814866325,1,1,1
mcomm,growth,none,pooled_cl,no_GR_ES,pop,count,48,48,-0.05655115044023473,-0.09123119546398206,-0.03079357127939501,1,0,0
mcomm,growth,none,pooled_cl,no_GR_ES,pop,rate,50,50,-0.05844246008021173,-0.10730125986643617,-0.03079357127939501,1,0,0
mcomm,growth,none,pooled_cl,no_GR_ES,pop,share,50,50,-0.18910006828457823,-0.28960176093606943,-0.09873092345007582,1,0.76,0.76
mcomm,growth,none,pooled_cl,no_bailout,n_cell,count,48,48,-0.05994533390411511,-0.06759366572466671,-0.04881732501275325,1,0,0
mcomm,growth,none,pooled_cl,no_bailout,n_cell,rate,50,50,-0.06002776853216696,-0.06879255471930033,-0.04881732501275325,1,0,0
mcomm,growth,none,pooled_cl,no_bailout,n_cell,share,50,50,-0.12090004162889423,-0.13847753510513863,-0.10547221845389776,1,0,0
mcomm,growth,none,pooled_cl,no_bailout,n_eff,count,48,48,-0.061078475752563186,-0.07054226404438377,-0.04915694970056749,1,0,0
mcomm,growth,none,pooled_cl,no_bailout,n_eff,rate,50,50,-0.061620322965858974,-0.07131774426264754,-0.04915694970056749,1,0,0
mcomm,growth,none,pooled_cl,no_bailout,n_eff,share,50,50,-0.12317760900039039,-0.1459395358886056,-0.10547221845389776,1,0.04,0.04
mcomm,growth,none,pooled_cl,no_bailout,none,count,48,48,-0.04206816237134779,-0.04959248095625187,-0.03202952132260733,1,0,0
mcomm,growth,none,pooled_cl,no_bailout,none,rate,50,50,-0.04220339940600977,-0.05323194196062064,-0.03202952132260733,1,0,0
mcomm,growth,none,pooled_cl,no_bailout,none,share,50,50,-0.10548992358712353,-0.12372213459911365,-0.08985458008763604,1,0,0
mcomm,growth,none,pooled_cl,no_bailout,pop,count,48,48,-0.01095940432241427,-0.02841546984919656,-0.00191998627282083,1,0,0
mcomm,growth,none,pooled_cl,no_bailout,pop,rate,50,50,-0.011320220385105634,-0.05027781288222283,-0.00191998627282083,1,0,0
mcomm,growth,none,pooled_cl,no_bailout,pop,share,50,50,-0.12177505142141368,-0.2059145783048805,-0.05646013146870291,1,0.5,0.5
mcomm,growth,none,pooled_cl,y2004_2008,n_cell,count,48,48,-0.1961852747072031,-0.26083398446194356,-0.15085309105044672,1,0.5833333333333334,0.5833333333333334
mcomm,growth,none,pooled_cl,y2004_2008,n_cell,rate,50,50,-0.19290209084564627,-0.26083398446194356,-0.13787262428591227,1,0.58,0.58
mcomm,growth,none,pooled_cl,y2004_2008,n_cell,share,50,50,-0.26831451380707283,-0.3811537804066387,-0.1806801500109894,1,1,1
mcomm,growth,none,pooled_cl,y2004_2008,n_eff,count,48,48,-0.19790614144129204,-0.2651727063371422,-0.15112883786057638,1,0.6041666666666666,0.6041666666666666
mcomm,growth,none,pooled_cl,y2004_2008,n_eff,rate,50,50,-0.1969746129578962,-0.2651727063371422,-0.14057796371209255,1,0.6,0.6
mcomm,growth,none,pooled_cl,y2004_2008,n_eff,share,50,50,-0.267985789360735,-0.3868506897449552,-0.18104507996223543,1,1,1
mcomm,growth,none,pooled_cl,y2004_2008,none,count,48,48,-0.19804550798616247,-0.251938635332501,-0.1641479304520172,1,0.7916666666666666,0.7916666666666666
mcomm,growth,none,pooled_cl,y2004_2008,none,rate,50,50,-0.19804550798616247,-0.251938635332501,-0.15282237274733648,1,0.78,0.78
mcomm,growth,none,pooled_cl,y2004_2008,none,share,50,50,-0.28276739891032243,-0.38247606697676384,-0.20098096556342,1,1,1
mcomm,growth,none,pooled_cl,y2004_2008,pop,count,48,48,-0.226946286585895,-0.34884678451632206,-0.1352789276921553,1,0.5833333333333334,0.5833333333333334
mcomm,growth,none,pooled_cl,y2004_2008,pop,rate,50,50,-0.226946286585895,-0.34884678451632206,-0.1352789276921553,1,0.58,0.58
mcomm,growth,none,pooled_cl,y2004_2008,pop,share,50,50,-0.38050131665822307,-0.5439411363079332,-0.24900437014980673,1,1,1
mcomm,growth,none,pooled_cl,y2009_2013,n_cell,count,48,48,-0.1113156506531441,-0.15633901292273736,-0.04475814557586553,1,0,0
mcomm,growth,none,pooled_cl,y2009_2013,n_cell,rate,50,50,-0.11617108161559735,-0.15633901292273736,-0.04475814557586553,1,0,0
mcomm,growth,none,pooled_cl,y2009_2013,n_cell,share,50,50,-0.17212059114327583,-0.2731567582963305,-0.11836484952051698,1,0.52,0.52
mcomm,growth,none,pooled_cl,y2009_2013,n_eff,count,48,48,-0.11404235964527598,-0.1597543738289437,-0.04475814557586553,1,0,0
mcomm,growth,none,pooled_cl,y2009_2013,n_eff,rate,50,50,-0.11892948780671189,-0.1597543738289437,-0.04475814557586553,1,0,0
mcomm,growth,none,pooled_cl,y2009_2013,n_eff,share,50,50,-0.17461756971503628,-0.275898615706834,-0.11836484952051698,1,0.54,0.54
mcomm,growth,none,pooled_cl,y2009_2013,none,count,48,48,-0.11798690359666443,-0.1462501454916336,-0.07052576225095218,1,0,0
mcomm,growth,none,pooled_cl,y2009_2013,none,rate,50,50,-0.11213830671740757,-0.1462501454916336,-0.07052576225095218,1,0,0
mcomm,growth,none,pooled_cl,y2009_2013,none,share,50,50,-0.15675142464203273,-0.21894252506666417,-0.11792095605001084,1,0.26,0.26
mcomm,growth,none,pooled_cl,y2009_2013,pop,count,48,48,0.012584965461320579,-0.0282395180275707,0.06637883142797887,0.3333333333333333,0,0
mcomm,growth,none,pooled_cl,y2009_2013,pop,rate,50,50,0.012584965461320579,-0.0282395180275707,0.06637883142797887,0.32,0,0
mcomm,growth,none,pooled_cl,y2009_2013,pop,share,50,50,-0.05632594213134476,-0.17383806686186115,0.0012984437213787,0.96,0.02,0.02
mcomm,growth,none,re,all,none,count,48,48,0.00382382387339651,-0.03957394680713569,0.05787960897821548,0.5,0,0
mcomm,growth,none,re,all,none,rate,50,49,-0.01649398134980103,-0.03957394680713569,0.05787960897821548,0.52,0,0
mcomm,growth,none,re,all,none,share,50,49,-0.11214830350930732,-0.21723110895894143,-0.05343234227227257,1,0.4489795918367347,0.4489795918367347
mcomm,growth,none,re,no_GR_ES,none,count,48,48,0.019541852581299056,-0.01463182726390518,0.07181457448474911,0.5,0,0
mcomm,growth,none,re,no_GR_ES,none,rate,50,49,-0.00111473817944328,-0.01463182726390518,0.07181457448474911,0.52,0,0
mcomm,growth,none,re,no_GR_ES,none,share,50,49,-0.08230982753767159,-0.17390672703347956,-0.03580954032458423,1,0.2653061224489796,0.2653061224489796
mcomm,growth,none,re,no_bailout,none,count,48,48,0.17395504631825484,0.13287670617081296,0.21185788699000377,0,0.75,0
mcomm,growth,none,re,no_bailout,none,rate,50,49,0.1748612215563357,0.13287670617081296,0.21185788699000377,0,0.7551020408163265,0
mcomm,growth,none,re,no_bailout,none,share,50,49,0.07133909402232196,0.03293051206172162,0.14971112472484607,0,0.02040816326530612,0
mcomm,growth,none,re,y2004_2008,none,count,48,48,0.07717048002704968,0.04323932248400111,0.11440947679462685,0,0,0
mcomm,growth,none,re,y2004_2008,none,rate,50,49,0.08749648585505794,0.04323932248400111,0.11621114582697047,0,0,0
mcomm,growth,none,re,y2004_2008,none,share,50,49,-0.05776265507783892,-0.13569168724601843,-0.02437922869935166,1,0,0
mcomm,growth,none,re,y2009_2013,none,count,48,48,-0.0689257609640062,-0.11608049882117392,-0.03309945434027169,1,0,0
mcomm,growth,none,re,y2009_2013,none,rate,50,49,-0.06985545430277611,-0.11608049882117392,-0.03309945434027169,1,0,0
mcomm,growth,none,re,y2009_2013,none,share,50,49,-0.06326566797866302,-0.09989338664283608,-0.02747062827343314,1,0,0
mcomm,growth,other,fe_country,all,n_cell,count,48,48,0.10901905423635003,0.1030872462576218,0.11988615208873328,0,0,0
mcomm,growth,other,fe_country,all,n_cell,rate,50,50,0.10901905423635003,0.1030872462576218,0.130999902916296,0,0.02,0
mcomm,growth,other,fe_country,all,n_cell,share,50,50,-0.012595347461054621,-0.02672941950074683,-0.00376354070119527,1,0,0
mcomm,growth,other,fe_country,all,n_eff,count,48,48,0.10744063192235248,0.09858909270021014,0.11988615208873328,0,0,0
mcomm,growth,other,fe_country,all,n_eff,rate,50,50,0.10744063192235248,0.09858909270021014,0.12647053658051152,0,0.02,0
mcomm,growth,other,fe_country,all,n_eff,share,50,50,-0.014857050673645645,-0.03021638727058797,-0.00376354070119527,1,0,0
mcomm,growth,other,fe_country,all,none,count,48,48,0.09679735443502704,0.08121177845574755,0.11887724070683028,0,0,0
mcomm,growth,other,fe_country,all,none,rate,50,50,0.09679735443502704,0.08121177845574755,0.13269226967725856,0,0.02,0
mcomm,growth,other,fe_country,all,none,share,50,50,-0.002635500506595805,-0.01911418745658846,0.01768586426646567,0.64,0,0
mcomm,growth,other,fe_country,all,pop,count,48,48,0.15756991737815051,0.1029694411178232,0.21957447115986473,0,0.5,0
mcomm,growth,other,fe_country,all,pop,rate,50,50,0.17228797826927456,0.1029694411178232,0.2554855964203587,0,0.52,0
mcomm,growth,other,fe_country,all,pop,share,50,50,0.025443010236271983,0.00493810522508473,0.08485297334607028,0,0,0
mcomm,growth,other,fe_country,no_GR_ES,n_cell,count,48,48,0.1274139160991674,0.11460875930870563,0.13836630302702063,0,0.22916666666666666,0
mcomm,growth,other,fe_country,no_GR_ES,n_cell,rate,50,50,0.1274139160991674,0.11460875930870563,0.14382805590812256,0,0.24,0
mcomm,growth,other,fe_country,no_GR_ES,n_cell,share,50,50,0.01914148153415582,1.185175852257028e-4,0.0375721685637163,0,0,0
mcomm,growth,other,fe_country,no_GR_ES,n_eff,count,48,48,0.12438627835218866,0.11036299144835748,0.13836630302702063,0,0.1875,0
mcomm,growth,other,fe_country,no_GR_ES,n_eff,rate,50,50,0.12438627835218866,0.11036299144835748,0.1404241756451351,0,0.2,0
mcomm,growth,other,fe_country,no_GR_ES,n_eff,share,50,50,0.0163217715079003,-0.00310927610635009,0.0375721685637163,0.2,0,0
mcomm,growth,other,fe_country,no_GR_ES,none,count,48,48,0.10210632436411556,0.08538967084198747,0.125597387646597,0,0,0
mcomm,growth,other,fe_country,no_GR_ES,none,rate,50,50,0.10210632436411556,0.08538967084198747,0.14013283561802298,0,0.02,0
mcomm,growth,other,fe_country,no_GR_ES,none,share,50,50,0.007824469352120354,-0.00239857691078812,0.02192936168594118,0.08,0,0
mcomm,growth,other,fe_country,no_GR_ES,pop,count,48,48,0.14378204248238238,0.0969701972365395,0.2002571197103144,0,0.5,0
mcomm,growth,other,fe_country,no_GR_ES,pop,rate,50,50,0.15448796875315782,0.0969701972365395,0.2337248041491304,0,0.52,0
mcomm,growth,other,fe_country,no_GR_ES,pop,share,50,50,0.009775164986903605,-0.04458116472764212,0.05944442029708177,0.28,0,0
mcomm,growth,other,fe_country,no_bailout,n_cell,count,48,48,0.23482350831885912,0.20583601632713056,0.26780574935294327,0,1,0
mcomm,growth,other,fe_country,no_bailout,n_cell,rate,50,50,0.24043698897963112,0.20583601632713056,0.26780574935294327,0,1,0
mcomm,growth,other,fe_country,no_bailout,n_cell,share,50,50,0.15101148052118507,0.10338550113311153,0.2119543041707376,0,0.48,0
mcomm,growth,other,fe_country,no_bailout,n_eff,count,48,48,0.23463669421495756,0.2084949011406617,0.26780574935294327,0,1,0
mcomm,growth,other,fe_country,no_bailout,n_eff,rate,50,50,0.24011921293450955,0.2084949011406617,0.26780574935294327,0,1,0
mcomm,growth,other,fe_country,no_bailout,n_eff,share,50,50,0.1512750679959039,0.10674120735448352,0.2119543041707376,0,0.48,0
mcomm,growth,other,fe_country,no_bailout,none,count,48,48,0.2209004577700478,0.1890933282505712,0.24938449174870703,0,1,0
mcomm,growth,other,fe_country,no_bailout,none,rate,50,50,0.2209004577700478,0.1890933282505712,0.2832188579523059,0,1,0
mcomm,growth,other,fe_country,no_bailout,none,share,50,50,0.15537198959566412,0.09970826018046576,0.19450618857052843,0,0.52,0
mcomm,growth,other,fe_country,no_bailout,pop,count,48,48,0.23831839953323092,0.19488203836593157,0.2757705257245622,0,1,0
mcomm,growth,other,fe_country,no_bailout,pop,rate,50,50,0.24019340418847343,0.19488203836593157,0.30483252062704613,0,1,0
mcomm,growth,other,fe_country,no_bailout,pop,share,50,50,0.09527571509000221,0.03630984762303655,0.17003108929553964,0,0.06,0
mcomm,growth,other,fe_country,y2004_2008,n_cell,count,48,48,0.19581369577811042,0.1519080490217918,0.2435972220964291,0,0.5,0
mcomm,growth,other,fe_country,y2004_2008,n_cell,rate,50,50,0.21699936342750398,0.1519080490217918,0.27556811079904525,0,0.52,0
mcomm,growth,other,fe_country,y2004_2008,n_cell,share,50,50,0.043128986699119735,-0.06662316977312231,0.08194546417395279,0.48,0,0
mcomm,growth,other,fe_country,y2004_2008,n_eff,count,48,48,0.19625459902046422,0.1519080490217918,0.2435972220964291,0,0.5,0
mcomm,growth,other,fe_country,y2004_2008,n_eff,rate,50,50,0.21699936342750398,0.1519080490217918,0.2787599867477256,0,0.52,0
mcomm,growth,other,fe_country,y2004_2008,n_eff,share,50,50,0.0438138952672508,-0.06662316977312231,0.08452673922726546,0.48,0,0
mcomm,growth,other,fe_country,y2004_2008,none,count,48,48,0.17140142355549748,0.11522304354325436,0.22421692346486596,0,0.5,0
mcomm,growth,other,fe_country,y2004_2008,none,rate,50,50,0.199702134948185,0.11522304354325436,0.25573169308145904,0,0.52,0
mcomm,growth,other,fe_country,y2004_2008,none,share,50,50,0.03181273792151146,-0.0852631530987016,0.0685247849706285,0.48,0,0
mcomm,growth,other,fe_country,y2004_2008,pop,count,48,48,0.06978336974926634,-0.00949640060799402,0.14564272983754462,0.16666666666666666,0,0
mcomm,growth,other,fe_country,y2004_2008,pop,rate,50,50,0.08518746019756526,-0.00949640060799402,0.14564272983754462,0.16,0,0
mcomm,growth,other,fe_country,y2004_2008,pop,share,50,50,-0.2059006709492135,-0.3566770814548269,-0.11203807558157182,1,0.64,0.64
mcomm,growth,other,fe_country,y2009_2013,n_cell,count,48,48,-0.02102000747135017,-0.10004683973307334,0.04426677606810089,0.625,0,0
mcomm,growth,other,fe_country,y2009_2013,n_cell,rate,50,50,-0.024875209484660925,-0.10004683973307334,0.04426677606810089,0.64,0,0
mcomm,growth,other,fe_country,y2009_2013,n_cell,share,50,50,0.009751069161087294,-0.05931758411883067,0.06489350532407717,0.32,0,0
mcomm,growth,other,fe_country,y2009_2013,n_eff,count,48,48,-0.026869622107760442,-0.1052236960629266,0.04426677606810089,0.6666666666666666,0,0
mcomm,growth,other,fe_country,y2009_2013,n_eff,rate,50,50,-0.027535443701141617,-0.1052236960629266,0.04426677606810089,0.68,0,0
mcomm,growth,other,fe_country,y2009_2013,n_eff,share,50,50,0.004857298551075145,-0.06156433237488458,0.06489350532407717,0.4,0,0
mcomm,growth,other,fe_country,y2009_2013,none,count,48,48,-0.05036285680266536,-0.09743677904826983,-0.01379595145219046,1,0,0
mcomm,growth,other,fe_country,y2009_2013,none,rate,50,50,-0.04865588357662063,-0.09743677904826983,-0.01379595145219046,1,0,0
mcomm,growth,other,fe_country,y2009_2013,none,share,50,50,-0.01584337909745243,-0.07181936314194987,0.03186177079661956,0.68,0,0
mcomm,growth,other,fe_country,y2009_2013,pop,count,48,48,0.15921830377018514,0.0779830957526417,0.24788168959226856,0,0.22916666666666666,0
mcomm,growth,other,fe_country,y2009_2013,pop,rate,50,50,0.16420279048303482,0.0779830957526417,0.24788168959226856,0,0.24,0
mcomm,growth,other,fe_country,y2009_2013,pop,share,50,50,0.21878587077386655,0.12188653493385113,0.3223223919356601,0,0.7,0
mcomm,growth,other,fe_twoway,all,n_cell,count,48,48,-0.12379002959586048,-0.164987706084268,-0.09142155379161408,1,0.5,0.5
mcomm,growth,other,fe_twoway,all,n_cell,rate,50,50,-0.1412427789424222,-0.16929649573254457,-0.09142155379161408,1,0.52,0.52
mcomm,growth,other,fe_twoway,all,n_cell,share,50,50,-0.13264873054220622,-0.208590808078138,-0.08514645376747133,1,0.6,0.6
mcomm,growth,other,fe_twoway,all,n_eff,count,48,48,-0.12655419397354117,-0.164987706084268,-0.09142155379161408,1,0.5,0.5
mcomm,growth,other,fe_twoway,all,n_eff,rate,50,50,-0.14396418484165607,-0.17398649880893324,-0.09142155379161408,1,0.52,0.52
mcomm,growth,other,fe_twoway,all,n_eff,share,50,50,-0.13511598761086635,-0.21416390984377107,-0.08514645376747133,1,0.64,0.64
mcomm,growth,other,fe_twoway,all,none,count,48,48,-0.08921975894343201,-0.1260588373346376,-0.06257652847149538,1,0,0
mcomm,growth,other,fe_twoway,all,none,rate,50,50,-0.10929483880884827,-0.13465554962276158,-0.06257652847149538,1,0.02,0.02
mcomm,growth,other,fe_twoway,all,none,share,50,50,-0.10284842913664356,-0.17588283626623344,-0.06619937249292936,1,0.26,0.26
mcomm,growth,other,fe_twoway,all,pop,count,48,48,-0.23054291583377623,-0.2849045450658014,-0.1914827674896357,1,1,1
mcomm,growth,other,fe_twoway,all,pop,rate,50,50,-0.23054291583377623,-0.2849045450658014,-0.1914827674896357,1,1,1
mcomm,growth,other,fe_twoway,all,pop,share,50,50,-0.25302874911792894,-0.2869327784965474,-0.20388426980835456,1,1,1
mcomm,growth,other,fe_twoway,no_GR_ES,n_cell,count,48,48,-0.10497856736307645,-0.14345877303824295,-0.07260456014372056,1,0.3541666666666667,0.3541666666666667
mcomm,growth,other,fe_twoway,no_GR_ES,n_cell,rate,50,50,-0.12257128423085964,-0.14554539564835392,-0.07260456014372056,1,0.36,0.36
mcomm,growth,other,fe_twoway,no_GR_ES,n_cell,share,50,50,-0.10112807505973292,-0.15771680569040722,-0.0503629803039851,1,0.08,0.08
mcomm,growth,other,fe_twoway,no_GR_ES,n_eff,count,48,48,-0.10746550640596483,-0.14345877303824295,-0.07260456014372056,1,0.375,0.375
mcomm,growth,other,fe_twoway,no_GR_ES,n_eff,rate,50,50,-0.12484870813338725,-0.1498486919050127,-0.07260456014372056,1,0.38,0.38
mcomm,growth,other,fe_twoway,no_GR_ES,n_eff,share,50,50,-0.10112807505973292,-0.1629549211908031,-0.0503629803039851,1,0.14,0.14
mcomm,growth,other,fe_twoway,no_GR_ES,none,count,48,48,-0.07264208150258195,-0.10998649810719424,-0.0411878236534922,1,0,0
mcomm,growth,other,fe_twoway,no_GR_ES,none,rate,50,50,-0.09248403916141729,-0.10998649810719424,-0.0411878236534922,1,0,0
mcomm,growth,other,fe_twoway,no_GR_ES,none,share,50,50,-0.07611547229715229,-0.13165865437959495,-0.03319133033654915,1,0,0
mcomm,growth,other,fe_twoway,no_GR_ES,pop,count,48,48,-0.20340847470356355,-0.24734260341693967,-0.16602163754218063,1,1,1
mcomm,growth,other,fe_twoway,no_GR_ES,pop,rate,50,50,-0.20390499038345555,-0.24734260341693967,-0.16602163754218063,1,1,1
mcomm,growth,other,fe_twoway,no_GR_ES,pop,share,50,50,-0.20203573592615814,-0.261131484475829,-0.14042810303144887,1,1,1
mcomm,growth,other,fe_twoway,no_bailout,n_cell,count,48,48,-0.05765428549867215,-0.09655831082522316,-0.03341062918094209,1,0,0
mcomm,growth,other,fe_twoway,no_bailout,n_cell,rate,50,50,-0.05828791432246533,-0.09655831082522316,-0.03341062918094209,1,0,0
mcomm,growth,other,fe_twoway,no_bailout,n_cell,share,50,50,-0.03275129812271123,-0.08206277306766206,0.01360765029144099,0.76,0,0
mcomm,growth,other,fe_twoway,no_bailout,n_eff,count,48,48,-0.05745562943787283,-0.09655831082522316,-0.03341062918094209,1,0,0
mcomm,growth,other,fe_twoway,no_bailout,n_eff,rate,50,50,-0.057227762579356134,-0.09655831082522316,-0.03341062918094209,1,0,0
mcomm,growth,other,fe_twoway,no_bailout,n_eff,share,50,50,-0.031688913552516,-0.07966219803923522,0.01360765029144099,0.76,0,0
mcomm,growth,other,fe_twoway,no_bailout,none,count,48,48,-0.007811406366894861,-0.04409809976339338,0.01730729037744648,0.5,0,0
mcomm,growth,other,fe_twoway,no_bailout,none,rate,50,50,-0.013596759520332059,-0.04409809976339338,0.01730729037744648,0.52,0,0
mcomm,growth,other,fe_twoway,no_bailout,none,share,50,50,0.00537129104957983,-0.03438529669341271,0.06767238488001241,0.44,0,0
mcomm,growth,other,fe_twoway,no_bailout,pop,count,48,48,-0.1331553284725382,-0.1923516618892905,-0.08988287995866237,1,0.3125,0.3125
mcomm,growth,other,fe_twoway,no_bailout,pop,rate,50,50,-0.13172063732002792,-0.1923516618892905,-0.08988287995866237,1,0.3,0.3
mcomm,growth,other,fe_twoway,no_bailout,pop,share,50,50,-0.13201654269582172,-0.20067613160857217,-0.05471251853737817,1,0.26,0.26
mcomm,growth,other,fe_twoway,y2004_2008,n_cell,count,48,48,0.008151526291409035,-0.03520888576113878,0.05196023182153704,0.5,0,0
mcomm,growth,other,fe_twoway,y2004_2008,n_cell,rate,50,50,0.013502459224730881,-0.03520888576113878,0.05196023182153704,0.48,0,0
mcomm,growth,other,fe_twoway,y2004_2008,n_cell,share,50,50,0.05387047072320937,0.0271964486741319,0.09596555195638558,0,0,0
mcomm,growth,other,fe_twoway,y2004_2008,n_eff,count,48,48,0.01069061237046155,-0.03520888576113878,0.05687746397328307,0.5,0,0
mcomm,growth,other,fe_twoway,y2004_2008,n_eff,rate,50,50,0.01811539793411159,-0.03520888576113878,0.05687746397328307,0.48,0,0
mcomm,growth,other,fe_twoway,y2004_2008,n_eff,share,50,50,0.05766758770561306,0.0271964486741319,0.09879181297413175,0,0,0
mcomm,growth,other,fe_twoway,y2004_2008,none,count,48,48,0.027341846185164314,-0.01222896930707715,0.07178221502922971,0.125,0,0
mcomm,growth,other,fe_twoway,y2004_2008,none,rate,50,50,0.028716289608033886,-0.01222896930707715,0.07178221502922971,0.12,0,0
mcomm,growth,other,fe_twoway,y2004_2008,none,share,50,50,0.06646785798741786,0.02996470049765856,0.10553728101867384,0,0,0
mcomm,growth,other,fe_twoway,y2004_2008,pop,count,48,48,-0.11257825232675014,-0.14491956488092878,-0.0830719919291349,1,0,0
mcomm,growth,other,fe_twoway,y2004_2008,pop,rate,50,50,-0.11324696752288752,-0.14491956488092878,-0.0830719919291349,1,0,0
mcomm,growth,other,fe_twoway,y2004_2008,pop,share,50,50,-0.1456686483210437,-0.18798185941997034,-0.12329743919301338,1,0,0
mcomm,growth,other,fe_twoway,y2009_2013,n_cell,count,48,48,-0.13116204902349343,-0.23899850213986693,-0.02497670546245474,1,0.25,0.25
mcomm,growth,other,fe_twoway,y2009_2013,n_cell,rate,50,50,-0.15876695086009715,-0.26466202964858115,-0.02497670546245474,1,0.28,0.28
mcomm,growth,other,fe_twoway,y2009_2013,n_cell,share,50,50,-0.24785516675616734,-0.3252229058217693,-0.12628345008991052,1,0.64,0.64
mcomm,growth,other,fe_twoway,y2009_2013,n_eff,count,48,48,-0.13412828114056613,-0.2412173258727792,-0.03009182024948941,1,0.25,0.25
mcomm,growth,other,fe_twoway,y2009_2013,n_eff,rate,50,50,-0.16445793547063692,-0.26860815182454584,-0.03009182024948941,1,0.28,0.28
mcomm,growth,other,fe_twoway,y2009_2013,n_eff,share,50,50,-0.24785516675616734,-0.3337945955364871,-0.1306574888496375,1,0.64,0.64
mcomm,growth,other,fe_twoway,y2009_2013,none,count,48,48,-0.1206836419414696,-0.21827726302508893,-0.01937683831332982,1,0.25,0.25
mcomm,growth,other,fe_twoway,y2009_2013,none,rate,50,50,-0.15041875514305247,-0.2351196252963901,-0.01937683831332982,1,0.28,0.28
mcomm,growth,other,fe_twoway,y2009_2013,none,share,50,50,-0.24057564342326304,-0.3121263717232018,-0.15209143556366456,1,0.64,0.64
mcomm,growth,other,fe_twoway,y2009_2013,pop,count,48,48,-0.16498846283631313,-0.25631729803223163,-0.05742364849575364,1,0.2916666666666667,0.2916666666666667
mcomm,growth,other,fe_twoway,y2009_2013,pop,rate,50,50,-0.16968734852553158,-0.25631729803223163,-0.05742364849575364,1,0.32,0.32
mcomm,growth,other,fe_twoway,y2009_2013,pop,share,50,50,-0.1920909479853245,-0.29289255953929455,-0.13582478604280912,1,0.48,0.48
mcomm,growth,other,pooled_cl,all,n_cell,count,48,48,-0.15061992178728684,-0.18867278237532112,-0.11176404821465125,1,0.8333333333333334,0.8333333333333334
mcomm,growth,other,pooled_cl,all,n_cell,rate,50,50,-0.15061992178728684,-0.18867278237532112,-0.11176404821465125,1,0.84,0.84
mcomm,growth,other,pooled_cl,all,n_cell,share,50,50,-0.2274811509166606,-0.2892449637290661,-0.16603617294029097,1,1,1
mcomm,growth,other,pooled_cl,all,n_eff,count,48,48,-0.15360252638543698,-0.19961571905460904,-0.11176404821465125,1,0.875,0.875
mcomm,growth,other,pooled_cl,all,n_eff,rate,50,50,-0.15360252638543698,-0.19961571905460904,-0.11176404821465125,1,0.88,0.88
mcomm,growth,other,pooled_cl,all,n_eff,share,50,50,-0.2291669792614614,-0.2999223842259376,-0.16603617294029097,1,1,1
mcomm,growth,other,pooled_cl,all,none,count,48,48,-0.15273033761449947,-0.18637383159744192,-0.11619000010744653,1,0.9166666666666666,0.9166666666666666
mcomm,growth,other,pooled_cl,all,none,rate,50,50,-0.15430169190283988,-0.18637383159744192,-0.11619000010744653,1,0.92,0.92
mcomm,growth,other,pooled_cl,all,none,share,50,50,-0.21396828083458666,-0.2692085061055527,-0.16479627529515872,1,1,1
mcomm,growth,other,pooled_cl,all,pop,count,48,48,-0.08972929726289983,-0.13524838997277622,-0.06068020753428942,1,0.20833333333333334,0.20833333333333334
mcomm,growth,other,pooled_cl,all,pop,rate,50,50,-0.0948845485315378,-0.13705552538128427,-0.06068020753428942,1,0.22,0.22
mcomm,growth,other,pooled_cl,all,pop,share,50,50,-0.2124754536032708,-0.2903106249365252,-0.13589121602846807,1,1,1
mcomm,growth,other,pooled_cl,no_GR_ES,n_cell,count,48,48,-0.11964010480486759,-0.1428631539079718,-0.08783839310510738,1,0.25,0.25
mcomm,growth,other,pooled_cl,no_GR_ES,n_cell,rate,50,50,-0.11964010480486759,-0.1428631539079718,-0.08783839310510738,1,0.26,0.26
mcomm,growth,other,pooled_cl,no_GR_ES,n_cell,share,50,50,-0.19038651072871512,-0.24112242292850977,-0.14979767031252525,1,1,1
mcomm,growth,other,pooled_cl,no_GR_ES,n_eff,count,48,48,-0.1211614949063719,-0.15300551565222287,-0.08783839310510738,1,0.4375,0.4375
mcomm,growth,other,pooled_cl,no_GR_ES,n_eff,rate,50,50,-0.12146689441350181,-0.15300551565222287,-0.08783839310510738,1,0.46,0.46
mcomm,growth,other,pooled_cl,no_GR_ES,n_eff,share,50,50,-0.19150522464362368,-0.2522339261721577,-0.14979767031252525,1,1,1
mcomm,growth,other,pooled_cl,no_GR_ES,none,count,48,48,-0.1319491685384736,-0.1650256649381767,-0.09955180822554956,1,0.5,0.5
mcomm,growth,other,pooled_cl,no_GR_ES,none,rate,50,50,-0.13539672456936183,-0.1650256649381767,-0.09955180822554956,1,0.52,0.52
mcomm,growth,other,pooled_cl,no_GR_ES,none,share,50,50,-0.19756506028936827,-0.2499676223625887,-0.14814888236439341,1,1,1
mcomm,growth,other,pooled_cl,no_GR_ES,pop,count,48,48,-0.05782266283976005,-0.09174069759407268,-0.03573113307705686,1,0,0
mcomm,growth,other,pooled_cl,no_GR_ES,pop,rate,50,50,-0.061296278973443016,-0.10919225235718201,-0.03573113307705686,1,0,0
mcomm,growth,other,pooled_cl,no_GR_ES,pop,share,50,50,-0.1922280129266291,-0.2900587706084225,-0.11453840794451312,1,0.9,0.9
mcomm,growth,other,pooled_cl,no_bailout,n_cell,count,48,48,-0.03793374733211142,-0.04927207108735084,-0.024920228629418138,1,0,0
mcomm,growth,other,pooled_cl,no_bailout,n_cell,rate,50,50,-0.03837543417268339,-0.06733765429818424,-0.024920228629418138,1,0,0
mcomm,growth,other,pooled_cl,no_bailout,n_cell,share,50,50,-0.10639909564714536,-0.12348132685802655,-0.08247596946772504,1,0,0
mcomm,growth,other,pooled_cl,no_bailout,n_eff,count,48,48,-0.039955224345744875,-0.05404457749197144,-0.02561853966428459,1,0,0
mcomm,growth,other,pooled_cl,no_bailout,n_eff,rate,50,50,-0.04064551265138876,-0.07283161026745863,-0.02561853966428459,1,0,0
mcomm,growth,other,pooled_cl,no_bailout,n_eff,share,50,50,-0.10790545758808437,-0.13265537848335296,-0.08247596946772504,1,0,0
mcomm,growth,other,pooled_cl,no_bailout,none,count,48,48,-0.04293397546787666,-0.05104210242279445,-0.03026142976334894,1,0,0
mcomm,growth,other,pooled_cl,no_bailout,none,rate,50,50,-0.043195900538412456,-0.07483061560750381,-0.03026142976334894,1,0,0
mcomm,growth,other,pooled_cl,no_bailout,none,share,50,50,-0.10901519408790966,-0.12662660956548435,-0.08789222669713698,1,0,0
mcomm,growth,other,pooled_cl,no_bailout,pop,count,48,48,0.005301760162256475,-0.0053545004811611,0.02482298953521681,0.16666666666666666,0,0
mcomm,growth,other,pooled_cl,no_bailout,pop,rate,50,50,0.0048682196240786655,-0.03290440097748374,0.02482298953521681,0.2,0,0
mcomm,growth,other,pooled_cl,no_bailout,pop,share,50,50,-0.11440438307965685,-0.19401319768739383,-0.06253884954409937,1,0.34,0.34
mcomm,growth,other,pooled_cl,y2004_2008,n_cell,count,48,48,-0.18352849903912064,-0.24268564265435935,-0.14116073259875916,1,0.5,0.5
mcomm,growth,other,pooled_cl,y2004_2008,n_cell,rate,50,50,-0.18000651559080627,-0.24268564265435935,-0.13070612595163097,1,0.5,0.5
mcomm,growth,other,pooled_cl,y2004_2008,n_cell,share,50,50,-0.25981052904209984,-0.3613809942937804,-0.17918334411529116,1,1,1
mcomm,growth,other,pooled_cl,y2004_2008,n_eff,count,48,48,-0.18541872993753838,-0.24623426499863263,-0.14197718771322826,1,0.5,0.5
mcomm,growth,other,pooled_cl,y2004_2008,n_eff,rate,50,50,-0.1835409580711359,-0.24623426499863263,-0.1330141357672933,1,0.5,0.5
mcomm,growth,other,pooled_cl,y2004_2008,n_eff,share,50,50,-0.2596096714068181,-0.3675666457645404,-0.17888863146579487,1,1,1
mcomm,growth,other,pooled_cl,y2004_2008,none,count,48,48,-0.17885668100621022,-0.22778446364197777,-0.14571531712741834,1,0.5,0.5
mcomm,growth,other,pooled_cl,y2004_2008,none,rate,50,50,-0.17885668100621022,-0.22778446364197777,-0.14121417744359224,1,0.5,0.5
mcomm,growth,other,pooled_cl,y2004_2008,none,share,50,50,-0.2709138228977994,-0.36224704649880024,-0.19651863721423696,1,1,1
mcomm,growth,other,pooled_cl,y2004_2008,pop,count,48,48,-0.2214523925945402,-0.3320443881430173,-0.13957538009893777,1,0.5,0.5
mcomm,growth,other,pooled_cl,y2004_2008,pop,rate,50,50,-0.2214523925945402,-0.3320443881430173,-0.13957538009893777,1,0.5,0.5
mcomm,growth,other,pooled_cl,y2004_2008,pop,share,50,50,-0.3706128221890743,-0.5255979564511566,-0.24952604423630395,1,1,1
mcomm,growth,other,pooled_cl,y2009_2013,n_cell,count,48,48,-0.183336822315884,-0.21695189996205683,-0.1513236907216975,1,0.625,0.625
mcomm,growth,other,pooled_cl,y2009_2013,n_cell,rate,50,50,-0.18168757038944552,-0.21695189996205683,-0.1513236907216975,1,0.62,0.62
mcomm,growth,other,pooled_cl,y2009_2013,n_cell,share,50,50,-0.2184875253750011,-0.2712014651913662,-0.17561344950443486,1,1,1
mcomm,growth,other,pooled_cl,y2009_2013,n_eff,count,48,48,-0.1859206849405356,-0.22191130540790252,-0.1513236907216975,1,0.7291666666666666,0.7291666666666666
mcomm,growth,other,pooled_cl,y2009_2013,n_eff,rate,50,50,-0.18546646881328976,-0.22191130540790252,-0.1513236907216975,1,0.74,0.74
mcomm,growth,other,pooled_cl,y2009_2013,n_eff,share,50,50,-0.2208870588173903,-0.2757704476242324,-0.17561344950443486,1,1,1
mcomm,growth,other,pooled_cl,y2009_2013,none,count,48,48,-0.17560894035344357,-0.1922933046214152,-0.1602959792604494,1,0.625,0.625
mcomm,growth,other,pooled_cl,y2009_2013,none,rate,50,50,-0.17520990697234967,-0.1922933046214152,-0.1602959792604494,1,0.6,0.6
mcomm,growth,other,pooled_cl,y2009_2013,none,share,50,50,-0.1882260372716889,-0.20854570838399095,-0.16422245767562785,1,0.9,0.9
mcomm,growth,other,pooled_cl,y2009_2013,pop,count,48,48,-0.07515734249440162,-0.1208290646970076,-0.04318149707872451,1,0,0
mcomm,growth,other,pooled_cl,y2009_2013,pop,rate,50,50,-0.07515734249440162,-0.1208290646970076,-0.04318149707872451,1,0,0
mcomm,growth,other,pooled_cl,y2009_2013,pop,share,50,50,-0.10157086793641708,-0.17441289237052263,-0.052212852354931436,1,0.02,0.02
mcomm,growth,other,re,all,none,count,48,48,0.07057840813809557,0.05924161422896996,0.086668876957091,0,0,0
mcomm,growth,other,re,all,none,rate,50,49,0.07488133817592282,0.05924161422896996,0.10414542803815247,0,0,0
mcomm,growth,other,re,all,none,share,50,49,-0.02717564496043795,-0.04868891017843545,-0.009065527419836785,1,0,0
mcomm,growth,other,re,no_GR_ES,none,count,48,48,0.07548010030427685,0.06248198763562968,0.0936323757368496,0,0,0
mcomm,growth,other,re,no_GR_ES,none,rate,50,49,0.07786220453774324,0.06248198763562968,0.10914720462735368,0,0,0
mcomm,growth,other,re,no_GR_ES,none,share,50,49,-0.01582252938982546,-0.02889155120878216,-0.00598495889241954,1,0,0
mcomm,growth,other,re,no_bailout,none,count,48,48,0.19287133234349907,0.16682353422727145,0.21575120111881504,0,1,0
mcomm,growth,other,re,no_bailout,none,rate,50,49,0.19781722026476212,0.16682353422727145,0.24023872992559922,0,1,0
mcomm,growth,other,re,no_bailout,none,share,50,49,0.1310272123822681,0.08221351879098303,0.16422519124920132,0,0.22448979591836735,0
mcomm,growth,other,re,y2004_2008,none,count,48,48,0.10875338686021385,0.0627799626556146,0.15812190960650402,0,0,0
mcomm,growth,other,re,y2004_2008,none,rate,50,49,0.12885735847159266,0.0627799626556146,0.18043752802548688,0,0.02040816326530612,0
mcomm,growth,other,re,y2004_2008,none,share,50,49,-0.03748530015857364,-0.1312608275672136,-0.00127325949077166,1,0,0
mcomm,growth,other,re,y2009_2013,none,count,48,48,-0.05226567572666952,-0.0971961490476078,-0.0185554484935539,1,0,0
mcomm,growth,other,re,y2009_2013,none,rate,50,49,-0.05221536531995939,-0.0971961490476078,-0.0185554484935539,1,0,0
mcomm,growth,other,re,y2009_2013,none,share,50,49,-0.02654977234496658,-0.07791549336539297,0.01569349728519946,0.88,0,0
mcomm,unemp,none,fe_country,all,n_cell,count,240,240,-0.19184245622498555,-0.46321367504140737,-0.04147340034006518,1,0.5458333333333333,0.5458333333333333
mcomm,unemp,none,fe_country,all,n_cell,rate,244,244,-0.19292526600337484,-0.46321367504140737,-0.04147340034006518,1,0.5532786885245902,0.5532786885245902
mcomm,unemp,none,fe_country,all,n_cell,share,248,248,-0.2870376942411593,-0.5890728017650382,-0.11420569893024868,1,0.9435483870967742,0.9435483870967742
mcomm,unemp,none,fe_country,all,n_eff,count,240,240,-0.19534377430143068,-0.4753440966756345,-0.0460985431505823,1,0.5541666666666667,0.5541666666666667
mcomm,unemp,none,fe_country,all,n_eff,rate,244,244,-0.19608183744202184,-0.4753440966756345,-0.0460985431505823,1,0.5614754098360656,0.5614754098360656
mcomm,unemp,none,fe_country,all,n_eff,share,248,248,-0.287455775809631,-0.592132659212691,-0.11253857672968974,1,0.9435483870967742,0.9435483870967742
mcomm,unemp,none,fe_country,all,none,count,240,240,-0.18047926132741826,-0.48657569087352137,-0.04909783910361831,1,0.6083333333333333,0.6083333333333333
mcomm,unemp,none,fe_country,all,none,rate,244,244,-0.18197471722084638,-0.48657569087352137,-0.04909783910361831,1,0.6147540983606558,0.6147540983606558
mcomm,unemp,none,fe_country,all,none,share,248,248,-0.2974811310783142,-0.6669558816880906,-0.10952169781857388,1,0.9314516129032258,0.9314516129032258
mcomm,unemp,none,fe_country,all,pop,count,240,240,-0.15771987778719093,-0.4488698351524881,0.06994094501189439,0.9833333333333333,0.6833333333333333,0.6833333333333333
mcomm,unemp,none,fe_country,all,pop,rate,244,244,-0.1585227536007061,-0.5046363047769447,0.06994094501189439,0.9836065573770492,0.6885245901639344,0.6885245901639344
mcomm,unemp,none,fe_country,all,pop,share,248,248,-0.31878635122213483,-0.6484355670242963,-0.08943146937851242,1,0.8588709677419355,0.8588709677419355
mcomm,unemp,none,fe_country,no_GR_ES,n_cell,count,240,240,-0.1237470055805539,-0.3294405910147693,0.06720361085328302,0.925,0.43333333333333335,0.43333333333333335
mcomm,unemp,none,fe_country,no_GR_ES,n_cell,rate,244,244,-0.14698538329205801,-0.37598055939809344,0.06720361085328302,0.9262295081967213,0.4426229508196721,0.4426229508196721
mcomm,unemp,none,fe_country,no_GR_ES,n_cell,share,248,248,-0.22202644741409944,-0.5364701527133114,-0.05390204307618025,1,0.7096774193548387,0.7096774193548387
mcomm,unemp,none,fe_country,no_GR_ES,n_eff,count,240,240,-0.12815663010351225,-0.3294405910147693,0.05390072328527792,0.9333333333333333,0.44583333333333336,0.44583333333333336
mcomm,unemp,none,fe_country,no_GR_ES,n_eff,rate,244,244,-0.1483475628353839,-0.3747696452263961,0.05390072328527792,0.9344262295081968,0.45491803278688525,0.45491803278688525
mcomm,unemp,none,fe_country,no_GR_ES,n_eff,share,248,248,-0.21973282876611394,-0.5371500441900668,-0.06427327007954262,1,0.7096774193548387,0.7096774193548387
mcomm,unemp,none,fe_country,no_GR_ES,none,count,240,240,-0.12699167485577117,-0.33170838275448516,0.04052866557169599,0.9666666666666667,0.4875,0.4875
mcomm,unemp,none,fe_country,no_GR_ES,none,rate,244,244,-0.14165585017871374,-0.38389878717055503,0.04052866557169599,0.9672131147540983,0.4959016393442623,0.4959016393442623
mcomm,unemp,none,fe_country,no_GR_ES,none,share,248,248,-0.23310131113229904,-0.5645685504150465,-0.08338011010926397,1,0.7580645161290323,0.7580645161290323
mcomm,unemp,none,fe_country,no_GR_ES,pop,count,240,240,-0.13486391673969061,-0.4759170512731439,0.33489240817177895,0.8416666666666667,0.6208333333333333,0.5541666666666667
mcomm,unemp,none,fe_country,no_GR_ES,pop,rate,244,244,-0.13539970712469268,-0.5270994703390433,0.33489240817177895,0.8442622950819673,0.6270491803278688,0.5614754098360656
mcomm,unemp,none,fe_country,no_GR_ES,pop,share,248,248,-0.28226734265875325,-0.6019307402137021,0.0901926991574774,0.967741935483871,0.7943548387096774,0.7943548387096774
mcomm,unemp,none,fe_country,no_bailout,n_cell,count,240,240,-0.0822336035006126,-0.29250770511506413,0.173740726158469,0.8916666666666667,0.25,0.25
mcomm,unemp,none,fe_country,no_bailout,n_cell,rate,244,244,-0.08520561966130988,-0.334687621783468,0.173740726158469,0.8934426229508197,0.26229508196721313,0.26229508196721313
mcomm,unemp,none,fe_country,no_bailout,n_cell,share,248,248,-0.1420582652269089,-0.4459161211824692,0.127730404023819,0.9032258064516129,0.42338709677419356,0.42338709677419356
mcomm,unemp,none,fe_country,no_bailout,n_eff,count,240,240,-0.07612112944026486,-0.29250770511506413,0.1660382544861422,0.9,0.25416666666666665,0.25416666666666665
mcomm,unemp,none,fe_country,no_bailout,n_eff,rate,244,244,-0.07856928335687853,-0.3255520972819688,0.1660382544861422,0.9016393442622951,0.26639344262295084,0.26639344262295084
mcomm,unemp,none,fe_country,no_bailout,n_eff,share,248,248,-0.14447965273654248,-0.4423268100763881,0.123396513911715,0.9032258064516129,0.42338709677419356,0.42338709677419356
mcomm,unemp,none,fe_country,no_bailout,none,count,240,240,-0.04363278522640484,-0.2230498334267039,0.16182549177012406,0.875,0.3625,0.3625
mcomm,unemp,none,fe_country,no_bailout,none,rate,244,244,-0.04539166811270552,-0.2736174509908412,0.16182549177012406,0.8770491803278688,0.3729508196721312,0.3729508196721312
mcomm,unemp,none,fe_country,no_bailout,none,share,248,248,-0.18872826144237953,-0.4180851198451699,0.11298095984476818,0.9032258064516129,0.45564516129032256,0.45564516129032256
mcomm,unemp,none,fe_country,no_bailout,pop,count,240,240,-0.14077810551974287,-0.4905460828311119,0.4057478363893114,0.8,0.5041666666666667,0.425
mcomm,unemp,none,fe_country,no_bailout,pop,rate,244,244,-0.1421023924421587,-0.5494785073168084,0.4057478363893114,0.8032786885245902,0.5122950819672131,0.4344262295081967
mcomm,unemp,none,fe_country,no_bailout,pop,share,248,248,-0.263187765268566,-0.6096764549715955,0.1825068637872915,0.9354838709677419,0.6693548387096774,0.6693548387096774
mcomm,unemp,none,fe_country,y2004_2008,n_cell,count,240,192,-0.4360392941791956,-0.6300281057514953,-0.25776116451292497,1,1,1
mcomm,unemp,none,fe_country,y2004_2008,n_cell,rate,244,196,-0.4363765831904566,-0.7032761582818801,-0.25776116451292497,1,1,1
mcomm,unemp,none,fe_country,y2004_2008,n_cell,share,248,200,-0.38374657265503853,-0.6078075372154036,-0.21233812211520983,1,1,1
mcomm,unemp,none,fe_country,y2004_2008,n_eff,count,240,192,-0.433917202417923,-0.6300281057514953,-0.25776116451292497,1,1,1
mcomm,unemp,none,fe_country,y2004_2008,n_eff,rate,244,196,-0.43430900813425066,-0.699869560174863,-0.25776116451292497,1,1,1
mcomm,unemp,none,fe_country,y2004_2008,n_eff,share,248,200,-0.3775110957492247,-0.6076686248096967,-0.21233812211520983,1,1,1
mcomm,unemp,none,fe_country,y2004_2008,none,count,240,192,-0.4027518839557225,-0.5660740150524476,-0.26708243828340217,1,1,1
mcomm,unemp,none,fe_country,y2004_2008,none,rate,244,196,-0.4029101940678733,-0.6552152310418593,-0.26708243828340217,1,1,1
mcomm,unemp,none,fe_country,y2004_2008,none,share,248,200,-0.3779511110003244,-0.5719807420686571,-0.19606094707218363,1,1,1
mcomm,unemp,none,fe_country,y2004_2008,pop,count,240,192,-0.31559780642770546,-0.6263533973253963,-0.14504529395625393,1,0.75,0.75
mcomm,unemp,none,fe_country,y2004_2008,pop,rate,244,196,-0.3851833862533255,-0.7435827477646603,-0.14504529395625393,1,0.7551020408163265,0.7551020408163265
mcomm,unemp,none,fe_country,y2004_2008,pop,share,248,200,-0.2749854988064248,-0.5679267677745843,-0.11871827251061624,1,0.685,0.685
mcomm,unemp,none,fe_country,y2009_2013,n_cell,count,240,240,-0.3004199167396473,-0.5417002037235755,-0.09619816952701284,1,0.8333333333333334,0.8333333333333334
mcomm,unemp,none,fe_country,y2009_2013,n_cell,rate,244,244,-0.3012733569630076,-0.5417002037235755,-0.09619816952701284,1,0.8360655737704918,0.8360655737704918
mcomm,unemp,none,fe_country,y2009_2013,n_cell,share,248,248,-0.40009538728031047,-0.6516015272753226,-0.1825609053656779,1,0.9919354838709677,0.9919354838709677
mcomm,unemp,none,fe_country,y2009_2013,n_eff,count,240,240,-0.3031304223016995,-0.548376109795626,-0.09688547238155756,1,0.8333333333333334,0.8333333333333334
mcomm,unemp,none,fe_country,y2009_2013,n_eff,rate,244,244,-0.3036576460290087,-0.548376109795626,-0.09688547238155756,1,0.8360655737704918,0.8360655737704918
mcomm,unemp,none,fe_country,y2009_2013,n_eff,share,248,248,-0.4044078727462026,-0.6575648669174797,-0.1859712651468585,1,0.9959677419354839,0.9959677419354839
mcomm,unemp,none,fe_country,y2009_2013,none,count,240,240,-0.34949198340024273,-0.5808413785366527,-0.121965783053129,1,0.875,0.875
mcomm,unemp,none,fe_country,y2009_2013,none,rate,244,244,-0.35045758191932874,-0.5808413785366527,-0.121965783053129,1,0.8770491803278688,0.8770491803278688
mcomm,unemp,none,fe_country,y2009_2013,none,share,248,248,-0.49373610737686346,-0.7157581800459717,-0.22516088669429435,1,1,1
mcomm,unemp,none,fe_country,y2009_2013,pop,count,240,240,-0.22604136041410727,-0.6146080954233234,-0.0096748010994302,1,0.5916666666666667,0.5916666666666667
mcomm,unemp,none,fe_country,y2009_2013,pop,rate,244,244,-0.22604136041410727,-0.6146080954233234,-0.0096748010994302,1,0.5942622950819673,0.5942622950819673
mcomm,unemp,none,fe_country,y2009_2013,pop,share,248,248,-0.4540788621498323,-0.7258036587441651,-0.10866770330543782,1,0.8911290322580645,0.8911290322580645
mcomm,unemp,none,fe_twoway,all,n_cell,count,240,240,-0.22218526227067487,-0.51964158879951,-0.1202820424552748,1,0.925,0.925
mcomm,unemp,none,fe_twoway,all,n_cell,rate,244,244,-0.2224245736821434,-0.51964158879951,-0.1202820424552748,1,0.9262295081967213,0.9262295081967213
mcomm,unemp,none,fe_twoway,all,n_cell,share,248,248,-0.29636278272503774,-0.5993109074828792,-0.13828324311287668,1,0.9919354838709677,0.9919354838709677
mcomm,unemp,none,fe_twoway,all,n_eff,count,240,240,-0.22150809402900057,-0.5278070645769021,-0.1181542685209925,1,0.9125,0.9125
mcomm,unemp,none,fe_twoway,all,n_eff,rate,244,244,-0.2219911701583966,-0.5278070645769021,-0.1181542685209925,1,0.9139344262295082,0.9139344262295082
mcomm,unemp,none,fe_twoway,all,n_eff,share,248,248,-0.2942972341408303,-0.6036426055109041,-0.13538239569089783,1,0.9919354838709677,0.9919354838709677
mcomm,unemp,none,fe_twoway,all,none,count,240,240,-0.23121882911168268,-0.5653103221767147,-0.1237637227713917,1,0.9708333333333333,0.9708333333333333
mcomm,unemp,none,fe_twoway,all,none,rate,244,244,-0.23196242713321852,-0.5653103221767147,-0.1237637227713917,1,0.9713114754098361,0.9713114754098361
mcomm,unemp,none,fe_twoway,all,none,share,248,248,-0.31207150331203537,-0.6628328154763096,-0.14026864727835944,1,1,1
mcomm,unemp,none,fe_twoway,all,pop,count,240,240,-0.2882013981807287,-0.5288867611134743,0.0290073817670841,0.9833333333333333,0.8958333333333334,0.8958333333333334
mcomm,unemp,none,fe_twoway,all,pop,rate,244,244,-0.28861826323995887,-0.5691430972672525,0.0290073817670841,0.9836065573770492,0.8975409836065574,0.8975409836065574
mcomm,unemp,none,fe_twoway,all,pop,share,248,248,-0.34708247921574575,-0.6501897076326751,-0.08062188193063434,1,0.967741935483871,0.967741935483871
mcomm,unemp,none,fe_twoway,no_GR_ES,n_cell,count,240,240,-0.1568268678041022,-0.3444258235763056,-0.00856903508290688,1,0.6208333333333333,0.6208333333333333
mcomm,unemp,none,fe_twoway,no_GR_ES,n_cell,rate,244,244,-0.15804906986092812,-0.4010277993967747,-0.00856903508290688,1,0.6270491803278688,0.6270491803278688
mcomm,unemp,none,fe_twoway,no_GR_ES,n_cell,share,248,248,-0.22462552271874836,-0.5039430739041592,-0.07350929154096233,1,0.7782258064516129,0.7782258064516129
mcomm,unemp,none,fe_twoway,no_GR_ES,n_eff,count,240,240,-0.15555672968870227,-0.3444258235763056,-0.00856903508290688,1,0.6208333333333333,0.6208333333333333
mcomm,unemp,none,fe_twoway,no_GR_ES,n_eff,rate,244,244,-0.15611469359492713,-0.40304430885507897,-0.00856903508290688,1,0.6270491803278688,0.6270491803278688
mcomm,unemp,none,fe_twoway,no_GR_ES,n_eff,share,248,248,-0.21870933384611946,-0.49860236965894994,-0.07350929154096233,1,0.7741935483870968,0.7741935483870968
mcomm,unemp,none,fe_twoway,no_GR_ES,none,count,240,240,-0.1661714199540451,-0.4036047863613564,-0.07292564981376282,1,0.7,0.7
mcomm,unemp,none,fe_twoway,no_GR_ES,none,rate,244,244,-0.16668153205857977,-0.4311255110907806,-0.07292564981376282,1,0.7049180327868853,0.7049180327868853
mcomm,unemp,none,fe_twoway,no_GR_ES,none,share,248,248,-0.23926507987360424,-0.5660429756174524,-0.09728617000571256,1,0.7580645161290323,0.7580645161290323
mcomm,unemp,none,fe_twoway,no_GR_ES,pop,count,240,240,-0.18188384031116683,-0.4618740558549526,0.2961181223765202,0.875,0.7041666666666667,0.6625
mcomm,unemp,none,fe_twoway,no_GR_ES,pop,rate,244,244,-0.2043535218302842,-0.5158460058333376,0.2961181223765202,0.8770491803278688,0.7090163934426229,0.6680327868852459
mcomm,unemp,none,fe_twoway,no_GR_ES,pop,share,248,248,-0.3005113335673717,-0.5945414284319338,0.12265962779281644,0.967741935483871,0.9032258064516129,0.9032258064516129
mcomm,unemp,none,fe_twoway,no_bailout,n_cell,count,240,240,-0.04879914024849685,-0.21457402178835433,0.15002886059442191,0.9,0.1625,0.1625
mcomm,unemp,none,fe_twoway,no_bailout,n_cell,rate,244,244,-0.05023113896197123,-0.2514729862495048,0.15002886059442191,0.9016393442622951,0.1762295081967213,0.1762295081967213
mcomm,unemp,none,fe_twoway,no_bailout,n_cell,share,248,248,-0.13037615575933384,-0.3791698022398256,0.1480769293167887,0.9032258064516129,0.32661290322580644,0.32661290322580644
mcomm,unemp,none,fe_twoway,no_bailout,n_eff,count,240,240,-0.04879914024849685,-0.21457402178835433,0.15002886059442191,0.9,0.14166666666666666,0.14166666666666666
mcomm,unemp,none,fe_twoway,no_bailout,n_eff,rate,244,244,-0.05023113896197123,-0.2474858439204023,0.15002886059442191,0.9016393442622951,0.1557377049180328,0.1557377049180328
mcomm,unemp,none,fe_twoway,no_bailout,n_eff,share,248,248,-0.12745842218065895,-0.3695835054254383,0.1480769293167887,0.9032258064516129,0.3185483870967742,0.3185483870967742
mcomm,unemp,none,fe_twoway,no_bailout,none,count,240,240,-0.05831067308263979,-0.17321806821732438,0.08857327588903735,0.8833333333333333,0.041666666666666664,0.041666666666666664
mcomm,unemp,none,fe_twoway,no_bailout,none,rate,244,244,-0.0857377118109258,-0.22692922045109515,0.08857327588903735,0.8852459016393442,0.05737704918032787,0.05737704918032787
mcomm,unemp,none,fe_twoway,no_bailout,none,share,248,248,-0.15522257818061236,-0.3618693704450654,0.07571714918244232,0.9112903225806451,0.4274193548387097,0.4274193548387097
mcomm,unemp,none,fe_twoway,no_bailout,pop,count,240,240,-0.15007169414990856,-0.43852606700799057,0.35687008567971673,0.8,0.5666666666666667,0.5
mcomm,unemp,none,fe_twoway,no_bailout,pop,rate,244,244,-0.15755522037286615,-0.5004815337186387,0.35687008567971673,0.8032786885245902,0.5737704918032787,0.5081967213114754
mcomm,unemp,none,fe_twoway,no_bailout,pop,share,248,248,-0.2790038803969001,-0.603920940116519,0.29247186234312683,0.9193548387096774,0.8064516129032258,0.7983870967741935
mcomm,unemp,none,fe_twoway,y2004_2008,n_cell,count,240,192,-0.2399767533858962,-0.3824848675011854,-0.1559048509682846,1,0.8645833333333334,0.8645833333333334
mcomm,unemp,none,fe_twoway,y2004_2008,n_cell,rate,244,196,-0.24491123822129193,-0.47652521153500316,-0.1559048509682846,1,0.8673469387755102,0.8673469387755102
mcomm,unemp,none,fe_twoway,y2004_2008,n_cell,share,248,200,-0.305705343656802,-0.48501275129267446,-0.1965421431547973,1,1,1
mcomm,unemp,none,fe_twoway,y2004_2008,n_eff,count,240,192,-0.23947900453599946,-0.3824848675011854,-0.15191563134252065,1,0.859375,0.859375
mcomm,unemp,none,fe_twoway,y2004_2008,n_eff,rate,244,196,-0.2414064033559961,-0.4804618030120269,-0.15191563134252065,1,0.8622448979591837,0.8622448979591837
mcomm,unemp,none,fe_twoway,y2004_2008,n_eff,share,248,200,-0.3039638814296104,-0.4881021966485351,-0.1965421431547973,1,1,1
mcomm,unemp,none,fe_twoway,y2004_2008,none,count,240,192,-0.23708474588626496,-0.33712545857461235,-0.16851423738502622,1,0.890625,0.890625
mcomm,unemp,none,fe_twoway,y2004_2008,none,rate,244,196,-0.23722239440729276,-0.4492155227949513,-0.16851423738502622,1,0.8928571428571429,0.8928571428571429
mcomm,unemp,none,fe_twoway,y2004_2008,none,share,248,200,-0.3081638812547057,-0.4739585901229013,-0.19995727197232432,1,1,1
mcomm,unemp,none,fe_twoway,y2004_2008,pop,count,240,192,-0.23403780215047248,-0.44772547273875984,-0.1142808460852776,1,0.625,0.625
mcomm,unemp,none,fe_twoway,y2004_2008,pop,rate,244,196,-0.23492171255489097,-0.578414386744245,-0.1142808460852776,1,0.6326530612244898,0.6326530612244898
mcomm,unemp,none,fe_twoway,y2004_2008,pop,share,248,200,-0.2924983070636021,-0.5337953263815409,-0.16813708200716296,1,0.9,0.9
mcomm,unemp,none,fe_twoway,y2009_2013,n_cell,count,240,240,-0.2964917605774832,-0.529010240610166,-0.11831733984159716,1,0.8583333333333333,0.8583333333333333
mcomm,unemp,none,fe_twoway,y2009_2013,n_cell,rate,244,244,-0.30006189820214246,-0.5382674885458428,-0.11831733984159716,1,0.860655737704918,0.860655737704918
mcomm,unemp,none,fe_twoway,y2009_2013,n_cell,share,248,248,-0.3799068815806529,-0.6101562149989826,-0.17084457081913956,1,0.9596774193548387,0.9596774193548387
mcomm,unemp,none,fe_twoway,y2009_2013,n_eff,count,240,240,-0.3078180981342444,-0.5395610952027298,-0.11831733984159716,1,0.8708333333333333,0.8708333333333333
mcomm,unemp,none,fe_twoway,y2009_2013,n_eff,rate,244,244,-0.31375667984005273,-0.5508067833587525,-0.11831733984159716,1,0.8729508196721312,0.8729508196721312
mcomm,unemp,none,fe_twoway,y2009_2013,n_eff,share,248,248,-0.387832741738242,-0.6144543481196126,-0.17084457081913956,1,0.9596774193548387,0.9596774193548387
mcomm,unemp,none,fe_twoway,y2009_2013,none,count,240,240,-0.36930716134305913,-0.5762601860662396,-0.1794044024723147,1,0.9625,0.9625
mcomm,unemp,none,fe_twoway,y2009_2013,none,rate,244,244,-0.3705126124632161,-0.5762601860662396,-0.1794044024723147,1,0.9631147540983607,0.9631147540983607
mcomm,unemp,none,fe_twoway,y2009_2013,none,share,248,248,-0.4691938670906865,-0.670294462798728,-0.22143741648076765,1,1,1
mcomm,unemp,none,fe_twoway,y2009_2013,pop,count,240,240,-0.18084564466481934,-0.5236916032060346,0.03539816888361249,0.9166666666666666,0.5,0.5
mcomm,unemp,none,fe_twoway,y2009_2013,pop,rate,244,244,-0.19873104518523188,-0.5236916032060346,0.03539816888361249,0.9180327868852459,0.5040983606557377,0.5040983606557377
mcomm,unemp,none,fe_twoway,y2009_2013,pop,share,248,248,-0.3461765700664692,-0.6723824228187414,-0.08367504457343272,1,0.842741935483871,0.842741935483871
mcomm,unemp,none,pooled_cl,all,n_cell,count,240,240,0.17577436220171683,0.06816806055000195,0.5245058916127421,0,0.75,0
mcomm,unemp,none,pooled_cl,all,n_cell,rate,244,244,0.17577436220171683,0.06816806055000195,0.5245058916127421,0,0.7459016393442623,0
mcomm,unemp,none,pooled_cl,all,n_cell,share,248,248,0.027620494058148905,-0.06786319506557055,0.3285549530332228,0.3790322580645161,0.24193548387096775,0
mcomm,unemp,none,pooled_cl,all,n_eff,count,240,240,0.17669724637495282,0.0698281439568629,0.5245058916127421,0,0.75,0
mcomm,unemp,none,pooled_cl,all,n_eff,rate,244,244,0.17669724637495282,0.0698281439568629,0.5245058916127421,0,0.75,0
mcomm,unemp,none,pooled_cl,all,n_eff,share,248,248,0.027627080794287245,-0.0649640963052588,0.3286292964721963,0.3790322580645161,0.24193548387096775,0
mcomm,unemp,none,pooled_cl,all,none,count,240,240,0.16593733886653972,0.06076126339175386,0.4512324069717404,0,0.7291666666666666,0
mcomm,unemp,none,pooled_cl,all,none,rate,244,244,0.16593733886653972,0.06076126339175386,0.4512324069717404,0,0.7295081967213115,0
mcomm,unemp,none,pooled_cl,all,none,share,248,248,0.01167512734259292,-0.1111822898418884,0.2600930775018177,0.45161290322580644,0.20967741935483872,0
mcomm,unemp,none,pooled_cl,all,pop,count,240,240,0.20825609413205748,0.04266899899685524,0.6207315129329011,0,0.8166666666666667,0
mcomm,unemp,none,pooled_cl,all,pop,rate,244,244,0.20825609413205748,0.04266899899685524,0.6207315129329011,0,0.819672131147541,0
mcomm,unemp,none,pooled_cl,all,pop,share,248,248,0.09152852349777524,-0.02853967446921777,0.4492624346020083,0.03225806451612903,0.3911290322580645,0
mcomm,unemp,none,pooled_cl,no_GR_ES,n_cell,count,240,240,0.2171851206147597,0.08347570147318789,0.5810537835055171,0,0.8,0
mcomm,unemp,none,pooled_cl,no_GR_ES,n_cell,rate,244,244,0.2171851206147597,0.08347570147318789,0.5810537835055171,0,0.8032786885245902,0
mcomm,unemp,none,pooled_cl,no_GR_ES,n_cell,share,248,248,0.10572116401507263,0.01649112794138858,0.4185020878113781,0,0.3346774193548387,0
mcomm,unemp,none,pooled_cl,no_GR_ES,n_eff,count,240,240,0.2247841026912083,0.08347570147318789,0.5830636842207391,0,0.8208333333333333,0
mcomm,unemp,none,pooled_cl,no_GR_ES,n_eff,rate,244,244,0.2247841026912083,0.08347570147318789,0.5830636842207391,0,0.8237704918032787,0
mcomm,unemp,none,pooled_cl,no_GR_ES,n_eff,share,248,248,0.10748435047195042,0.01649112794138858,0.4243137117058261,0,0.3548387096774194,0
mcomm,unemp,none,pooled_cl,no_GR_ES,none,count,240,240,0.19670728552319072,0.08115758748713785,0.49080078309650627,0,0.8166666666666667,0
mcomm,unemp,none,pooled_cl,no_GR_ES,none,rate,244,244,0.19670728552319072,0.08115758748713785,0.49080078309650627,0,0.819672131147541,0
mcomm,unemp,none,pooled_cl,no_GR_ES,none,share,248,248,0.07203752528930771,-0.00989969951100503,0.3164329366172298,0.04032258064516129,0.25806451612903225,0
mcomm,unemp,none,pooled_cl,no_GR_ES,pop,count,240,240,0.12344468719273179,-0.02068040548214047,0.6440374864653887,0.041666666666666664,0.49583333333333335,0
mcomm,unemp,none,pooled_cl,no_GR_ES,pop,rate,244,244,0.12344468719273179,-0.02068040548214047,0.6440374864653887,0.040983606557377046,0.4959016393442623,0
mcomm,unemp,none,pooled_cl,no_GR_ES,pop,share,248,248,0.054065255476318796,-0.0637264445221013,0.3993016874444291,0.16129032258064516,0.25,0
mcomm,unemp,none,pooled_cl,no_bailout,n_cell,count,240,240,0.25739185760098005,0.09516423072993054,0.6153391468857439,0,0.7916666666666666,0
mcomm,unemp,none,pooled_cl,no_bailout,n_cell,rate,244,244,0.25739185760098005,0.09516423072993054,0.6153391468857439,0,0.7950819672131147,0
mcomm,unemp,none,pooled_cl,no_bailout,n_cell,share,248,248,0.23170145474616616,0.0867254769794667,0.5648954782180329,0,0.7903225806451613,0
mcomm,unemp,none,pooled_cl,no_bailout,n_eff,count,240,240,0.2680353741441445,0.09516423072993054,0.6271174338568375,0,0.8208333333333333,0
mcomm,unemp,none,pooled_cl,no_bailout,n_eff,rate,244,244,0.2680353741441445,0.09516423072993054,0.6271174338568375,0,0.8237704918032787,0
mcomm,unemp,none,pooled_cl,no_bailout,n_eff,share,248,248,0.240698155190125,0.0867254769794667,0.5812214770044803,0,0.7903225806451613,0
mcomm,unemp,none,pooled_cl,no_bailout,none,count,240,240,0.25967064668335416,0.10358792272101008,0.5518778110121091,0,0.85,0
mcomm,unemp,none,pooled_cl,no_bailout,none,rate,244,244,0.25967064668335416,0.10358792272101008,0.5518778110121091,0,0.8524590163934426,0
mcomm,unemp,none,pooled_cl,no_bailout,none,share,248,248,0.22837770521310574,0.0869219026232361,0.5014273147890438,0,0.7137096774193549,0
mcomm,unemp,none,pooled_cl,no_bailout,pop,count,240,240,0.15116871636076828,0.00335501573382134,0.6834188652769162,0,0.5333333333333333,0
mcomm,unemp,none,pooled_cl,no_bailout,pop,rate,244,244,0.15116871636076828,0.00335501573382134,0.6834188652769162,0,0.5327868852459017,0
mcomm,unemp,none,pooled_cl,no_bailout,pop,share,248,248,0.14453118250631292,0.01642481125087225,0.5103962200341378,0,0.5201612903225806,0
mcomm,unemp,none,pooled_cl,y2004_2008,n_cell,count,240,192,0.060013381857509714,-0.01134231491007165,0.19728957067626812,0.0625,0.09375,0
mcomm,unemp,none,pooled_cl,y2004_2008,n_cell,rate,244,196,0.05997900514723711,-0.01134231491007165,0.19728957067626812,0.061224489795918366,0.09183673469387756,0
mcomm,unemp,none,pooled_cl,y2004_2008,n_cell,share,248,200,0.06258126743779488,-0.01130984306325691,0.22743254463513785,0.03,0.18,0
mcomm,unemp,none,pooled_cl,y2004_2008,n_eff,count,240,192,0.0673898369853559,-0.01134231491007165,0.20767939606462857,0.03125,0.109375,0
mcomm,unemp,none,pooled_cl,y2004_2008,n_eff,rate,244,196,0.06705467472155481,-0.01134231491007165,0.20767939606462857,0.030612244897959183,0.10714285714285714,0
mcomm,unemp,none,pooled_cl,y2004_2008,n_eff,share,248,200,0.06585304171463566,-0.01130984306325691,0.234890665022828,0.03,0.185,0
mcomm,unemp,none,pooled_cl,y2004_2008,none,count,240,192,0.14041075094390837,0.04411159408694385,0.2906525628382308,0,0.2864583333333333,0
mcomm,unemp,none,pooled_cl,y2004_2008,none,rate,244,196,0.13928081300425083,0.04411159408694385,0.2906525628382308,0,0.2857142857142857,0
mcomm,unemp,none,pooled_cl,y2004_2008,none,share,248,200,0.11523319570088641,0.02934190861853164,0.2864664730147967,0,0.26,0
mcomm,unemp,none,pooled_cl,y2004_2008,pop,count,240,192,0.006566645885406295,-0.1609555801408523,0.16087855765533224,0.4270833333333333,0,0
mcomm,unemp,none,pooled_cl,y2004_2008,pop,rate,244,196,0.006723220284541524,-0.1609555801408523,0.16087855765533224,0.41836734693877553,0,0
mcomm,unemp,none,pooled_cl,y2004_2008,pop,share,248,200,0.08672044870200513,-0.02824405857118756,0.33247799242887965,0.04,0.225,0
mcomm,unemp,none,pooled_cl,y2009_2013,n_cell,count,240,240,0.2224607444419493,0.09336882900102857,0.5195538583337782,0,0.6916666666666667,0
mcomm,unemp,none,pooled_cl,y2009_2013,n_cell,rate,244,244,0.2224607444419493,0.09336882900102857,0.5195538583337782,0,0.6926229508196722,0
mcomm,unemp,none,pooled_cl,y2009_2013,n_cell,share,248,248,0.05446609439773427,-0.0713309512962291,0.32672784405951755,0.33064516129032256,0.23790322580645162,0
mcomm,unemp,none,pooled_cl,y2009_2013,n_eff,count,240,240,0.22626128902671697,0.0945929838334035,0.5195538583337782,0,0.6916666666666667,0
mcomm,unemp,none,pooled_cl,y2009_2013,n_eff,rate,244,244,0.22626128902671697,0.0945929838334035,0.5195538583337782,0,0.6926229508196722,0
mcomm,unemp,none,pooled_cl,y2009_2013,n_eff,share,248,248,0.05917181552400824,-0.06448498331622411,0.32699782519568527,0.2903225806451613,0.24193548387096775,0
mcomm,unemp,none,pooled_cl,y2009_2013,none,count,240,240,0.17974691699646805,0.0720339726714948,0.4420337198513279,0,0.5833333333333334,0
mcomm,unemp,none,pooled_cl,y2009_2013,none,rate,244,244,0.17974691699646805,0.0720339726714948,0.4420337198513279,0,0.5819672131147541,0
mcomm,unemp,none,pooled_cl,y2009_2013,none,share,248,248,0.011845162407575,-0.11437297375126196,0.25789483688339593,0.46774193548387094,0.10483870967741936,0
mcomm,unemp,none,pooled_cl,y2009_2013,pop,count,240,240,0.31224736929872376,0.15459840894099902,0.6270568345055652,0,0.9583333333333334,0
mcomm,unemp,none,pooled_cl,y2009_2013,pop,rate,244,244,0.31224736929872376,0.15459840894099902,0.6270568345055652,0,0.9590163934426229,0
mcomm,unemp,none,pooled_cl,y2009_2013,pop,share,248,248,0.12036923526227318,-0.03677772263453777,0.4468392881946059,0.056451612903225805,0.35080645161290325,0
mcomm,unemp,none,re,all,none,count,240,240,-0.15397751138507174,-0.3808131583403924,0.01851942001403161,0.9833333333333333,0.5,0.5
mcomm,unemp,none,re,all,none,rate,244,242,-0.15716332542079958,-0.3808131583403924,0.01851942001403161,0.9836065573770492,0.5041322314049587,0.5041322314049587
mcomm,unemp,none,re,all,none,share,248,246,-0.2634541778220862,-0.6078778247246872,-0.0950847178658373,1,0.8333333333333334,0.8333333333333334
mcomm,unemp,none,re,no_GR_ES,none,count,240,240,-0.08310080030939221,-0.27713662143454115,0.11667761687952992,0.9,0.43333333333333335,0.43333333333333335
mcomm,unemp,none,re,no_GR_ES,none,rate,244,242,-0.10424126418378038,-0.32709486923449965,0.11667761687952992,0.9016393442622951,0.4380165289256198,0.4380165289256198
mcomm,unemp,none,re,no_GR_ES,none,share,248,246,-0.19867791867361434,-0.5084256197163551,-0.05895655857484266,1,0.7398373983739838,0.7398373983739838
mcomm,unemp,none,re,no_bailout,none,count,240,240,0.0029986412407361812,-0.16989282252090115,0.2396312172364964,0.48333333333333334,0.225,0.175
mcomm,unemp,none,re,no_bailout,none,rate,244,242,8.781224277536926e-4,-0.21935757314598225,0.2396312172364964,0.4918032786885246,0.23140495867768596,0.18181818181818182
mcomm,unemp,none,re,no_bailout,none,share,248,246,-0.0726592737969852,-0.3604855978628283,0.1942996017210697,0.9032258064516129,0.4146341463414634,0.4146341463414634
mcomm,unemp,none,re,y2004_2008,none,count,240,192,-0.3145365692730152,-0.464909747067735,-0.2138568213508164,1,1,1
mcomm,unemp,none,re,y2004_2008,none,rate,244,194,-0.31483442309079424,-0.5356917447163537,-0.2138568213508164,1,1,1
mcomm,unemp,none,re,y2004_2008,none,share,248,198,-0.32271007862995577,-0.4499618710567616,-0.12799443691090603,1,0.7272727272727273,0.7272727272727273
mcomm,unemp,none,re,y2009_2013,none,count,240,240,-0.27242269825093757,-0.509596175350007,-0.06586597162458833,1,0.7333333333333333,0.7333333333333333
mcomm,unemp,none,re,y2009_2013,none,rate,244,242,-0.2739089330864799,-0.509596175350007,-0.06586597162458833,1,0.7355371900826446,0.7355371900826446
mcomm,unemp,none,re,y2009_2013,none,share,248,246,-0.40678250912171454,-0.6592627118685076,-0.1665446756086222,1,0.9959349593495935,0.9959349593495935
mcomm,unemp,other,fe_country,all,n_cell,count,240,240,-0.2091128420689159,-0.46816397389656056,-0.04420171932989483,1,0.6791666666666667,0.6791666666666667
mcomm,unemp,other,fe_country,all,n_cell,rate,244,244,-0.21009746498567194,-0.46816397389656056,-0.04420171932989483,1,0.6844262295081968,0.6844262295081968
mcomm,unemp,other,fe_country,all,n_cell,share,248,248,-0.30668026970509055,-0.5865021304926052,-0.12750836985892594,1,0.9838709677419355,0.9838709677419355
mcomm,unemp,other,fe_country,all,n_eff,count,240,240,-0.212343159237656,-0.4801386056968309,-0.05778909922730671,1,0.675,0.675
mcomm,unemp,other,fe_country,all,n_eff,rate,244,244,-0.21378651820968153,-0.4801386056968309,-0.05778909922730671,1,0.680327868852459,0.680327868852459
mcomm,unemp,other,fe_country,all,n_eff,share,248,248,-0.30494153897799725,-0.5865021304926052,-0.12525607522388282,1,0.9879032258064516,0.9879032258064516
mcomm,unemp,other,fe_country,all,none,count,240,240,-0.2156169026114558,-0.4849650745935782,-0.0633216419107847,1,0.7666666666666667,0.7666666666666667
mcomm,unemp,other,fe_country,all,none,rate,244,244,-0.21616502189185186,-0.4849650745935782,-0.0633216419107847,1,0.7704918032786885,0.7704918032786885
mcomm,unemp,other,fe_country,all,none,share,248,248,-0.29756968786688387,-0.6677663614499284,-0.12522133793758633,1,0.9959677419354839,0.9959677419354839
mcomm,unemp,other,fe_country,all,pop,count,240,240,-0.17559205288995133,-0.4897018355002194,0.04506923322317321,0.9833333333333333,0.6916666666666667,0.6916666666666667
mcomm,unemp,other,fe_country,all,pop,rate,244,244,-0.1862175213629776,-0.5485101789329098,0.04506923322317321,0.9836065573770492,0.6967213114754098,0.6967213114754098
mcomm,unemp,other,fe_country,all,pop,share,248,248,-0.32882968552106373,-0.6689511317925438,-0.11173498797170572,1,0.8951612903225806,0.8951612903225806
mcomm,unemp,other,fe_country,no_GR_ES,n_cell,count,240,240,-0.14238605128246215,-0.3509963281585277,0.06384192830353987,0.9333333333333333,0.4708333333333333,0.4708333333333333
mcomm,unemp,other,fe_country,no_GR_ES,n_cell,rate,244,244,-0.14855906560852933,-0.39994619131035747,0.06384192830353987,0.9344262295081968,0.47950819672131145,0.47950819672131145
mcomm,unemp,other,fe_country,no_GR_ES,n_cell,share,248,248,-0.2317314670794628,-0.5251046457203239,-0.05501767534140513,1,0.7338709677419355,0.7338709677419355
mcomm,unemp,other,fe_country,no_GR_ES,n_eff,count,240,240,-0.14610788033462574,-0.3509963281585277,0.04942645252856933,0.9333333333333333,0.4791666666666667,0.4791666666666667
mcomm,unemp,other,fe_country,no_GR_ES,n_eff,rate,244,244,-0.1602682775005,-0.398236330599635,0.04942645252856933,0.9344262295081968,0.48770491803278687,0.48770491803278687
mcomm,unemp,other,fe_country,no_GR_ES,n_eff,share,248,248,-0.23065006814005112,-0.5243050752708234,-0.0660697243263439,1,0.7298387096774194,0.7298387096774194
mcomm,unemp,other,fe_country,no_GR_ES,none,count,240,240,-0.1629991651088285,-0.35619604091502005,0.03906457323053718,0.9666666666666667,0.5625,0.5625
mcomm,unemp,other,fe_country,no_GR_ES,none,rate,244,244,-0.17358545610732706,-0.40916011168501765,0.03906457323053718,0.9672131147540983,0.569672131147541,0.569672131147541
mcomm,unemp,other,fe_country,no_GR_ES,none,share,248,248,-0.23361253231490933,-0.5453322242436621,-0.0963160872362796,1,0.7580645161290323,0.7580645161290323
mcomm,unemp,other,fe_country,no_GR_ES,pop,count,240,240,-0.14133735872546066,-0.4979869705667605,0.4066585122314096,0.8833333333333333,0.6458333333333334,0.5916666666666667
mcomm,unemp,other,fe_country,no_GR_ES,pop,rate,244,244,-0.14171787305093714,-0.5544640035897327,0.4066585122314096,0.8852459016393442,0.6516393442622951,0.5983606557377049
mcomm,unemp,other,fe_country,no_GR_ES,pop,share,248,248,-0.2842519211985546,-0.6015285452634791,0.0654276928205924,0.9758064516129032,0.7540322580645161,0.7540322580645161
mcomm,unemp,other,fe_country,no_bailout,n_cell,count,240,240,-0.11913297633361664,-0.32527369500169895,0.1665914380669418,0.875,0.3875,0.3875
mcomm,unemp,other,fe_country,no_bailout,n_cell,rate,244,244,-0.12222329435674338,-0.37011574675332426,0.1665914380669418,0.8770491803278688,0.3975409836065574,0.3975409836065574
mcomm,unemp,other,fe_country,no_bailout,n_cell,share,248,248,-0.15730462284228142,-0.4657862987464309,0.12463923348814114,0.9032258064516129,0.49193548387096775,0.49193548387096775
mcomm,unemp,other,fe_country,no_bailout,n_eff,count,240,240,-0.1136275881073816,-0.32527369500169895,0.1589669914633514,0.8916666666666667,0.3875,0.3875
mcomm,unemp,other,fe_country,no_bailout,n_eff,rate,244,244,-0.11608282090327243,-0.36470965606179134,0.1589669914633514,0.8934426229508197,0.3975409836065574,0.3975409836065574
mcomm,unemp,other,fe_country,no_bailout,n_eff,share,248,248,-0.16213359319980092,-0.4635002312727149,0.1200479707670842,0.9032258064516129,0.4879032258064516,0.4879032258064516
mcomm,unemp,other,fe_country,no_bailout,none,count,240,240,-0.09454115229349881,-0.2811616389876127,0.16299528377906886,0.9,0.4,0.4
mcomm,unemp,other,fe_country,no_bailout,none,rate,244,244,-0.09554891060268667,-0.3280217458549092,0.16299528377906886,0.9016393442622951,0.4098360655737705,0.4098360655737705
mcomm,unemp,other,fe_country,no_bailout,none,share,248,248,-0.18586827748947438,-0.4501110534951776,0.10987946797296834,0.9032258064516129,0.4435483870967742,0.4435483870967742
mcomm,unemp,other,fe_country,no_bailout,pop,count,240,240,-0.1519800897112788,-0.5172267147198885,0.5069965382737996,0.8333333333333334,0.5958333333333333,0.5333333333333333
mcomm,unemp,other,fe_country,no_bailout,pop,rate,244,244,-0.15252291329811962,-0.5816553645381783,0.5069965382737996,0.8360655737704918,0.6024590163934426,0.5409836065573771
mcomm,unemp,other,fe_country,no_bailout,pop,share,248,248,-0.2787317114838889,-0.6201771035249278,0.1557840386758811,0.967741935483871,0.6854838709677419,0.6854838709677419
mcomm,unemp,other,fe_country,y2004_2008,n_cell,count,240,192,-0.4422608368355201,-0.6298550412029591,-0.2632491571944436,1,1,1
mcomm,unemp,other,fe_country,y2004_2008,n_cell,rate,244,196,-0.4423877241797912,-0.7078838610043516,-0.2632491571944436,1,1,1
mcomm,unemp,other,fe_country,y2004_2008,n_cell,share,248,200,-0.3902872993237684,-0.6085113835169188,-0.21299293026651728,1,1,1
mcomm,unemp,other,fe_country,y2004_2008,n_eff,count,240,192,-0.43931181161672717,-0.6298550412029591,-0.2632491571944436,1,1,1
mcomm,unemp,other,fe_country,y2004_2008,n_eff,rate,244,196,-0.441234144717413,-0.7044845081953387,-0.2632491571944436,1,1,1
mcomm,unemp,other,fe_country,y2004_2008,n_eff,share,248,200,-0.38527158031015574,-0.6082539200108669,-0.21299293026651728,1,1,1
mcomm,unemp,other,fe_country,y2004_2008,none,count,240,192,-0.40850180487798166,-0.5743755238529252,-0.27360977521574703,1,1,1
mcomm,unemp,other,fe_country,y2004_2008,none,rate,244,196,-0.4091815178706639,-0.6685611844945546,-0.27360977521574703,1,1,1
mcomm,unemp,other,fe_country,y2004_2008,none,share,248,200,-0.3775951337991905,-0.5746009725863832,-0.18979385149049985,1,1,1
mcomm,unemp,other,fe_country,y2004_2008,pop,count,240,192,-0.3182269381763251,-0.6311058463441107,-0.14535483127166093,1,0.7604166666666666,0.7604166666666666
mcomm,unemp,other,fe_country,y2004_2008,pop,rate,244,196,-0.38574169783729023,-0.747167700378416,-0.14535483127166093,1,0.7653061224489796,0.7653061224489796
mcomm,unemp,other,fe_country,y2004_2008,pop,share,248,200,-0.2626749306041697,-0.5735227562298137,-0.099828736791601,1,0.605,0.605
mcomm,unemp,other,fe_country,y2009_2013,n_cell,count,240,240,-0.3011828054505169,-0.5461339676286933,-0.09594587449820562,1,0.8333333333333334,0.8333333333333334
mcomm,unemp,other,fe_country,y2009_2013,n_cell,rate,244,244,-0.30264006551841593,-0.5461339676286933,-0.09594587449820562,1,0.8360655737704918,0.8360655737704918
mcomm,unemp,other,fe_country,y2009_2013,n_cell,share,248,248,-0.4010599707170289,-0.6506391171719458,-0.18417349351079487,1,0.9919354838709677,0.9919354838709677
mcomm,unemp,other,fe_country,y2009_2013,n_eff,count,240,240,-0.3036620112191416,-0.5550473473326111,-0.09740927753318564,1,0.8333333333333334,0.8333333333333334
mcomm,unemp,other,fe_country,y2009_2013,n_eff,rate,244,244,-0.3047810676265744,-0.5550473473326111,-0.09740927753318564,1,0.8360655737704918,0.8360655737704918
mcomm,unemp,other,fe_country,y2009_2013,n_eff,share,248,248,-0.40591003743829657,-0.6564405446510843,-0.18819584398302244,1,0.9959677419354839,0.9959677419354839
mcomm,unemp,other,fe_country,y2009_2013,none,count,240,240,-0.3485664570882276,-0.5793928719891469,-0.1211498205431011,1,0.8666666666666667,0.8666666666666667
mcomm,unemp,other,fe_country,y2009_2013,none,rate,244,244,-0.35065130549085205,-0.5793928719891469,-0.1211498205431011,1,0.8688524590163934,0.8688524590163934
mcomm,unemp,other,fe_country,y2009_2013,none,share,248,248,-0.4927095273897075,-0.7149405671998126,-0.22825915804732952,1,1,1
mcomm,unemp,other,fe_country,y2009_2013,pop,count,240,240,-0.23750690000824562,-0.6201246175006964,-0.0163026306500613,1,0.6291666666666667,0.6291666666666667
mcomm,unemp,other,fe_country,y2009_2013,pop,rate,244,244,-0.23750690000824562,-0.6201246175006964,-0.0163026306500613,1,0.6311475409836066,0.6311475409836066
mcomm,unemp,other,fe_country,y2009_2013,pop,share,248,248,-0.4963527915532796,-0.7371997999956127,-0.13509237477317337,1,0.9556451612903226,0.9556451612903226
mcomm,unemp,other,fe_twoway,all,n_cell,count,240,240,-0.21445191890389909,-0.48848639786328585,-0.10335823180464582,1,0.8583333333333333,0.8583333333333333
mcomm,unemp,other,fe_twoway,all,n_cell,rate,244,244,-0.21627667936719752,-0.48848639786328585,-0.10335823180464582,1,0.860655737704918,0.860655737704918
mcomm,unemp,other,fe_twoway,all,n_cell,share,248,248,-0.2847957782807937,-0.547620491273002,-0.137582218154683,1,0.9758064516129032,0.9758064516129032
mcomm,unemp,other,fe_twoway,all,n_eff,count,240,240,-0.21397706278269202,-0.497505697233412,-0.10335823180464582,1,0.8375,0.8375
mcomm,unemp,other,fe_twoway,all,n_eff,rate,244,244,-0.21464544547683082,-0.497505697233412,-0.10335823180464582,1,0.8401639344262295,0.8401639344262295
mcomm,unemp,other,fe_twoway,all,n_eff,share,248,248,-0.2806512682910977,-0.5488998038845814,-0.132184753435077,1,0.9758064516129032,0.9758064516129032
mcomm,unemp,other,fe_twoway,all,none,count,240,240,-0.20645087022418784,-0.5846695392487108,-0.11691035419514148,1,0.9083333333333333,0.9083333333333333
mcomm,unemp,other,fe_twoway,all,none,rate,244,244,-0.2070509923882891,-0.5846695392487108,-0.11691035419514148,1,0.9098360655737705,0.9098360655737705
mcomm,unemp,other,fe_twoway,all,none,share,248,248,-0.28541986173822587,-0.6037537314050979,-0.13982726463634162,1,1,1
mcomm,unemp,other,fe_twoway,all,pop,count,240,240,-0.21578792176140288,-0.46010967627835103,0.0677480261228552,0.9833333333333333,0.8833333333333333,0.8833333333333333
mcomm,unemp,other,fe_twoway,all,pop,rate,244,244,-0.21686387076337585,-0.531077153118242,0.0677480261228552,0.9836065573770492,0.8852459016393442,0.8852459016393442
mcomm,unemp,other,fe_twoway,all,pop,share,248,248,-0.28818227494398374,-0.6210564094623662,-0.05585939683249132,1,0.8669354838709677,0.8669354838709677
mcomm,unemp,other,fe_twoway,no_GR_ES,n_cell,count,240,240,-0.1406470022272124,-0.30155953111319994,0.00459754890666181,0.9833333333333333,0.4875,0.4875
mcomm,unemp,other,fe_twoway,no_GR_ES,n_cell,rate,244,244,-0.14125412033031667,-0.3474113499308957,0.00459754890666181,0.9836065573770492,0.4959016393442623,0.4959016393442623
mcomm,unemp,other,fe_twoway,no_GR_ES,n_cell,share,248,248,-0.19796815879618723,-0.45478596058109455,-0.05467708953545826,1,0.7701612903225806,0.7701612903225806
mcomm,unemp,other,fe_twoway,no_GR_ES,n_eff,count,240,240,-0.13750578911249794,-0.30155953111319994,0.00459754890666181,0.9916666666666667,0.475,0.475
mcomm,unemp,other,fe_twoway,no_GR_ES,n_eff,rate,244,244,-0.13910191678953734,-0.34876801307726146,0.00459754890666181,0.9918032786885246,0.48360655737704916,0.48360655737704916
mcomm,unemp,other,fe_twoway,no_GR_ES,n_eff,share,248,248,-0.19286388955965061,-0.44824037343118933,-0.05467708953545826,1,0.7620967741935484,0.7620967741935484
mcomm,unemp,other,fe_twoway,no_GR_ES,none,count,240,240,-0.15536357302583573,-0.33308631869788946,-0.06211600052110127,1,0.6166666666666667,0.6166666666666667
mcomm,unemp,other,fe_twoway,no_GR_ES,none,rate,244,244,-0.15683938547627171,-0.3763145474921841,-0.06211600052110127,1,0.6229508196721312,0.6229508196721312
mcomm,unemp,other,fe_twoway,no_GR_ES,none,share,248,248,-0.21089262086405813,-0.4809902260203845,-0.09957468017939004,1,0.7620967741935484,0.7620967741935484
mcomm,unemp,other,fe_twoway,no_GR_ES,pop,count,240,240,-0.14775665453566728,-0.41819590925268585,0.31021591759607364,0.825,0.6208333333333333,0.5791666666666667
mcomm,unemp,other,fe_twoway,no_GR_ES,pop,rate,244,244,-0.1510001083152222,-0.46547385048854395,0.31021591759607364,0.8278688524590164,0.6270491803278688,0.5860655737704918
mcomm,unemp,other,fe_twoway,no_GR_ES,pop,share,248,248,-0.2749119132144322,-0.549605007807263,0.16930527663838082,0.9516129032258065,0.8991935483870968,0.8991935483870968
mcomm,unemp,other,fe_twoway,no_bailout,n_cell,count,240,240,-0.043487247820021474,-0.1907094101559996,0.13657248129573982,0.9,0.07083333333333333,0.07083333333333333
mcomm,unemp,other,fe_twoway,no_bailout,n_cell,rate,244,244,-0.04453788085869892,-0.22872382227502977,0.13657248129573982,0.9016393442622951,0.0860655737704918,0.0860655737704918
mcomm,unemp,other,fe_twoway,no_bailout,n_cell,share,248,248,-0.12288910945307971,-0.36037319542750007,0.14143682819467604,0.9032258064516129,0.3185483870967742,0.3185483870967742
mcomm,unemp,other,fe_twoway,no_bailout,n_eff,count,240,240,-0.043946344147393956,-0.1907094101559996,0.13657248129573982,0.8083333333333333,0.058333333333333334,0.058333333333333334
mcomm,unemp,other,fe_twoway,no_bailout,n_eff,rate,244,244,-0.04551904012392703,-0.22536860780831736,0.13657248129573982,0.8114754098360656,0.06967213114754098,0.06967213114754098
mcomm,unemp,other,fe_twoway,no_bailout,n_eff,share,248,248,-0.12008879405617337,-0.3516968879897376,0.14143682819467604,0.9032258064516129,0.3024193548387097,0.3024193548387097
mcomm,unemp,other,fe_twoway,no_bailout,none,count,240,240,-0.06284905888024862,-0.16026994022726743,0.06711539160627608,0.9083333333333333,0.016666666666666666,0.016666666666666666
mcomm,unemp,other,fe_twoway,no_bailout,none,rate,244,244,-0.08358378122216031,-0.21661246346359267,0.06711539160627608,0.9098360655737705,0.03278688524590164,0.03278688524590164
mcomm,unemp,other,fe_twoway,no_bailout,none,share,248,248,-0.14698167252358024,-0.3519348842555311,0.06352249867632286,0.9354838709677419,0.3548387096774194,0.3548387096774194
mcomm,unemp,other,fe_twoway,no_bailout,pop,count,240,240,-0.12585716119791557,-0.4052018415509137,0.3384058281064222,0.8,0.4708333333333333,0.4125
mcomm,unemp,other,fe_twoway,no_bailout,pop,rate,244,244,-0.12681531116654443,-0.4673960413300005,0.3384058281064222,0.8032786885245902,0.47950819672131145,0.42213114754098363
mcomm,unemp,other,fe_twoway,no_bailout,pop,share,248,248,-0.2649700770695844,-0.5727964304186234,0.2905271489903858,0.9274193548387096,0.8104838709677419,0.8024193548387096
mcomm,unemp,other,fe_twoway,y2004_2008,n_cell,count,240,192,-0.2425876149232014,-0.3694042579559027,-0.15393763709476385,1,0.8541666666666666,0.8541666666666666
mcomm,unemp,other,fe_twoway,y2004_2008,n_cell,rate,244,196,-0.24752644168913573,-0.47024914933400586,-0.15393763709476385,1,0.8571428571428571,0.8571428571428571
mcomm,unemp,other,fe_twoway,y2004_2008,n_cell,share,248,200,-0.3015970831156941,-0.48587764377243836,-0.1977424752972376,1,1,1
mcomm,unemp,other,fe_twoway,y2004_2008,n_eff,count,240,192,-0.24156080576802072,-0.3694862515429808,-0.15108436828615338,1,0.84375,0.84375
mcomm,unemp,other,fe_twoway,y2004_2008,n_eff,rate,244,196,-0.2452151520345881,-0.47582211959755527,-0.15108436828615338,1,0.8469387755102041,0.8469387755102041
mcomm,unemp,other,fe_twoway,y2004_2008,n_eff,share,248,200,-0.29950618420858277,-0.490230292332325,-0.1977424752972376,1,1,1
mcomm,unemp,other,fe_twoway,y2004_2008,none,count,240,192,-0.23979845115778592,-0.3314963612023933,-0.16429152925777615,1,0.875,0.875
mcomm,unemp,other,fe_twoway,y2004_2008,none,rate,244,196,-0.2409220878981449,-0.4456582609463563,-0.16429152925777615,1,0.8775510204081632,0.8775510204081632
mcomm,unemp,other,fe_twoway,y2004_2008,none,share,248,200,-0.29890314323135414,-0.47385862027301245,-0.19832542216874707,1,1,1
mcomm,unemp,other,fe_twoway,y2004_2008,pop,count,240,192,-0.2048658691664677,-0.39169451417404616,-0.09212968899727944,1,0.5416666666666666,0.5416666666666666
mcomm,unemp,other,fe_twoway,y2004_2008,pop,rate,244,196,-0.20694710507508876,-0.5302982983027605,-0.09212968899727944,1,0.5510204081632653,0.5510204081632653
mcomm,unemp,other,fe_twoway,y2004_2008,pop,share,248,200,-0.23586133451485658,-0.46934517425574246,-0.1275159606938542,1,0.815,0.815
mcomm,unemp,other,fe_twoway,y2009_2013,n_cell,count,240,240,-0.26631194848587925,-0.506136376828082,-0.1014253734866682,1,0.8333333333333334,0.8333333333333334
mcomm,unemp,other,fe_twoway,y2009_2013,n_cell,rate,244,244,-0.26748111203745906,-0.5527327134421329,-0.1014253734866682,1,0.8360655737704918,0.8360655737704918
mcomm,unemp,other,fe_twoway,y2009_2013,n_cell,share,248,248,-0.3339605103990866,-0.654577285741225,-0.14596793434964472,1,0.8790322580645161,0.8790322580645161
mcomm,unemp,other,fe_twoway,y2009_2013,n_eff,count,240,240,-0.2768332551249224,-0.5186997180668038,-0.1014253734866682,1,0.8333333333333334,0.8333333333333334
mcomm,unemp,other,fe_twoway,y2009_2013,n_eff,rate,244,244,-0.27827819950114974,-0.5772470595831969,-0.1014253734866682,1,0.8360655737704918,0.8360655737704918
mcomm,unemp,other,fe_twoway,y2009_2013,n_eff,share,248,248,-0.3384708910436973,-0.653666015112285,-0.14596793434964472,1,0.8830645161290323,0.8830645161290323
mcomm,unemp,other,fe_twoway,y2009_2013,none,count,240,240,-0.3444499522789643,-0.5955504594401747,-0.1553375050551392,1,0.925,0.925
mcomm,unemp,other,fe_twoway,y2009_2013,none,rate,244,244,-0.34615051997421464,-0.5955504594401747,-0.1553375050551392,1,0.9262295081967213,0.9262295081967213
mcomm,unemp,other,fe_twoway,y2009_2013,none,share,248,248,-0.40619541956468297,-0.6199081019419083,-0.19754112497460247,1,1,1
mcomm,unemp,other,fe_twoway,y2009_2013,pop,count,240,240,-0.16057523630161194,-0.47585415080303456,0.08338063577915952,0.9166666666666666,0.425,0.425
mcomm,unemp,other,fe_twoway,y2009_2013,pop,rate,244,244,-0.16459019965523125,-0.47585415080303456,0.08338063577915952,0.9180327868852459,0.430327868852459,0.430327868852459
mcomm,unemp,other,fe_twoway,y2009_2013,pop,share,248,248,-0.3262069842992087,-0.6598445702035528,-0.05710888062575041,1,0.8346774193548387,0.8346774193548387
mcomm,unemp,other,pooled_cl,all,n_cell,count,240,240,0.20786246536806172,0.08568305668536844,0.5414038447326677,0,0.775,0
mcomm,unemp,other,pooled_cl,all,n_cell,rate,244,244,0.20786246536806172,0.08568305668536844,0.5414038447326677,0,0.7786885245901639,0
mcomm,unemp,other,pooled_cl,all,n_cell,share,248,248,0.09100787212591982,-0.00377856166131276,0.37118805425649426,0.016129032258064516,0.3024193548387097,0
mcomm,unemp,other,pooled_cl,all,n_eff,count,240,240,0.211490939860363,0.08667610732737213,0.5414038447326677,0,0.775,0
mcomm,unemp,other,pooled_cl,all,n_eff,rate,244,244,0.211490939860363,0.08667610732737213,0.5414038447326677,0,0.7786885245901639,0
mcomm,unemp,other,pooled_cl,all,n_eff,share,248,248,0.09324303032106479,-0.00257256460229304,0.37477291207906,0.008064516129032258,0.3185483870967742,0
mcomm,unemp,other,pooled_cl,all,none,count,240,240,0.1941338035889039,0.08312480263156809,0.47109937959265386,0,0.775,0
mcomm,unemp,other,pooled_cl,all,none,rate,244,244,0.1941338035889039,0.08312480263156809,0.47109937959265386,0,0.7786885245901639,0
mcomm,unemp,other,pooled_cl,all,none,share,248,248,0.07487621294647803,-0.06319871772927056,0.2987698809546678,0.12096774193548387,0.25806451612903225,0
mcomm,unemp,other,pooled_cl,all,pop,count,240,240,0.22562966799831688,0.04528455423473637,0.6144297667592064,0,0.8208333333333333,0
mcomm,unemp,other,pooled_cl,all,pop,rate,244,244,0.22562966799831688,0.04528455423473637,0.6144297667592064,0,0.8237704918032787,0
mcomm,unemp,other,pooled_cl,all,pop,share,248,248,0.12640614007319015,0.00243623267127771,0.4644269117598621,0,0.532258064516129,0
mcomm,unemp,other,pooled_cl,no_GR_ES,n_cell,count,240,240,0.2280511341272512,0.08780005115504365,0.5830430259889203,0,0.8,0
mcomm,unemp,other,pooled_cl,no_GR_ES,n_cell,rate,244,244,0.2280511341272512,0.08780005115504365,0.5830430259889203,0,0.8032786885245902,0
mcomm,unemp,other,pooled_cl,no_GR_ES,n_cell,share,248,248,0.11849138623344752,0.02663667734716844,0.42811403987391144,0,0.4153225806451613,0
mcomm,unemp,other,pooled_cl,no_GR_ES,n_eff,count,240,240,0.23343400025377103,0.08780005115504365,0.5858643281017791,0,0.825,0
mcomm,unemp,other,pooled_cl,no_GR_ES,n_eff,rate,244,244,0.23343400025377103,0.08780005115504365,0.5858643281017791,0,0.8278688524590164,0
mcomm,unemp,other,pooled_cl,no_GR_ES,n_eff,share,248,248,0.12314446121599198,0.02663667734716844,0.43438603308063506,0,0.4475806451612903,0
mcomm,unemp,other,pooled_cl,no_GR_ES,none,count,240,240,0.21487336285277497,0.09109395785017405,0.4991965132383439,0,0.9,0
mcomm,unemp,other,pooled_cl,no_GR_ES,none,rate,244,244,0.21487336285277497,0.09109395785017405,0.4991965132383439,0,0.9016393442622951,0
mcomm,unemp,other,pooled_cl,no_GR_ES,none,share,248,248,0.10085840226298887,0.01418828328063332,0.3347358579389915,0,0.3387096774193548,0
mcomm,unemp,other,pooled_cl,no_GR_ES,pop,count,240,240,0.12682409475770645,-0.01878933487627683,0.6419920387093278,0.041666666666666664,0.5125,0
mcomm,unemp,other,pooled_cl,no_GR_ES,pop,rate,244,244,0.12682409475770645,-0.01878933487627683,0.6419920387093278,0.040983606557377046,0.5122950819672131,0
mcomm,unemp,other,pooled_cl,no_GR_ES,pop,share,248,248,0.05883689270500876,-0.06280846657388225,0.4072398672864416,0.16129032258064516,0.25,0
mcomm,unemp,other,pooled_cl,no_bailout,n_cell,count,240,240,0.25770442371759594,0.09459957463786034,0.6159362995229004,0,0.7916666666666666,0
mcomm,unemp,other,pooled_cl,no_bailout,n_cell,rate,244,244,0.25770442371759594,0.09459957463786034,0.6159362995229004,0,0.7950819672131147,0
mcomm,unemp,other,pooled_cl,no_bailout,n_cell,share,248,248,0.2236453652503546,0.08417778739692555,0.5638609963485204,0,0.7862903225806451,0
mcomm,unemp,other,pooled_cl,no_bailout,n_eff,count,240,240,0.26597994971141314,0.09459957463786034,0.6278285189009412,0,0.8125,0
mcomm,unemp,other,pooled_cl,no_bailout,n_eff,rate,244,244,0.26597994971141314,0.09459957463786034,0.6278285189009412,0,0.8155737704918032,0
mcomm,unemp,other,pooled_cl,no_bailout,n_eff,share,248,248,0.23760247861354317,0.08417778739692555,0.5801586423666666,0,0.7862903225806451,0
mcomm,unemp,other,pooled_cl,no_bailout,none,count,240,240,0.25994625567088336,0.1033255872506635,0.5520691398416347,0,0.8208333333333333,0
mcomm,unemp,other,pooled_cl,no_bailout,none,rate,244,244,0.25994625567088336,0.1033255872506635,0.5520691398416347,0,0.8237704918032787,0
mcomm,unemp,other,pooled_cl,no_bailout,none,share,248,248,0.22953710858200546,0.08666796988989027,0.5027554293876598,0,0.7096774193548387,0
mcomm,unemp,other,pooled_cl,no_bailout,pop,count,240,240,0.15387657852980008,0.00322693941494671,0.6825001771731883,0,0.55,0
mcomm,unemp,other,pooled_cl,no_bailout,pop,rate,244,244,0.15387657852980008,0.00322693941494671,0.6825001771731883,0,0.5491803278688525,0
mcomm,unemp,other,pooled_cl,no_bailout,pop,share,248,248,0.1413936646156645,0.0144102337390217,0.5149323364286977,0,0.49193548387096775,0
mcomm,unemp,other,pooled_cl,y2004_2008,n_cell,count,240,192,0.038019053488356935,-0.04507458564684573,0.16931402833433182,0.1875,0,0
mcomm,unemp,other,pooled_cl,y2004_2008,n_cell,rate,244,196,0.03786937923702833,-0.04507458564684573,0.16931402833433182,0.1836734693877551,0,0
mcomm,unemp,other,pooled_cl,y2004_2008,n_cell,share,248,200,0.012678540927679186,-0.06251723431614802,0.19190774456022305,0.32,0.06,0
mcomm,unemp,other,pooled_cl,y2004_2008,n_eff,count,240,192,0.04176588771392927,-0.04507458564684573,0.1813228177223388,0.16666666666666666,0.020833333333333332,0
mcomm,unemp,other,pooled_cl,y2004_2008,n_eff,rate,244,196,0.04121260755536429,-0.04507458564684573,0.1813228177223388,0.16326530612244897,0.02040816326530612,0
mcomm,unemp,other,pooled_cl,y2004_2008,n_eff,share,248,200,0.020667578619199885,-0.06251723431614802,0.2021302066239513,0.3,0.09,0
mcomm,unemp,other,pooled_cl,y2004_2008,none,count,240,192,0.11689497131632368,0.02595767651531017,0.27126358521741983,0,0.21875,0
mcomm,unemp,other,pooled_cl,y2004_2008,none,rate,244,196,0.11632146886003272,0.02595767651531017,0.27126358521741983,0,0.21428571428571427,0
mcomm,unemp,other,pooled_cl,y2004_2008,none,share,248,200,0.07967226295955225,-0.00293064858433697,0.2631412516829878,0.03,0.2,0
mcomm,unemp,other,pooled_cl,y2004_2008,pop,count,240,192,-0.016685208469735008,-0.2043428591100959,0.1212411985218885,0.65625,0.026041666666666668,0.026041666666666668
mcomm,unemp,other,pooled_cl,y2004_2008,pop,rate,244,196,-0.016685208469735008,-0.2043428591100959,0.1212411985218885,0.6632653061224489,0.025510204081632654,0.025510204081632654
mcomm,unemp,other,pooled_cl,y2004_2008,pop,share,248,200,0.06479205911236502,-0.09856437032606938,0.3089613358255956,0.18,0.21,0
mcomm,unemp,other,pooled_cl,y2009_2013,n_cell,count,240,240,0.261522366667126,0.12371672100485474,0.5427858762706641,0,0.775,0
mcomm,unemp,other,pooled_cl,y2009_2013,n_cell,rate,244,244,0.261522366667126,0.12371672100485474,0.5427858762706641,0,0.7786885245901639,0
mcomm,unemp,other,pooled_cl,y2009_2013,n_cell,share,248,248,0.10406928485869621,-0.01479158173588735,0.371964619622613,0.04838709677419355,0.25806451612903225,0
mcomm,unemp,other,pooled_cl,y2009_2013,n_eff,count,240,240,0.2648578758540605,0.1260145699293587,0.5427858762706641,0,0.775,0
mcomm,unemp,other,pooled_cl,y2009_2013,n_eff,rate,244,244,0.2648578758540605,0.1260145699293587,0.5427858762706641,0,0.7786885245901639,0
mcomm,unemp,other,pooled_cl,y2009_2013,n_eff,share,248,248,0.10695006724989345,-0.00951520618979117,0.3756540315055963,0.024193548387096774,0.2661290322580645,0
mcomm,unemp,other,pooled_cl,y2009_2013,none,count,240,240,0.2115266447565351,0.09794097716076226,0.4690769808758068,0,0.7083333333333334,0
mcomm,unemp,other,pooled_cl,y2009_2013,none,rate,244,244,0.2115266447565351,0.09794097716076226,0.4690769808758068,0,0.7090163934426229,0
mcomm,unemp,other,pooled_cl,y2009_2013,none,share,248,248,0.045010956960988634,-0.07296997933438087,0.2981074982216583,0.3548387096774194,0.14919354838709678,0
mcomm,unemp,other,pooled_cl,y2009_2013,pop,count,240,240,0.32631213007865917,0.1829963275286772,0.6355400292895388,0,1,0
mcomm,unemp,other,pooled_cl,y2009_2013,pop,rate,244,244,0.32631213007865917,0.1829963275286772,0.6355400292895388,0,1,0
mcomm,unemp,other,pooled_cl,y2009_2013,pop,share,248,248,0.1562273027526549,0.00227038855314289,0.4765517765616661,0,0.4879032258064516,0
mcomm,unemp,other,re,all,none,count,240,240,-0.1591113339185069,-0.35885628360678845,0.03619259905010363,0.9833333333333333,0.5083333333333333,0.5083333333333333
mcomm,unemp,other,re,all,none,rate,244,242,-0.1786275618561299,-0.36727971231630535,0.03619259905010363,0.9836065573770492,0.512396694214876,0.512396694214876
mcomm,unemp,other,re,all,none,share,248,246,-0.2569765129424826,-0.5843737929176095,-0.09890186289956282,1,0.8617886178861789,0.8617886178861789
mcomm,unemp,other,re,no_GR_ES,none,count,240,240,-0.09266755532097551,-0.290920943069423,0.12358400869616368,0.9,0.4166666666666667,0.4166666666666667
mcomm,unemp,other,re,no_GR_ES,none,rate,244,242,-0.09684590201933473,-0.3482524121305147,0.12358400869616368,0.9016393442622951,0.4214876033057851,0.4214876033057851
mcomm,unemp,other,re,no_GR_ES,none,share,248,246,-0.1958041996879103,-0.48631366939776743,-0.05210574918182343,1,0.7357723577235772,0.7357723577235772
mcomm,unemp,other,re,no_bailout,none,count,240,240,-0.04457887452003988,-0.21913850076248248,0.2431487353043692,0.8,0.44583333333333336,0.4
mcomm,unemp,other,re,no_bailout,none,rate,244,242,-0.04479766425516328,-0.2711516710901998,0.2431487353043692,0.8032786885245902,0.45041322314049587,0.4049586776859504
mcomm,unemp,other,re,no_bailout,none,share,248,246,-0.091382254049479,-0.390311037213453,0.1944339247453649,0.9032258064516129,0.4146341463414634,0.4146341463414634
mcomm,unemp,other,re,y2004_2008,none,count,240,192,-0.31063439291664086,-0.4588854641220838,-0.21381754032722788,1,1,1
mcomm,unemp,other,re,y2004_2008,none,rate,244,194,-0.3109959060039942,-0.5508836398076281,-0.21381754032722788,1,1,1
mcomm,unemp,other,re,y2004_2008,none,share,248,198,-0.30658077554462,-0.45044788829191934,-0.10233007081610272,1,0.6161616161616161,0.6161616161616161
mcomm,unemp,other,re,y2009_2013,none,count,240,240,-0.25746638540963274,-0.49046094016757535,-0.04699121307688508,1,0.675,0.675
mcomm,unemp,other,re,y2009_2013,none,rate,244,242,-0.26007130744388474,-0.49046094016757535,-0.04699121307688508,1,0.6776859504132231,0.6776859504132231
mcomm,unemp,other,re,y2009_2013,none,share,248,246,-0.37576874271048116,-0.6380958862146466,-0.15688380176675298,1,0.959349593495935,0.959349593495935
mcosmo,growth,none,fe_country,all,n_cell,count,48,48,-0.2625824229066412,-0.3467006793142001,-0.1847638013214832,1,1,1
mcosmo,growth,none,fe_country,all,n_cell,rate,50,50,-0.2625824229066412,-0.3562438657474758,-0.1847638013214832,1,1,1
mcosmo,growth,none,fe_country,all,n_cell,share,50,50,-0.03715295772461745,-0.08187363354216097,-0.01710267283860624,1,0,0
mcosmo,growth,none,fe_country,all,n_eff,count,48,48,-0.26067061220943555,-0.3503291726433777,-0.1847638013214832,1,1,1
mcosmo,growth,none,fe_country,all,n_eff,rate,50,50,-0.26067061220943555,-0.360232289379646,-0.1847638013214832,1,1,1
mcosmo,growth,none,fe_country,all,n_eff,share,50,50,-0.03883355729729757,-0.08565489171470925,-0.01710267283860624,1,0,0
mcosmo,growth,none,fe_country,all,none,count,48,48,-0.2696579974766522,-0.35867196190879924,-0.19056130250782227,1,1,1
mcosmo,growth,none,fe_country,all,none,rate,50,50,-0.270081179861964,-0.3690036660053433,-0.19056130250782227,1,1,1
mcosmo,growth,none,fe_country,all,none,share,50,50,-0.04432705073345984,-0.08360629675290805,-0.02257967396685324,1,0,0
mcosmo,growth,none,fe_country,all,pop,count,48,48,-0.3098142154857071,-0.3915623198999396,-0.2242255177552464,1,1,1
mcosmo,growth,none,fe_country,all,pop,rate,50,50,-0.3098142154857071,-0.3915623198999396,-0.22017550480794848,1,1,1
mcosmo,growth,none,fe_country,all,pop,share,50,50,-0.1379575624142087,-0.22087640664599223,-0.08842888789538038,1,0.5,0.5
mcosmo,growth,none,fe_country,no_GR_ES,n_cell,count,48,48,-0.22339872753727266,-0.28917191487926663,-0.17042951729934053,1,1,1
mcosmo,growth,none,fe_country,no_GR_ES,n_cell,rate,50,50,-0.22339872753727266,-0.29455840625330715,-0.17042951729934053,1,1,1
mcosmo,growth,none,fe_country,no_GR_ES,n_cell,share,50,50,0.030212340310145108,0.01121741770552994,0.06685912279832613,0,0,0
mcosmo,growth,none,fe_country,no_GR_ES,n_eff,count,48,48,-0.22125294230381,-0.2909826753053156,-0.17042951729934053,1,1,1
mcosmo,growth,none,fe_country,no_GR_ES,n_eff,rate,50,50,-0.22125294230381,-0.29645846437918,-0.17042951729934053,1,1,1
mcosmo,growth,none,fe_country,no_GR_ES,n_eff,share,50,50,0.029511946688744906,0.01110247118269301,0.06685912279832613,0,0,0
mcosmo,growth,none,fe_country,no_GR_ES,none,count,48,48,-0.24206353316055096,-0.3194338061395802,-0.1773547288788693,1,1,1
mcosmo,growth,none,fe_country,no_GR_ES,none,rate,50,50,-0.24206353316055096,-0.329224206429443,-0.1773547288788693,1,1,1
mcosmo,growth,none,fe_country,no_GR_ES,none,share,50,50,0.00477566186363183,-0.00979840089199456,0.03086157295320867,0.4,0,0
mcosmo,growth,none,fe_country,no_GR_ES,pop,count,48,48,-0.26878128896406117,-0.3346173445741111,-0.18478134714988076,1,1,1
mcosmo,growth,none,fe_country,no_GR_ES,pop,rate,50,50,-0.26878128896406117,-0.3346173445741111,-0.18478134714988076,1,1,1
mcosmo,growth,none,fe_country,no_GR_ES,pop,share,50,50,-0.07541224447446204,-0.12443263747931528,-0.03891313351714405,1,0,0
mcosmo,growth,none,fe_country,no_bailout,n_cell,count,48,48,-0.1593697910715011,-0.20318968849743416,-0.1228398611798152,1,0.5,0.5
mcosmo,growth,none,fe_country,no_bailout,n_cell,rate,50,50,-0.1593697910715011,-0.20318968849743416,-0.1228398611798152,1,0.5,0.5
mcosmo,growth,none,fe_country,no_bailout,n_cell,share,50,50,0.12130451183807174,0.07537464579265597,0.18361443763101143,0,0.44,0
mcosmo,growth,none,fe_country,no_bailout,n_eff,count,48,48,-0.1572636836713296,-0.2016609715139466,-0.1228398611798152,1,0.5,0.5
mcosmo,growth,none,fe_country,no_bailout,n_eff,rate,50,50,-0.1572636836713296,-0.2016609715139466,-0.1228398611798152,1,0.5,0.5
mcosmo,growth,none,fe_country,no_bailout,n_eff,share,50,50,0.12419155180456234,0.07816663755461106,0.18879617173357807,0,0.5,0
mcosmo,growth,none,fe_country,no_bailout,none,count,48,48,-0.18009274711828416,-0.2229085350340354,-0.1474855901051655,1,0.875,0.875
mcosmo,growth,none,fe_country,no_bailout,none,rate,50,50,-0.18009274711828416,-0.2229085350340354,-0.1474855901051655,1,0.88,0.88
mcosmo,growth,none,fe_country,no_bailout,none,share,50,50,0.12621486871716792,0.08170983471869758,0.1877284753932789,0,0.5,0
mcosmo,growth,none,fe_country,no_bailout,pop,count,48,48,-0.21313445993356922,-0.2713961683461091,-0.1484001755785698,1,0.9166666666666666,0.9166666666666666
mcosmo,growth,none,fe_country,no_bailout,pop,rate,50,50,-0.21313445993356922,-0.2713961683461091,-0.1484001755785698,1,0.9,0.9
mcosmo,growth,none,fe_country,no_bailout,pop,share,50,50,-0.04747841963330203,-0.09732338286990189,-0.02287930828801513,1,0,0
mcosmo,growth,none,fe_country,y2004_2008,n_cell,count,48,48,-0.18445163178145027,-0.22316736935538264,-0.1488742650374574,1,0.5,0.5
mcosmo,growth,none,fe_country,y2004_2008,n_cell,rate,50,50,-0.18445163178145027,-0.2443727528620034,-0.1488742650374574,1,0.5,0.5
mcosmo,growth,none,fe_country,y2004_2008,n_cell,share,50,50,0.13268133139062377,0.07487817254282823,0.21999109038169545,0,0.24,0
mcosmo,growth,none,fe_country,y2004_2008,n_eff,count,48,48,-0.18401449260820882,-0.2255437365425582,-0.1488742650374574,1,0.5,0.5
mcosmo,growth,none,fe_country,y2004_2008,n_eff,rate,50,50,-0.18401449260820882,-0.24486942347598833,-0.1488742650374574,1,0.5,0.5
mcosmo,growth,none,fe_country,y2004_2008,n_eff,share,50,50,0.13274750174856137,0.07487817254282823,0.2262253233536038,0,0.28,0
mcosmo,growth,none,fe_country,y2004_2008,none,count,48,48,-0.1846381678801059,-0.2082037886798477,-0.15430830061365225,1,0.5,0.5
mcosmo,growth,none,fe_country,y2004_2008,none,rate,50,50,-0.1846381678801059,-0.2334023641285546,-0.15430830061365225,1,0.5,0.5
mcosmo,growth,none,fe_country,y2004_2008,none,share,50,50,0.06123749322882096,0.02988077876017635,0.11818135868090014,0,0,0
mcosmo,growth,none,fe_country,y2004_2008,pop,count,48,48,-0.4027853182159754,-0.436883742320148,-0.3700270430963671,1,1,1
mcosmo,growth,none,fe_country,y2004_2008,pop,rate,50,50,-0.402974554276305,-0.4505635598154546,-0.3700270430963671,1,1,1
mcosmo,growth,none,fe_country,y2004_2008,pop,share,50,50,-0.19310279353721405,-0.31595903280901366,-0.1184255887628101,1,0.52,0.52
mcosmo,growth,none,fe_country,y2009_2013,n_cell,count,48,48,0.19482996291831678,0.14630006913316437,0.2501320809769488,0,0.5,0
mcosmo,growth,none,fe_country,y2009_2013,n_cell,rate,50,50,0.20290435021725844,0.14630006913316437,0.2501320809769488,0,0.52,0
mcosmo,growth,none,fe_country,y2009_2013,n_cell,share,50,50,0.07674925500921234,0.00944081243427065,0.15450403111839747,0,0,0
mcosmo,growth,none,fe_country,y2009_2013,n_eff,count,48,48,0.18945263914741384,0.14135310307047533,0.2501320809769488,0,0.5,0
mcosmo,growth,none,fe_country,y2009_2013,n_eff,rate,50,50,0.1945830392119845,0.14135310307047533,0.2501320809769488,0,0.52,0
mcosmo,growth,none,fe_country,y2009_2013,n_eff,share,50,50,0.06593192355583812,-0.00345420025064903,0.15450403111839747,0.04,0,0
mcosmo,growth,none,fe_country,y2009_2013,none,count,48,48,0.21801834958187505,0.17786838824590534,0.2563503860134381,0,0.875,0
mcosmo,growth,none,fe_country,y2009_2013,none,rate,50,50,0.2202750866687182,0.17786838824590534,0.2563503860134381,0,0.88,0
mcosmo,growth,none,fe_country,y2009_2013,none,share,50,50,0.11247885201823306,0.04919932481101027,0.1856179214744667,0,0,0
mcosmo,growth,none,fe_country,y2009_2013,pop,count,48,48,0.3594582904145548,0.27701604384157175,0.43988918299860974,0,1,0
mcosmo,growth,none,fe_country,y2009_2013,pop,rate,50,50,0.3618005617992539,0.27701604384157175,0.43988918299860974,0,1,0
mcosmo,growth,none,fe_country,y2009_2013,pop,share,50,50,0.264123737582007,0.19074543975889868,0.3404832796653616,0,0.98,0
mcosmo,growth,none,fe_twoway,all,n_cell,count,48,48,-0.0429955189051488,-0.07519000258955315,-0.02371075113751425,1,0,0
mcosmo,growth,none,fe_twoway,all,n_cell,rate,50,50,-0.0429955189051488,-0.07519000258955315,-0.02371075113751425,1,0,0
mcosmo,growth,none,fe_twoway,all,n_cell,share,50,50,-0.038873222793148365,-0.10193050138043658,-0.00362193474988286,1,0,0
mcosmo,growth,none,fe_twoway,all,n_eff,count,48,48,-0.04459572522092145,-0.08085083896642817,-0.02371075113751425,1,0,0
mcosmo,growth,none,fe_twoway,all,n_eff,rate,50,50,-0.04459572522092145,-0.08085083896642817,-0.02371075113751425,1,0,0
mcosmo,growth,none,fe_twoway,all,n_eff,share,50,50,-0.038873222793148365,-0.10784563802108034,-0.00362193474988286,1,0,0
mcosmo,growth,none,fe_twoway,all,none,count,48,48,-0.0732965277315367,-0.11186321064126012,-0.04590226986626478,1,0,0
mcosmo,growth,none,fe_twoway,all,none,rate,50,50,-0.0732965277315367,-0.11186321064126012,-0.04590226986626478,1,0,0
mcosmo,growth,none,fe_twoway,all,none,share,50,50,-0.05057227213716466,-0.1150188706106049,-0.01858842450129147,1,0,0
mcosmo,growth,none,fe_twoway,all,pop,count,48,48,-0.09014088729131198,-0.17179437227631306,-0.04536004352522654,1,0.20833333333333334,0.20833333333333334
mcosmo,growth,none,fe_twoway,all,pop,rate,50,50,-0.09014088729131198,-0.17179437227631306,-0.04536004352522654,1,0.22,0.22
mcosmo,growth,none,fe_twoway,all,pop,share,50,50,-0.09800415814552482,-0.17955566878596607,-0.04404923623687049,1,0.24,0.24
mcosmo,growth,none,fe_twoway,no_GR_ES,n_cell,count,48,48,0.013325580721779955,-0.00109003967595143,0.03643735247496774,0.041666666666666664,0,0
mcosmo,growth,none,fe_twoway,no_GR_ES,n_cell,rate,50,50,0.013325580721779955,-0.00109003967595143,0.03643735247496774,0.04,0,0
mcosmo,growth,none,fe_twoway,no_GR_ES,n_cell,share,50,50,0.044572701413209403,0.00218681808047885,0.1016264928084653,0,0,0
mcosmo,growth,none,fe_twoway,no_GR_ES,n_eff,count,48,48,0.011076896088436315,-0.00591763340564326,0.03643735247496774,0.08333333333333333,0,0
mcosmo,growth,none,fe_twoway,no_GR_ES,n_eff,rate,50,50,0.011076896088436315,-0.00591763340564326,0.03643735247496774,0.08,0,0
mcosmo,growth,none,fe_twoway,no_GR_ES,n_eff,share,50,50,0.044572701413209403,-0.00135757441679514,0.1016264928084653,0.04,0,0
mcosmo,growth,none,fe_twoway,no_GR_ES,none,count,48,48,-0.03040543873478043,-0.06262747810323731,-0.01454706812963773,1,0,0
mcosmo,growth,none,fe_twoway,no_GR_ES,none,rate,50,50,-0.03040543873478043,-0.06262747810323731,-0.01454706812963773,1,0,0
mcosmo,growth,none,fe_twoway,no_GR_ES,none,share,50,50,0.011348325247585134,-0.036932362607326213,0.0561504245315057,0.4,0,0
mcosmo,growth,none,fe_twoway,no_GR_ES,pop,count,48,48,-0.06290723429293749,-0.1334101077799854,-0.02825998196683844,1,0.020833333333333332,0.020833333333333332
mcosmo,growth,none,fe_twoway,no_GR_ES,pop,rate,50,50,-0.06290723429293749,-0.1334101077799854,-0.02825998196683844,1,0.02,0.02
mcosmo,growth,none,fe_twoway,no_GR_ES,pop,share,50,50,0.00972944061099585,-0.03267569296255065,0.09567632131885818,0.4,0,0
mcosmo,growth,none,fe_twoway,no_bailout,n_cell,count,48,48,0.1449495050883275,0.1008240189412858,0.1868023247840555,0,0.4791666666666667,0
mcosmo,growth,none,fe_twoway,no_bailout,n_cell,rate,50,50,0.1449495050883275,0.1008240189412858,0.19702755115764467,0,0.48,0
mcosmo,growth,none,fe_twoway,no_bailout,n_cell,share,50,50,0.15423079432575967,0.09036349972205432,0.2351468701986547,0,0.5,0
mcosmo,growth,none,fe_twoway,no_bailout,n_eff,count,48,48,0.14726977864993404,0.10282669372485412,0.1868023247840555,0,0.5,0
mcosmo,growth,none,fe_twoway,no_bailout,n_eff,rate,50,50,0.14726977864993404,0.10282669372485412,0.20403857433762654,0,0.5,0
mcosmo,growth,none,fe_twoway,no_bailout,n_eff,share,50,50,0.15536701822288707,0.09084577975447009,0.23583508897311423,0,0.5,0
mcosmo,growth,none,fe_twoway,no_bailout,none,count,48,48,0.114256167638288,0.07688418831684354,0.15253375174454736,0,0,0
mcosmo,growth,none,fe_twoway,no_bailout,none,rate,50,50,0.114256167638288,0.07688418831684354,0.16269015502592066,0,0.02,0
mcosmo,growth,none,fe_twoway,no_bailout,none,share,50,50,0.13744989365392674,0.07817837695001703,0.21957268940483368,0,0.46,0
mcosmo,growth,none,fe_twoway,no_bailout,pop,count,48,48,0.09009572379422626,0.03076280551327197,0.14945003287892292,0,0,0
mcosmo,growth,none,fe_twoway,no_bailout,pop,rate,50,50,0.08951958554344339,0.03076280551327197,0.14945003287892292,0,0,0
mcosmo,growth,none,fe_twoway,no_bailout,pop,share,50,50,0.05311489086422086,0.00680775084083165,0.14456798812234356,0,0,0
mcosmo,growth,none,fe_twoway,y2004_2008,n_cell,count,48,48,0.17290585216127907,0.11831234878902104,0.2233501056427891,0,0.4166666666666667,0
mcosmo,growth,none,fe_twoway,y2004_2008,n_cell,rate,50,50,0.17290585216127907,0.11831234878902104,0.2233501056427891,0,0.42,0
mcosmo,growth,none,fe_twoway,y2004_2008,n_cell,share,50,50,0.11935749745008611,0.06075846538943622,0.21023321975145895,0,0.08,0
mcosmo,growth,none,fe_twoway,y2004_2008,n_eff,count,48,48,0.17082695512503226,0.11831234878902104,0.22033411403622968,0,0.4166666666666667,0
mcosmo,growth,none,fe_twoway,y2004_2008,n_eff,rate,50,50,0.17082695512503226,0.11831234878902104,0.22173395260226145,0,0.42,0
mcosmo,growth,none,fe_twoway,y2004_2008,n_eff,share,50,50,0.11935749745008611,0.06075846538943622,0.21318671356900923,0,0.1,0
mcosmo,growth,none,fe_twoway,y2004_2008,none,count,48,48,0.11231475340431164,0.07785343167200146,0.1512693421685584,0,0,0
mcosmo,growth,none,fe_twoway,y2004_2008,none,rate,50,50,0.11231475340431164,0.07785343167200146,0.1512693421685584,0,0,0
mcosmo,growth,none,fe_twoway,y2004_2008,none,share,50,50,0.06316895690987795,0.03012433785595504,0.12824909688955036,0,0,0
mcosmo,growth,none,fe_twoway,y2004_2008,pop,count,48,48,-0.06344528234959829,-0.09005313701409445,-0.03295522884413088,1,0,0
mcosmo,growth,none,fe_twoway,y2004_2008,pop,rate,50,50,-0.06354244273716313,-0.11392563866250505,-0.03295522884413088,1,0,0
mcosmo,growth,none,fe_twoway,y2004_2008,pop,share,50,50,-0.16488275296991595,-0.19621967121185763,-0.12528176673134855,1,0.08,0.08
mcosmo,growth,none,fe_twoway,y2009_2013,n_cell,count,48,48,-0.24562897388639343,-0.28630663592682287,-0.21517515019270428,1,1,1
mcosmo,growth,none,fe_twoway,y2009_2013,n_cell,rate,50,50,-0.24562897388639343,-0.28630663592682287,-0.20653365054092906,1,1,1
mcosmo,growth,none,fe_twoway,y2009_2013,n_cell,share,50,50,-0.2929917036819476,-0.3586510338469257,-0.2519511605319632,1,1,1
mcosmo,growth,none,fe_twoway,y2009_2013,n_eff,count,48,48,-0.2493006602141431,-0.29584257136581965,-0.21517515019270428,1,1,1
mcosmo,growth,none,fe_twoway,y2009_2013,n_eff,rate,50,50,-0.2493006602141431,-0.29584257136581965,-0.2102478659456045,1,1,1
mcosmo,growth,none,fe_twoway,y2009_2013,n_eff,share,50,50,-0.30255958975462516,-0.37614267723016753,-0.2519511605319632,1,1,1
mcosmo,growth,none,fe_twoway,y2009_2013,none,count,48,48,-0.28422927735767056,-0.3703307727257179,-0.21162566829878984,1,1,1
mcosmo,growth,none,fe_twoway,y2009_2013,none,rate,50,50,-0.28422927735767056,-0.37222176338257723,-0.21162566829878984,1,1,1
mcosmo,growth,none,fe_twoway,y2009_2013,none,share,50,50,-0.3079560251063381,-0.38612356769926864,-0.2543738465328604,1,1,1
mcosmo,growth,none,fe_twoway,y2009_2013,pop,count,48,48,-0.18392243932621177,-0.3025358875106204,-0.0593244177989219,1,0.375,0.375
mcosmo,growth,none,fe_twoway,y2009_2013,pop,rate,50,50,-0.18392243932621177,-0.3025358875106204,-0.0593244177989219,1,0.38,0.38
mcosmo,growth,none,fe_twoway,y2009_2013,pop,share,50,50,-0.17101055757437572,-0.2856094579380228,-0.08919673216830279,1,0.38,0.38
mcosmo,growth,none,pooled_cl,all,n_cell,count,48,48,-0.17795714873883905,-0.22087310763454465,-0.13560105597580102,1,1,1
mcosmo,growth,none,pooled_cl,all,n_cell,rate,50,50,-0.17795714873883905,-0.22087310763454465,-0.13560105597580102,1,1,1
mcosmo,growth,none,pooled_cl,all,n_cell,share,50,50,-0.12387638896340854,-0.19154710767755304,-0.09718113986979676,1,0.64,0.64
mcosmo,growth,none,pooled_cl,all,n_eff,count,48,48,-0.17872712354963557,-0.22865890330459615,-0.13560105597580102,1,1,1
mcosmo,growth,none,pooled_cl,all,n_eff,rate,50,50,-0.17872712354963557,-0.22865890330459615,-0.13560105597580102,1,1,1
mcosmo,growth,none,pooled_cl,all,n_eff,share,50,50,-0.12459146681735733,-0.19859367727435373,-0.09718113986979676,1,0.66,0.66
mcosmo,growth,none,pooled_cl,all,none,count,48,48,-0.18981947332172983,-0.2425727634406741,-0.14797584954478943,1,1,1
mcosmo,growth,none,pooled_cl,all,none,rate,50,50,-0.18981947332172983,-0.2425727634406741,-0.14797584954478943,1,1,1
mcosmo,growth,none,pooled_cl,all,none,share,50,50,-0.12428160297189617,-0.1833714034704641,-0.09399847162992812,1,0.5,0.5
mcosmo,growth,none,pooled_cl,all,pop,count,48,48,-0.242954946853354,-0.3383948779954231,-0.18531321071657947,1,1,1
mcosmo,growth,none,pooled_cl,all,pop,rate,50,50,-0.242954946853354,-0.3383948779954231,-0.18531321071657947,1,1,1
mcosmo,growth,none,pooled_cl,all,pop,share,50,50,-0.15832573181024265,-0.2877905104635811,-0.09214967419738816,1,0.72,0.72
mcosmo,growth,none,pooled_cl,no_GR_ES,n_cell,count,48,48,-0.14404336046769556,-0.1881409414429921,-0.10415368957204188,1,0.7083333333333334,0.7083333333333334
mcosmo,growth,none,pooled_cl,no_GR_ES,n_cell,rate,50,50,-0.14404336046769556,-0.1881409414429921,-0.10415368957204188,1,0.7,0.7
mcosmo,growth,none,pooled_cl,no_GR_ES,n_cell,share,50,50,-0.0975681808819466,-0.1379887349450604,-0.07586312232405919,1,0.24,0.24
mcosmo,growth,none,pooled_cl,no_GR_ES,n_eff,count,48,48,-0.14499891765859646,-0.19570547241499572,-0.10415368957204188,1,0.7291666666666666,0.7291666666666666
mcosmo,growth,none,pooled_cl,no_GR_ES,n_eff,rate,50,50,-0.14499891765859646,-0.19570547241499572,-0.10415368957204188,1,0.72,0.72
mcosmo,growth,none,pooled_cl,no_GR_ES,n_eff,share,50,50,-0.0983924712778547,-0.1422369896397106,-0.07586312232405919,1,0.26,0.26
mcosmo,growth,none,pooled_cl,no_GR_ES,none,count,48,48,-0.16538618415091833,-0.2158316134689145,-0.126152384026417,1,0.9583333333333334,0.9583333333333334
mcosmo,growth,none,pooled_cl,no_GR_ES,none,rate,50,50,-0.16538618415091833,-0.2158316134689145,-0.126152384026417,1,0.96,0.96
mcosmo,growth,none,pooled_cl,no_GR_ES,none,share,50,50,-0.10398304643330039,-0.1444439516783836,-0.07573474128786681,1,0.3,0.3
mcosmo,growth,none,pooled_cl,no_GR_ES,pop,count,48,48,-0.20347580980323124,-0.29637406473750605,-0.1238035121160153,1,0.9583333333333334,0.9583333333333334
mcosmo,growth,none,pooled_cl,no_GR_ES,pop,rate,50,50,-0.20347580980323124,-0.29637406473750605,-0.1238035121160153,1,0.96,0.96
mcosmo,growth,none,pooled_cl,no_GR_ES,pop,share,50,50,-0.14577595978569302,-0.2571582893375504,-0.08193618474315305,1,0.52,0.52
mcosmo,growth,none,pooled_cl,no_bailout,n_cell,count,48,48,-0.07234804913646534,-0.10090414681428504,-0.03720641041767196,1,0,0
mcosmo,growth,none,pooled_cl,no_bailout,n_cell,rate,50,50,-0.07234804913646534,-0.10090414681428504,-0.03720641041767196,1,0,0
mcosmo,growth,none,pooled_cl,no_bailout,n_cell,share,50,50,-0.058006798662378366,-0.07982376442686731,-0.03450147384894603,1,0,0
mcosmo,growth,none,pooled_cl,no_bailout,n_eff,count,48,48,-0.07234804913646534,-0.10526095636552364,-0.03720641041767196,1,0,0
mcosmo,growth,none,pooled_cl,no_bailout,n_eff,rate,50,50,-0.07234804913646534,-0.10526095636552364,-0.03720641041767196,1,0,0
mcosmo,growth,none,pooled_cl,no_bailout,n_eff,share,50,50,-0.05740636285900897,-0.08009319454423504,-0.03450147384894603,1,0,0
mcosmo,growth,none,pooled_cl,no_bailout,none,count,48,48,-0.10309907714966196,-0.13243603264989623,-0.06892798485707205,1,0,0
mcosmo,growth,none,pooled_cl,no_bailout,none,rate,50,50,-0.10309907714966196,-0.13243603264989623,-0.06892798485707205,1,0,0
mcosmo,growth,none,pooled_cl,no_bailout,none,share,50,50,-0.04618679182764894,-0.06340032769434036,-0.02491437206326703,1,0,0
mcosmo,growth,none,pooled_cl,no_bailout,pop,count,48,48,-0.15608731299736947,-0.2382248549086203,-0.08496285083831936,1,0.5625,0.5625
mcosmo,growth,none,pooled_cl,no_bailout,pop,rate,50,50,-0.15608731299736947,-0.2382248549086203,-0.08496285083831936,1,0.56,0.56
mcosmo,growth,none,pooled_cl,no_bailout,pop,share,50,50,-0.11425850162812515,-0.222830743550028,-0.05847456053963264,1,0.36,0.36
mcosmo,growth,none,pooled_cl,y2004_2008,n_cell,count,48,48,-0.01195943536855331,-0.05204435847819756,0.01646787818323559,0.625,0,0
mcosmo,growth,none,pooled_cl,y2004_2008,n_cell,rate,50,50,-0.02353378918280965,-0.05838469067789038,0.01646787818323559,0.64,0,0
mcosmo,growth,none,pooled_cl,y2004_2008,n_cell,share,50,50,-0.08202677500459063,-0.14842122876893116,-0.04407536008558734,1,0,0
mcosmo,growth,none,pooled_cl,y2004_2008,n_eff,count,48,48,-0.013018620010538554,-0.05261324765966949,0.01646787818323559,0.625,0,0
mcosmo,growth,none,pooled_cl,y2004_2008,n_eff,rate,50,50,-0.02353378918280965,-0.05966522767439905,0.01646787818323559,0.64,0,0
mcosmo,growth,none,pooled_cl,y2004_2008,n_eff,share,50,50,-0.08125652527268515,-0.14825868527417707,-0.04189876727388994,1,0,0
mcosmo,growth,none,pooled_cl,y2004_2008,none,count,48,48,-0.024891779733965558,-0.05825889232113197,-0.00238469652392265,1,0,0
mcosmo,growth,none,pooled_cl,y2004_2008,none,rate,50,50,-0.03342903438896835,-0.06245887832555212,-0.00238469652392265,1,0,0
mcosmo,growth,none,pooled_cl,y2004_2008,none,share,50,50,-0.09957873889123574,-0.16826191409362803,-0.05604618071481063,1,0,0
mcosmo,growth,none,pooled_cl,y2004_2008,pop,count,48,48,-0.14998091213116033,-0.24888173848535872,-0.08323931290086183,1,0.4166666666666667,0.4166666666666667
mcosmo,growth,none,pooled_cl,y2004_2008,pop,rate,50,50,-0.14998091213116033,-0.24888173848535872,-0.08323931290086183,1,0.42,0.42
mcosmo,growth,none,pooled_cl,y2004_2008,pop,share,50,50,-0.21160150904285274,-0.33221095185364474,-0.12155926992390316,1,0.52,0.52
mcosmo,growth,none,pooled_cl,y2009_2013,n_cell,count,48,48,-0.07334745632406539,-0.11153743975042024,-0.03685083692985736,1,0,0
mcosmo,growth,none,pooled_cl,y2009_2013,n_cell,rate,50,50,-0.07141285390917118,-0.11153743975042024,-0.03685083692985736,1,0,0
mcosmo,growth,none,pooled_cl,y2009_2013,n_cell,share,50,50,-0.11830017722610221,-0.18718962668835104,-0.03934536158210255,1,0.1,0.1
mcosmo,growth,none,pooled_cl,y2009_2013,n_eff,count,48,48,-0.07202522962155875,-0.1088535600140876,-0.03685083692985736,1,0,0
mcosmo,growth,none,pooled_cl,y2009_2013,n_eff,rate,50,50,-0.07140728598434638,-0.1088535600140876,-0.03685083692985736,1,0,0
mcosmo,growth,none,pooled_cl,y2009_2013,n_eff,share,50,50,-0.12384525165933931,-0.1949829617827991,-0.03934536158210255,1,0.12,0.12
mcosmo,growth,none,pooled_cl,y2009_2013,none,count,48,48,-0.03219543074478515,-0.07241497185066073,-0.0075111212694607,1,0,0
mcosmo,growth,none,pooled_cl,y2009_2013,none,rate,50,50,-0.032058725418992864,-0.07241497185066073,-0.0075111212694607,1,0,0
mcosmo,growth,none,pooled_cl,y2009_2013,none,share,50,50,-0.08848479707138082,-0.1452955369263848,-0.03408495484180317,1,0,0
mcosmo,growth,none,pooled_cl,y2009_2013,pop,count,48,48,-0.023076386919569505,-0.08854062000052317,0.0339688843304707,0.6666666666666666,0,0
mcosmo,growth,none,pooled_cl,y2009_2013,pop,rate,50,50,-0.013579275490756285,-0.08854062000052317,0.0339688843304707,0.64,0,0
mcosmo,growth,none,pooled_cl,y2009_2013,pop,share,50,50,0.02591422017330968,-0.0482196984690141,0.10548252941158268,0.24,0,0
mcosmo,growth,none,re,all,none,count,48,48,-0.25974257853988875,-0.344761645620723,-0.1847384005605462,1,1,1
mcosmo,growth,none,re,all,none,rate,50,49,-0.3153712017714159,-0.344761645620723,-0.1847384005605462,1,1,1
mcosmo,growth,none,re,all,none,share,50,49,-0.05519805586360604,-0.09655948048683916,-0.02666088059588645,1,0,0
mcosmo,growth,none,re,no_GR_ES,none,count,48,48,-0.23291240063729415,-0.3070754220327051,-0.1715686415325619,1,1,1
mcosmo,growth,none,re,no_GR_ES,none,rate,50,49,-0.2758758051286797,-0.3070754220327051,-0.1715686415325619,1,1,1
mcosmo,growth,none,re,no_GR_ES,none,share,50,49,-0.00830707001219724,-0.0277916203026624,0.01642066931857284,0.6,0,0
mcosmo,growth,none,re,no_bailout,none,count,48,48,-0.17094406983990879,-0.2119638532409564,-0.14096488201431093,1,0.8958333333333334,0.8958333333333334
mcosmo,growth,none,re,no_bailout,none,rate,50,49,-0.18537199988097475,-0.2119638532409564,-0.14096488201431093,1,0.8979591836734694,0.8979591836734694
mcosmo,growth,none,re,no_bailout,none,share,50,49,0.12929628439601074,0.07167287598456758,0.16494366349904632,0,0.2857142857142857,0
mcosmo,growth,none,re,y2004_2008,none,count,48,48,-0.15797232165649253,-0.17918653789834366,-0.13801307771233315,1,0.25,0.25
mcosmo,growth,none,re,y2004_2008,none,rate,50,49,-0.15970636829548868,-0.1825841701312902,-0.13801307771233315,1,0.2653061224489796,0.2653061224489796
mcosmo,growth,none,re,y2004_2008,none,share,50,49,0.02894244402802113,0.01156249636415254,0.06732130503143839,0,0,0
mcosmo,growth,none,re,y2009_2013,none,count,48,48,0.18170706072013304,0.13982143827312288,0.22637538647053193,0,0.6666666666666666,0
mcosmo,growth,none,re,y2009_2013,none,rate,50,49,0.18288154804247184,0.13982143827312288,0.22637538647053193,0,0.673469387755102,0
mcosmo,growth,none,re,y2009_2013,none,share,50,49,0.08712384508356745,0.02353789263102728,0.15827959198891192,0,0,0
mcosmo,growth,other,fe_country,all,n_cell,count,48,48,-0.2132881211692238,-0.2740332302007357,-0.15843816880862266,1,1,1
mcosmo,growth,other,fe_country,all,n_cell,rate,50,50,-0.2132881211692238,-0.2769644938097263,-0.15843816880862266,1,1,1
mcosmo,growth,other,fe_country,all,n_cell,share,50,50,0.048144171666142765,0.02813465687733372,0.08025450598295653,0,0,0
mcosmo,growth,other,fe_country,all,n_eff,count,48,48,-0.21058444379670382,-0.27309839343897974,-0.15843816880862266,1,1,1
mcosmo,growth,other,fe_country,all,n_eff,rate,50,50,-0.21058444379670382,-0.2761918464568566,-0.15843816880862266,1,1,1
mcosmo,growth,other,fe_country,all,n_eff,share,50,50,0.04933218949383021,0.02969016015082688,0.08025450598295653,0,0,0
mcosmo,growth,other,fe_country,all,none,count,48,48,-0.20020891150762749,-0.26246431010289756,-0.1477160990376304,1,1,1
mcosmo,growth,other,fe_country,all,none,rate,50,50,-0.20020891150762749,-0.2651378368086716,-0.1477160990376304,1,1,1
mcosmo,growth,other,fe_country,all,none,share,50,50,0.07613833607723232,0.04988905941922629,0.1156702669304228,0,0,0
mcosmo,growth,other,fe_country,all,pop,count,48,48,-0.3084182317441156,-0.3606405869470624,-0.22907091137363864,1,1,1
mcosmo,growth,other,fe_country,all,pop,rate,50,50,-0.3084182317441156,-0.3606405869470624,-0.22907091137363864,1,1,1
mcosmo,growth,other,fe_country,all,pop,share,50,50,-0.03950538034847026,-0.08500958419997912,-0.01101936120904077,1,0,0
mcosmo,growth,other,fe_country,no_GR_ES,n_cell,count,48,48,-0.20086316319248407,-0.25670135974899316,-0.1512915156661581,1,1,1
mcosmo,growth,other,fe_country,no_GR_ES,n_cell,rate,50,50,-0.20086316319248407,-0.26211965051580693,-0.1512915156661581,1,1,1
mcosmo,growth,other,fe_country,no_GR_ES,n_cell,share,50,50,0.0778158924681374,0.05339216167152968,0.11210472860226078,0,0,0
mcosmo,growth,other,fe_country,no_GR_ES,n_eff,count,48,48,-0.19803004809631297,-0.2558419776832164,-0.1512915156661581,1,1,1
mcosmo,growth,other,fe_country,no_GR_ES,n_eff,rate,50,50,-0.19803004809631297,-0.26111122841794565,-0.1512915156661581,1,1,1
mcosmo,growth,other,fe_country,no_GR_ES,n_eff,share,50,50,0.0793528891321036,0.05492229455495247,0.11210472860226078,0,0,0
mcosmo,growth,other,fe_country,no_GR_ES,none,count,48,48,-0.19710008557459407,-0.25657994482015284,-0.14649423283910476,1,1,1
mcosmo,growth,other,fe_country,no_GR_ES,none,rate,50,50,-0.19710008557459407,-0.2628582244963426,-0.14649423283910476,1,1,1
mcosmo,growth,other,fe_country,no_GR_ES,none,share,50,50,0.08748908306423424,0.06007911401836417,0.12319478828816176,0,0,0
mcosmo,growth,other,fe_country,no_GR_ES,pop,count,48,48,-0.3022925439645139,-0.35832809380499364,-0.22065270156926595,1,1,1
mcosmo,growth,other,fe_country,no_GR_ES,pop,rate,50,50,-0.3022925439645139,-0.35832809380499364,-0.21712858212848465,1,1,1
mcosmo,growth,other,fe_country,no_GR_ES,pop,share,50,50,-0.05541044159128298,-0.10658338704485582,-0.02276203686683526,1,0,0
mcosmo,growth,other,fe_country,no_bailout,n_cell,count,48,48,-0.16418682932342865,-0.2116421535064404,-0.12707604906991862,1,0.5,0.5
mcosmo,growth,other,fe_country,no_bailout,n_cell,rate,50,50,-0.16418682932342865,-0.2116421535064404,-0.12707604906991862,1,0.5,0.5
mcosmo,growth,other,fe_country,no_bailout,n_cell,share,50,50,0.13012672594110647,0.08360902259772722,0.1926249838573952,0,0.5,0
mcosmo,growth,other,fe_country,no_bailout,n_eff,count,48,48,-0.1611125026553077,-0.208158940433846,-0.12707604906991862,1,0.5,0.5
mcosmo,growth,other,fe_country,no_bailout,n_eff,rate,50,50,-0.1611125026553077,-0.208158940433846,-0.12640255720358992,1,0.5,0.5
mcosmo,growth,other,fe_country,no_bailout,n_eff,share,50,50,0.13289518161938185,0.08658296318361401,0.1988056091239084,0,0.5,0
mcosmo,growth,other,fe_country,no_bailout,none,count,48,48,-0.17502229647937168,-0.22026663360985832,-0.13978959558745674,1,0.5,0.5
mcosmo,growth,other,fe_country,no_bailout,none,rate,50,50,-0.17502229647937168,-0.22026663360985832,-0.13978959558745674,1,0.5,0.5
mcosmo,growth,other,fe_country,no_bailout,none,share,50,50,0.1444624586308896,0.09524465335309082,0.21192714743710145,0,0.5,0
mcosmo,growth,other,fe_country,no_bailout,pop,count,48,48,-0.2352448864089366,-0.2963552035249686,-0.16364599998582083,1,1,1
mcosmo,growth,other,fe_country,no_bailout,pop,rate,50,50,-0.2352448864089366,-0.2963552035249686,-0.16364599998582083,1,1,1
mcosmo,growth,other,fe_country,no_bailout,pop,share,50,50,-0.03761521274059933,-0.09241925912179326,-0.01105657201930688,1,0,0
mcosmo,growth,other,fe_country,y2004_2008,n_cell,count,48,48,-0.17530517468580908,-0.2244336661673898,-0.136016352009424,1,0.5,0.5
mcosmo,growth,other,fe_country,y2004_2008,n_cell,rate,50,50,-0.17530517468580908,-0.24594462361132607,-0.136016352009424,1,0.5,0.5
mcosmo,growth,other,fe_country,y2004_2008,n_cell,share,50,50,0.13291495294962824,0.07289988257343592,0.23525692828536676,0,0.28,0
mcosmo,growth,other,fe_country,y2004_2008,n_eff,count,48,48,-0.17474562529087057,-0.2256338518182995,-0.136016352009424,1,0.5,0.5
mcosmo,growth,other,fe_country,y2004_2008,n_eff,rate,50,50,-0.17474562529087057,-0.24494386041014626,-0.136016352009424,1,0.5,0.5
mcosmo,growth,other,fe_country,y2004_2008,n_eff,share,50,50,0.1330352021980109,0.07289988257343592,0.2411409701158329,0,0.3,0
mcosmo,growth,other,fe_country,y2004_2008,none,count,48,48,-0.18969330336962037,-0.2252626008031134,-0.15007137086039818,1,0.5,0.5
mcosmo,growth,other,fe_country,y2004_2008,none,rate,50,50,-0.18969330336962037,-0.2532307877711956,-0.15007137086039818,1,0.5,0.5
mcosmo,growth,other,fe_country,y2004_2008,none,share,50,50,0.08602361183912202,0.04320143047045036,0.16982572129891008,0,0,0
mcosmo,growth,other,fe_country,y2004_2008,pop,count,48,48,-0.45905538107774346,-0.5032209141934473,-0.42935491934445086,1,1,1
mcosmo,growth,other,fe_country,y2004_2008,pop,rate,50,50,-0.45905538107774346,-0.5370281103460668,-0.42935491934445086,1,1,1
mcosmo,growth,other,fe_country,y2004_2008,pop,share,50,50,-0.1754506268907785,-0.3025549702579884,-0.0959976446067888,1,0.44,0.44
mcosmo,growth,other,fe_country,y2009_2013,n_cell,count,48,48,0.24658835332211473,0.1949463843802741,0.31596427426994317,0,1,0
mcosmo,growth,other,fe_country,y2009_2013,n_cell,rate,50,50,0.25292217367812314,0.1949463843802741,0.31596427426994317,0,1,0
mcosmo,growth,other,fe_country,y2009_2013,n_cell,share,50,50,0.1235062434198771,0.06561728859045914,0.20675494659864407,0,0.04,0
mcosmo,growth,other,fe_country,y2009_2013,n_eff,count,48,48,0.2438302475581948,0.19394611004438825,0.31596427426994317,0,1,0
mcosmo,growth,other,fe_country,y2009_2013,n_eff,rate,50,50,0.24766224613997984,0.19394611004438825,0.31596427426994317,0,1,0
mcosmo,growth,other,fe_country,y2009_2013,n_eff,share,50,50,0.1235062434198771,0.05539554915420588,0.20675494659864407,0,0.04,0
mcosmo,growth,other,fe_country,y2009_2013,none,count,48,48,0.28624108139578347,0.2388585793049416,0.3484475294640618,0,1,0
mcosmo,growth,other,fe_country,y2009_2013,none,rate,50,50,0.2874177043118691,0.2388585793049416,0.3484475294640618,0,1,0
mcosmo,growth,other,fe_country,y2009_2013,none,share,50,50,0.1693679841233358,0.10634539388444776,0.24313526953378956,0,0.3,0
mcosmo,growth,other,fe_country,y2009_2013,pop,count,48,48,0.40976947980716205,0.2689932845660277,0.491011568774204,0,1,0
mcosmo,growth,other,fe_country,y2009_2013,pop,rate,50,50,0.40976947980716205,0.2689932845660277,0.5336077205149925,0,1,0
mcosmo,growth,other,fe_country,y2009_2013,pop,share,50,50,0.3005691374645726,0.1873230363270095,0.45209391835551505,0,0.96,0
mcosmo,growth,other,fe_twoway,all,n_cell,count,48,48,-0.03797467174684239,-0.05725138432676738,-0.0231604534845398,1,0,0
mcosmo,growth,other,fe_twoway,all,n_cell,rate,50,50,-0.03797467174684239,-0.05725138432676738,-0.02313778654724161,1,0,0
mcosmo,growth,other,fe_twoway,all,n_cell,share,50,50,0.010829536299987595,-0.01364053643117306,0.04665643683246387,0.24,0,0
mcosmo,growth,other,fe_twoway,all,n_eff,count,48,48,-0.04007088542437939,-0.06308677424180746,-0.0231604534845398,1,0,0
mcosmo,growth,other,fe_twoway,all,n_eff,rate,50,50,-0.04007088542437939,-0.06308677424180746,-0.0231604534845398,1,0,0
mcosmo,growth,other,fe_twoway,all,n_eff,share,50,50,0.008596311916019025,-0.0184350356784182,0.04665643683246387,0.24,0,0
mcosmo,growth,other,fe_twoway,all,none,count,48,48,-0.056161994066612014,-0.07583035758031853,-0.03860102417192691,1,0,0
mcosmo,growth,other,fe_twoway,all,none,rate,50,50,-0.056161994066612014,-0.07583035758031853,-0.036942577254696796,1,0,0
mcosmo,growth,other,fe_twoway,all,none,share,50,50,0.017580309889739004,-0.00117573323581065,0.05157783225475957,0.12,0,0
mcosmo,growth,other,fe_twoway,all,pop,count,48,48,-0.12011737609097461,-0.18549028815798776,-0.07052480953207395,1,0.4375,0.4375
mcosmo,growth,other,fe_twoway,all,pop,rate,50,50,-0.12011737609097461,-0.18549028815798776,-0.07052480953207395,1,0.44,0.44
mcosmo,growth,other,fe_twoway,all,pop,share,50,50,0.015594550935047184,-0.03763964482277198,0.07307133937472839,0.32,0,0
mcosmo,growth,other,fe_twoway,no_GR_ES,n_cell,count,48,48,-0.007645857553686989,-0.02079477281449279,-6.505340612113235e-4,1,0,0
mcosmo,growth,other,fe_twoway,no_GR_ES,n_cell,rate,50,50,-0.007254811507309575,-0.02079477281449279,-3.667002458683115e-4,1,0,0
mcosmo,growth,other,fe_twoway,no_GR_ES,n_cell,share,50,50,0.05261258498554117,0.01811674076539198,0.09593678296917584,0,0,0
mcosmo,growth,other,fe_twoway,no_GR_ES,n_eff,count,48,48,-0.009100202390423761,-0.02688895272795078,-6.505340612113235e-4,1,0,0
mcosmo,growth,other,fe_twoway,no_GR_ES,n_eff,rate,50,50,-0.008710653706602844,-0.02688895272795078,-6.505340612113235e-4,1,0,0
mcosmo,growth,other,fe_twoway,no_GR_ES,n_eff,share,50,50,0.04942323169712226,0.0148973558373315,0.09593678296917584,0,0,0
mcosmo,growth,other,fe_twoway,no_GR_ES,none,count,48,48,-0.033883542006723055,-0.05470672756517087,-0.02265377571129268,1,0,0
mcosmo,growth,other,fe_twoway,no_GR_ES,none,rate,50,50,-0.033883542006723055,-0.05470672756517087,-0.020915651469425384,1,0,0
mcosmo,growth,other,fe_twoway,no_GR_ES,none,share,50,50,0.04613176390462584,0.01879152353024373,0.08067086284570034,0,0,0
mcosmo,growth,other,fe_twoway,no_GR_ES,pop,count,48,48,-0.09877532119879584,-0.17174783343321853,-0.05141105070819606,1,0.22916666666666666,0.22916666666666666
mcosmo,growth,other,fe_twoway,no_GR_ES,pop,rate,50,50,-0.09877532119879584,-0.17174783343321853,-0.05141105070819606,1,0.24,0.24
mcosmo,growth,other,fe_twoway,no_GR_ES,pop,share,50,50,0.09439844433109906,0.03015590455177192,0.16389306169662426,0,0.16,0
mcosmo,growth,other,fe_twoway,no_bailout,n_cell,count,48,48,0.11540014225194509,0.08374521521669374,0.15377073010449663,0,0,0
mcosmo,growth,other,fe_twoway,no_bailout,n_cell,rate,50,50,0.11540014225194509,0.08374521521669374,0.1640613876231749,0,0.02,0
mcosmo,growth,other,fe_twoway,no_bailout,n_cell,share,50,50,0.1287852909552596,0.07628344067588871,0.19836124204643857,0,0.34,0
mcosmo,growth,other,fe_twoway,no_bailout,n_eff,count,48,48,0.11759372779322204,0.08578511708371593,0.15377073010449663,0,0,0
mcosmo,growth,other,fe_twoway,no_bailout,n_eff,rate,50,50,0.1188114723785211,0.08578511708371593,0.17036244978873546,0,0.02,0
mcosmo,growth,other,fe_twoway,no_bailout,n_eff,share,50,50,0.1287852909552596,0.07628344067588871,0.20203372350730212,0,0.34,0
mcosmo,growth,other,fe_twoway,no_bailout,none,count,48,48,0.08999514480153616,0.06586040419377415,0.12034789027919768,0,0,0
mcosmo,growth,other,fe_twoway,no_bailout,none,rate,50,50,0.09078887302114637,0.06586040419377415,0.1329871987507583,0,0,0
mcosmo,growth,other,fe_twoway,no_bailout,none,share,50,50,0.11974588751499803,0.07221694305444677,0.193112817895756,0,0.26,0
mcosmo,growth,other,fe_twoway,no_bailout,pop,count,48,48,0.05868609635001672,0.0011775274279476,0.11902740120159427,0,0,0
mcosmo,growth,other,fe_twoway,no_bailout,pop,rate,50,50,0.060102421403425324,0.0011775274279476,0.11902740120159427,0,0,0
mcosmo,growth,other,fe_twoway,no_bailout,pop,share,50,50,0.13702952809521474,0.05605308393397436,0.20326571208445465,0,0.3,0
mcosmo,growth,other,fe_twoway,y2004_2008,n_cell,count,48,48,0.16387078473653185,0.10916310771779376,0.2149275328472363,0,0.2708333333333333,0
mcosmo,growth,other,fe_twoway,y2004_2008,n_cell,rate,50,50,0.16387078473653185,0.10916310771779376,0.21894221688605894,0,0.28,0
mcosmo,growth,other,fe_twoway,y2004_2008,n_cell,share,50,50,0.19105799940613666,0.10242559836360522,0.31049867964006617,0,0.5,0
mcosmo,growth,other,fe_twoway,y2004_2008,n_eff,count,48,48,0.16150889965435783,0.10916310771779376,0.2109683320563028,0,0.25,0
mcosmo,growth,other,fe_twoway,y2004_2008,n_eff,rate,50,50,0.16150889965435783,0.10916310771779376,0.21674534633055184,0,0.26,0
mcosmo,growth,other,fe_twoway,y2004_2008,n_eff,share,50,50,0.19105799940613666,0.10239408337425386,0.3146511197291878,0,0.5,0
mcosmo,growth,other,fe_twoway,y2004_2008,none,count,48,48,0.11750741288763883,0.08028443331013138,0.158834157686093,0,0,0
mcosmo,growth,other,fe_twoway,y2004_2008,none,rate,50,50,0.11750741288763883,0.08028443331013138,0.158834157686093,0,0,0
mcosmo,growth,other,fe_twoway,y2004_2008,none,share,50,50,0.14199995170937085,0.07836385602771637,0.23782739812717418,0,0.28,0
mcosmo,growth,other,fe_twoway,y2004_2008,pop,count,48,48,-0.11818326240118476,-0.147096155329483,-0.09616227557937047,1,0,0
mcosmo,growth,other,fe_twoway,y2004_2008,pop,rate,50,50,-0.1191463991012566,-0.16648124558536667,-0.09616227557937047,1,0,0
mcosmo,growth,other,fe_twoway,y2004_2008,pop,share,50,50,-0.052978488579091945,-0.09092599882595948,-0.02046789148101496,1,0,0
mcosmo,growth,other,fe_twoway,y2009_2013,n_cell,count,48,48,-0.1996925132132808,-0.25572182978871494,-0.14473527749812884,1,0.5833333333333334,0.5833333333333334
mcosmo,growth,other,fe_twoway,y2009_2013,n_cell,rate,50,50,-0.19731159692707673,-0.25572182978871494,-0.14473527749812884,1,0.56,0.56
mcosmo,growth,other,fe_twoway,y2009_2013,n_cell,share,50,50,-0.23977178555525044,-0.2783395029960601,-0.16758511483303273,1,0.92,0.92
mcosmo,growth,other,fe_twoway,y2009_2013,n_eff,count,48,48,-0.2027435762541715,-0.26276523914811833,-0.14473527749812884,1,0.625,0.625
mcosmo,growth,other,fe_twoway,y2009_2013,n_eff,rate,50,50,-0.19731159692707673,-0.26276523914811833,-0.14473527749812884,1,0.6,0.6
mcosmo,growth,other,fe_twoway,y2009_2013,n_eff,share,50,50,-0.2431113508152292,-0.2838362686833245,-0.16758511483303273,1,0.94,0.94
mcosmo,growth,other,fe_twoway,y2009_2013,none,count,48,48,-0.2356170981557849,-0.2622338026773779,-0.20114136740914532,1,1,1
mcosmo,growth,other,fe_twoway,y2009_2013,none,rate,50,50,-0.2356170981557849,-0.2622338026773779,-0.20114136740914532,1,1,1
mcosmo,growth,other,fe_twoway,y2009_2013,none,share,50,50,-0.21994011678295733,-0.25294423690107454,-0.16065574868152538,1,0.9,0.9
mcosmo,growth,other,fe_twoway,y2009_2013,pop,count,48,48,-0.09447615403499077,-0.19278399926780143,-0.00914229882443928,1,0.020833333333333332,0.020833333333333332
mcosmo,growth,other,fe_twoway,y2009_2013,pop,rate,50,50,-0.09447615403499077,-0.19278399926780143,-0.00914229882443928,1,0.02,0.02
mcosmo,growth,other,fe_twoway,y2009_2013,pop,share,50,50,-0.08858581013772615,-0.16035191490402553,-0.03101327310519408,1,0,0
mcosmo,growth,other,pooled_cl,all,n_cell,count,48,48,-0.10825557796668171,-0.1539367158606189,-0.06935692348483712,1,0.375,0.375
mcosmo,growth,other,pooled_cl,all,n_cell,rate,50,50,-0.10825557796668171,-0.1539367158606189,-0.06935692348483712,1,0.38,0.38
mcosmo,growth,other,pooled_cl,all,n_cell,share,50,50,-0.1477544046891593,-0.1918084193698664,-0.10736872680799477,1,0.78,0.78
mcosmo,growth,other,pooled_cl,all,n_eff,count,48,48,-0.10716556169691122,-0.15596099153142917,-0.06935692348483712,1,0.375,0.375
mcosmo,growth,other,pooled_cl,all,n_eff,rate,50,50,-0.10716556169691122,-0.15596099153142917,-0.06935692348483712,1,0.38,0.38
mcosmo,growth,other,pooled_cl,all,n_eff,share,50,50,-0.14834655130424712,-0.19846985262356695,-0.10736872680799477,1,0.78,0.78
mcosmo,growth,other,pooled_cl,all,none,count,48,48,-0.10548836822739116,-0.15614178084884212,-0.06677118597396513,1,0.375,0.375
mcosmo,growth,other,pooled_cl,all,none,rate,50,50,-0.10548836822739116,-0.15614178084884212,-0.06677118597396513,1,0.36,0.36
mcosmo,growth,other,pooled_cl,all,none,share,50,50,-0.12995076111254011,-0.18155543110783087,-0.08725998212927939,1,0.54,0.54
mcosmo,growth,other,pooled_cl,all,pop,count,48,48,-0.21231960291122687,-0.28661219013959865,-0.13174401181314943,1,1,1
mcosmo,growth,other,pooled_cl,all,pop,rate,50,50,-0.21231960291122687,-0.28661219013959865,-0.13174401181314943,1,1,1
mcosmo,growth,other,pooled_cl,all,pop,share,50,50,-0.1721409442356358,-0.26589187475357456,-0.10941721165543132,1,0.78,0.78
mcosmo,growth,other,pooled_cl,no_GR_ES,n_cell,count,48,48,-0.1197126605344703,-0.1683681429030203,-0.07973620958845125,1,0.4583333333333333,0.4583333333333333
mcosmo,growth,other,pooled_cl,no_GR_ES,n_cell,rate,50,50,-0.1197126605344703,-0.1683681429030203,-0.07973620958845125,1,0.46,0.46
mcosmo,growth,other,pooled_cl,no_GR_ES,n_cell,share,50,50,-0.11467373135021479,-0.15406744305197356,-0.08511728097617528,1,0.42,0.42
mcosmo,growth,other,pooled_cl,no_GR_ES,n_eff,count,48,48,-0.1196067958391232,-0.17247642089023058,-0.07973620958845125,1,0.4583333333333333,0.4583333333333333
mcosmo,growth,other,pooled_cl,no_GR_ES,n_eff,rate,50,50,-0.1196067958391232,-0.17247642089023058,-0.07973620958845125,1,0.46,0.46
mcosmo,growth,other,pooled_cl,no_GR_ES,n_eff,share,50,50,-0.11527115513295166,-0.1600741636908896,-0.08511728097617528,1,0.46,0.46
mcosmo,growth,other,pooled_cl,no_GR_ES,none,count,48,48,-0.11526272532190632,-0.1701360798088942,-0.0752501486283145,1,0.4583333333333333,0.4583333333333333
mcosmo,growth,other,pooled_cl,no_GR_ES,none,rate,50,50,-0.11526272532190632,-0.1701360798088942,-0.0752501486283145,1,0.46,0.46
mcosmo,growth,other,pooled_cl,no_GR_ES,none,share,50,50,-0.11875208380006155,-0.16332128143443683,-0.08197383729122197,1,0.5,0.5
mcosmo,growth,other,pooled_cl,no_GR_ES,pop,count,48,48,-0.2023711792619387,-0.2990035179642193,-0.1298876014289287,1,1,1
mcosmo,growth,other,pooled_cl,no_GR_ES,pop,rate,50,50,-0.2023711792619387,-0.2990035179642193,-0.1298876014289287,1,1,1
mcosmo,growth,other,pooled_cl,no_GR_ES,pop,share,50,50,-0.15654708490732058,-0.2593743740841735,-0.10516828865941538,1,0.62,0.62
mcosmo,growth,other,pooled_cl,no_bailout,n_cell,count,48,48,-0.08296815406724112,-0.11219593055979754,-0.04664855277942083,1,0,0
mcosmo,growth,other,pooled_cl,no_bailout,n_cell,rate,50,50,-0.08296815406724112,-0.11219593055979754,-0.04664855277942083,1,0,0
mcosmo,growth,other,pooled_cl,no_bailout,n_cell,share,50,50,-0.039830587224441535,-0.05981596272660575,-0.02083251412727377,1,0,0
mcosmo,growth,other,pooled_cl,no_bailout,n_eff,count,48,48,-0.08369362086141718,-0.11673610836994296,-0.04664855277942083,1,0,0
mcosmo,growth,other,pooled_cl,no_bailout,n_eff,rate,50,50,-0.08369362086141718,-0.11673610836994296,-0.04664855277942083,1,0,0
mcosmo,growth,other,pooled_cl,no_bailout,n_eff,share,50,50,-0.04036427033914492,-0.06259346625301944,-0.02083251412727377,1,0,0
mcosmo,growth,other,pooled_cl,no_bailout,none,count,48,48,-0.10414853738302061,-0.13573632028620403,-0.06410493881876804,1,0,0
mcosmo,growth,other,pooled_cl,no_bailout,none,rate,50,50,-0.10414853738302061,-0.13573632028620403,-0.06410493881876804,1,0,0
mcosmo,growth,other,pooled_cl,no_bailout,none,share,50,50,-0.05067706835039387,-0.06457766282264504,-0.02682750232850845,1,0,0
mcosmo,growth,other,pooled_cl,no_bailout,pop,count,48,48,-0.13921757080567804,-0.24041320300200195,-0.08461909349447085,1,0.5,0.5
mcosmo,growth,other,pooled_cl,no_bailout,pop,rate,50,50,-0.13921757080567804,-0.24041320300200195,-0.08461909349447085,1,0.5,0.5
mcosmo,growth,other,pooled_cl,no_bailout,pop,share,50,50,-0.09898988523976227,-0.1943016667807367,-0.06262764818874551,1,0.12,0.12
mcosmo,growth,other,pooled_cl,y2004_2008,n_cell,count,48,48,-0.01103487737176767,-0.04482289889378896,0.01375093493509164,0.625,0,0
mcosmo,growth,other,pooled_cl,y2004_2008,n_cell,rate,50,50,-0.019309262377162694,-0.05234849760424637,0.01375093493509164,0.64,0,0
mcosmo,growth,other,pooled_cl,y2004_2008,n_cell,share,50,50,-0.06955645001084942,-0.12610716383988732,-0.03062033573063226,1,0,0
mcosmo,growth,other,pooled_cl,y2004_2008,n_eff,count,48,48,-0.01254059323310043,-0.04717450673803498,0.01375093493509164,0.7083333333333334,0,0
mcosmo,growth,other,pooled_cl,y2004_2008,n_eff,rate,50,50,-0.019309262377162694,-0.05523450655945066,0.01375093493509164,0.72,0,0
mcosmo,growth,other,pooled_cl,y2004_2008,n_eff,share,50,50,-0.06784543435971072,-0.12665651752381019,-0.02855573205141699,1,0,0
mcosmo,growth,other,pooled_cl,y2004_2008,none,count,48,48,-0.0356883556877574,-0.06777444090184162,-0.01332219532894962,1,0,0
mcosmo,growth,other,pooled_cl,y2004_2008,none,rate,50,50,-0.04045905497569304,-0.0725392566077878,-0.01332219532894962,1,0,0
mcosmo,growth,other,pooled_cl,y2004_2008,none,share,50,50,-0.0891045488341064,-0.15383085849494949,-0.04506950019015247,1,0,0
mcosmo,growth,other,pooled_cl,y2004_2008,pop,count,48,48,-0.12992078198334725,-0.2095495817250373,-0.07540784853372455,1,0.2916666666666667,0.2916666666666667
mcosmo,growth,other,pooled_cl,y2004_2008,pop,rate,50,50,-0.12992078198334725,-0.2095495817250373,-0.07540784853372455,1,0.3,0.3
mcosmo,growth,other,pooled_cl,y2004_2008,pop,share,50,50,-0.20111902051404024,-0.3120373731068795,-0.11146961701522452,1,0.5,0.5
mcosmo,growth,other,pooled_cl,y2009_2013,n_cell,count,48,48,0.0703049561176302,0.04353386144555928,0.09040840116000992,0,0,0
mcosmo,growth,other,pooled_cl,y2009_2013,n_cell,rate,50,50,0.0703049561176302,0.04353386144555928,0.09040840116000992,0,0,0
mcosmo,growth,other,pooled_cl,y2009_2013,n_cell,share,50,50,-0.1575835098962764,-0.23513558616150948,-0.08097136240869354,1,0.36,0.36
mcosmo,growth,other,pooled_cl,y2009_2013,n_eff,count,48,48,0.07188775022438983,0.04872745183535477,0.09040840116000992,0,0,0
mcosmo,growth,other,pooled_cl,y2009_2013,n_eff,rate,50,50,0.07317789023295426,0.04872745183535477,0.09040840116000992,0,0,0
mcosmo,growth,other,pooled_cl,y2009_2013,n_eff,share,50,50,-0.16466311678898143,-0.24467598017681677,-0.08097136240869354,1,0.36,0.36
mcosmo,growth,other,pooled_cl,y2009_2013,none,count,48,48,0.14307262631533008,0.09525248221932736,0.1961053245721205,0,0.2916666666666667,0
mcosmo,growth,other,pooled_cl,y2009_2013,none,rate,50,50,0.14307262631533008,0.09525248221932736,0.19814379392126932,0,0.3,0
mcosmo,growth,other,pooled_cl,y2009_2013,none,share,50,50,-0.098680291344902,-0.16960398979414304,-0.02178479839522879,1,0,0
mcosmo,growth,other,pooled_cl,y2009_2013,pop,count,48,48,0.12382341158955566,0.06319622068997154,0.15307850326684874,0,0,0
mcosmo,growth,other,pooled_cl,y2009_2013,pop,rate,50,50,0.12494105604677111,0.06319622068997154,0.15735969414105233,0,0,0
mcosmo,growth,other,pooled_cl,y2009_2013,pop,share,50,50,0.021255008707839574,-0.03438518582208403,0.08323955907223438,0.24,0,0
mcosmo,growth,other,re,all,none,count,48,48,-0.18401389672243706,-0.24580227366121415,-0.13517352244718872,1,1,1
mcosmo,growth,other,re,all,none,rate,50,49,-0.21317270336572247,-0.24580227366121415,-0.13517352244718872,1,1,1
mcosmo,growth,other,re,all,none,share,50,49,0.04234122670584225,0.02270536404401157,0.07896618481995622,0,0,0
mcosmo,growth,other,re,no_GR_ES,none,count,48,48,-0.17766504825171603,-0.2367144827241904,-0.13142490812626845,1,1,1
mcosmo,growth,other,re,no_GR_ES,none,rate,50,49,-0.2031406241021111,-0.2367144827241904,-0.13142490812626845,1,1,1
mcosmo,growth,other,re,no_GR_ES,none,share,50,49,0.05204276259792923,0.03137124220924147,0.08825129877373046,0,0,0
mcosmo,growth,other,re,no_bailout,none,count,48,48,-0.1591481806865399,-0.20110129565795437,-0.12941461349604044,1,0.5416666666666666,0.5416666666666666
mcosmo,growth,other,re,no_bailout,none,rate,50,49,-0.17498498693823106,-0.20110129565795437,-0.12941461349604044,1,0.5510204081632653,0.5510204081632653
mcosmo,growth,other,re,no_bailout,none,share,50,49,0.13067570812013518,0.07487128073067573,0.17405391876985293,0,0.4489795918367347,0
mcosmo,growth,other,re,y2004_2008,none,count,48,48,-0.15906570169553225,-0.18723193378983227,-0.13511863349085196,1,0.2708333333333333,0.2708333333333333
mcosmo,growth,other,re,y2004_2008,none,rate,50,49,-0.1662164851686131,-0.19297766920362852,-0.13511863349085196,1,0.2857142857142857,0.2857142857142857
mcosmo,growth,other,re,y2004_2008,none,share,50,49,0.03976659180441751,0.01815494049117345,0.08870470122849852,0,0,0
mcosmo,growth,other,re,y2009_2013,none,count,48,48,0.2643507738471726,0.21567293683975905,0.3305191437448462,0,1,0
mcosmo,growth,other,re,y2009_2013,none,rate,50,49,0.2627255876923892,0.21567293683975905,0.3305191437448462,0,1,0
mcosmo,growth,other,re,y2009_2013,none,share,50,49,0.13919255441766065,0.08073368640711409,0.2091508127374795,0,0.22448979591836735,0
mcosmo,unemp,none,fe_country,all,n_cell,count,240,240,-0.26855919477618206,-0.36869579379604056,-0.143782307715106,1,1,1
mcosmo,unemp,none,fe_country,all,n_cell,rate,244,244,-0.26855919477618206,-0.36869579379604056,-0.143782307715106,1,1,1
mcosmo,unemp,none,fe_country,all,n_cell,share,248,248,-0.29646244368761265,-0.4823333696005976,-0.14580492636427267,1,1,1
mcosmo,unemp,none,fe_country,all,n_eff,count,240,240,-0.2697339160227591,-0.37978672759969434,-0.14477715613878386,1,1,1
mcosmo,unemp,none,fe_country,all,n_eff,rate,244,244,-0.2697339160227591,-0.37978672759969434,-0.14477715613878386,1,1,1
mcosmo,unemp,none,fe_country,all,n_eff,share,248,248,-0.29823560806640675,-0.49524964494615814,-0.14722161440867623,1,1,1
mcosmo,unemp,none,fe_country,all,none,count,240,240,-0.3154745690688848,-0.48588199774631974,-0.19115757020832536,1,1,1
mcosmo,unemp,none,fe_country,all,none,rate,244,244,-0.3154745690688848,-0.48588199774631974,-0.19115757020832536,1,1,1
mcosmo,unemp,none,fe_country,all,none,share,248,248,-0.3558423106814252,-0.5658510077501029,-0.1834546918017714,1,1,1
mcosmo,unemp,none,fe_country,all,pop,count,240,240,-0.13310413190048676,-0.4680522671333529,-0.02627026391003725,1,0.48333333333333334,0.48333333333333334
mcosmo,unemp,none,fe_country,all,pop,rate,244,244,-0.13240400073330502,-0.4680522671333529,-0.02627026391003725,1,0.47950819672131145,0.47950819672131145
mcosmo,unemp,none,fe_country,all,pop,share,248,248,-0.3145583132105451,-0.6218145577613902,-0.10417802617421792,1,0.8911290322580645,0.8911290322580645
mcosmo,unemp,none,fe_country,no_GR_ES,n_cell,count,240,240,-0.14383034112214638,-0.2665468879081074,-0.07838453543167835,1,0.5166666666666667,0.5166666666666667
mcosmo,unemp,none,fe_country,no_GR_ES,n_cell,rate,244,244,-0.14383034112214638,-0.2665468879081074,-0.07838453543167835,1,0.5163934426229508,0.5163934426229508
mcosmo,unemp,none,fe_country,no_GR_ES,n_cell,share,248,248,-0.17120123842603302,-0.32354562673057996,-0.0654634928697324,1,0.6854838709677419,0.6854838709677419
mcosmo,unemp,none,fe_country,no_GR_ES,n_eff,count,240,240,-0.14567806529704652,-0.27605503307447415,-0.07906580411414531,1,0.55,0.55
mcosmo,unemp,none,fe_country,no_GR_ES,n_eff,rate,244,244,-0.14567806529704652,-0.27605503307447415,-0.07906580411414531,1,0.5491803278688525,0.5491803278688525
mcosmo,unemp,none,fe_country,no_GR_ES,n_eff,share,248,248,-0.17304540190077783,-0.3440365147244006,-0.06561216568865584,1,0.6814516129032258,0.6814516129032258
mcosmo,unemp,none,fe_country,no_GR_ES,none,count,240,240,-0.22032973242184067,-0.4043372129529574,-0.12098551666264984,1,0.875,0.875
mcosmo,unemp,none,fe_country,no_GR_ES,none,rate,244,244,-0.22032973242184067,-0.4043372129529574,-0.12098551666264984,1,0.8729508196721312,0.8729508196721312
mcosmo,unemp,none,fe_country,no_GR_ES,none,share,248,248,-0.22378146310077726,-0.4358823946375868,-0.10414075047085256,1,0.8991935483870968,0.8991935483870968
mcosmo,unemp,none,fe_country,no_GR_ES,pop,count,240,240,0.013918343562567775,-0.3822113308908522,0.09657102198724084,0.3,0.11666666666666667,0.11666666666666667
mcosmo,unemp,none,fe_country,no_GR_ES,pop,rate,244,244,0.01450020198040107,-0.3822113308908522,0.09657102198724084,0.29508196721311475,0.11475409836065574,0.11475409836065574
mcosmo,unemp,none,fe_country,no_GR_ES,pop,share,248,248,-0.17451551027989987,-0.4571316791391395,-0.05087775717456734,1,0.5,0.5
mcosmo,unemp,none,fe_country,no_bailout,n_cell,count,240,240,-0.03014012211789831,-0.1395164823798583,0.02427396655085155,0.6833333333333333,0,0
mcosmo,unemp,none,fe_country,no_bailout,n_cell,rate,244,244,-0.03009388311299,-0.1395164823798583,0.02427396655085155,0.680327868852459,0,0
mcosmo,unemp,none,fe_country,no_bailout,n_cell,share,248,248,-0.09394397625334354,-0.2274754733550779,-0.01559135129035981,1,0.11290322580645161,0.11290322580645161
mcosmo,unemp,none,fe_country,no_bailout,n_eff,count,240,240,-0.034802774356392396,-0.1451801323189772,0.02427396655085155,0.7333333333333333,0,0
mcosmo,unemp,none,fe_country,no_bailout,n_eff,rate,244,244,-0.03384436296693636,-0.1451801323189772,0.02427396655085155,0.7295081967213115,0,0
mcosmo,unemp,none,fe_country,no_bailout,n_eff,share,248,248,-0.09718337285648562,-0.2274754733550779,-0.01559135129035981,1,0.11693548387096774,0.11693548387096774
mcosmo,unemp,none,fe_country,no_bailout,none,count,240,240,-0.08659708683697714,-0.2037048554286482,-0.02182274661199201,1,0.041666666666666664,0.041666666666666664
mcosmo,unemp,none,fe_country,no_bailout,none,rate,244,244,-0.08609365704837513,-0.2037048554286482,-0.02182274661199201,1,0.040983606557377046,0.040983606557377046
mcosmo,unemp,none,fe_country,no_bailout,none,share,248,248,-0.11800911245412704,-0.2352632298148581,-0.0353968359718761,1,0.23387096774193547,0.23387096774193547
mcosmo,unemp,none,fe_country,no_bailout,pop,count,240,240,0.043672080710727354,-0.3651358070082452,0.18692426686135777,0.2,0.2,0.1
mcosmo,unemp,none,fe_country,no_bailout,pop,rate,244,244,0.04448560948715221,-0.3651358070082452,0.18692426686135777,0.19672131147540983,0.20081967213114754,0.09836065573770492
mcosmo,unemp,none,fe_country,no_bailout,pop,share,248,248,-0.1339162176711901,-0.42826193869063733,-0.03549811674135127,1,0.43951612903225806,0.43951612903225806
mcosmo,unemp,none,fe_country,y2004_2008,n_cell,count,240,192,0.27620611605494694,0.19931723459577863,0.32536965542574686,0,1,0
mcosmo,unemp,none,fe_country,y2004_2008,n_cell,rate,244,196,0.27620611605494694,0.19931723459577863,0.34114792793279863,0,1,0
mcosmo,unemp,none,fe_country,y2004_2008,n_cell,share,248,200,-0.3927757965467822,-0.583690000680288,-0.2585849958562163,1,1,1
mcosmo,unemp,none,fe_country,y2004_2008,n_eff,count,240,192,0.27557153790483235,0.19867243545386337,0.319062505304925,0,1,0
mcosmo,unemp,none,fe_country,y2004_2008,n_eff,rate,244,196,0.2766602011974648,0.19867243545386337,0.3321892977054284,0,1,0
mcosmo,unemp,none,fe_country,y2004_2008,n_eff,share,248,200,-0.3935702483177581,-0.5894751393623451,-0.2585849958562163,1,1,1
mcosmo,unemp,none,fe_country,y2004_2008,none,count,240,192,0.20619326450361233,0.14006257761535457,0.24472682405993712,0,0.7239583333333334,0
mcosmo,unemp,none,fe_country,y2004_2008,none,rate,244,196,0.20661074802134102,0.14006257761535457,0.254916670750089,0,0.7244897959183674,0
mcosmo,unemp,none,fe_country,y2004_2008,none,share,248,200,-0.4011533128970929,-0.575625941595553,-0.269968909305097,1,1,1
mcosmo,unemp,none,fe_country,y2004_2008,pop,count,240,192,0.3480418190101232,0.20669855314558216,0.4763886953179253,0,1,0
mcosmo,unemp,none,fe_country,y2004_2008,pop,rate,244,196,0.3480418190101232,0.20669855314558216,0.4877482197234111,0,1,0
mcosmo,unemp,none,fe_country,y2004_2008,pop,share,248,200,-0.3677955774198933,-0.6184835667060531,-0.18688816784179885,1,0.995,0.995
mcosmo,unemp,none,fe_country,y2009_2013,n_cell,count,240,240,-0.3050019105657864,-0.42284676911113434,-0.18993902912108343,1,0.9958333333333333,0.9958333333333333
mcosmo,unemp,none,fe_country,y2009_2013,n_cell,rate,244,244,-0.3050019105657864,-0.4262430546301005,-0.18993902912108343,1,0.9959016393442623,0.9959016393442623
mcosmo,unemp,none,fe_country,y2009_2013,n_cell,share,248,248,-0.3611436897416153,-0.5057499682891636,-0.2123631152814637,1,1,1
mcosmo,unemp,none,fe_country,y2009_2013,n_eff,count,240,240,-0.3066004313369799,-0.43843029657779814,-0.18993902912108343,1,0.9958333333333333,0.9958333333333333
mcosmo,unemp,none,fe_country,y2009_2013,n_eff,rate,244,244,-0.3066004313369799,-0.4437353422576931,-0.18993902912108343,1,0.9959016393442623,0.9959016393442623
mcosmo,unemp,none,fe_country,y2009_2013,n_eff,share,248,248,-0.36577533452211486,-0.5186714947149584,-0.2123631152814637,1,1,1
mcosmo,unemp,none,fe_country,y2009_2013,none,count,240,240,-0.37856926754509324,-0.5303754908875177,-0.2525756194229785,1,1,1
mcosmo,unemp,none,fe_country,y2009_2013,none,rate,244,244,-0.37856926754509324,-0.5439962117136209,-0.2525756194229785,1,1,1
mcosmo,unemp,none,fe_country,y2009_2013,none,share,248,248,-0.43583768171326287,-0.5865142810712888,-0.30711195200230657,1,1,1
mcosmo,unemp,none,fe_country,y2009_2013,pop,count,240,240,-0.37737545724978744,-0.5525478953617116,-0.12410240639772584,1,0.775,0.775
mcosmo,unemp,none,fe_country,y2009_2013,pop,rate,244,244,-0.37737545724978744,-0.5670707629533344,-0.12410240639772584,1,0.7745901639344263,0.7745901639344263
mcosmo,unemp,none,fe_country,y2009_2013,pop,share,248,248,-0.3328631595738638,-0.6266562767619276,-0.1086395558755656,1,0.7540322580645161,0.7540322580645161
mcosmo,unemp,none,fe_twoway,all,n_cell,count,240,240,-0.02800064775662934,-0.29436723537670484,0.00820278029693977,0.9666666666666667,0.17916666666666667,0.17916666666666667
mcosmo,unemp,none,fe_twoway,all,n_cell,rate,244,244,-0.02821881576506045,-0.29436723537670484,0.00820278029693977,0.9672131147540983,0.1762295081967213,0.1762295081967213
mcosmo,unemp,none,fe_twoway,all,n_cell,share,248,248,-0.1460432764868103,-0.42361837636711847,-0.06147230830367963,1,0.6411290322580645,0.6411290322580645
mcosmo,unemp,none,fe_twoway,all,n_eff,count,240,240,-0.02766544188475349,-0.30097349052957456,0.00820278029693977,0.9666666666666667,0.17916666666666667,0.17916666666666667
mcosmo,unemp,none,fe_twoway,all,n_eff,rate,244,244,-0.02827874962585305,-0.30097349052957456,0.00820278029693977,0.9672131147540983,0.1762295081967213,0.1762295081967213
mcosmo,unemp,none,fe_twoway,all,n_eff,share,248,248,-0.14763040975821062,-0.4344885668722366,-0.0620912415486263,1,0.6532258064516129,0.6532258064516129
mcosmo,unemp,none,fe_twoway,all,none,count,240,240,-0.07301566428888837,-0.3856986492501457,-0.02916746815154687,1,0.1875,0.1875
mcosmo,unemp,none,fe_twoway,all,none,rate,244,244,-0.07301566428888837,-0.3856986492501457,-0.02916746815154687,1,0.18442622950819673,0.18442622950819673
mcosmo,unemp,none,fe_twoway,all,none,share,248,248,-0.2031589975434871,-0.49354839229684744,-0.09024597556892534,1,0.8629032258064516,0.8629032258064516
mcosmo,unemp,none,fe_twoway,all,pop,count,240,240,0.04700764973512668,-0.6215259587218392,0.1412883858104029,0.2833333333333333,0.24583333333333332,0.2
mcosmo,unemp,none,fe_twoway,all,pop,rate,244,244,0.04494799521556209,-0.6215259587218392,0.1412883858104029,0.29508196721311475,0.24180327868852458,0.19672131147540983
mcosmo,unemp,none,fe_twoway,all,pop,share,248,248,-0.26343734696107457,-0.5083937253957842,-0.11858612403337432,1,0.967741935483871,0.967741935483871
mcosmo,unemp,none,fe_twoway,no_GR_ES,n_cell,count,240,240,0.043809077516493836,-0.2203288041219877,0.10856371956187053,0.20833333333333334,0.03333333333333333,0.03333333333333333
mcosmo,unemp,none,fe_twoway,no_GR_ES,n_cell,rate,244,244,0.043809077516493836,-0.2203288041219877,0.10856371956187053,0.20491803278688525,0.03278688524590164,0.03278688524590164
mcosmo,unemp,none,fe_twoway,no_GR_ES,n_cell,share,248,248,-0.04499682176591647,-0.3047563552696172,0.05577476758341854,0.782258064516129,0.07258064516129033,0.07258064516129033
mcosmo,unemp,none,fe_twoway,no_GR_ES,n_eff,count,240,240,0.04529255840950433,-0.2313451820083984,0.10856371956187053,0.2,0.041666666666666664,0.041666666666666664
mcosmo,unemp,none,fe_twoway,no_GR_ES,n_eff,rate,244,244,0.04529255840950433,-0.2313451820083984,0.10856371956187053,0.19672131147540983,0.040983606557377046,0.040983606557377046
mcosmo,unemp,none,fe_twoway,no_GR_ES,n_eff,share,248,248,-0.044894925065297145,-0.31939234866186267,0.05577476758341854,0.7903225806451613,0.0846774193548387,0.0846774193548387
mcosmo,unemp,none,fe_twoway,no_GR_ES,none,count,240,240,-0.02701780569266092,-0.326469746424785,0.01806698507421679,0.8833333333333333,0.1,0.1
mcosmo,unemp,none,fe_twoway,no_GR_ES,none,rate,244,244,-0.02709393509287894,-0.326469746424785,0.01806698507421679,0.8852459016393442,0.09836065573770492,0.09836065573770492
mcosmo,unemp,none,fe_twoway,no_GR_ES,none,share,248,248,-0.10227758946083094,-0.38313051324132935,-0.01435008307798411,1,0.32661290322580644,0.32661290322580644
mcosmo,unemp,none,fe_twoway,no_GR_ES,pop,count,240,240,0.13042322074973786,-0.3591223770253688,0.29996928923970057,0.2,0.6333333333333333,0.15
mcosmo,unemp,none,fe_twoway,no_GR_ES,pop,rate,244,244,0.1297597810241341,-0.3591223770253688,0.29996928923970057,0.20491803278688525,0.6229508196721312,0.14754098360655737
mcosmo,unemp,none,fe_twoway,no_GR_ES,pop,share,248,248,-0.13683658106379445,-0.3197676529652799,-0.0197771757225925,1,0.5080645161290323,0.5080645161290323
mcosmo,unemp,none,fe_twoway,no_bailout,n_cell,count,240,240,0.09625465826490923,-0.02236983460682631,0.20725479261411012,0.05,0.13333333333333333,0
mcosmo,unemp,none,fe_twoway,no_bailout,n_cell,rate,244,244,0.09625465826490923,-0.02236983460682631,0.20725479261411012,0.04918032786885246,0.13114754098360656,0
mcosmo,unemp,none,fe_twoway,no_bailout,n_cell,share,248,248,0.08381396198543596,-0.0812939137964145,0.2015406622794007,0.11290322580645161,0.07661290322580645,0
mcosmo,unemp,none,fe_twoway,no_bailout,n_eff,count,240,240,0.09638047458738275,-0.02472684266465045,0.20725479261411012,0.06666666666666667,0.13333333333333333,0
mcosmo,unemp,none,fe_twoway,no_bailout,n_eff,rate,244,244,0.09638047458738275,-0.02472684266465045,0.20725479261411012,0.06557377049180328,0.13114754098360656,0
mcosmo,unemp,none,fe_twoway,no_bailout,n_eff,share,248,248,0.0838320989193486,-0.08858745517282048,0.2015406622794007,0.12096774193548387,0.07661290322580645,0
mcosmo,unemp,none,fe_twoway,no_bailout,none,count,240,240,0.06604871881757104,-0.02711313858648723,0.16034364262790302,0.058333333333333334,0.016666666666666666,0
mcosmo,unemp,none,fe_twoway,no_bailout,none,rate,244,244,0.06604871881757104,-0.02711313858648723,0.16034364262790302,0.05737704918032787,0.01639344262295082,0
mcosmo,unemp,none,fe_twoway,no_bailout,none,share,248,248,0.06446101126709275,-0.10130519361005164,0.18148134772227617,0.12903225806451613,0.024193548387096774,0
mcosmo,unemp,none,fe_twoway,no_bailout,pop,count,240,240,0.13399479608360365,-0.3646063213316508,0.33350366248083724,0.2,0.45416666666666666,0.07916666666666666
mcosmo,unemp,none,fe_twoway,no_bailout,pop,rate,244,244,0.13276024954206123,-0.3646063213316508,0.33350366248083724,0.20491803278688525,0.44672131147540983,0.0778688524590164
mcosmo,unemp,none,fe_twoway,no_bailout,pop,share,248,248,-0.1250993314325055,-0.31675708936168795,-0.00469437615424587,1,0.3024193548387097,0.3024193548387097
mcosmo,unemp,none,fe_twoway,y2004_2008,n_cell,count,240,192,0.01575123285064811,-0.04848132504620802,0.07895752856368407,0.28125,0,0
mcosmo,unemp,none,fe_twoway,y2004_2008,n_cell,rate,244,196,0.015761203740920368,-0.04848132504620802,0.07895752856368407,0.2755102040816326,0,0
mcosmo,unemp,none,fe_twoway,y2004_2008,n_cell,share,248,200,-0.2931782029338639,-0.42387948556846794,-0.20396918792910104,1,1,1
mcosmo,unemp,none,fe_twoway,y2004_2008,n_eff,count,240,192,0.015789126489262815,-0.04848132504620802,0.08524746348985024,0.2708333333333333,0,0
mcosmo,unemp,none,fe_twoway,y2004_2008,n_eff,rate,244,196,0.01618908503182945,-0.04848132504620802,0.08524746348985024,0.2653061224489796,0,0
mcosmo,unemp,none,fe_twoway,y2004_2008,n_eff,share,248,200,-0.2933358703232558,-0.42978700376179646,-0.20396918792910104,1,1,1
mcosmo,unemp,none,fe_twoway,y2004_2008,none,count,240,192,-0.04311768087287532,-0.11275917904182615,-0.00271824650351825,1,0,0
mcosmo,unemp,none,fe_twoway,y2004_2008,none,rate,244,196,-0.042937263994755226,-0.11275917904182615,-0.00271824650351825,1,0,0
mcosmo,unemp,none,fe_twoway,y2004_2008,none,share,248,200,-0.29686165768388995,-0.41842364953353056,-0.21583524389082545,1,1,1
mcosmo,unemp,none,fe_twoway,y2004_2008,pop,count,240,192,0.1191076795329235,0.05649398742107263,0.20681601777553585,0,0.03125,0
mcosmo,unemp,none,fe_twoway,y2004_2008,pop,rate,244,196,0.1189144550763219,0.05649398742107263,0.20681601777553585,0,0.030612244897959183,0
mcosmo,unemp,none,fe_twoway,y2004_2008,pop,share,248,200,-0.36100348437013596,-0.5767303276565763,-0.2019429526873069,1,1,1
mcosmo,unemp,none,fe_twoway,y2009_2013,n_cell,count,240,240,-0.2503335604739534,-0.3226225084679183,-0.15789880810603912,1,0.9166666666666666,0.9166666666666666
mcosmo,unemp,none,fe_twoway,y2009_2013,n_cell,rate,244,244,-0.25076287154282695,-0.3445837337780361,-0.15789880810603912,1,0.9180327868852459,0.9180327868852459
mcosmo,unemp,none,fe_twoway,y2009_2013,n_cell,share,248,248,-0.32019874625512296,-0.4499511083726578,-0.1776395018793828,1,0.9798387096774194,0.9798387096774194
mcosmo,unemp,none,fe_twoway,y2009_2013,n_eff,count,240,240,-0.2512653194056853,-0.3316770090293244,-0.15789880810603912,1,0.9208333333333333,0.9208333333333333
mcosmo,unemp,none,fe_twoway,y2009_2013,n_eff,rate,244,244,-0.2520999840373667,-0.35094016671252487,-0.15789880810603912,1,0.9221311475409836,0.9221311475409836
mcosmo,unemp,none,fe_twoway,y2009_2013,n_eff,share,248,248,-0.332450075726454,-0.46066085419078623,-0.1776395018793828,1,0.9798387096774194,0.9798387096774194
mcosmo,unemp,none,fe_twoway,y2009_2013,none,count,240,240,-0.28351680787289296,-0.4125593795187141,-0.16235576757133632,1,0.9125,0.9125
mcosmo,unemp,none,fe_twoway,y2009_2013,none,rate,244,244,-0.28351680787289296,-0.4436415606946951,-0.16235576757133632,1,0.9139344262295082,0.9139344262295082
mcosmo,unemp,none,fe_twoway,y2009_2013,none,share,248,248,-0.3755669071154804,-0.5141520867754595,-0.22936893087918153,1,1,1
mcosmo,unemp,none,fe_twoway,y2009_2013,pop,count,240,240,-0.38728980887032555,-0.6387669092091143,-0.19868909482855587,1,1,1
mcosmo,unemp,none,fe_twoway,y2009_2013,pop,rate,244,244,-0.3888892564771747,-0.6387669092091143,-0.19868909482855587,1,1,1
mcosmo,unemp,none,fe_twoway,y2009_2013,pop,share,248,248,-0.27509134583041034,-0.5712852648746177,-0.1235370461807644,1,0.8629032258064516,0.8629032258064516
mcosmo,unemp,none,pooled_cl,all,n_cell,count,240,240,-0.32545277905279313,-0.6049202691850626,-0.16102009551265298,1,1,1
mcosmo,unemp,none,pooled_cl,all,n_cell,rate,244,244,-0.32545277905279313,-0.6049202691850626,-0.16102009551265298,1,1,1
mcosmo,unemp,none,pooled_cl,all,n_cell,share,248,248,0.06668769306825928,-0.08400175810737068,0.32712531519226296,0.04838709677419355,0.18951612903225806,0
mcosmo,unemp,none,pooled_cl,all,n_eff,count,240,240,-0.3333268815931325,-0.6072338967527234,-0.16170399719704326,1,1,1
mcosmo,unemp,none,pooled_cl,all,n_eff,rate,244,244,-0.3333268815931325,-0.6072338967527234,-0.16170399719704326,1,1,1
mcosmo,unemp,none,pooled_cl,all,n_eff,share,248,248,0.06477642950459445,-0.09004375781460869,0.32712531519226296,0.06451612903225806,0.18951612903225806,0
mcosmo,unemp,none,pooled_cl,all,none,count,240,240,-0.39019857308208017,-0.6215566232631211,-0.21934287156071156,1,1,1
mcosmo,unemp,none,pooled_cl,all,none,rate,244,244,-0.39019857308208017,-0.6215566232631211,-0.21934287156071156,1,1,1
mcosmo,unemp,none,pooled_cl,all,none,share,248,248,0.00518674903754974,-0.16376255069837956,0.19019058958952637,0.4274193548387097,0.056451612903225805,0
mcosmo,unemp,none,pooled_cl,all,pop,count,240,240,-0.1027181439216853,-0.6130390588676445,-0.01228671911515721,1,0.475,0.475
mcosmo,unemp,none,pooled_cl,all,pop,rate,244,244,-0.1027181439216853,-0.6130390588676445,-0.01228671911515721,1,0.47540983606557374,0.47540983606557374
mcosmo,unemp,none,pooled_cl,all,pop,share,248,248,0.06797377127382445,-0.2344206303447995,0.2959120098149951,0.0967741935483871,0.2903225806451613,0.016129032258064516
mcosmo,unemp,none,pooled_cl,no_GR_ES,n_cell,count,240,240,-0.28409442676935426,-0.5659474958577689,-0.13320230898509272,1,1,1
mcosmo,unemp,none,pooled_cl,no_GR_ES,n_cell,rate,244,244,-0.28409442676935426,-0.5659474958577689,-0.13320230898509272,1,1,1
mcosmo,unemp,none,pooled_cl,no_GR_ES,n_cell,share,248,248,0.13730335371655447,0.0467452268556113,0.44151639545933696,0,0.5403225806451613,0
mcosmo,unemp,none,pooled_cl,no_GR_ES,n_eff,count,240,240,-0.28910608916042746,-0.5677638092821434,-0.1346372278267649,1,1,1
mcosmo,unemp,none,pooled_cl,no_GR_ES,n_eff,rate,244,244,-0.28910608916042746,-0.5677638092821434,-0.1346372278267649,1,1,1
mcosmo,unemp,none,pooled_cl,no_GR_ES,n_eff,share,248,248,0.1379605630849136,0.0467452268556113,0.44128672043721545,0,0.5443548387096774,0
mcosmo,unemp,none,pooled_cl,no_GR_ES,none,count,240,240,-0.3582145615682767,-0.5913220564941121,-0.1870571604959168,1,1,1
mcosmo,unemp,none,pooled_cl,no_GR_ES,none,rate,244,244,-0.3582145615682767,-0.5913220564941121,-0.1870571604959168,1,1,1
mcosmo,unemp,none,pooled_cl,no_GR_ES,none,share,248,248,0.07150471460174489,0.00668132872684515,0.2937600052905227,0,0.16532258064516128,0
mcosmo,unemp,none,pooled_cl,no_GR_ES,pop,count,240,240,0.03457655511089023,-0.5219075279702505,0.1463175943409264,0.2,0.325,0.2
mcosmo,unemp,none,pooled_cl,no_GR_ES,pop,rate,244,244,0.03395269966820628,-0.5219075279702505,0.1463175943409264,0.19672131147540983,0.319672131147541,0.19672131147540983
mcosmo,unemp,none,pooled_cl,no_GR_ES,pop,share,248,248,0.1822942538122167,0.04751042058170306,0.494713583718241,0,0.5887096774193549,0
mcosmo,unemp,none,pooled_cl,no_bailout,n_cell,count,240,240,-0.10822532854988096,-0.40130517498510926,-0.05022102949338759,1,0.30833333333333335,0.30833333333333335
mcosmo,unemp,none,pooled_cl,no_bailout,n_cell,rate,244,244,-0.10822532854988096,-0.40130517498510926,-0.05022102949338759,1,0.3073770491803279,0.3073770491803279
mcosmo,unemp,none,pooled_cl,no_bailout,n_cell,share,248,248,0.2920124828387957,0.1330657797805552,0.5856300232302529,0,0.967741935483871,0
mcosmo,unemp,none,pooled_cl,no_bailout,n_eff,count,240,240,-0.11742483091442929,-0.40130517498510926,-0.05372589831950754,1,0.3416666666666667,0.3416666666666667
mcosmo,unemp,none,pooled_cl,no_bailout,n_eff,rate,244,244,-0.11742483091442929,-0.40130517498510926,-0.05372589831950754,1,0.3401639344262295,0.3401639344262295
mcosmo,unemp,none,pooled_cl,no_bailout,n_eff,share,248,248,0.29484258907209027,0.1330657797805552,0.5936416927033276,0,0.9838709677419355,0
mcosmo,unemp,none,pooled_cl,no_bailout,none,count,240,240,-0.18928388128613194,-0.41337546209881176,-0.1007799771466138,1,0.6416666666666667,0.6416666666666667
mcosmo,unemp,none,pooled_cl,no_bailout,none,rate,244,244,-0.18928388128613194,-0.41337546209881176,-0.1007799771466138,1,0.6434426229508197,0.6434426229508197
mcosmo,unemp,none,pooled_cl,no_bailout,none,share,248,248,0.22157666485057756,0.09917299325493711,0.4580844073455913,0,0.7379032258064516,0
mcosmo,unemp,none,pooled_cl,no_bailout,pop,count,240,240,0.09496633248926972,-0.427773995122522,0.2572323680514173,0.2,0.3958333333333333,0.19166666666666668
mcosmo,unemp,none,pooled_cl,no_bailout,pop,rate,244,244,0.09496633248926972,-0.427773995122522,0.2572323680514173,0.19672131147540983,0.38934426229508196,0.1885245901639344
mcosmo,unemp,none,pooled_cl,no_bailout,pop,share,248,248,0.30336333588595427,0.12088397921901244,0.610768805862479,0,0.8991935483870968,0
mcosmo,unemp,none,pooled_cl,y2004_2008,n_cell,count,240,192,0.023387208459729317,-0.01633111464743785,0.07161815018913077,0.0625,0,0
mcosmo,unemp,none,pooled_cl,y2004_2008,n_cell,rate,244,196,0.023387208459729317,-0.01633111464743785,0.07161815018913077,0.061224489795918366,0,0
mcosmo,unemp,none,pooled_cl,y2004_2008,n_cell,share,248,200,0.12888605681009196,0.05898917274503666,0.2502159839832085,0,0.34,0
mcosmo,unemp,none,pooled_cl,y2004_2008,n_eff,count,240,192,0.01974601610630939,-0.01633111464743785,0.05957460609164355,0.07291666666666667,0,0
mcosmo,unemp,none,pooled_cl,y2004_2008,n_eff,rate,244,196,0.01974601610630939,-0.01633111464743785,0.05957460609164355,0.07142857142857142,0,0
mcosmo,unemp,none,pooled_cl,y2004_2008,n_eff,share,248,200,0.13162814637350156,0.05898917274503666,0.25574348621928356,0,0.365,0
mcosmo,unemp,none,pooled_cl,y2004_2008,none,count,240,192,-0.0642369615550326,-0.1493399220581858,-0.0273074879658135,1,0,0
mcosmo,unemp,none,pooled_cl,y2004_2008,none,rate,244,196,-0.0642369615550326,-0.1493399220581858,-0.0273074879658135,1,0,0
mcosmo,unemp,none,pooled_cl,y2004_2008,none,share,248,200,0.11580673853093158,0.04686772220194293,0.2260736871640137,0,0.15,0
mcosmo,unemp,none,pooled_cl,y2004_2008,pop,count,240,192,0.23571319078209468,0.11632465601419308,0.4373497384792045,0,0.53125,0
mcosmo,unemp,none,pooled_cl,y2004_2008,pop,rate,244,196,0.23571319078209468,0.11632465601419308,0.4373497384792045,0,0.5306122448979592,0
mcosmo,unemp,none,pooled_cl,y2004_2008,pop,share,248,200,0.20745823096968347,0.08338033246434466,0.4774560018496362,0,0.5,0
mcosmo,unemp,none,pooled_cl,y2009_2013,n_cell,count,240,240,-0.44219586167424063,-0.62427098852396,-0.28059229605853414,1,1,1
mcosmo,unemp,none,pooled_cl,y2009_2013,n_cell,rate,244,244,-0.44219586167424063,-0.62427098852396,-0.28059229605853414,1,1,1
mcosmo,unemp,none,pooled_cl,y2009_2013,n_cell,share,248,248,0.09303077274838403,-0.05723303335105211,0.3469809920797771,0.056451612903225805,0.22580645161290322,0
mcosmo,unemp,none,pooled_cl,y2009_2013,n_eff,count,240,240,-0.4434590616944091,-0.6251032615798108,-0.28059229605853414,1,1,1
mcosmo,unemp,none,pooled_cl,y2009_2013,n_eff,rate,244,244,-0.4434590616944091,-0.6251032615798108,-0.28059229605853414,1,1,1
mcosmo,unemp,none,pooled_cl,y2009_2013,n_eff,share,248,248,0.09303077274838403,-0.06194617386503309,0.3469809920797771,0.056451612903225805,0.2217741935483871,0
mcosmo,unemp,none,pooled_cl,y2009_2013,none,count,240,240,-0.48377427112570165,-0.6417652486759101,-0.3062686128574992,1,1,1
mcosmo,unemp,none,pooled_cl,y2009_2013,none,rate,244,244,-0.48377427112570165,-0.6417652486759101,-0.3062686128574992,1,1,1
mcosmo,unemp,none,pooled_cl,y2009_2013,none,share,248,248,0.019464996098133652,-0.14337287824263475,0.2031628564890417,0.3951612903225806,0.056451612903225805,0
mcosmo,unemp,none,pooled_cl,y2009_2013,pop,count,240,240,-0.37605103964886155,-0.7399587166980472,-0.15943860962221382,1,0.9916666666666667,0.9916666666666667
mcosmo,unemp,none,pooled_cl,y2009_2013,pop,rate,244,244,-0.37605103964886155,-0.7399587166980472,-0.15943860962221382,1,0.9918032786885246,0.9918032786885246
mcosmo,unemp,none,pooled_cl,y2009_2013,pop,share,248,248,0.07837729035528221,-0.1948029844373693,0.3232698022795126,0.20967741935483872,0.1975806451612903,0.016129032258064516
mcosmo,unemp,none,re,all,none,count,240,240,-0.3426769355950381,-0.5238135433320648,-0.20950409900767691,1,1,1
mcosmo,unemp,none,re,all,none,rate,244,242,-0.34433763260798467,-0.5238135433320648,-0.20950409900767691,1,1,1
mcosmo,unemp,none,re,all,none,share,248,246,-0.3006887894338791,-0.4801262290194402,-0.16268473170753475,1,1,1
mcosmo,unemp,none,re,no_GR_ES,none,count,240,240,-0.254847839230682,-0.4589057093824772,-0.13468365557789996,1,1,1
mcosmo,unemp,none,re,no_GR_ES,none,rate,244,242,-0.25583464904292785,-0.4589057093824772,-0.13468365557789996,1,1,1
mcosmo,unemp,none,re,no_GR_ES,none,share,248,246,-0.17709763863200967,-0.32957233877730463,-0.08674178162267225,1,0.8089430894308943,0.8089430894308943
mcosmo,unemp,none,re,no_bailout,none,count,240,240,-0.10336766398023059,-0.2577351294410775,-0.03756897399292287,1,0.21666666666666667,0.21666666666666667
mcosmo,unemp,none,re,no_bailout,none,rate,244,242,-0.10336766398023059,-0.2577351294410775,-0.03756897399292287,1,0.21487603305785125,0.21487603305785125
mcosmo,unemp,none,re,no_bailout,none,share,248,246,-0.06901279181401793,-0.17684564441977405,0.01990755513589481,0.9596774193548387,0.07317073170731707,0.07317073170731707
mcosmo,unemp,none,re,y2004_2008,none,count,240,192,0.14441693533832484,0.08275191880326334,0.1895203008250833,0,0.13541666666666666,0
mcosmo,unemp,none,re,y2004_2008,none,rate,244,194,0.14466554704798706,0.08275191880326334,0.1895203008250833,0,0.13917525773195877,0
mcosmo,unemp,none,re,y2004_2008,none,share,248,198,-0.3042666962619791,-0.41828607709556315,-0.1921502325535443,1,1,1
mcosmo,unemp,none,re,y2009_2013,none,count,240,240,-0.41518040217849655,-0.5454406312416477,-0.29144772289138027,1,1,1
mcosmo,unemp,none,re,y2009_2013,none,rate,244,242,-0.45039640967205213,-0.5454406312416477,-0.29144772289138027,1,1,1
mcosmo,unemp,none,re,y2009_2013,none,share,248,246,-0.36609474427215655,-0.4988456201700675,-0.1997963910445052,1,1,1
mcosmo,unemp,other,fe_country,all,n_cell,count,240,240,-0.1859392755090108,-0.3754545583337918,-0.09640871515973123,1,0.675,0.675
mcosmo,unemp,other,fe_country,all,n_cell,rate,244,244,-0.1859392755090108,-0.3754545583337918,-0.09640871515973123,1,0.6721311475409836,0.6721311475409836
mcosmo,unemp,other,fe_country,all,n_cell,share,248,248,-0.30134622543554607,-0.48563125707106847,-0.17645771375590258,1,1,1
mcosmo,unemp,other,fe_country,all,n_eff,count,240,240,-0.1902038061584888,-0.38664135815969264,-0.1000816821135888,1,0.7583333333333333,0.7583333333333333
mcosmo,unemp,other,fe_country,all,n_eff,rate,244,244,-0.1902038061584888,-0.38664135815969264,-0.1000816821135888,1,0.7581967213114754,0.7581967213114754
mcosmo,unemp,other,fe_country,all,n_eff,share,248,248,-0.3029277119344453,-0.4977787011624272,-0.17990794669671012,1,1,1
mcosmo,unemp,other,fe_country,all,none,count,240,240,-0.24496353345529687,-0.4979969921110314,-0.14109897046080716,1,1,1
mcosmo,unemp,other,fe_country,all,none,rate,244,244,-0.24496353345529687,-0.4979969921110314,-0.14109897046080716,1,1,1
mcosmo,unemp,other,fe_country,all,none,share,248,248,-0.36252664863710427,-0.5724668593340713,-0.2358429009613811,1,1,1
mcosmo,unemp,other,fe_country,all,pop,count,240,240,-0.03434593881126105,-0.4769340218127111,0.01009837295236252,0.925,0.19583333333333333,0.19583333333333333
mcosmo,unemp,other,fe_country,all,pop,rate,244,244,-0.03427074048938223,-0.4769340218127111,0.01009837295236252,0.9262295081967213,0.19262295081967212,0.19262295081967212
mcosmo,unemp,other,fe_country,all,pop,share,248,248,-0.30973883810850966,-0.643966444480186,-0.09842429278543025,1,0.8991935483870968,0.8991935483870968
mcosmo,unemp,other,fe_country,no_GR_ES,n_cell,count,240,240,-0.0861951874061394,-0.2737323224550217,-0.03585960725329437,1,0.225,0.225
mcosmo,unemp,other,fe_country,no_GR_ES,n_cell,rate,244,244,-0.0861951874061394,-0.2737323224550217,-0.03585960725329437,1,0.22540983606557377,0.22540983606557377
mcosmo,unemp,other,fe_country,no_GR_ES,n_cell,share,248,248,-0.19934071332495717,-0.33679431340143207,-0.09138151394133072,1,0.8387096774193549,0.8387096774193549
mcosmo,unemp,other,fe_country,no_GR_ES,n_eff,count,240,240,-0.0911387464430282,-0.28345998634870695,-0.03859122727307862,1,0.24583333333333332,0.24583333333333332
mcosmo,unemp,other,fe_country,no_GR_ES,n_eff,rate,244,244,-0.0911387464430282,-0.28345998634870695,-0.03859122727307862,1,0.2459016393442623,0.2459016393442623
mcosmo,unemp,other,fe_country,no_GR_ES,n_eff,share,248,248,-0.20162199464675323,-0.348328343386108,-0.09152250222604329,1,0.8387096774193549,0.8387096774193549
mcosmo,unemp,other,fe_country,no_GR_ES,none,count,240,240,-0.15662692358346156,-0.418528312499764,-0.0770714611541256,1,0.6583333333333333,0.6583333333333333
mcosmo,unemp,other,fe_country,no_GR_ES,none,rate,244,244,-0.15662692358346156,-0.418528312499764,-0.0770714611541256,1,0.6557377049180327,0.6557377049180327
mcosmo,unemp,other,fe_country,no_GR_ES,none,share,248,248,-0.24598040278495426,-0.4446371913404464,-0.14054518059373527,1,1,1
mcosmo,unemp,other,fe_country,no_GR_ES,pop,count,240,240,0.03803162629707076,-0.3974658749557726,0.15089209527773914,0.2,0.23333333333333334,0.15
mcosmo,unemp,other,fe_country,no_GR_ES,pop,rate,244,244,0.03840673099285165,-0.3974658749557726,0.15089209527773914,0.19672131147540983,0.22950819672131148,0.14754098360655737
mcosmo,unemp,other,fe_country,no_GR_ES,pop,share,248,248,-0.17302306191332595,-0.49699522452665346,-0.04963509681951924,1,0.532258064516129,0.532258064516129
mcosmo,unemp,other,fe_country,no_bailout,n_cell,count,240,240,-0.00767369428784891,-0.13591556111041875,0.05780873343788951,0.6,0,0
mcosmo,unemp,other,fe_country,no_bailout,n_cell,rate,244,244,-0.00736805233500676,-0.13591556111041875,0.05896937742651427,0.5983606557377049,0,0
mcosmo,unemp,other,fe_country,no_bailout,n_cell,share,248,248,-0.11877517361029936,-0.2571788874707538,-0.02832491073292477,1,0.29838709677419356,0.29838709677419356
mcosmo,unemp,other,fe_country,no_bailout,n_eff,count,240,240,-0.014039104112080626,-0.14126545400047566,0.05609519634567166,0.6,0,0
mcosmo,unemp,other,fe_country,no_bailout,n_eff,rate,244,244,-0.014039104112080626,-0.14126545400047566,0.05609519634567166,0.5983606557377049,0,0
mcosmo,unemp,other,fe_country,no_bailout,n_eff,share,248,248,-0.12457989468774833,-0.2571788874707538,-0.02832491073292477,1,0.3185483870967742,0.3185483870967742
mcosmo,unemp,other,fe_country,no_bailout,none,count,240,240,-0.05307604329299903,-0.20169706457475545,0.01326392349763568,0.8833333333333333,0,0
mcosmo,unemp,other,fe_country,no_bailout,none,rate,244,244,-0.05267703199738951,-0.20169706457475545,0.01326392349763568,0.8770491803278688,0,0
mcosmo,unemp,other,fe_country,no_bailout,none,share,248,248,-0.1640791127924037,-0.2805576099476869,-0.06097676831498156,1,0.5403225806451613,0.5403225806451613
mcosmo,unemp,other,fe_country,no_bailout,pop,count,240,240,0.0582727813092933,-0.38141918190211366,0.21542449199560565,0.2,0.325,0.125
mcosmo,unemp,other,fe_country,no_bailout,pop,rate,244,244,0.05847883477109075,-0.38141918190211366,0.21542449199560565,0.19672131147540983,0.3237704918032787,0.12295081967213115
mcosmo,unemp,other,fe_country,no_bailout,pop,share,248,248,-0.14564756665958795,-0.4814254420318823,-0.03531267158198891,1,0.45161290322580644,0.45161290322580644
mcosmo,unemp,other,fe_country,y2004_2008,n_cell,count,240,192,0.27063213921492557,0.191133949007346,0.3222465061777155,0,1,0
mcosmo,unemp,other,fe_country,y2004_2008,n_cell,rate,244,196,0.2708235475790989,0.191133949007346,0.3402398439351496,0,1,0
mcosmo,unemp,other,fe_country,y2004_2008,n_cell,share,248,200,-0.4127864427508928,-0.5825031534352457,-0.27331767790283945,1,1,1
mcosmo,unemp,other,fe_country,y2004_2008,n_eff,count,240,192,0.2686575682631259,0.18923308480138912,0.31572389171053666,0,1,0
mcosmo,unemp,other,fe_country,y2004_2008,n_eff,rate,244,196,0.26956253654215057,0.18923308480138912,0.33256165691662604,0,1,0
mcosmo,unemp,other,fe_country,y2004_2008,n_eff,share,248,200,-0.4140285512095939,-0.5885415098999972,-0.27331767790283945,1,1,1
mcosmo,unemp,other,fe_country,y2004_2008,none,count,240,192,0.2105502665793776,0.1355390759120812,0.2576993295778154,0,0.71875,0
mcosmo,unemp,other,fe_country,y2004_2008,none,rate,244,196,0.21099605548828093,0.1355390759120812,0.2727122635295896,0,0.7193877551020408,0
mcosmo,unemp,other,fe_country,y2004_2008,none,share,248,200,-0.4091892384467559,-0.58003974353526,-0.27317371453853917,1,1,1
mcosmo,unemp,other,fe_country,y2004_2008,pop,count,240,192,0.4063361725591769,0.23494462573156297,0.5473855644413554,0,1,0
mcosmo,unemp,other,fe_country,y2004_2008,pop,rate,244,196,0.4063361725591769,0.23494462573156297,0.5609603156769696,0,1,0
mcosmo,unemp,other,fe_country,y2004_2008,pop,share,248,200,-0.3348946005995272,-0.5387792756776523,-0.15380216181800338,1,0.96,0.96
mcosmo,unemp,other,fe_country,y2009_2013,n_cell,count,240,240,-0.32009819320480887,-0.4332854909046599,-0.2032998346483469,1,1,1
mcosmo,unemp,other,fe_country,y2009_2013,n_cell,rate,244,244,-0.32009819320480887,-0.4489207763173093,-0.2032998346483469,1,1,1
mcosmo,unemp,other,fe_country,y2009_2013,n_cell,share,248,248,-0.36950559542236444,-0.520099764774672,-0.2215786548434985,1,1,1
mcosmo,unemp,other,fe_country,y2009_2013,n_eff,count,240,240,-0.3216120206289126,-0.4493908915444425,-0.2032998346483469,1,1,1
mcosmo,unemp,other,fe_country,y2009_2013,n_eff,rate,244,244,-0.3216120206289126,-0.46717991981948764,-0.2032998346483469,1,1,1
mcosmo,unemp,other,fe_country,y2009_2013,n_eff,share,248,248,-0.37376580948535787,-0.5324773303263685,-0.2215786548434985,1,1,1
mcosmo,unemp,other,fe_country,y2009_2013,none,count,240,240,-0.38923481256814085,-0.5460685880500872,-0.26163500404586104,1,1,1
mcosmo,unemp,other,fe_country,y2009_2013,none,rate,244,244,-0.38923481256814085,-0.5756215186374568,-0.26163500404586104,1,1,1
mcosmo,unemp,other,fe_country,y2009_2013,none,share,248,248,-0.44069437412107215,-0.6049323014893854,-0.3132033489089857,1,1,1
mcosmo,unemp,other,fe_country,y2009_2013,pop,count,240,240,-0.44118022019019154,-0.6018941082135078,-0.16774524856504597,1,0.9375,0.9375
mcosmo,unemp,other,fe_country,y2009_2013,pop,rate,244,244,-0.44118022019019154,-0.6357552171035439,-0.16774524856504597,1,0.9385245901639344,0.9385245901639344
mcosmo,unemp,other,fe_country,y2009_2013,pop,share,248,248,-0.3675784097451621,-0.6714625524178175,-0.1348744430731227,1,0.8185483870967742,0.8185483870967742
mcosmo,unemp,other,fe_twoway,all,n_cell,count,240,240,-0.01697810124303553,-0.24442936796855252,0.02533266834210115,0.7583333333333333,0.10416666666666667,0.10416666666666667
mcosmo,unemp,other,fe_twoway,all,n_cell,rate,244,244,-0.017302402241442486,-0.24442936796855252,0.02533266834210115,0.7622950819672131,0.10245901639344263,0.10245901639344263
mcosmo,unemp,other,fe_twoway,all,n_cell,share,248,248,-0.15280578109047038,-0.43425035882344554,-0.07094297463152242,1,0.6653225806451613,0.6653225806451613
mcosmo,unemp,other,fe_twoway,all,n_eff,count,240,240,-0.0161853444965037,-0.244098638195894,0.02533266834210115,0.7416666666666667,0.10416666666666667,0.10416666666666667
mcosmo,unemp,other,fe_twoway,all,n_eff,rate,244,244,-0.016685494732877316,-0.244098638195894,0.02533266834210115,0.7459016393442623,0.10245901639344263,0.10245901639344263
mcosmo,unemp,other,fe_twoway,all,n_eff,share,248,248,-0.1553572372250747,-0.4453337888130183,-0.07494393833659602,1,0.6733870967741935,0.6733870967741935
mcosmo,unemp,other,fe_twoway,all,none,count,240,240,-0.05043974718866154,-0.2925762621731065,-0.01461731471527931,1,0.1375,0.1375
mcosmo,unemp,other,fe_twoway,all,none,rate,244,244,-0.05122175541901801,-0.2925762621731065,-0.01461731471527931,1,0.13524590163934427,0.13524590163934427
mcosmo,unemp,other,fe_twoway,all,none,share,248,248,-0.20979222375721607,-0.46578072483387334,-0.10646659986904676,1,0.9354838709677419,0.9354838709677419
mcosmo,unemp,other,fe_twoway,all,pop,count,240,240,0.10837577505969859,-0.7111618004054914,0.19760778882588703,0.2,0.5583333333333333,0.19583333333333333
mcosmo,unemp,other,fe_twoway,all,pop,rate,244,244,0.10714988176636332,-0.7111618004054914,0.19760778882588703,0.19672131147540983,0.5491803278688525,0.19262295081967212
mcosmo,unemp,other,fe_twoway,all,pop,share,248,248,-0.27597734394988915,-0.5396322950040151,-0.1282577685779075,1,0.9637096774193549,0.9637096774193549
mcosmo,unemp,other,fe_twoway,no_GR_ES,n_cell,count,240,240,0.04245969382775305,-0.14978411965152447,0.10558503568612893,0.21666666666666667,0,0
mcosmo,unemp,other,fe_twoway,no_GR_ES,n_cell,rate,244,244,0.04245969382775305,-0.14978411965152447,0.10558503568612893,0.21311475409836064,0,0
mcosmo,unemp,other,fe_twoway,no_GR_ES,n_cell,share,248,248,-0.05860110729729237,-0.21369179405649635,0.0239865016798556,0.9274193548387096,0.03225806451612903,0.03225806451612903
mcosmo,unemp,other,fe_twoway,no_GR_ES,n_eff,count,240,240,0.044179135124647,-0.1551849080496856,0.10558503568612893,0.20833333333333334,0,0
mcosmo,unemp,other,fe_twoway,no_GR_ES,n_eff,rate,244,244,0.044179135124647,-0.1551849080496856,0.10558503568612893,0.20491803278688525,0,0
mcosmo,unemp,other,fe_twoway,no_GR_ES,n_eff,share,248,248,-0.05829572683204938,-0.2201925291689684,0.0239865016798556,0.9274193548387096,0.04032258064516129,0.04032258064516129
mcosmo,unemp,other,fe_twoway,no_GR_ES,none,count,240,240,-0.016187327792655574,-0.22110315564165817,0.03372959445943448,0.6916666666666667,0.04583333333333333,0.04583333333333333
mcosmo,unemp,other,fe_twoway,no_GR_ES,none,rate,244,244,-0.016187327792655574,-0.22110315564165817,0.03372959445943448,0.6967213114754098,0.045081967213114756,0.045081967213114756
mcosmo,unemp,other,fe_twoway,no_GR_ES,none,share,248,248,-0.11882158928624673,-0.280413219412308,-0.0326567283609016,1,0.3064516129032258,0.3064516129032258
mcosmo,unemp,other,fe_twoway,no_GR_ES,pop,count,240,240,0.1682991427344952,-0.34671782028802556,0.31145100900575207,0.2,0.8375,0.13333333333333333
mcosmo,unemp,other,fe_twoway,no_GR_ES,pop,rate,244,244,0.1680010352146982,-0.34671782028802556,0.31145100900575207,0.19672131147540983,0.8237704918032787,0.13114754098360656
mcosmo,unemp,other,fe_twoway,no_GR_ES,pop,share,248,248,-0.15068251268791974,-0.3209319952685913,-0.01653570763949553,1,0.5282258064516129,0.5282258064516129
mcosmo,unemp,other,fe_twoway,no_bailout,n_cell,count,240,240,0.06186756449470698,-0.00960239816857399,0.176473151002653,0.016666666666666666,0.029166666666666667,0
mcosmo,unemp,other,fe_twoway,no_bailout,n_cell,rate,244,244,0.06186756449470698,-0.00960239816857399,0.176473151002653,0.01639344262295082,0.028688524590163935,0
mcosmo,unemp,other,fe_twoway,no_bailout,n_cell,share,248,248,0.047871662736504755,-0.07280245395188994,0.14611416927406437,0.16129032258064516,0,0
mcosmo,unemp,other,fe_twoway,no_bailout,n_eff,count,240,240,0.06116181715368682,-0.00960239816857399,0.176473151002653,0.016666666666666666,0.025,0
mcosmo,unemp,other,fe_twoway,no_bailout,n_eff,rate,244,244,0.06116181715368682,-0.00960239816857399,0.176473151002653,0.01639344262295082,0.02459016393442623,0
mcosmo,unemp,other,fe_twoway,no_bailout,n_eff,share,248,248,0.04813392437522125,-0.07764549688175577,0.14611416927406437,0.16129032258064516,0,0
mcosmo,unemp,other,fe_twoway,no_bailout,none,count,240,240,0.04386984004691822,-0.03088732109772443,0.12068654759568172,0.08333333333333333,0,0
mcosmo,unemp,other,fe_twoway,no_bailout,none,rate,244,244,0.04386984004691822,-0.03088732109772443,0.12068654759568172,0.08196721311475409,0,0
mcosmo,unemp,other,fe_twoway,no_bailout,none,share,248,248,0.027530768525212034,-0.09075058019035404,0.12374334860610268,0.3064516129032258,0,0
mcosmo,unemp,other,fe_twoway,no_bailout,pop,count,240,240,0.113153147442366,-0.37361031828235314,0.24886035056597755,0.2,0.4041666666666667,0.1375
mcosmo,unemp,other,fe_twoway,no_bailout,pop,rate,244,244,0.11206093740372748,-0.37361031828235314,0.24886035056597755,0.20491803278688525,0.3975409836065574,0.13524590163934427
mcosmo,unemp,other,fe_twoway,no_bailout,pop,share,248,248,-0.1523365512550146,-0.34514688147866235,-0.04003834821868211,1,0.45564516129032256,0.45564516129032256
mcosmo,unemp,other,fe_twoway,y2004_2008,n_cell,count,240,192,-0.04577550861670903,-0.11036454660700708,0.00496670108091912,0.9166666666666666,0,0
mcosmo,unemp,other,fe_twoway,y2004_2008,n_cell,rate,244,196,-0.0456986889931474,-0.11036454660700708,0.00496670108091912,0.9183673469387755,0,0
mcosmo,unemp,other,fe_twoway,y2004_2008,n_cell,share,248,200,-0.34121460846662877,-0.4919959614749795,-0.24248058652868745,1,1,1
mcosmo,unemp,other,fe_twoway,y2004_2008,n_eff,count,240,192,-0.04453637177593075,-0.10945423131775632,0.01058852815670048,0.9166666666666666,0,0
mcosmo,unemp,other,fe_twoway,y2004_2008,n_eff,rate,244,196,-0.04446086680686227,-0.10945423131775632,0.01058852815670048,0.9183673469387755,0,0
mcosmo,unemp,other,fe_twoway,y2004_2008,n_eff,share,248,200,-0.3415201214345718,-0.4987067717600482,-0.24248058652868745,1,1,1
mcosmo,unemp,other,fe_twoway,y2004_2008,none,count,240,192,-0.0814183976055532,-0.15839912673713644,-0.04159582959265505,1,0,0
mcosmo,unemp,other,fe_twoway,y2004_2008,none,rate,244,196,-0.08051935759134915,-0.15839912673713644,-0.04159582959265505,1,0,0
mcosmo,unemp,other,fe_twoway,y2004_2008,none,share,248,200,-0.3190238108472082,-0.4607697965237487,-0.2374645650331311,1,1,1
mcosmo,unemp,other,fe_twoway,y2004_2008,pop,count,240,192,0.14500606849485176,0.07961245461413673,0.23796126262352893,0,0.09895833333333333,0
mcosmo,unemp,other,fe_twoway,y2004_2008,pop,rate,244,196,0.14500606849485176,0.07961245461413673,0.23796126262352893,0,0.09693877551020408,0
mcosmo,unemp,other,fe_twoway,y2004_2008,pop,share,248,200,-0.32403039637623693,-0.5012429098102306,-0.15830226465159053,1,0.95,0.95
mcosmo,unemp,other,fe_twoway,y2009_2013,n_cell,count,240,240,-0.20810731762281162,-0.2555256407273468,-0.121098425619379,1,0.6125,0.6125
mcosmo,unemp,other,fe_twoway,y2009_2013,n_cell,rate,244,244,-0.20913602937066555,-0.28635466826597056,-0.121098425619379,1,0.6188524590163934,0.6188524590163934
mcosmo,unemp,other,fe_twoway,y2009_2013,n_cell,share,248,248,-0.27714302991723483,-0.44612139968790865,-0.13639927574751964,1,0.8709677419354839,0.8709677419354839
mcosmo,unemp,other,fe_twoway,y2009_2013,n_eff,count,240,240,-0.20974518264525804,-0.25513687298272913,-0.121098425619379,1,0.6166666666666667,0.6166666666666667
mcosmo,unemp,other,fe_twoway,y2009_2013,n_eff,rate,244,244,-0.2102491866191154,-0.2887416193179486,-0.121098425619379,1,0.6229508196721312,0.6229508196721312
mcosmo,unemp,other,fe_twoway,y2009_2013,n_eff,share,248,248,-0.2845813150515285,-0.4572687426615103,-0.13639927574751964,1,0.8870967741935484,0.8870967741935484
mcosmo,unemp,other,fe_twoway,y2009_2013,none,count,240,240,-0.2357494867905467,-0.3098588488368083,-0.12717331701073786,1,0.7333333333333333,0.7333333333333333
mcosmo,unemp,other,fe_twoway,y2009_2013,none,rate,244,244,-0.23610680158940686,-0.3562822686228959,-0.12717331701073786,1,0.7377049180327869,0.7377049180327869
mcosmo,unemp,other,fe_twoway,y2009_2013,none,share,248,248,-0.32692854239653324,-0.47839077685378384,-0.18224611792032808,1,0.9838709677419355,0.9838709677419355
mcosmo,unemp,other,fe_twoway,y2009_2013,pop,count,240,240,-0.38092631141026057,-0.7284032560027284,-0.19740916238825548,1,1,1
mcosmo,unemp,other,fe_twoway,y2009_2013,pop,rate,244,244,-0.3828540512163248,-0.7284032560027284,-0.19740916238825548,1,1,1
mcosmo,unemp,other,fe_twoway,y2009_2013,pop,share,248,248,-0.2774092192482944,-0.5351936221998478,-0.12501649522702626,1,0.8669354838709677,0.8669354838709677
mcosmo,unemp,other,pooled_cl,all,n_cell,count,240,240,-0.2957952623871548,-0.5950209267158052,-0.14532832927668243,1,1,1
mcosmo,unemp,other,pooled_cl,all,n_cell,rate,244,244,-0.2957952623871548,-0.5950209267158052,-0.14532832927668243,1,1,1
mcosmo,unemp,other,pooled_cl,all,n_cell,share,248,248,0.09675525576233437,-0.04131501377909234,0.35194960051335983,0.03225806451612903,0.29838709677419356,0
mcosmo,unemp,other,pooled_cl,all,n_eff,count,240,240,-0.30021330401521473,-0.5963192527776715,-0.14696581358762542,1,1,1
mcosmo,unemp,other,pooled_cl,all,n_eff,rate,244,244,-0.30021330401521473,-0.5963192527776715,-0.14696581358762542,1,1,1
mcosmo,unemp,other,pooled_cl,all,n_eff,share,248,248,0.09675525576233437,-0.04560625155314544,0.35194960051335983,0.03225806451612903,0.29435483870967744,0
mcosmo,unemp,other,pooled_cl,all,none,count,240,240,-0.3595472924155625,-0.6167580569061912,-0.19832230812858959,1,1,1
mcosmo,unemp,other,pooled_cl,all,none,rate,244,244,-0.3595472924155625,-0.6167580569061912,-0.19832230812858959,1,1,1
mcosmo,unemp,other,pooled_cl,all,none,share,248,248,0.040925002852348596,-0.13636207252358765,0.21230333488925177,0.1935483870967742,0.12903225806451613,0
mcosmo,unemp,other,pooled_cl,all,pop,count,240,240,-0.06697550895441379,-0.7296928417806102,0.00842297718854019,0.9666666666666667,0.2708333333333333,0.2708333333333333
mcosmo,unemp,other,pooled_cl,all,pop,rate,244,244,-0.06697550895441379,-0.7296928417806102,0.00842297718854019,0.9672131147540983,0.27049180327868855,0.27049180327868855
mcosmo,unemp,other,pooled_cl,all,pop,share,248,248,0.09499689824831295,-0.2132390950337751,0.33782604805463773,0.08064516129032258,0.3870967741935484,0.016129032258064516
mcosmo,unemp,other,pooled_cl,no_GR_ES,n_cell,count,240,240,-0.2736181056495529,-0.5629368453250484,-0.13054153178775943,1,1,1
mcosmo,unemp,other,pooled_cl,no_GR_ES,n_cell,rate,244,244,-0.2736181056495529,-0.5629368453250484,-0.13054153178775943,1,1,1
mcosmo,unemp,other,pooled_cl,no_GR_ES,n_cell,share,248,248,0.15144216866795468,0.05433469261406432,0.4479232118345406,0,0.6048387096774194,0
mcosmo,unemp,other,pooled_cl,no_GR_ES,n_eff,count,240,240,-0.27630543512597916,-0.5645273274193106,-0.1320720793449992,1,1,1
mcosmo,unemp,other,pooled_cl,no_GR_ES,n_eff,rate,244,244,-0.27630543512597916,-0.5645273274193106,-0.1320720793449992,1,1,1
mcosmo,unemp,other,pooled_cl,no_GR_ES,n_eff,share,248,248,0.15143468691998868,0.05433469261406432,0.448295756320777,0,0.6088709677419355,0
mcosmo,unemp,other,pooled_cl,no_GR_ES,none,count,240,240,-0.3374848047951392,-0.5880915442676308,-0.1827894869997564,1,1,1
mcosmo,unemp,other,pooled_cl,no_GR_ES,none,rate,244,244,-0.3374848047951392,-0.5880915442676308,-0.1827894869997564,1,1,1
mcosmo,unemp,other,pooled_cl,no_GR_ES,none,share,248,248,0.08638021187675898,0.01745408462617131,0.30556136843044196,0,0.24193548387096775,0
mcosmo,unemp,other,pooled_cl,no_GR_ES,pop,count,240,240,0.03811356947833078,-0.5148973268987159,0.15666409973726267,0.2,0.35833333333333334,0.2
mcosmo,unemp,other,pooled_cl,no_GR_ES,pop,rate,244,244,0.03768744852962778,-0.5148973268987159,0.15666409973726267,0.19672131147540983,0.3524590163934426,0.19672131147540983
mcosmo,unemp,other,pooled_cl,no_GR_ES,pop,share,248,248,0.18825438333725025,0.0522708823406588,0.5021643587758485,0,0.6370967741935484,0
mcosmo,unemp,other,pooled_cl,no_bailout,n_cell,count,240,240,-0.11698573318260885,-0.3945440402209564,-0.05558101908028366,1,0.3375,0.3375
mcosmo,unemp,other,pooled_cl,no_bailout,n_cell,rate,244,244,-0.11698573318260885,-0.3945440402209564,-0.05558101908028366,1,0.3360655737704918,0.3360655737704918
mcosmo,unemp,other,pooled_cl,no_bailout,n_cell,share,248,248,0.28970265754286917,0.1321039210423097,0.5847460395514039,0,0.967741935483871,0
mcosmo,unemp,other,pooled_cl,no_bailout,n_eff,count,240,240,-0.12525839497986851,-0.3945440402209564,-0.05824188696655774,1,0.38333333333333336,0.38333333333333336
mcosmo,unemp,other,pooled_cl,no_bailout,n_eff,rate,244,244,-0.12525839497986851,-0.3945440402209564,-0.05824188696655774,1,0.38524590163934425,0.38524590163934425
mcosmo,unemp,other,pooled_cl,no_bailout,n_eff,share,248,248,0.29326480532618987,0.1321039210423097,0.592677375949696,0,0.9838709677419355,0
mcosmo,unemp,other,pooled_cl,no_bailout,none,count,240,240,-0.19064884100900031,-0.41311974761845327,-0.10644726202276766,1,0.6625,0.6625
mcosmo,unemp,other,pooled_cl,no_bailout,none,rate,244,244,-0.19064884100900031,-0.41311974761845327,-0.10644726202276766,1,0.6639344262295082,0.6639344262295082
mcosmo,unemp,other,pooled_cl,no_bailout,none,share,248,248,0.2228812657004683,0.09981045250510918,0.45889893665108633,0,0.7258064516129032,0
mcosmo,unemp,other,pooled_cl,no_bailout,pop,count,240,240,0.08397435474855539,-0.4254129117758085,0.24317852673101092,0.2,0.4,0.2
mcosmo,unemp,other,pooled_cl,no_bailout,pop,rate,244,244,0.08397435474855539,-0.4254129117758085,0.24317852673101092,0.19672131147540983,0.39344262295081966,0.19672131147540983
mcosmo,unemp,other,pooled_cl,no_bailout,pop,share,248,248,0.2952384461598543,0.12369171950707226,0.6135234354210608,0,0.907258064516129,0
mcosmo,unemp,other,pooled_cl,y2004_2008,n_cell,count,240,192,0.018735910914873352,-0.02248079188576995,0.0669257849348727,0.125,0,0
mcosmo,unemp,other,pooled_cl,y2004_2008,n_cell,rate,244,196,0.018735910914873352,-0.02248079188576995,0.0669257849348727,0.12244897959183673,0,0
mcosmo,unemp,other,pooled_cl,y2004_2008,n_cell,share,248,200,0.1219123856876155,0.05124791740210261,0.2388841565922019,0,0.22,0
mcosmo,unemp,other,pooled_cl,y2004_2008,n_eff,count,240,192,0.01586857399509827,-0.02248079188576995,0.05470757900800365,0.16666666666666666,0,0
mcosmo,unemp,other,pooled_cl,y2004_2008,n_eff,rate,244,196,0.01586857399509827,-0.02248079188576995,0.05470757900800365,0.17346938775510204,0,0
mcosmo,unemp,other,pooled_cl,y2004_2008,n_eff,share,248,200,0.12433863750040326,0.05124791740210261,0.24511273999255695,0,0.235,0
mcosmo,unemp,other,pooled_cl,y2004_2008,none,count,240,192,-0.07028606201434497,-0.16008505729611872,-0.03250874326106593,1,0,0
mcosmo,unemp,other,pooled_cl,y2004_2008,none,rate,244,196,-0.0707866383871211,-0.16008505729611872,-0.03250874326106593,1,0,0
mcosmo,unemp,other,pooled_cl,y2004_2008,none,share,248,200,0.10319482667785468,0.03729655310191101,0.2146911940881695,0,0.105,0
mcosmo,unemp,other,pooled_cl,y2004_2008,pop,count,240,192,0.21595090952116655,0.1034414902692924,0.4235613778619834,0,0.5,0
mcosmo,unemp,other,pooled_cl,y2004_2008,pop,rate,244,196,0.21595090952116655,0.1034414902692924,0.4235613778619834,0,0.5,0
mcosmo,unemp,other,pooled_cl,y2004_2008,pop,share,248,200,0.1916735799719208,0.0763376378133267,0.4622522240413814,0,0.5,0
mcosmo,unemp,other,pooled_cl,y2009_2013,n_cell,count,240,240,-0.4514587341580051,-0.6232297345636318,-0.30228524791250927,1,1,1
mcosmo,unemp,other,pooled_cl,y2009_2013,n_cell,rate,244,244,-0.4514587341580051,-0.6232297345636318,-0.30228524791250927,1,1,1
mcosmo,unemp,other,pooled_cl,y2009_2013,n_cell,share,248,248,0.11505502531559905,-0.01755852122230767,0.3715638843489673,0.016129032258064516,0.27419354838709675,0
mcosmo,unemp,other,pooled_cl,y2009_2013,n_eff,count,240,240,-0.45140853225502825,-0.6232297345636318,-0.30228524791250927,1,1,1
mcosmo,unemp,other,pooled_cl,y2009_2013,n_eff,rate,244,244,-0.45140853225502825,-0.6232297345636318,-0.30228524791250927,1,1,1
mcosmo,unemp,other,pooled_cl,y2009_2013,n_eff,share,248,248,0.11627420639247216,-0.02080332072084493,0.3703955429977685,0.024193548387096774,0.2701612903225806,0
mcosmo,unemp,other,pooled_cl,y2009_2013,none,count,240,240,-0.4938406663204637,-0.65060521278149,-0.3318526792635567,1,1,1
mcosmo,unemp,other,pooled_cl,y2009_2013,none,rate,244,244,-0.4938406663204637,-0.65060521278149,-0.3318526792635567,1,1,1
mcosmo,unemp,other,pooled_cl,y2009_2013,none,share,248,248,0.03558165600927436,-0.12099633924844765,0.2223146631048044,0.3387096774193548,0.07258064516129033,0
mcosmo,unemp,other,pooled_cl,y2009_2013,pop,count,240,240,-0.39031365048267364,-0.7472868289088167,-0.17446385600208106,1,1,1
mcosmo,unemp,other,pooled_cl,y2009_2013,pop,rate,244,244,-0.39031365048267364,-0.7472868289088167,-0.17446385600208106,1,1,1
mcosmo,unemp,other,pooled_cl,y2009_2013,pop,share,248,248,0.07451490666326654,-0.1938660647928648,0.32430788461527343,0.21774193548387097,0.16129032258064516,0.016129032258064516
mcosmo,unemp,other,re,all,none,count,240,240,-0.26154349669586807,-0.5339407619632555,-0.1633249623810068,1,1,1
mcosmo,unemp,other,re,all,none,rate,244,242,-0.261555050024997,-0.5339407619632555,-0.1633249623810068,1,1,1
mcosmo,unemp,other,re,all,none,share,248,246,-0.2891221895699988,-0.46921948306227257,-0.1886256690376074,1,1,1
mcosmo,unemp,other,re,no_GR_ES,none,count,240,240,-0.1846085708054608,-0.47406493252637616,-0.09847290542830583,1,0.8291666666666667,0.8291666666666667
mcosmo,unemp,other,re,no_GR_ES,none,rate,244,242,-0.1846085708054608,-0.47406493252637616,-0.09847290542830583,1,0.8305785123966942,0.8305785123966942
mcosmo,unemp,other,re,no_GR_ES,none,share,248,246,-0.19120107323530094,-0.32142005056295136,-0.10936299456902118,1,0.8252032520325203,0.8252032520325203
mcosmo,unemp,other,re,no_bailout,none,count,240,240,-0.07557719344576196,-0.26038483534358753,-0.01094571817459273,1,0.14166666666666666,0.14166666666666666
mcosmo,unemp,other,re,no_bailout,none,rate,244,242,-0.07557719344576196,-0.26038483534358753,-0.01094571817459273,1,0.14049586776859505,0.14049586776859505
mcosmo,unemp,other,re,no_bailout,none,share,248,246,-0.10572592664876802,-0.21184838225798008,0.04204743943682565,0.9274193548387096,0.2601626016260163,0.2601626016260163
mcosmo,unemp,other,re,y2004_2008,none,count,240,192,0.15124965677571284,0.08178093177951345,0.19195613301300307,0,0.203125,0
mcosmo,unemp,other,re,y2004_2008,none,rate,244,194,0.15158023764391165,0.08178093177951345,0.19195613301300307,0,0.20618556701030927,0
mcosmo,unemp,other,re,y2004_2008,none,share,248,198,-0.303416658732504,-0.4188176551231682,-0.19211370437144873,1,1,1
mcosmo,unemp,other,re,y2009_2013,none,count,240,240,-0.429032479938966,-0.56308171756803,-0.2945655817220162,1,1,1
mcosmo,unemp,other,re,y2009_2013,none,rate,244,242,-0.4724830274019457,-0.56308171756803,-0.2945655817220162,1,1,1
mcosmo,unemp,other,re,y2009_2013,none,share,248,246,-0.3616938988574847,-0.49592592816771186,-0.186183343203446,1,1,1
mlib,growth,none,fe_country,all,n_cell,count,48,48,-0.06658415069248359,-0.10008401721790926,-0.04328056889301004,1,0,0
mlib,growth,none,fe_country,all,n_cell,rate,50,50,-0.06658415069248359,-0.10008401721790926,-0.04328056889301004,1,0,0
mlib,growth,none,fe_country,all,n_cell,share,50,50,-0.16358457064111198,-0.23082220885732355,-0.10753624302779315,1,0.72,0.72
mlib,growth,none,fe_country,all,n_eff,count,48,48,-0.06905248477791912,-0.10008401721790926,-0.04565606476821807,1,0,0
mlib,growth,none,fe_country,all,n_eff,rate,50,50,-0.06905248477791912,-0.10011537819916724,-0.04565606476821807,1,0,0
mlib,growth,none,fe_country,all,n_eff,share,50,50,-0.16544717527789277,-0.23082220885732355,-0.10775569797177266,1,0.72,0.72
mlib,growth,none,fe_country,all,none,count,48,48,-0.05635968289388045,-0.09042287396846022,-0.03422921127771659,1,0,0
mlib,growth,none,fe_country,all,none,rate,50,50,-0.05635968289388045,-0.09042287396846022,-0.03422921127771659,1,0,0
mlib,growth,none,fe_country,all,none,share,50,50,-0.16085501604459224,-0.22208490171525383,-0.10881505200563496,1,0.74,0.74
mlib,growth,none,fe_country,all,pop,count,48,48,-0.10657308000978527,-0.16984550208677412,-0.05982908540063958,1,0.4166666666666667,0.4166666666666667
mlib,growth,none,fe_country,all,pop,rate,50,50,-0.10498276034266121,-0.16984550208677412,-0.055893044025204536,1,0.4,0.4
mlib,growth,none,fe_country,all,pop,share,50,50,-0.1958202738082445,-0.28178905850622743,-0.12344784879857307,1,0.98,0.98
mlib,growth,none,fe_country,no_GR_ES,n_cell,count,48,48,-0.03177403798808971,-0.05381655077740789,-0.01656756065475835,1,0,0
mlib,growth,none,fe_country,no_GR_ES,n_cell,rate,50,50,-0.03177403798808971,-0.05381655077740789,-0.01656756065475835,1,0,0
mlib,growth,none,fe_country,no_GR_ES,n_cell,share,50,50,-0.12853750107628895,-0.18546012867293693,-0.08679728116796934,1,0.5,0.5
mlib,growth,none,fe_country,no_GR_ES,n_eff,count,48,48,-0.0323020955026273,-0.05381655077740789,-0.01796772859774357,1,0,0
mlib,growth,none,fe_country,no_GR_ES,n_eff,rate,50,50,-0.0323020955026273,-0.05381655077740789,-0.01796772859774357,1,0,0
mlib,growth,none,fe_country,no_GR_ES,n_eff,share,50,50,-0.1296114482835293,-0.18546012867293693,-0.08662791088100273,1,0.5,0.5
mlib,growth,none,fe_country,no_GR_ES,none,count,48,48,-0.02768368516487501,-0.05159778255026057,-0.01207032804321566,1,0,0
mlib,growth,none,fe_country,no_GR_ES,none,rate,50,50,-0.02768368516487501,-0.05159778255026057,-0.01207032804321566,1,0,0
mlib,growth,none,fe_country,no_GR_ES,none,share,50,50,-0.1334295472850724,-0.1908598166043788,-0.09064050545819084,1,0.5,0.5
mlib,growth,none,fe_country,no_GR_ES,pop,count,48,48,-0.04366758304285784,-0.08547494504664661,-0.01465242484696987,1,0,0
mlib,growth,none,fe_country,no_GR_ES,pop,rate,50,50,-0.043179425430567395,-0.08547494504664661,-0.01465242484696987,1,0,0
mlib,growth,none,fe_country,no_GR_ES,pop,share,50,50,-0.15211044076443186,-0.21643539183400892,-0.10469187636786717,1,0.5,0.5
mlib,growth,none,fe_country,no_bailout,n_cell,count,48,48,0.018699748709261298,0.00661836567614571,0.04516036918550112,0,0,0
mlib,growth,none,fe_country,no_bailout,n_cell,rate,50,50,0.018699748709261298,0.00661836567614571,0.04516036918550112,0,0,0
mlib,growth,none,fe_country,no_bailout,n_cell,share,50,50,-0.07262631770178601,-0.1181417344919812,-0.04316200561507138,1,0,0
mlib,growth,none,fe_country,no_bailout,n_eff,count,48,48,0.018975579682208386,0.00661836567614571,0.04607336192223144,0,0,0
mlib,growth,none,fe_country,no_bailout,n_eff,rate,50,50,0.018975579682208386,0.00661836567614571,0.04607336192223144,0,0,0
mlib,growth,none,fe_country,no_bailout,n_eff,share,50,50,-0.07253849693602216,-0.1181417344919812,-0.04196940022767211,1,0,0
mlib,growth,none,fe_country,no_bailout,none,count,48,48,0.02694854712884738,0.01181907219064491,0.05572101164693778,0,0,0
mlib,growth,none,fe_country,no_bailout,none,rate,50,50,0.02694854712884738,0.01181907219064491,0.05572101164693778,0,0,0
mlib,growth,none,fe_country,no_bailout,none,share,50,50,-0.07757159034751421,-0.12543696029507234,-0.04651764867575944,1,0,0
mlib,growth,none,fe_country,no_bailout,pop,count,48,48,1.0527106210149456e-5,-0.02583855197976005,0.0323467215836161,0.5,0,0
mlib,growth,none,fe_country,no_bailout,pop,rate,50,50,4.344436952412504e-4,-0.02583855197976005,0.0323467215836161,0.48,0,0
mlib,growth,none,fe_country,no_bailout,pop,share,50,50,-0.12560535153377356,-0.18231076304176416,-0.08688014817613027,1,0.44,0.44
mlib,growth,none,fe_country,y2004_2008,n_cell,count,48,48,0.21998200944427537,0.14787438056830549,0.3041205080001479,0,0.5,0
mlib,growth,none,fe_country,y2004_2008,n_cell,rate,50,50,0.22306118741871456,0.14787438056830549,0.341369476279199,0,0.5,0
mlib,growth,none,fe_country,y2004_2008,n_cell,share,50,50,0.013749503624301565,-0.00650927184538307,0.05786005414368182,0.04,0,0
mlib,growth,none,fe_country,y2004_2008,n_eff,count,48,48,0.21929631702824182,0.14787438056830549,0.3069445855184638,0,0.5,0
mlib,growth,none,fe_country,y2004_2008,n_eff,rate,50,50,0.22188034251403355,0.14787438056830549,0.3443625106715904,0,0.5,0
mlib,growth,none,fe_country,y2004_2008,n_eff,share,50,50,0.013514882916610856,-0.00650927184538307,0.05714778545387712,0.04,0,0
mlib,growth,none,fe_country,y2004_2008,none,count,48,48,0.16656952830247135,0.11904415504012553,0.22474358974492856,0,0.5,0
mlib,growth,none,fe_country,y2004_2008,none,rate,50,50,0.16982947755427685,0.11904415504012553,0.25183235129345677,0,0.5,0
mlib,growth,none,fe_country,y2004_2008,none,share,50,50,-0.021579804600184084,-0.0659523700373356,-0.00340137624329713,1,0,0
mlib,growth,none,fe_country,y2004_2008,pop,count,48,48,0.1717707710197765,0.12710592982382374,0.24866046414775128,0,0.375,0
mlib,growth,none,fe_country,y2004_2008,pop,rate,50,50,0.1735381412132493,0.12710592982382374,0.2655679768465796,0,0.4,0
mlib,growth,none,fe_country,y2004_2008,pop,share,50,50,-0.18403002967422222,-0.2390943432440948,-0.12595961537782657,1,0.44,0.44
mlib,growth,none,fe_country,y2009_2013,n_cell,count,48,48,0.150193686417946,0.11212730409033368,0.2029339826786406,0,0.08333333333333333,0
mlib,growth,none,fe_country,y2009_2013,n_cell,rate,50,50,0.15085190867547665,0.11212730409033368,0.2029339826786406,0,0.1,0
mlib,growth,none,fe_country,y2009_2013,n_cell,share,50,50,0.2084517739935427,0.14193472952898942,0.30454162692650133,0,0.7,0
mlib,growth,none,fe_country,y2009_2013,n_eff,count,48,48,0.14227374403099485,0.0990486791641485,0.2029339826786406,0,0.08333333333333333,0
mlib,growth,none,fe_country,y2009_2013,n_eff,rate,50,50,0.14375337882343336,0.0990486791641485,0.2029339826786406,0,0.08,0
mlib,growth,none,fe_country,y2009_2013,n_eff,share,50,50,0.20510057545152577,0.13118197710124313,0.30454162692650133,0,0.64,0
mlib,growth,none,fe_country,y2009_2013,none,count,48,48,0.21614649080515833,0.1874230879965724,0.24928030428392073,0,0.9583333333333334,0
mlib,growth,none,fe_country,y2009_2013,none,rate,50,50,0.21702560043240973,0.1874230879965724,0.2705194121618501,0,0.96,0
mlib,growth,none,fe_country,y2009_2013,none,share,50,50,0.2883328938555329,0.22815776600711643,0.35546380431255814,0,1,0
mlib,growth,none,fe_country,y2009_2013,pop,count,48,48,0.28792135293071086,0.2097807102864902,0.344950700181907,0,1,0
mlib,growth,none,fe_country,y2009_2013,pop,rate,50,50,0.2893730609709949,0.2097807102864902,0.41203739060045985,0,1,0
mlib,growth,none,fe_country,y2009_2013,pop,share,50,50,0.29591852915882516,0.21777015975810096,0.398293980828057,0,1,0
mlib,growth,none,fe_twoway,all,n_cell,count,48,48,-0.058466222141625834,-0.07943552265965284,-0.04129942363519766,1,0,0
mlib,growth,none,fe_twoway,all,n_cell,rate,50,50,-0.05909770958034542,-0.1441642559782884,-0.04129942363519766,1,0.02,0.02
mlib,growth,none,fe_twoway,all,n_cell,share,50,50,-0.02423242691945796,-0.08754268338818483,0.03735821662483644,0.52,0,0
mlib,growth,none,fe_twoway,all,n_eff,count,48,48,-0.06042460140279585,-0.08271953711737505,-0.0417341211594673,1,0,0
mlib,growth,none,fe_twoway,all,n_eff,rate,50,50,-0.06161731956200507,-0.15032086149715831,-0.0417341211594673,1,0.02,0.02
mlib,growth,none,fe_twoway,all,n_eff,share,50,50,-0.02423242691945796,-0.09381244882553604,0.03735821662483644,0.52,0,0
mlib,growth,none,fe_twoway,all,none,count,48,48,-0.06953342625337557,-0.08983614361378534,-0.04764000260123451,1,0,0
mlib,growth,none,fe_twoway,all,none,rate,50,50,-0.06960732467415061,-0.14373839962272908,-0.04764000260123451,1,0.02,0.02
mlib,growth,none,fe_twoway,all,none,share,50,50,-0.04255961096763111,-0.1019979491583802,0.00817406077727215,0.84,0,0
mlib,growth,none,fe_twoway,all,pop,count,48,48,-0.04247811770268896,-0.09580696975434635,-0.02090834998485271,1,0,0
mlib,growth,none,fe_twoway,all,pop,rate,50,50,-0.04345400014674772,-0.21202887756036473,-0.02090834998485271,1,0.02,0.02
mlib,growth,none,fe_twoway,all,pop,share,50,50,0.003571881802900625,-0.19460812560468987,0.08444907592568685,0.44,0.02,0.02
mlib,growth,none,fe_twoway,no_GR_ES,n_cell,count,48,48,-0.04270422754991436,-0.06498446218903729,-0.0272494052164409,1,0,0
mlib,growth,none,fe_twoway,no_GR_ES,n_cell,rate,50,50,-0.042933685676988464,-0.11564184752645167,-0.0272494052164409,1,0,0
mlib,growth,none,fe_twoway,no_GR_ES,n_cell,share,50,50,-0.00518709243942584,-0.0437324049110453,0.0619969098778949,0.52,0,0
mlib,growth,none,fe_twoway,no_GR_ES,n_eff,count,48,48,-0.04507078752818347,-0.06508020419325096,-0.02812011866588719,1,0,0
mlib,growth,none,fe_twoway,no_GR_ES,n_eff,rate,50,50,-0.0455956614649297,-0.12102261328729388,-0.02812011866588719,1,0,0
mlib,growth,none,fe_twoway,no_GR_ES,n_eff,share,50,50,-0.00518709243942584,-0.04841205651335297,0.0619969098778949,0.52,0,0
mlib,growth,none,fe_twoway,no_GR_ES,none,count,48,48,-0.055465593893411554,-0.08175118606642122,-0.03478583385469618,1,0,0
mlib,growth,none,fe_twoway,no_GR_ES,none,rate,50,50,-0.055807229164685654,-0.12368193442435965,-0.03478583385469618,1,0,0
mlib,growth,none,fe_twoway,no_GR_ES,none,share,50,50,-0.024779985652927695,-0.07901737482113128,0.03070827958676226,0.6,0,0
mlib,growth,none,fe_twoway,no_GR_ES,pop,count,48,48,0.019857702992991635,0.00320203649623365,0.0338779391809387,0,0,0
mlib,growth,none,fe_twoway,no_GR_ES,pop,rate,50,50,0.01970370550930456,-0.10245725436898506,0.0338779391809387,0.04,0,0
mlib,growth,none,fe_twoway,no_GR_ES,pop,share,50,50,0.07912070828068472,-0.05096735252647228,0.18009729950841938,0.04,0.24,0
mlib,growth,none,fe_twoway,no_bailout,n_cell,count,48,48,0.015384584795284765,0.00432880667577715,0.03217138740984986,0,0,0
mlib,growth,none,fe_twoway,no_bailout,n_cell,rate,50,50,0.01513276236739183,-0.03260986431452041,0.03217138740984986,0.04,0,0
mlib,growth,none,fe_twoway,no_bailout,n_cell,share,50,50,0.06357996420563544,0.025431271939728824,0.13931683123741478,0,0,0
mlib,growth,none,fe_twoway,no_bailout,n_eff,count,48,48,0.014765084370110256,0.00432880667577715,0.0311537958331401,0,0,0
mlib,growth,none,fe_twoway,no_bailout,n_eff,rate,50,50,0.01466568864614997,-0.03349109942133897,0.0311537958331401,0.04,0,0
mlib,growth,none,fe_twoway,no_bailout,n_eff,share,50,50,0.0643566107926109,0.026032073129902602,0.13931683123741478,0,0,0
mlib,growth,none,fe_twoway,no_bailout,none,count,48,48,0.00240932097327313,-0.0181106898634738,0.01831659518798531,0.4166666666666667,0,0
mlib,growth,none,fe_twoway,no_bailout,none,rate,50,50,0.001857633521461455,-0.04843344749699281,0.01831659518798531,0.44,0,0
mlib,growth,none,fe_twoway,no_bailout,none,share,50,50,0.028461536781820007,-0.00471420652992943,0.09413305008926992,0.04,0,0
mlib,growth,none,fe_twoway,no_bailout,pop,count,48,48,0.06630081326414392,0.030913187083483,0.11940045072580248,0,0,0
mlib,growth,none,fe_twoway,no_bailout,pop,rate,50,50,0.06630062976900732,-0.030978127864100126,0.11940045072580248,0.04,0,0
mlib,growth,none,fe_twoway,no_bailout,pop,share,50,50,0.10516637514455589,-0.003740333140815228,0.2354298824106414,0.04,0.24,0
mlib,growth,none,fe_twoway,y2004_2008,n_cell,count,48,48,0.04355574530857341,0.02392328880915009,0.08040454152804488,0,0,0
mlib,growth,none,fe_twoway,y2004_2008,n_cell,rate,50,50,0.04355574530857341,0.022199007723480383,0.08040454152804488,0,0,0
mlib,growth,none,fe_twoway,y2004_2008,n_cell,share,50,50,0.037653583851017164,0.01241926198223231,0.1296369301215533,0,0,0
mlib,growth,none,fe_twoway,y2004_2008,n_eff,count,48,48,0.044774820133092114,0.02392328880915009,0.08638774062155533,0,0,0
mlib,growth,none,fe_twoway,y2004_2008,n_eff,rate,50,50,0.044774820133092114,0.02392328880915009,0.08638774062155533,0,0,0
mlib,growth,none,fe_twoway,y2004_2008,n_eff,share,50,50,0.03938134649115146,0.01318402362300467,0.1352880607889556,0,0,0
mlib,growth,none,fe_twoway,y2004_2008,none,count,48,48,0.011047006085489265,-0.00102654771388949,0.02920520289999912,0.08333333333333333,0,0
mlib,growth,none,fe_twoway,y2004_2008,none,rate,50,50,0.01046419930903849,-0.019703106555733475,0.02920520289999912,0.12,0,0
mlib,growth,none,fe_twoway,y2004_2008,none,share,50,50,-0.002890538292143735,-0.04417484025861434,0.02710039831514437,0.56,0,0
mlib,growth,none,fe_twoway,y2004_2008,pop,count,48,48,-0.01998548581313358,-0.04500864954828041,-2.877398205772977e-4,1,0,0
mlib,growth,none,fe_twoway,y2004_2008,pop,rate,50,50,-0.01998548581313358,-0.04500864954828041,-2.877398205772977e-4,1,0,0
mlib,growth,none,fe_twoway,y2004_2008,pop,share,50,50,-0.027860483614314705,-0.08182815004498073,0.00285957254344778,0.88,0,0
mlib,growth,none,fe_twoway,y2009_2013,n_cell,count,48,48,-0.20453638448375555,-0.22566843407748072,-0.19033596736345068,1,0.9166666666666666,0.9166666666666666
mlib,growth,none,fe_twoway,y2009_2013,n_cell,rate,50,50,-0.20453638448375555,-0.23887205933075414,-0.19033596736345068,1,0.92,0.92
mlib,growth,none,fe_twoway,y2009_2013,n_cell,share,50,50,-0.2098155397052083,-0.26549471396761043,-0.1548331029717694,1,0.62,0.62
mlib,growth,none,fe_twoway,y2009_2013,n_eff,count,48,48,-0.20898858831409328,-0.24012074944713227,-0.19161259046636853,1,0.9791666666666666,0.9791666666666666
mlib,growth,none,fe_twoway,y2009_2013,n_eff,rate,50,50,-0.20898858831409328,-0.2545456866072121,-0.19161259046636853,1,0.98,0.98
mlib,growth,none,fe_twoway,y2009_2013,n_eff,share,50,50,-0.2163094130461944,-0.2789591469630445,-0.1548331029717694,1,0.66,0.66
mlib,growth,none,fe_twoway,y2009_2013,none,count,48,48,-0.18286015185399934,-0.20653953737478636,-0.16826822960304136,1,0.22916666666666666,0.22916666666666666
mlib,growth,none,fe_twoway,y2009_2013,none,rate,50,50,-0.18345351159771056,-0.22755270264531124,-0.16826822960304136,1,0.24,0.24
mlib,growth,none,fe_twoway,y2009_2013,none,share,50,50,-0.20201462538098186,-0.2561526580501871,-0.13709228387021088,1,0.52,0.52
mlib,growth,none,fe_twoway,y2009_2013,pop,count,48,48,-0.03925642426738017,-0.08683127716736651,-0.00754298868837149,1,0,0
mlib,growth,none,fe_twoway,y2009_2013,pop,rate,50,50,-0.03942549588609658,-0.147542300843965,-0.00754298868837149,1,0,0
mlib,growth,none,fe_twoway,y2009_2013,pop,share,50,50,-0.0660367647864345,-0.19128703335553393,-0.00968087161127851,1,0,0
mlib,growth,none,pooled_cl,all,n_cell,count,48,48,-0.03772798577850229,-0.04948778711614462,-0.02990508014505383,1,0,0
mlib,growth,none,pooled_cl,all,n_cell,rate,50,50,-0.03796752071853195,-0.04948778711614462,-0.02990508014505383,1,0,0
mlib,growth,none,pooled_cl,all,n_cell,share,50,50,-0.0893920209346141,-0.13019257792093508,-0.0663498609108412,1,0.16,0.16
mlib,growth,none,pooled_cl,all,n_eff,count,48,48,-0.03761075766184514,-0.04948778711614462,-0.02558301294290298,1,0,0
mlib,growth,none,pooled_cl,all,n_eff,rate,50,50,-0.03762547897455539,-0.04948778711614462,-0.02558301294290298,1,0,0
mlib,growth,none,pooled_cl,all,n_eff,share,50,50,-0.08708908880675896,-0.12942919677797315,-0.063130752049841,1,0.16,0.16
mlib,growth,none,pooled_cl,all,none,count,48,48,-0.05848224217824684,-0.06877109955204497,-0.05134134701977291,1,0,0
mlib,growth,none,pooled_cl,all,none,rate,50,50,-0.05854456839941881,-0.0701715997836231,-0.05134134701977291,1,0,0
mlib,growth,none,pooled_cl,all,none,share,50,50,-0.11283699447397803,-0.14722856992300687,-0.09131136396103666,1,0.42,0.42
mlib,growth,none,pooled_cl,all,pop,count,48,48,-0.01693878348763029,-0.03397903807989903,-0.00850637545515214,1,0,0
mlib,growth,none,pooled_cl,all,pop,rate,50,50,-0.017385619170618857,-0.036523309507746723,-0.00850637545515214,1,0,0
mlib,growth,none,pooled_cl,all,pop,share,50,50,-0.10259778738324327,-0.16058437091921618,-0.06585838641457624,1,0.32,0.32
mlib,growth,none,pooled_cl,no_GR_ES,n_cell,count,48,48,-0.07415256688991798,-0.08222084367472521,-0.06400384982184092,1,0,0
mlib,growth,none,pooled_cl,no_GR_ES,n_cell,rate,50,50,-0.07415256688991798,-0.08222084367472521,-0.06400384982184092,1,0,0
mlib,growth,none,pooled_cl,no_GR_ES,n_cell,share,50,50,-0.11838083774654609,-0.15010948898813506,-0.09530929654502798,1,0.28,0.28
mlib,growth,none,pooled_cl,no_GR_ES,n_eff,count,48,48,-0.07231207302505274,-0.08222084367472521,-0.05901580964201958,1,0,0
mlib,growth,none,pooled_cl,no_GR_ES,n_eff,rate,50,50,-0.07231207302505274,-0.08222084367472521,-0.05901580964201958,1,0,0
mlib,growth,none,pooled_cl,no_GR_ES,n_eff,share,50,50,-0.11694953454813273,-0.14836485239936506,-0.09090317719931829,1,0.26,0.26
mlib,growth,none,pooled_cl,no_GR_ES,none,count,48,48,-0.0832467398484773,-0.08855606148174465,-0.07721805447728904,1,0,0
mlib,growth,none,pooled_cl,no_GR_ES,none,rate,50,50,-0.0832974220803289,-0.08855606148174465,-0.07721805447728904,1,0,0
mlib,growth,none,pooled_cl,no_GR_ES,none,share,50,50,-0.12873009373933317,-0.15690766805976666,-0.10684380572606934,1,0.62,0.62
mlib,growth,none,pooled_cl,no_GR_ES,pop,count,48,48,-0.030783105618022385,-0.05148973434031491,-0.01812118521395771,1,0,0
mlib,growth,none,pooled_cl,no_GR_ES,pop,rate,50,50,-0.030783105618022385,-0.05148973434031491,-0.01812118521395771,1,0,0
mlib,growth,none,pooled_cl,no_GR_ES,pop,share,50,50,-0.09546562559246849,-0.14201288793369146,-0.06099013105938234,1,0.24,0.24
mlib,growth,none,pooled_cl,no_bailout,n_cell,count,48,48,-0.10117479267281312,-0.11963024419402812,-0.08233329711839522,1,0,0
mlib,growth,none,pooled_cl,no_bailout,n_cell,rate,50,50,-0.10117479267281312,-0.11963024419402812,-0.08233329711839522,1,0,0
mlib,growth,none,pooled_cl,no_bailout,n_cell,share,50,50,-0.12959424751067045,-0.16639666246082876,-0.0992747634713181,1,0.5,0.5
mlib,growth,none,pooled_cl,no_bailout,n_eff,count,48,48,-0.09886170335305294,-0.11963024419402812,-0.07743722932449164,1,0,0
mlib,growth,none,pooled_cl,no_bailout,n_eff,rate,50,50,-0.09886170335305294,-0.11963024419402812,-0.07743722932449164,1,0,0
mlib,growth,none,pooled_cl,no_bailout,n_eff,share,50,50,-0.12705796478377174,-0.16626928908981298,-0.0941033283552566,1,0.44,0.44
mlib,growth,none,pooled_cl,no_bailout,none,count,48,48,-0.10465133304600703,-0.11997735898996369,-0.08947409327350167,1,0,0
mlib,growth,none,pooled_cl,no_bailout,none,rate,50,50,-0.10465133304600703,-0.11997735898996369,-0.08947409327350167,1,0,0
mlib,growth,none,pooled_cl,no_bailout,none,share,50,50,-0.13892652211246215,-0.1732319268836894,-0.10865160293562544,1,0.5,0.5
mlib,growth,none,pooled_cl,no_bailout,pop,count,48,48,0.002296265004473145,-0.00360746463071495,0.00835070287928939,0.3333333333333333,0,0
mlib,growth,none,pooled_cl,no_bailout,pop,rate,50,50,0.002260196791987365,-0.00360746463071495,0.00835070287928939,0.32,0,0
mlib,growth,none,pooled_cl,no_bailout,pop,share,50,50,-0.050649480736704944,-0.0880466517536937,-0.02795136908407778,1,0,0
mlib,growth,none,pooled_cl,y2004_2008,n_cell,count,48,48,-0.13368011045757755,-0.1758676155218628,-0.10043666469234536,1,0.125,0.125
mlib,growth,none,pooled_cl,y2004_2008,n_cell,rate,50,50,-0.13204239706191603,-0.1758676155218628,-0.09748659535477554,1,0.12,0.12
mlib,growth,none,pooled_cl,y2004_2008,n_cell,share,50,50,-0.13351993139468235,-0.19467518823592106,-0.09325269843173165,1,0.26,0.26
mlib,growth,none,pooled_cl,y2004_2008,n_eff,count,48,48,-0.13311292578367762,-0.1758676155218628,-0.10043951964468974,1,0.125,0.125
mlib,growth,none,pooled_cl,y2004_2008,n_eff,rate,50,50,-0.13311292578367762,-0.1758676155218628,-0.09930204171577625,1,0.12,0.12
mlib,growth,none,pooled_cl,y2004_2008,n_eff,share,50,50,-0.13463240446738023,-0.19891992997690547,-0.09357634827901733,1,0.26,0.26
mlib,growth,none,pooled_cl,y2004_2008,none,count,48,48,-0.1268496780487539,-0.16324151545885018,-0.09685098079905656,1,0,0
mlib,growth,none,pooled_cl,y2004_2008,none,rate,50,50,-0.1268496780487539,-0.16324151545885018,-0.09604220645260791,1,0,0
mlib,growth,none,pooled_cl,y2004_2008,none,share,50,50,-0.1262296285648734,-0.19194529730635532,-0.08481730262348079,1,0.14,0.14
mlib,growth,none,pooled_cl,y2004_2008,pop,count,48,48,-0.14615864106904705,-0.21656048269403955,-0.08511940495041412,1,0.5,0.5
mlib,growth,none,pooled_cl,y2004_2008,pop,rate,50,50,-0.1384981985717066,-0.21656048269403955,-0.07932935949334394,1,0.5,0.5
mlib,growth,none,pooled_cl,y2004_2008,pop,share,50,50,-0.19179139933567735,-0.30364218423101474,-0.1085170542972597,1,0.5,0.5
mlib,growth,none,pooled_cl,y2009_2013,n_cell,count,48,48,0.15589882811143324,0.13112307670527856,0.18053713660077175,0,0.1875,0
mlib,growth,none,pooled_cl,y2009_2013,n_cell,rate,50,50,0.15589882811143324,0.13112307670527856,0.18122065848771718,0,0.2,0
mlib,growth,none,pooled_cl,y2009_2013,n_cell,share,50,50,0.19000133965968224,0.14099761753308004,0.2285283034650142,0,0.72,0
mlib,growth,none,pooled_cl,y2009_2013,n_eff,count,48,48,0.15561417613116724,0.12664554212276655,0.18053713660077175,0,0.16666666666666666,0
mlib,growth,none,pooled_cl,y2009_2013,n_eff,rate,50,50,0.15561417613116724,0.12664554212276655,0.18221560893227304,0,0.18,0
mlib,growth,none,pooled_cl,y2009_2013,n_eff,share,50,50,0.18963818914655878,0.13642201577993054,0.23046693566748863,0,0.72,0
mlib,growth,none,pooled_cl,y2009_2013,none,count,48,48,0.13823641093922814,0.10838649044671964,0.17177366812483333,0,0.0625,0
mlib,growth,none,pooled_cl,y2009_2013,none,rate,50,50,0.13823641093922814,0.10838649044671964,0.17177366812483333,0,0.08,0
mlib,growth,none,pooled_cl,y2009_2013,none,share,50,50,0.19032475867027554,0.1391737251882367,0.24379353324678346,0,0.74,0
mlib,growth,none,pooled_cl,y2009_2013,pop,count,48,48,0.2272492144315374,0.1912216618896152,0.2577974937590768,0,1,0
mlib,growth,none,pooled_cl,y2009_2013,pop,rate,50,50,0.2290061358273175,0.1912216618896152,0.2577974937590768,0,1,0
mlib,growth,none,pooled_cl,y2009_2013,pop,share,50,50,0.27500597233142,0.21712055003103845,0.31619373578749405,0,1,0
mlib,growth,none,re,all,none,count,48,48,-0.0554379747442085,-0.08741121739653566,-0.03403352741993931,1,0,0
mlib,growth,none,re,all,none,rate,50,49,-0.05698425565265893,-0.08741121739653566,-0.03403352741993931,1,0,0
mlib,growth,none,re,all,none,share,50,49,-0.17455095922456404,-0.2131718921517707,-0.10926170756595982,1,0.7551020408163265,0.7551020408163265
mlib,growth,none,re,no_GR_ES,none,count,48,48,-0.02860585658417363,-0.05162934992217708,-0.01337860832229792,1,0,0
mlib,growth,none,re,no_GR_ES,none,rate,50,49,-0.02945678800807853,-0.05162934992217708,-0.01337860832229792,1,0,0
mlib,growth,none,re,no_GR_ES,none,share,50,49,-0.14460544382329485,-0.1850816044688769,-0.09013258084295966,1,0.5102040816326531,0.5102040816326531
mlib,growth,none,re,no_bailout,none,count,48,48,0.02134718977471406,0.00826351356067599,0.04727006846765326,0,0,0
mlib,growth,none,re,no_bailout,none,rate,50,49,0.02163035880767772,0.00826351356067599,0.04727006846765326,0,0,0
mlib,growth,none,re,no_bailout,none,share,50,49,-0.09185831286084203,-0.12725836604154234,-0.04980555474771551,1,0,0
mlib,growth,none,re,y2004_2008,none,count,48,48,0.13858540665360847,0.10126527935257328,0.18479355033744693,0,0.375,0
mlib,growth,none,re,y2004_2008,none,rate,50,49,0.1654284187288014,0.10126527935257328,0.1884165630166881,0,0.3877551020408163,0
mlib,growth,none,re,y2004_2008,none,share,50,49,-0.02734450995851702,-0.06992756746597745,-0.00947476804332143,1,0,0
mlib,growth,none,re,y2009_2013,none,count,48,48,0.1996875082673612,0.17563303184363696,0.23357378462332373,0,1,0
mlib,growth,none,re,y2009_2013,none,rate,50,49,0.2006321048287632,0.17563303184363696,0.23357378462332373,0,1,0
mlib,growth,none,re,y2009_2013,none,share,50,49,0.2692506320832236,0.21033585638677263,0.335898115068407,0,1,0
mlib,growth,other,fe_country,all,n_cell,count,48,48,0.024780586537742035,0.013339148191711791,0.0406157931742851,0,0,0
mlib,growth,other,fe_country,all,n_cell,rate,50,50,0.024569494994192212,0.013339148191711791,0.0406157931742851,0,0,0
mlib,growth,other,fe_country,all,n_cell,share,50,50,-0.08541039556032021,-0.11636680815405764,-0.06256852994776843,1,0,0
mlib,growth,other,fe_country,all,n_eff,count,48,48,0.024994485227418626,0.013339148191711791,0.04097127325384167,0,0,0
mlib,growth,other,fe_country,all,n_eff,rate,50,50,0.024577723023790854,0.013339148191711791,0.04097127325384167,0,0,0
mlib,growth,other,fe_country,all,n_eff,share,50,50,-0.08443577439599152,-0.11636680815405764,-0.06038638170215544,1,0,0
mlib,growth,other,fe_country,all,none,count,48,48,0.05491116218683591,0.03899716132434024,0.08000404182916458,0,0,0
mlib,growth,other,fe_country,all,none,rate,50,50,0.05491116218683591,0.03899716132434024,0.08000404182916458,0,0,0
mlib,growth,other,fe_country,all,none,share,50,50,-0.05048224352437911,-0.07735616745384093,-0.03281602356242608,1,0,0
mlib,growth,other,fe_country,all,pop,count,48,48,-0.005494289235297935,-0.03217211624063713,0.01832483851572102,0.6666666666666666,0,0
mlib,growth,other,fe_country,all,pop,rate,50,50,-0.00299388721805587,-0.03217211624063713,0.01832483851572102,0.68,0,0
mlib,growth,other,fe_country,all,pop,share,50,50,-0.14755201944003393,-0.1752412065860684,-0.11155525224811708,1,0.88,0.88
mlib,growth,other,fe_country,no_GR_ES,n_cell,count,48,48,0.024411869842440682,0.01175802377618193,0.04236732254292018,0,0,0
mlib,growth,other,fe_country,no_GR_ES,n_cell,rate,50,50,0.024411869842440682,0.01175802377618193,0.04236732254292018,0,0,0
mlib,growth,other,fe_country,no_GR_ES,n_cell,share,50,50,-0.08779369361981917,-0.12265460036304653,-0.06282677171062116,1,0,0
mlib,growth,other,fe_country,no_GR_ES,n_eff,count,48,48,0.02446872052790077,0.01175802377618193,0.04291657945004593,0,0,0
mlib,growth,other,fe_country,no_GR_ES,n_eff,rate,50,50,0.02446872052790077,0.01175802377618193,0.04291657945004593,0,0,0
mlib,growth,other,fe_country,no_GR_ES,n_eff,share,50,50,-0.08699403631698208,-0.12265460036304653,-0.06072398516550886,1,0,0
mlib,growth,other,fe_country,no_GR_ES,none,count,48,48,0.051475522527298145,0.03551428242940877,0.07649154539148015,0,0,0
mlib,growth,other,fe_country,no_GR_ES,none,rate,50,50,0.051475522527298145,0.03551428242940877,0.07649154539148015,0,0,0
mlib,growth,other,fe_country,no_GR_ES,none,share,50,50,-0.061948398163277796,-0.09148118005566123,-0.04177436489635451,1,0,0
mlib,growth,other,fe_country,no_GR_ES,pop,count,48,48,-0.028079455972771606,-0.06434259415602002,0.00211484596913456,0.9166666666666666,0,0
mlib,growth,other,fe_country,no_GR_ES,pop,rate,50,50,-0.02650885250953903,-0.06434259415602002,0.00211484596913456,0.92,0,0
mlib,growth,other,fe_country,no_GR_ES,pop,share,50,50,-0.1738681199109402,-0.21085191086290272,-0.13533169057052385,1,1,1
mlib,growth,other,fe_country,no_bailout,n_cell,count,48,48,0.04426603951371673,0.02524331349570243,0.07534368102147805,0,0,0
mlib,growth,other,fe_country,no_bailout,n_cell,rate,50,50,0.04426603951371673,0.02524331349570243,0.07534368102147805,0,0,0
mlib,growth,other,fe_country,no_bailout,n_cell,share,50,50,-0.06290201944121576,-0.1021175753493004,-0.03890256609532575,1,0,0
mlib,growth,other,fe_country,no_bailout,n_eff,count,48,48,0.044932716528562344,0.02524331349570243,0.07845218330663283,0,0,0
mlib,growth,other,fe_country,no_bailout,n_eff,rate,50,50,0.044932716528562344,0.02524331349570243,0.07845218330663283,0,0,0
mlib,growth,other,fe_country,no_bailout,n_eff,share,50,50,-0.0615027524222928,-0.1021175753493004,-0.03642953145895786,1,0,0
mlib,growth,other,fe_country,no_bailout,none,count,48,48,0.06423414612324711,0.04049826049731872,0.10093950464481992,0,0,0
mlib,growth,other,fe_country,no_bailout,none,rate,50,50,0.06423414612324711,0.04049826049731872,0.10093950464481992,0,0,0
mlib,growth,other,fe_country,no_bailout,none,share,50,50,-0.055019814000315415,-0.09086889944185957,-0.03319360680284022,1,0,0
mlib,growth,other,fe_country,no_bailout,pop,count,48,48,0.00988916804431705,-0.01872597240389584,0.04668498252322418,0.25,0,0
mlib,growth,other,fe_country,no_bailout,pop,rate,50,50,0.01033047496944444,-0.01872597240389584,0.04668498252322418,0.24,0,0
mlib,growth,other,fe_country,no_bailout,pop,share,50,50,-0.13576066966097666,-0.18736595224809172,-0.10380197382042695,1,0.44,0.44
mlib,growth,other,fe_country,y2004_2008,n_cell,count,48,48,0.23106015401756236,0.1490164019211547,0.3260030558371418,0,0.5,0
mlib,growth,other,fe_country,y2004_2008,n_cell,rate,50,50,0.23106015401756236,0.1490164019211547,0.3481375566994888,0,0.5,0
mlib,growth,other,fe_country,y2004_2008,n_cell,share,50,50,0.008703566876606856,-0.01339242612997009,0.05172258248407689,0.24,0,0
mlib,growth,other,fe_country,y2004_2008,n_eff,count,48,48,0.2302588335482066,0.1490164019211547,0.32716487152442764,0,0.5,0
mlib,growth,other,fe_country,y2004_2008,n_eff,rate,50,50,0.2302588335482066,0.1490164019211547,0.34939160954905873,0,0.5,0
mlib,growth,other,fe_country,y2004_2008,n_eff,share,50,50,0.008703566876606856,-0.01339242612997009,0.04985770215401864,0.24,0,0
mlib,growth,other,fe_country,y2004_2008,none,count,48,48,0.20234095659976042,0.13969087877218395,0.2766732689316039,0,0.5,0
mlib,growth,other,fe_country,y2004_2008,none,rate,50,50,0.20234095659976042,0.13969087877218395,0.2929292537928987,0,0.5,0
mlib,growth,other,fe_country,y2004_2008,none,share,50,50,-0.01352202307186102,-0.05629057816398423,0.0099337710140529,0.92,0,0
mlib,growth,other,fe_country,y2004_2008,pop,count,48,48,0.2470239053519538,0.1848868986763709,0.34805163944658396,0,0.9166666666666666,0
mlib,growth,other,fe_country,y2004_2008,pop,rate,50,50,0.25583819142961306,0.1848868986763709,0.36027499481426395,0,0.92,0
mlib,growth,other,fe_country,y2004_2008,pop,share,50,50,-0.18921639959182585,-0.24804658632177956,-0.11126028346872376,1,0.46,0.46
mlib,growth,other,fe_country,y2009_2013,n_cell,count,48,48,0.18513575796293927,0.1413982540238623,0.26569401296113065,0,0.4583333333333333,0
mlib,growth,other,fe_country,y2009_2013,n_cell,rate,50,50,0.18881561148598724,0.1413982540238623,0.26569401296113065,0,0.48,0
mlib,growth,other,fe_country,y2009_2013,n_cell,share,50,50,0.24527366296698438,0.17176143282567913,0.34249492836501993,0,0.84,0
mlib,growth,other,fe_country,y2009_2013,n_eff,count,48,48,0.18057072706151908,0.1309293560816429,0.26569401296113065,0,0.4583333333333333,0
mlib,growth,other,fe_country,y2009_2013,n_eff,rate,50,50,0.18106394245850754,0.1309293560816429,0.26569401296113065,0,0.48,0
mlib,growth,other,fe_country,y2009_2013,n_eff,share,50,50,0.2430608576917489,0.16342278823414663,0.3466978733604239,0,0.84,0
mlib,growth,other,fe_country,y2009_2013,none,count,48,48,0.2600546526988205,0.2326923045472751,0.3076641264617478,0,1,0
mlib,growth,other,fe_country,y2009_2013,none,rate,50,50,0.2607560756164742,0.2326923045472751,0.30909828605949996,0,1,0
mlib,growth,other,fe_country,y2009_2013,none,share,50,50,0.3256556835624903,0.27363898475384063,0.39282744362142663,0,1,0
mlib,growth,other,fe_country,y2009_2013,pop,count,48,48,0.3120053387760944,0.2077504591990087,0.3946828884497301,0,1,0
mlib,growth,other,fe_country,y2009_2013,pop,rate,50,50,0.3378145395236103,0.2077504591990087,0.43897979964500905,0,1,0
mlib,growth,other,fe_country,y2009_2013,pop,share,50,50,0.3401794372190815,0.21264913888905865,0.4835419111662281,0,1,0
mlib,growth,other,fe_twoway,all,n_cell,count,48,48,-0.0479399828434284,-0.06234189591981629,-0.03434416151635966,1,0,0
mlib,growth,other,fe_twoway,all,n_cell,rate,50,50,-0.04838349025908343,-0.09280915590739008,-0.03434416151635966,1,0,0
mlib,growth,other,fe_twoway,all,n_cell,share,50,50,-0.014141312593048846,-0.054442082444699585,0.02153134474709734,0.68,0,0
mlib,growth,other,fe_twoway,all,n_eff,count,48,48,-0.04861715142531663,-0.06234189591981629,-0.03619669033496647,1,0,0
mlib,growth,other,fe_twoway,all,n_eff,rate,50,50,-0.048891722343949194,-0.09643250892075685,-0.03619669033496647,1,0,0
mlib,growth,other,fe_twoway,all,n_eff,share,50,50,-0.014141312593048846,-0.05777533804164151,0.02153134474709734,0.68,0,0
mlib,growth,other,fe_twoway,all,none,count,48,48,-0.03580816535710957,-0.05554541203812362,-0.02235838380663183,1,0,0
mlib,growth,other,fe_twoway,all,none,rate,50,50,-0.03619300657077788,-0.07208253740430949,-0.02235838380663183,1,0,0
mlib,growth,other,fe_twoway,all,none,share,50,50,-0.015595262561071074,-0.05975123729819519,0.0171710977743975,0.64,0,0
mlib,growth,other,fe_twoway,all,pop,count,48,48,0.0509520208313043,0.02508948434595835,0.07534205385745579,0,0,0
mlib,growth,other,fe_twoway,all,pop,rate,50,50,0.05031201350236554,-0.042829773240249794,0.07534205385745579,0.04,0,0
mlib,growth,other,fe_twoway,all,pop,share,50,50,0.09858012209399802,-0.04731763985168195,0.1592530237965466,0.04,0.16,0
mlib,growth,other,fe_twoway,no_GR_ES,n_cell,count,48,48,-0.05822812375324703,-0.08188047094476301,-0.03879023610595388,1,0,0
mlib,growth,other,fe_twoway,no_GR_ES,n_cell,rate,50,50,-0.05897706110462761,-0.10134012967340897,-0.03879023610595388,1,0,0
mlib,growth,other,fe_twoway,no_GR_ES,n_cell,share,50,50,-0.02257668991827439,-0.07219011728674812,0.00983978026715046,0.88,0,0
mlib,growth,other,fe_twoway,no_GR_ES,n_eff,count,48,48,-0.05909946761590064,-0.08188047094476301,-0.04030357130901543,1,0,0
mlib,growth,other,fe_twoway,no_GR_ES,n_eff,rate,50,50,-0.05965996444642356,-0.10539296234476861,-0.04030357130901543,1,0,0
mlib,growth,other,fe_twoway,no_GR_ES,n_eff,share,50,50,-0.023042757591470966,-0.07469887573070802,0.00983978026715046,0.92,0,0
mlib,growth,other,fe_twoway,no_GR_ES,none,count,48,48,-0.05193373823888703,-0.07811692242776469,-0.03435913542456613,1,0,0
mlib,growth,other,fe_twoway,no_GR_ES,none,rate,50,50,-0.0521049892231555,-0.08608421079973415,-0.03435913542456613,1,0,0
mlib,growth,other,fe_twoway,no_GR_ES,none,share,50,50,-0.03297760862034929,-0.08836714347244343,-0.00378821772061956,1,0,0
mlib,growth,other,fe_twoway,no_GR_ES,pop,count,48,48,0.03199047625982508,0.01342690234481841,0.04174042404095398,0,0,0
mlib,growth,other,fe_twoway,no_GR_ES,pop,rate,50,50,0.031353332149854925,-0.05123334311307144,0.04174042404095398,0.04,0,0
mlib,growth,other,fe_twoway,no_GR_ES,pop,share,50,50,0.08073875563525276,-0.036063542492459015,0.13894579004893812,0.04,0.08,0
mlib,growth,other,fe_twoway,no_bailout,n_cell,count,48,48,-0.01846748645271873,-0.04037912403272568,-0.00558272034568138,1,0,0
mlib,growth,other,fe_twoway,no_bailout,n_cell,rate,50,50,-0.019853367083680164,-0.04735546714841846,-0.00558272034568138,1,0,0
mlib,growth,other,fe_twoway,no_bailout,n_cell,share,50,50,0.027888005825056777,-0.0013096435617941,0.07920693011215625,0.04,0,0
mlib,growth,other,fe_twoway,no_bailout,n_eff,count,48,48,-0.018691746404797552,-0.04037912403272568,-0.00567519344181775,1,0,0
mlib,growth,other,fe_twoway,no_bailout,n_eff,rate,50,50,-0.020475910840212684,-0.04687001452543294,-0.00567519344181775,1,0,0
mlib,growth,other,fe_twoway,no_bailout,n_eff,share,50,50,0.029931632812195824,-0.0013096435617941,0.08106219529278827,0.04,0,0
mlib,growth,other,fe_twoway,no_bailout,none,count,48,48,-0.021641095847776244,-0.04550816878542384,-0.00615197253287192,1,0,0
mlib,growth,other,fe_twoway,no_bailout,none,rate,50,50,-0.022690537043843287,-0.050379410600970405,-0.00615197253287192,1,0,0
mlib,growth,other,fe_twoway,no_bailout,none,share,50,50,-0.0012806468233806769,-0.05183616303701443,0.04258577896181752,0.56,0,0
mlib,growth,other,fe_twoway,no_bailout,pop,count,48,48,0.07379284085846832,0.03611608281441986,0.12215909215431842,0,0,0
mlib,growth,other,fe_twoway,no_bailout,pop,rate,50,50,0.07312991591956534,0.0040066662512517484,0.12215909215431842,0,0,0
mlib,growth,other,fe_twoway,no_bailout,pop,share,50,50,0.10940420823630706,0.001626071209828308,0.1945498774574778,0,0.16,0
mlib,growth,other,fe_twoway,y2004_2008,n_cell,count,48,48,0.09924977549465164,0.06021142620529186,0.1521810376170237,0,0,0
mlib,growth,other,fe_twoway,y2004_2008,n_cell,rate,50,50,0.09924977549465164,0.058296839128303524,0.1521810376170237,0,0,0
mlib,growth,other,fe_twoway,y2004_2008,n_cell,share,50,50,0.08368508610276311,0.03472615187852832,0.19832825237850832,0,0.02,0
mlib,growth,other,fe_twoway,y2004_2008,n_eff,count,48,48,0.10035093196505304,0.06021142620529186,0.15832992760811962,0,0,0
mlib,growth,other,fe_twoway,y2004_2008,n_eff,rate,50,50,0.10035093196505304,0.06021142620529186,0.15832992760811962,0,0,0
mlib,growth,other,fe_twoway,y2004_2008,n_eff,share,50,50,0.08445646115084562,0.03474464970129196,0.20495058494566173,0,0.02,0
mlib,growth,other,fe_twoway,y2004_2008,none,count,48,48,0.06528099401861316,0.03982153901291942,0.1069193395463044,0,0,0
mlib,growth,other,fe_twoway,y2004_2008,none,rate,50,50,0.06314050975978555,0.032034124426541875,0.1069193395463044,0,0,0
mlib,growth,other,fe_twoway,y2004_2008,none,share,50,50,0.03468180073545689,0.01139863752787215,0.10348759360569293,0,0,0
mlib,growth,other,fe_twoway,y2004_2008,pop,count,48,48,0.12109385905924736,0.10492931624654787,0.15338057397314134,0,0,0
mlib,growth,other,fe_twoway,y2004_2008,pop,rate,50,50,0.12109385905924736,0.10492931624654787,0.16975079104171234,0,0,0
mlib,growth,other,fe_twoway,y2004_2008,pop,share,50,50,0.07750018168974318,0.04573133239134942,0.12970430866490415,0,0,0
mlib,growth,other,fe_twoway,y2009_2013,n_cell,count,48,48,-0.20294307857162452,-0.23377219819967215,-0.1699893934927361,1,0.5416666666666666,0.5416666666666666
mlib,growth,other,fe_twoway,y2009_2013,n_cell,rate,50,50,-0.19837566856033248,-0.23377219819967215,-0.1699893934927361,1,0.54,0.54
mlib,growth,other,fe_twoway,y2009_2013,n_cell,share,50,50,-0.23629820670711765,-0.29678042623892303,-0.18937408079337897,1,0.88,0.88
mlib,growth,other,fe_twoway,y2009_2013,n_eff,count,48,48,-0.21069560887220118,-0.234929265850658,-0.17313317328810834,1,0.625,0.625
mlib,growth,other,fe_twoway,y2009_2013,n_eff,rate,50,50,-0.20737754261778016,-0.234929265850658,-0.17313317328810834,1,0.64,0.64
mlib,growth,other,fe_twoway,y2009_2013,n_eff,share,50,50,-0.24746064612132196,-0.3097763071445202,-0.18937408079337897,1,0.94,0.94
mlib,growth,other,fe_twoway,y2009_2013,none,count,48,48,-0.16335055676163915,-0.19313163211433504,-0.1303284658840934,1,0,0
mlib,growth,other,fe_twoway,y2009_2013,none,rate,50,50,-0.1605909900556567,-0.19313163211433504,-0.1303284658840934,1,0,0
mlib,growth,other,fe_twoway,y2009_2013,none,share,50,50,-0.2084170080197972,-0.26776087952325117,-0.1644690587358164,1,0.74,0.74
mlib,growth,other,fe_twoway,y2009_2013,pop,count,48,48,0.01993650296506665,0.00823107002798131,0.03065994725411089,0,0,0
mlib,growth,other,fe_twoway,y2009_2013,pop,rate,50,50,0.01986803175039596,-0.020798204076752203,0.03065994725411089,0.04,0,0
mlib,growth,other,fe_twoway,y2009_2013,pop,share,50,50,-0.00428688426749683,-0.04963543260652348,0.03609742480473867,0.64,0,0
mlib,growth,other,pooled_cl,all,n_cell,count,48,48,-0.10173305368602541,-0.1064062844701502,-0.09565873559443752,1,0,0
mlib,growth,other,pooled_cl,all,n_cell,rate,50,50,-0.1017587995455444,-0.10778251198954354,-0.09565873559443752,1,0,0
mlib,growth,other,pooled_cl,all,n_cell,share,50,50,-0.11356581641732533,-0.1456546037382999,-0.09161691936779752,1,0.34,0.34
mlib,growth,other,pooled_cl,all,n_eff,count,48,48,-0.10052725073417824,-0.1064062844701502,-0.09232462719790716,1,0,0
mlib,growth,other,pooled_cl,all,n_eff,rate,50,50,-0.10052725073417824,-0.10782157519382739,-0.09232462719790716,1,0,0
mlib,growth,other,pooled_cl,all,n_eff,share,50,50,-0.11131560279543137,-0.1429962094994259,-0.08703685974455035,1,0.28,0.28
mlib,growth,other,pooled_cl,all,none,count,48,48,-0.11517275137143491,-0.12027762150213483,-0.10878083505689386,1,0.08333333333333333,0.08333333333333333
mlib,growth,other,pooled_cl,all,none,rate,50,50,-0.11526965890736196,-0.12292179102247391,-0.10878083505689386,1,0.12,0.12
mlib,growth,other,pooled_cl,all,none,share,50,50,-0.11909337544387982,-0.14675708611866825,-0.0954722400548871,1,0.46,0.46
mlib,growth,other,pooled_cl,all,pop,count,48,48,-0.056338999830253464,-0.08310939059470615,-0.0378576037591242,1,0,0
mlib,growth,other,pooled_cl,all,pop,rate,50,50,-0.056338999830253464,-0.08310939059470615,-0.0378576037591242,1,0,0
mlib,growth,other,pooled_cl,all,pop,share,50,50,-0.11615737270453284,-0.16412001098123336,-0.08481448471277844,1,0.5,0.5
mlib,growth,other,pooled_cl,no_GR_ES,n_cell,count,48,48,-0.10115663006119566,-0.10692373646458037,-0.092668432953441,1,0,0
mlib,growth,other,pooled_cl,no_GR_ES,n_cell,rate,50,50,-0.10115663006119566,-0.10692373646458037,-0.092668432953441,1,0,0
mlib,growth,other,pooled_cl,no_GR_ES,n_cell,share,50,50,-0.12843259617184183,-0.1592807831319714,-0.10764094542424175,1,0.54,0.54
mlib,growth,other,pooled_cl,no_GR_ES,n_eff,count,48,48,-0.09979345613253936,-0.10692373646458037,-0.08930214984605804,1,0,0
mlib,growth,other,pooled_cl,no_GR_ES,n_eff,rate,50,50,-0.09979345613253936,-0.10692373646458037,-0.08930214984605804,1,0,0
mlib,growth,other,pooled_cl,no_GR_ES,n_eff,share,50,50,-0.12682889657143231,-0.1578243923652157,-0.10288304611425926,1,0.52,0.52
mlib,growth,other,pooled_cl,no_GR_ES,none,count,48,48,-0.11915839503545125,-0.12457136484887668,-0.1137650391136899,1,0.020833333333333332,0.020833333333333332
mlib,growth,other,pooled_cl,no_GR_ES,none,rate,50,50,-0.11929035972344657,-0.12457136484887668,-0.1137650391136899,1,0.02,0.02
mlib,growth,other,pooled_cl,no_GR_ES,none,share,50,50,-0.13256857704585745,-0.16164950381305235,-0.10920792585733231,1,0.66,0.66
mlib,growth,other,pooled_cl,no_GR_ES,pop,count,48,48,-0.031429759452633765,-0.0522759284786175,-0.01861999864872164,1,0,0
mlib,growth,other,pooled_cl,no_GR_ES,pop,rate,50,50,-0.03173244017207675,-0.055805553575100204,-0.01861999864872164,1,0,0
mlib,growth,other,pooled_cl,no_GR_ES,pop,share,50,50,-0.09710011310985467,-0.1441037452281792,-0.06478363856651702,1,0.28,0.28
mlib,growth,other,pooled_cl,no_bailout,n_cell,count,48,48,-0.08829350148260127,-0.10282175807680574,-0.07295668505623666,1,0,0
mlib,growth,other,pooled_cl,no_bailout,n_cell,rate,50,50,-0.08829350148260127,-0.10918709177856706,-0.07295668505623666,1,0,0
mlib,growth,other,pooled_cl,no_bailout,n_cell,share,50,50,-0.12292718340865993,-0.15967716331952397,-0.09615000624268374,1,0.34,0.34
mlib,growth,other,pooled_cl,no_bailout,n_eff,count,48,48,-0.08682043206994208,-0.10282175807680574,-0.06870409003329947,1,0,0
mlib,growth,other,pooled_cl,no_bailout,n_eff,rate,50,50,-0.08682043206994208,-0.10822255256511205,-0.06870409003329947,1,0,0
mlib,growth,other,pooled_cl,no_bailout,n_eff,share,50,50,-0.12127486950387426,-0.15925638552023172,-0.0913762961036619,1,0.26,0.26
mlib,growth,other,pooled_cl,no_bailout,none,count,48,48,-0.11246181993422608,-0.12344352192711219,-0.09961456365738108,1,0,0
mlib,growth,other,pooled_cl,no_bailout,none,rate,50,50,-0.11246181993422608,-0.12484428465105679,-0.09961456365738108,1,0,0
mlib,growth,other,pooled_cl,no_bailout,none,share,50,50,-0.14530292169902903,-0.17441443467050563,-0.1166750688535189,1,0.5,0.5
mlib,growth,other,pooled_cl,no_bailout,pop,count,48,48,0.02338161115894421,0.01291398358641199,0.04236736180052399,0,0,0
mlib,growth,other,pooled_cl,no_bailout,pop,rate,50,50,0.02257791469246478,0.01147467633975266,0.04236736180052399,0,0,0
mlib,growth,other,pooled_cl,no_bailout,pop,share,50,50,-0.032765643024381515,-0.06367506831661587,-0.0158108900669743,1,0,0
mlib,growth,other,pooled_cl,y2004_2008,n_cell,count,48,48,-0.12427471878741683,-0.16472786420929716,-0.0920475928036975,1,0,0
mlib,growth,other,pooled_cl,y2004_2008,n_cell,rate,50,50,-0.12195102992072979,-0.16472786420929716,-0.08893635941343335,1,0,0
mlib,growth,other,pooled_cl,y2004_2008,n_cell,share,50,50,-0.12582381672976567,-0.18398836972778243,-0.08789066774127315,1,0.1,0.1
mlib,growth,other,pooled_cl,y2004_2008,n_eff,count,48,48,-0.12357542462432922,-0.16472786420929716,-0.0925899367115102,1,0,0
mlib,growth,other,pooled_cl,y2004_2008,n_eff,rate,50,50,-0.12325283057283451,-0.16472786420929716,-0.09104935743433998,1,0,0
mlib,growth,other,pooled_cl,y2004_2008,n_eff,share,50,50,-0.12744686497947444,-0.1887889610697983,-0.08854659812278078,1,0.1,0.1
mlib,growth,other,pooled_cl,y2004_2008,none,count,48,48,-0.1171352898242938,-0.1503539646203562,-0.0898055298777601,1,0,0
mlib,growth,other,pooled_cl,y2004_2008,none,rate,50,50,-0.1171352898242938,-0.1503539646203562,-0.08919171396957103,1,0,0
mlib,growth,other,pooled_cl,y2004_2008,none,share,50,50,-0.12211050351360951,-0.18542840329625426,-0.08282784036698083,1,0.06,0.06
mlib,growth,other,pooled_cl,y2004_2008,pop,count,48,48,-0.14804461146947606,-0.21236305216575496,-0.09064769930422624,1,0.5,0.5
mlib,growth,other,pooled_cl,y2004_2008,pop,rate,50,50,-0.13707326542463838,-0.21236305216575496,-0.0801069976532901,1,0.5,0.5
mlib,growth,other,pooled_cl,y2004_2008,pop,share,50,50,-0.1894036433488509,-0.28648683297322075,-0.11340815996554342,1,0.5,0.5
mlib,growth,other,pooled_cl,y2009_2013,n_cell,count,48,48,0.06144569480240458,0.03269483927051146,0.0986355822789895,0,0,0
mlib,growth,other,pooled_cl,y2009_2013,n_cell,rate,50,50,0.06301621153948238,0.03269483927051146,0.11038719196772373,0,0,0
mlib,growth,other,pooled_cl,y2009_2013,n_cell,share,50,50,0.1519474778140974,0.09154349517532624,0.23218296171850716,0,0.36,0
mlib,growth,other,pooled_cl,y2009_2013,n_eff,count,48,48,0.060105427479189094,0.02948163875469599,0.0986355822789895,0,0,0
mlib,growth,other,pooled_cl,y2009_2013,n_eff,rate,50,50,0.06076070400513743,0.02948163875469599,0.1099745329438783,0,0,0
mlib,growth,other,pooled_cl,y2009_2013,n_eff,share,50,50,0.1540619063354415,0.09129074068767958,0.235721742035389,0,0.36,0
mlib,growth,other,pooled_cl,y2009_2013,none,count,48,48,0.052901810542506374,0.02700310534538782,0.08291565918393909,0,0,0
mlib,growth,other,pooled_cl,y2009_2013,none,rate,50,50,0.05558312272706081,0.02700310534538782,0.08374860269286223,0,0,0
mlib,growth,other,pooled_cl,y2009_2013,none,share,50,50,0.15914177357063464,0.10867993053964706,0.225390083168544,0,0.46,0
mlib,growth,other,pooled_cl,y2009_2013,pop,count,48,48,0.14378610541287584,0.12166180014404808,0.16872371963627555,0,0,0
mlib,growth,other,pooled_cl,y2009_2013,pop,rate,50,50,0.14378610541287584,0.12166180014404808,0.17133878770681582,0,0.02,0
mlib,growth,other,pooled_cl,y2009_2013,pop,share,50,50,0.25008922144802864,0.2182613120011651,0.27533947651287766,0,1,0
mlib,growth,other,re,all,none,count,48,48,0.045044896848603196,0.0315553287197495,0.06522355195269938,0,0,0
mlib,growth,other,re,all,none,rate,50,49,0.04512396802118816,0.0315553287197495,0.06522355195269938,0,0,0
mlib,growth,other,re,all,none,share,50,49,-0.06019894224425761,-0.08407491268563558,-0.03859293791043745,1,0,0
mlib,growth,other,re,no_GR_ES,none,count,48,48,0.04107735781745171,0.02797243578416815,0.06269829657354417,0,0,0
mlib,growth,other,re,no_GR_ES,none,rate,50,49,0.04122092311030771,0.02797243578416815,0.06269829657354417,0,0,0
mlib,growth,other,re,no_GR_ES,none,share,50,49,-0.07383224749280962,-0.09720500432455248,-0.04698544819690427,1,0,0
mlib,growth,other,re,no_bailout,none,count,48,48,0.05284206065677924,0.03239967062478977,0.08389693062272782,0,0,0
mlib,growth,other,re,no_bailout,none,rate,50,49,0.05323331491946322,0.03239967062478977,0.08389693062272782,0,0,0
mlib,growth,other,re,no_bailout,none,share,50,49,-0.07228726600969385,-0.10132719014276194,-0.04060300601274871,1,0,0
mlib,growth,other,re,y2004_2008,none,count,48,48,0.1699600252771438,0.12043192981782946,0.2284670365237267,0,0.5,0
mlib,growth,other,re,y2004_2008,none,rate,50,49,0.20546059934421537,0.12043192981782946,0.2284670365237267,0,0.5102040816326531,0
mlib,growth,other,re,y2004_2008,none,share,50,49,-0.02171919392908988,-0.06303661714037889,-0.00379210356017368,1,0,0
mlib,growth,other,re,y2009_2013,none,count,48,48,0.23137394499384983,0.20248534820906056,0.2799008325620995,0,1,0
mlib,growth,other,re,y2009_2013,none,rate,50,49,0.23350868739096348,0.20248534820906056,0.2799008325620995,0,1,0
mlib,growth,other,re,y2009_2013,none,share,50,49,0.2981002441143709,0.24569565944545016,0.36271225914336086,0,1,0
mlib,unemp,none,fe_country,all,n_cell,count,240,240,-0.23617644968103035,-0.3696393806872042,-0.16578462697175497,1,0.95,0.95
mlib,unemp,none,fe_country,all,n_cell,rate,244,244,-0.23617644968103035,-0.38161918664456507,-0.16578462697175497,1,0.9508196721311475,0.9508196721311475
mlib,unemp,none,fe_country,all,n_cell,share,248,248,-0.2111418756858172,-0.4208394217485055,-0.12042129483541976,1,0.907258064516129,0.907258064516129
mlib,unemp,none,fe_country,all,n_eff,count,240,240,-0.23617644968103035,-0.3696393806872042,-0.16578462697175497,1,0.95,0.95
mlib,unemp,none,fe_country,all,n_eff,rate,244,244,-0.23617644968103035,-0.39382291690175025,-0.16578462697175497,1,0.9508196721311475,0.9508196721311475
mlib,unemp,none,fe_country,all,n_eff,share,248,248,-0.21717819092927537,-0.428984744503458,-0.12042129483541976,1,0.9112903225806451,0.9112903225806451
mlib,unemp,none,fe_country,all,none,count,240,240,-0.29135075011961936,-0.3972300213132572,-0.20280775186534408,1,1,1
mlib,unemp,none,fe_country,all,none,rate,244,244,-0.29135075011961936,-0.40395892300562464,-0.20280775186534408,1,1,1
mlib,unemp,none,fe_country,all,none,share,248,248,-0.2726134217787939,-0.47228020742169047,-0.1516971706915553,1,0.9637096774193549,0.9637096774193549
mlib,unemp,none,fe_country,all,pop,count,240,240,-0.2267195953316232,-0.49835171663369376,-0.08432826549871225,1,0.7,0.7
mlib,unemp,none,fe_country,all,pop,rate,244,244,-0.2267195953316232,-0.49835171663369376,-0.0798777678948567,1,0.7008196721311475,0.7008196721311475
mlib,unemp,none,fe_country,all,pop,share,248,248,-0.2310064436244746,-0.5325212311606349,-0.052943115565513746,1,0.5443548387096774,0.5443548387096774
mlib,unemp,none,fe_country,no_GR_ES,n_cell,count,240,240,-0.1992962002060086,-0.3139604681662781,-0.1480093922020099,1,0.9,0.9
mlib,unemp,none,fe_country,no_GR_ES,n_cell,rate,244,244,-0.1992962002060086,-0.3233575783466148,-0.1480093922020099,1,0.9016393442622951,0.9016393442622951
mlib,unemp,none,fe_country,no_GR_ES,n_cell,share,248,248,-0.17837595342695772,-0.3498511752026846,-0.092407134907611,1,0.6854838709677419,0.6854838709677419
mlib,unemp,none,fe_country,no_GR_ES,n_eff,count,240,240,-0.1992962002060086,-0.3139604681662781,-0.1480093922020099,1,0.9083333333333333,0.9083333333333333
mlib,unemp,none,fe_country,no_GR_ES,n_eff,rate,244,244,-0.1992962002060086,-0.33409573896419414,-0.1480093922020099,1,0.9098360655737705,0.9098360655737705
mlib,unemp,none,fe_country,no_GR_ES,n_eff,share,248,248,-0.1844239651498512,-0.3540070173724922,-0.09379553038024972,1,0.6975806451612904,0.6975806451612904
mlib,unemp,none,fe_country,no_GR_ES,none,count,240,240,-0.2552023746793567,-0.3369890367106454,-0.19044172265220044,1,1,1
mlib,unemp,none,fe_country,no_GR_ES,none,rate,244,244,-0.2552023746793567,-0.34806557085034023,-0.19044172265220044,1,1,1
mlib,unemp,none,fe_country,no_GR_ES,none,share,248,248,-0.2509277971666488,-0.40578408861650433,-0.14946474661727643,1,0.9435483870967742,0.9435483870967742
mlib,unemp,none,fe_country,no_GR_ES,pop,count,240,240,-0.11376357416009979,-0.2749249223375044,-0.03174048951738511,1,0.45,0.45
mlib,unemp,none,fe_country,no_GR_ES,pop,rate,244,244,-0.11376357416009979,-0.2749249223375044,-0.03174048951738511,1,0.45081967213114754,0.45081967213114754
mlib,unemp,none,fe_country,no_GR_ES,pop,share,248,248,-0.05793061745490128,-0.3788656643189443,-0.00266180807717474,1,0.23790322580645162,0.23790322580645162
mlib,unemp,none,fe_country,no_bailout,n_cell,count,240,240,-0.134206084973215,-0.26008492314167475,-0.06773600288360503,1,0.4166666666666667,0.4166666666666667
mlib,unemp,none,fe_country,no_bailout,n_cell,rate,244,244,-0.134206084973215,-0.26182775204158937,-0.06773600288360503,1,0.4180327868852459,0.4180327868852459
mlib,unemp,none,fe_country,no_bailout,n_cell,share,248,248,-0.09613757456080851,-0.2625848010283391,-0.03548481544542611,1,0.23790322580645162,0.23790322580645162
mlib,unemp,none,fe_country,no_bailout,n_eff,count,240,240,-0.14174615168671126,-0.26008492314167475,-0.06773600288360503,1,0.4166666666666667,0.4166666666666667
mlib,unemp,none,fe_country,no_bailout,n_eff,rate,244,244,-0.14174615168671126,-0.27445627898622194,-0.06773600288360503,1,0.4180327868852459,0.4180327868852459
mlib,unemp,none,fe_country,no_bailout,n_eff,share,248,248,-0.10396995507504905,-0.2642353669444138,-0.03703371067934039,1,0.2862903225806452,0.2862903225806452
mlib,unemp,none,fe_country,no_bailout,none,count,240,240,-0.1662975831442537,-0.27355515885377224,-0.10324689661078544,1,0.5916666666666667,0.5916666666666667
mlib,unemp,none,fe_country,no_bailout,none,rate,244,244,-0.1662975831442537,-0.2763561871719781,-0.10324689661078544,1,0.5942622950819673,0.5942622950819673
mlib,unemp,none,fe_country,no_bailout,none,share,248,248,-0.15221030773925645,-0.31161343101808847,-0.07532536777180696,1,0.45564516129032256,0.45564516129032256
mlib,unemp,none,fe_country,no_bailout,pop,count,240,240,-0.09000171679114499,-0.23201197381001432,-0.02178553198677905,1,0.1875,0.1875
mlib,unemp,none,fe_country,no_bailout,pop,rate,244,244,-0.09000171679114499,-0.23201197381001432,-0.02178553198677905,1,0.1885245901639344,0.1885245901639344
mlib,unemp,none,fe_country,no_bailout,pop,share,248,248,-0.020689184511803505,-0.3525061375837979,0.05650369141343349,0.7983870967741935,0.09274193548387097,0.09274193548387097
mlib,unemp,none,fe_country,y2004_2008,n_cell,count,240,192,-0.43664240801062726,-0.5475279151315765,-0.37981770287446864,1,1,1
mlib,unemp,none,fe_country,y2004_2008,n_cell,rate,244,196,-0.4508953631779671,-0.5921010883213967,-0.37981770287446864,1,1,1
mlib,unemp,none,fe_country,y2004_2008,n_cell,share,248,200,-0.22750979300594237,-0.38543842354563074,-0.12753669073825805,1,0.71,0.71
mlib,unemp,none,fe_country,y2004_2008,n_eff,count,240,192,-0.4350328869062554,-0.5459299813450099,-0.37981770287446864,1,1,1
mlib,unemp,none,fe_country,y2004_2008,n_eff,rate,244,196,-0.447914682189841,-0.5888190058355331,-0.37981770287446864,1,1,1
mlib,unemp,none,fe_country,y2004_2008,n_eff,share,248,200,-0.23070695033221206,-0.3892513148436912,-0.12874320980136658,1,0.71,0.71
mlib,unemp,none,fe_country,y2004_2008,none,count,240,192,-0.4145404574983411,-0.49895341452888253,-0.3575646696882689,1,1,1
mlib,unemp,none,fe_country,y2004_2008,none,rate,244,196,-0.4373105322319106,-0.559566743383601,-0.3575646696882689,1,1,1
mlib,unemp,none,fe_country,y2004_2008,none,share,248,200,-0.2587112755624984,-0.4129071198859575,-0.17461008494772173,1,0.87,0.87
mlib,unemp,none,fe_country,y2004_2008,pop,count,240,192,-0.5175947092474535,-0.6927838817934691,-0.43805014230231226,1,1,1
mlib,unemp,none,fe_country,y2004_2008,pop,rate,244,196,-0.5178201829255712,-0.6927838817934691,-0.4253391080257045,1,1,1
mlib,unemp,none,fe_country,y2004_2008,pop,share,248,200,-0.12295991868961567,-0.32683219241645084,-0.02981791185407569,1,0.24,0.24
mlib,unemp,none,fe_country,y2009_2013,n_cell,count,240,240,-0.21058475164402626,-0.307479934170012,-0.15053566794556245,1,0.5875,0.5875
mlib,unemp,none,fe_country,y2009_2013,n_cell,rate,244,244,-0.21058475164402626,-0.307479934170012,-0.15053566794556245,1,0.5860655737704918,0.5860655737704918
mlib,unemp,none,fe_country,y2009_2013,n_cell,share,248,248,-0.1770885690899032,-0.2959209410346762,-0.10741455852272316,1,0.45564516129032256,0.45564516129032256
mlib,unemp,none,fe_country,y2009_2013,n_eff,count,240,240,-0.21866556068479398,-0.3195248557788066,-0.15053566794556245,1,0.6208333333333333,0.6208333333333333
mlib,unemp,none,fe_country,y2009_2013,n_eff,rate,244,244,-0.21866556068479398,-0.3195248557788066,-0.15053566794556245,1,0.6188524590163934,0.6188524590163934
mlib,unemp,none,fe_country,y2009_2013,n_eff,share,248,248,-0.18514537233818124,-0.30799414399591635,-0.10741455852272316,1,0.46774193548387094,0.46774193548387094
mlib,unemp,none,fe_country,y2009_2013,none,count,240,240,-0.2926913378018009,-0.38396442768721856,-0.2017906017509924,1,1,1
mlib,unemp,none,fe_country,y2009_2013,none,rate,244,244,-0.2926913378018009,-0.38726613661149734,-0.2017906017509924,1,1,1
mlib,unemp,none,fe_country,y2009_2013,none,share,248,248,-0.24651375193216757,-0.3757752498048465,-0.146183901607361,1,0.6935483870967742,0.6935483870967742
mlib,unemp,none,fe_country,y2009_2013,pop,count,240,240,-0.19522383795608456,-0.5168272978428123,-0.06319614047631004,1,0.5,0.5
mlib,unemp,none,fe_country,y2009_2013,pop,rate,244,244,-0.19522383795608456,-0.5168272978428123,-0.06319614047631004,1,0.5,0.5
mlib,unemp,none,fe_country,y2009_2013,pop,share,248,248,-0.22254250332952624,-0.5469012004852718,-0.07847007895395801,1,0.5040322580645161,0.5040322580645161
mlib,unemp,none,fe_twoway,all,n_cell,count,240,240,-0.03175526065002693,-0.15699190524819362,0.00361206171723817,0.9833333333333333,0,0
mlib,unemp,none,fe_twoway,all,n_cell,rate,244,244,-0.03293499741173373,-0.16215252519314544,0.00361206171723817,0.9836065573770492,0.004098360655737705,0.004098360655737705
mlib,unemp,none,fe_twoway,all,n_cell,share,248,248,-0.004724911105856116,-0.11882757651028604,0.0911147121212069,0.532258064516129,0,0
mlib,unemp,none,fe_twoway,all,n_eff,count,240,240,-0.035386632296615844,-0.16571743141026196,0.00333353262143299,0.9916666666666667,0,0
mlib,unemp,none,fe_twoway,all,n_eff,rate,244,244,-0.03551589037153581,-0.17019772019412666,0.00333353262143299,0.9918032786885246,0.004098360655737705,0.004098360655737705
mlib,unemp,none,fe_twoway,all,n_eff,share,248,248,-0.00828539603122848,-0.1252484684842129,0.0911147121212069,0.532258064516129,0,0
mlib,unemp,none,fe_twoway,all,none,count,240,240,-0.07658702925902425,-0.19570587719574875,-0.03738068590994392,1,0.05,0.05
mlib,unemp,none,fe_twoway,all,none,rate,244,244,-0.07812126432783051,-0.20634558007857495,-0.03738068590994392,1,0.05737704918032787,0.05737704918032787
mlib,unemp,none,fe_twoway,all,none,share,248,248,-0.03807984172359599,-0.16417293310379394,0.02732929375045738,0.75,0.06854838709677419,0.06854838709677419
mlib,unemp,none,fe_twoway,all,pop,count,240,240,-0.10951568968711303,-0.3398644051939248,0.02799880431565775,0.9666666666666667,0.425,0.425
mlib,unemp,none,fe_twoway,all,pop,rate,244,244,-0.10991238903623263,-0.45150094140798985,0.02799880431565775,0.9672131147540983,0.430327868852459,0.430327868852459
mlib,unemp,none,fe_twoway,all,pop,share,248,248,-0.09211839984180434,-0.39552081580722587,-0.0063078880286625404,1,0.3548387096774194,0.3548387096774194
mlib,unemp,none,fe_twoway,no_GR_ES,n_cell,count,240,240,0.024074642085992637,-0.16973656296278572,0.0542766181062432,0.2,0,0
mlib,unemp,none,fe_twoway,no_GR_ES,n_cell,rate,244,244,0.0238761759278017,-0.16973656296278572,0.0542766181062432,0.21311475409836064,0,0
mlib,unemp,none,fe_twoway,no_GR_ES,n_cell,share,248,248,0.04974007074594465,-0.1752156975364902,0.17924650724527577,0.1935483870967742,0.17338709677419356,0
mlib,unemp,none,fe_twoway,no_GR_ES,n_eff,count,240,240,0.02192312065360899,-0.17967122583917045,0.0542766181062432,0.20833333333333334,0,0
mlib,unemp,none,fe_twoway,no_GR_ES,n_eff,rate,244,244,0.02177199690158082,-0.17967122583917045,0.0542766181062432,0.22131147540983606,0,0
mlib,unemp,none,fe_twoway,no_GR_ES,n_eff,share,248,248,0.04612195020074152,-0.18560837141302572,0.17924650724527577,0.1935483870967742,0.1532258064516129,0
mlib,unemp,none,fe_twoway,no_GR_ES,none,count,240,240,-0.0224962870692467,-0.18574840616540403,-4.8471213409260306e-4,1,0,0
mlib,unemp,none,fe_twoway,no_GR_ES,none,rate,244,244,-0.022627662903212824,-0.18574840616540403,-4.8471213409260306e-4,1,0,0
mlib,unemp,none,fe_twoway,no_GR_ES,none,share,248,248,-5.436238827524844e-4,-0.17626604623853684,0.1189762858551078,0.5080645161290323,0,0
mlib,unemp,none,fe_twoway,no_GR_ES,pop,count,240,240,0.0106698285554175,-0.04438205711270517,0.17207201797057178,0.39166666666666666,0,0
mlib,unemp,none,fe_twoway,no_GR_ES,pop,rate,244,244,0.00981846763811616,-0.18392683409569652,0.17207201797057178,0.4016393442622951,0.004098360655737705,0.004098360655737705
mlib,unemp,none,fe_twoway,no_GR_ES,pop,share,248,248,0.02475000008180101,-0.14545399455271257,0.19446215608452885,0.3951612903225806,0.0967741935483871,0
mlib,unemp,none,fe_twoway,no_bailout,n_cell,count,240,240,0.09651337091108804,-0.03856335176405204,0.16837659549082137,0.075,0.05,0
mlib,unemp,none,fe_twoway,no_bailout,n_cell,rate,244,244,0.09559211869689156,-0.03856335176405204,0.16837659549082137,0.07377049180327869,0.04918032786885246,0
mlib,unemp,none,fe_twoway,no_bailout,n_cell,share,248,248,0.11319567078388615,-0.04028588384857136,0.2444047589920848,0.056451612903225805,0.3346774193548387,0
mlib,unemp,none,fe_twoway,no_bailout,n_eff,count,240,240,0.094926586142487,-0.04051236485997919,0.16551059475640276,0.075,0.03333333333333333,0
mlib,unemp,none,fe_twoway,no_bailout,n_eff,rate,244,244,0.09378711844651388,-0.04051236485997919,0.16551059475640276,0.07377049180327869,0.03278688524590164,0
mlib,unemp,none,fe_twoway,no_bailout,n_eff,share,248,248,0.11214694624217483,-0.04278508449950623,0.2444047589920848,0.056451612903225805,0.3225806451612903,0
mlib,unemp,none,fe_twoway,no_bailout,none,count,240,240,0.06534838866608737,-0.05617206817872003,0.10864777766600288,0.16666666666666666,0,0
mlib,unemp,none,fe_twoway,no_bailout,none,rate,244,244,0.06494498666433525,-0.05617206817872003,0.10864777766600288,0.1721311475409836,0,0
mlib,unemp,none,fe_twoway,no_bailout,none,share,248,248,0.09681235788171427,-0.0206081600061034,0.19690745391673012,0.04838709677419355,0.20161290322580644,0
mlib,unemp,none,fe_twoway,no_bailout,pop,count,240,240,0.04132719512556053,-0.00568666679616922,0.2107227380380637,0.025,0,0
mlib,unemp,none,fe_twoway,no_bailout,pop,rate,244,244,0.04072805366351811,-0.1368457427769029,0.2107227380380637,0.040983606557377046,0,0
mlib,unemp,none,fe_twoway,no_bailout,pop,share,248,248,0.03159588792463139,-0.10943479784876424,0.20538397306507636,0.25806451612903225,0.04838709677419355,0
mlib,unemp,none,fe_twoway,y2004_2008,n_cell,count,240,192,-0.26881777217149033,-0.3378225505135579,-0.22336970733629116,1,1,1
mlib,unemp,none,fe_twoway,y2004_2008,n_cell,rate,244,196,-0.2690366248905939,-0.35290499948826404,-0.22336970733629116,1,1,1
mlib,unemp,none,fe_twoway,y2004_2008,n_cell,share,248,200,-0.2501927992958517,-0.35738818845406445,-0.1828698758777371,1,0.975,0.975
mlib,unemp,none,fe_twoway,y2004_2008,n_eff,count,240,192,-0.27128087303149817,-0.3380902763728551,-0.22471133151765088,1,1,1
mlib,unemp,none,fe_twoway,y2004_2008,n_eff,rate,244,196,-0.2713845547653561,-0.3556471630150658,-0.22471133151765088,1,1,1
mlib,unemp,none,fe_twoway,y2004_2008,n_eff,share,248,200,-0.2526619852667951,-0.3628678204010549,-0.1879977300417234,1,0.985,0.985
mlib,unemp,none,fe_twoway,y2004_2008,none,count,240,192,-0.26169323997687,-0.3143543928667352,-0.24055454663851128,1,1,1
mlib,unemp,none,fe_twoway,y2004_2008,none,rate,244,196,-0.26209757763146935,-0.3589464898281606,-0.24055454663851128,1,1,1
mlib,unemp,none,fe_twoway,y2004_2008,none,share,248,200,-0.25351366336436854,-0.36098088165062,-0.2034480980087464,1,1,1
mlib,unemp,none,fe_twoway,y2004_2008,pop,count,240,192,-0.355419008766475,-0.4568701277880363,-0.2178477782470038,1,1,1
mlib,unemp,none,fe_twoway,y2004_2008,pop,rate,244,196,-0.355419008766475,-0.4568701277880363,-0.20917449216683456,1,1,1
mlib,unemp,none,fe_twoway,y2004_2008,pop,share,248,200,-0.2435943242317375,-0.3812432940484447,-0.12205168651124708,1,0.71,0.71
mlib,unemp,none,fe_twoway,y2009_2013,n_cell,count,240,240,-0.08773559188863578,-0.18433249286106396,-0.04583790288729027,1,0,0
mlib,unemp,none,fe_twoway,y2009_2013,n_cell,rate,244,244,-0.08802648496084114,-0.23716889250080608,-0.04583790288729027,1,0.00819672131147541,0.00819672131147541
mlib,unemp,none,fe_twoway,y2009_2013,n_cell,share,248,248,-0.025559129411649978,-0.16619062907473464,0.03708067105066386,0.7661290322580645,0,0
mlib,unemp,none,fe_twoway,y2009_2013,n_eff,count,240,240,-0.08973687332943854,-0.1947120347192974,-0.04583790288729027,1,0.004166666666666667,0.004166666666666667
mlib,unemp,none,fe_twoway,y2009_2013,n_eff,rate,244,244,-0.09078496694950858,-0.2445121485148462,-0.04583790288729027,1,0.012295081967213115,0.012295081967213115
mlib,unemp,none,fe_twoway,y2009_2013,n_eff,share,248,248,-0.02838865352111144,-0.17051709136626822,0.03708067105066386,0.7903225806451613,0,0
mlib,unemp,none,fe_twoway,y2009_2013,none,count,240,240,-0.11910582956463577,-0.22508364124298053,-0.07951364589758947,1,0.0625,0.0625
mlib,unemp,none,fe_twoway,y2009_2013,none,rate,244,244,-0.11990936510787806,-0.2882815876601783,-0.07951364589758947,1,0.06967213114754098,0.06967213114754098
mlib,unemp,none,fe_twoway,y2009_2013,none,share,248,248,-0.05199751910347259,-0.21906142075258386,0.02330980051171552,0.8629032258064516,0.008064516129032258,0.008064516129032258
mlib,unemp,none,fe_twoway,y2009_2013,pop,count,240,240,-0.08700060887213151,-0.3592298224413967,0.03080697494709541,0.9666666666666667,0.20833333333333334,0.20833333333333334
mlib,unemp,none,fe_twoway,y2009_2013,pop,rate,244,244,-0.08782831413003053,-0.468262555757254,0.03080697494709541,0.9672131147540983,0.21311475409836064,0.21311475409836064
mlib,unemp,none,fe_twoway,y2009_2013,pop,share,248,248,-0.11939409670338201,-0.5123812512739953,-0.02322402608285779,1,0.33064516129032256,0.33064516129032256
mlib,unemp,none,pooled_cl,all,n_cell,count,240,240,0.2305434398255672,0.12653686042086146,0.587412056505254,0,1,0
mlib,unemp,none,pooled_cl,all,n_cell,rate,244,244,0.22057356761405195,0.12653686042086146,0.587412056505254,0,1,0
mlib,unemp,none,pooled_cl,all,n_cell,share,248,248,0.08620661180624953,0.01161180460460891,0.4375430288652362,0,0.3064516129032258,0
mlib,unemp,none,pooled_cl,all,n_eff,count,240,240,0.23430689636716862,0.12842906322516875,0.5835685348600423,0,1,0
mlib,unemp,none,pooled_cl,all,n_eff,rate,244,244,0.22655224593034498,0.12842906322516875,0.5835685348600423,0,1,0
mlib,unemp,none,pooled_cl,all,n_eff,share,248,248,0.08269573239902336,0.00649280304233453,0.4357228948977915,0,0.2782258064516129,0
mlib,unemp,none,pooled_cl,all,none,count,240,240,0.18535353107637498,0.0933627942116367,0.4909345142463756,0,0.9166666666666666,0
mlib,unemp,none,pooled_cl,all,none,rate,244,244,0.1809342824242317,0.0933627942116367,0.4909345142463756,0,0.9180327868852459,0
mlib,unemp,none,pooled_cl,all,none,share,248,248,0.03157585644194409,-0.05931785692190798,0.31560190910636726,0.24193548387096775,0.08870967741935484,0
mlib,unemp,none,pooled_cl,all,pop,count,240,240,0.18346658478164188,0.07822878547697032,0.6095737391864361,0,0.825,0
mlib,unemp,none,pooled_cl,all,pop,rate,244,244,0.18398885356609235,0.07822878547697032,0.6095737391864361,0,0.8278688524590164,0
mlib,unemp,none,pooled_cl,all,pop,share,248,248,0.0744482969096191,-0.02266225957556879,0.43507200629371673,0.03225806451612903,0.2540322580645161,0
mlib,unemp,none,pooled_cl,no_GR_ES,n_cell,count,240,240,0.2143372550896004,0.10723333793645454,0.6076950985005329,0,0.95,0
mlib,unemp,none,pooled_cl,no_GR_ES,n_cell,rate,244,244,0.20344469200678345,0.10723333793645454,0.6076950985005329,0,0.9508196721311475,0
mlib,unemp,none,pooled_cl,no_GR_ES,n_cell,share,248,248,0.09697671801546115,0.01014333248524705,0.4728881824605661,0,0.3185483870967742,0
mlib,unemp,none,pooled_cl,no_GR_ES,n_eff,count,240,240,0.21757179024674,0.10723333793645454,0.607863840494107,0,0.95,0
mlib,unemp,none,pooled_cl,no_GR_ES,n_eff,rate,244,244,0.2099934371791391,0.10723333793645454,0.607863840494107,0,0.9508196721311475,0
mlib,unemp,none,pooled_cl,no_GR_ES,n_eff,share,248,248,0.09490870691207012,0.01014333248524705,0.4673262477847293,0,0.3064516129032258,0
mlib,unemp,none,pooled_cl,no_GR_ES,none,count,240,240,0.17543762882750674,0.07723870738667521,0.5040157864755157,0,0.8666666666666667,0
mlib,unemp,none,pooled_cl,no_GR_ES,none,rate,244,244,0.16639246228503002,0.07723870738667521,0.5040157864755157,0,0.860655737704918,0
mlib,unemp,none,pooled_cl,no_GR_ES,none,share,248,248,0.0385462485584339,-0.05754336648738348,0.34129212738263015,0.1774193548387097,0.16129032258064516,0
mlib,unemp,none,pooled_cl,no_GR_ES,pop,count,240,240,0.22590766421914463,0.02804940500075244,0.7221811424191249,0,0.7,0
mlib,unemp,none,pooled_cl,no_GR_ES,pop,rate,244,244,0.2252968436284487,0.02804940500075244,0.7221811424191249,0,0.7049180327868853,0
mlib,unemp,none,pooled_cl,no_GR_ES,pop,share,248,248,0.15339125429531464,0.02686985213997476,0.6266231092947636,0,0.6653225806451613,0
mlib,unemp,none,pooled_cl,no_bailout,n_cell,count,240,240,0.2655139310384329,0.11500716049844988,0.6004143250731008,0,0.95,0
mlib,unemp,none,pooled_cl,no_bailout,n_cell,rate,244,244,0.25499729712597,0.11500716049844988,0.6004143250731008,0,0.9508196721311475,0
mlib,unemp,none,pooled_cl,no_bailout,n_cell,share,248,248,0.2004223418050991,0.06783949895301149,0.4969632686368188,0,0.8024193548387096,0
mlib,unemp,none,pooled_cl,no_bailout,n_eff,count,240,240,0.2666431215602852,0.11500716049844988,0.6099610786558718,0,0.95,0
mlib,unemp,none,pooled_cl,no_bailout,n_eff,rate,244,244,0.2620231283464698,0.11500716049844988,0.6099610786558718,0,0.9508196721311475,0
mlib,unemp,none,pooled_cl,no_bailout,n_eff,share,248,248,0.20126172058476144,0.06783949895301149,0.5047417798691384,0,0.8266129032258065,0
mlib,unemp,none,pooled_cl,no_bailout,none,count,240,240,0.23082679171324216,0.08219312669999806,0.48357534409099506,0,0.9,0
mlib,unemp,none,pooled_cl,no_bailout,none,rate,244,244,0.22379217833967777,0.08219312669999806,0.48357534409099506,0,0.9016393442622951,0
mlib,unemp,none,pooled_cl,no_bailout,none,share,248,248,0.13482321643114997,0.01596394999961558,0.3694564514923782,0,0.3911290322580645,0
mlib,unemp,none,pooled_cl,no_bailout,pop,count,240,240,0.26417187221457195,0.03571198987861264,0.7359096855361192,0,0.6916666666666667,0
mlib,unemp,none,pooled_cl,no_bailout,pop,rate,244,244,0.26417187221457195,0.03571198987861264,0.7359096855361192,0,0.6967213114754098,0
mlib,unemp,none,pooled_cl,no_bailout,pop,share,248,248,0.22772427166894066,0.05578425596661512,0.6462132423992711,0,0.8709677419354839,0
mlib,unemp,none,pooled_cl,y2004_2008,n_cell,count,240,192,0.06654585868783026,0.02374167911796154,0.1274539616899695,0,0,0
mlib,unemp,none,pooled_cl,y2004_2008,n_cell,rate,244,196,0.06696050732446145,0.02374167911796154,0.1274539616899695,0,0,0
mlib,unemp,none,pooled_cl,y2004_2008,n_cell,share,248,200,0.09044695103864499,0.02902670486285692,0.16188080557340354,0,0,0
mlib,unemp,none,pooled_cl,y2004_2008,n_eff,count,240,192,0.06914238338891951,0.02523383028247435,0.1348812998698165,0,0,0
mlib,unemp,none,pooled_cl,y2004_2008,n_eff,rate,244,196,0.06973560473640282,0.02523383028247435,0.1348812998698165,0,0,0
mlib,unemp,none,pooled_cl,y2004_2008,n_eff,share,248,200,0.0911081429128478,0.03031612440809761,0.16188080557340354,0,0,0
mlib,unemp,none,pooled_cl,y2004_2008,none,count,240,192,0.09588893814068068,0.04564002597200047,0.15883484565184536,0,0,0
mlib,unemp,none,pooled_cl,y2004_2008,none,rate,244,196,0.09588893814068068,0.04564002597200047,0.15883484565184536,0,0,0
mlib,unemp,none,pooled_cl,y2004_2008,none,share,248,200,0.06251014722457354,0.01294785007874501,0.12515216296373102,0,0,0
mlib,unemp,none,pooled_cl,y2004_2008,pop,count,240,192,0.00978613241097969,-0.10993741790283695,0.07721563370475955,0.4166666666666667,0,0
mlib,unemp,none,pooled_cl,y2004_2008,pop,rate,244,196,0.00994939053900566,-0.10993741790283695,0.07721563370475955,0.40816326530612246,0,0
mlib,unemp,none,pooled_cl,y2004_2008,pop,share,248,200,0.08668149771011185,0.0029770921849533,0.26342847351526527,0,0.22,0
mlib,unemp,none,pooled_cl,y2009_2013,n_cell,count,240,240,0.36250959385277653,0.2301433421979262,0.5851705067405725,0,1,0
mlib,unemp,none,pooled_cl,y2009_2013,n_cell,rate,244,244,0.36250959385277653,0.2301433421979262,0.5851705067405725,0,1,0
mlib,unemp,none,pooled_cl,y2009_2013,n_cell,share,248,248,0.23009078428635482,0.10875632492682429,0.43540292592256663,0,0.8064516129032258,0
mlib,unemp,none,pooled_cl,y2009_2013,n_eff,count,240,240,0.3588442347033173,0.2214598422939987,0.5815508367619436,0,1,0
mlib,unemp,none,pooled_cl,y2009_2013,n_eff,rate,244,244,0.3588442347033173,0.2214598422939987,0.5815508367619436,0,1,0
mlib,unemp,none,pooled_cl,y2009_2013,n_eff,share,248,248,0.22116005081859594,0.09730531206101914,0.43263567214779847,0,0.7661290322580645,0
mlib,unemp,none,pooled_cl,y2009_2013,none,count,240,240,0.28509560137662526,0.1875871334924436,0.480575474765896,0,1,0
mlib,unemp,none,pooled_cl,y2009_2013,none,rate,244,244,0.28509560137662526,0.1875871334924436,0.480575474765896,0,1,0
mlib,unemp,none,pooled_cl,y2009_2013,none,share,248,248,0.14487696161284758,0.0478354640960268,0.3039566096576747,0,0.36693548387096775,0
mlib,unemp,none,pooled_cl,y2009_2013,pop,count,240,240,0.26702912418708424,0.1352977707268842,0.617224757599127,0,0.7958333333333333,0
mlib,unemp,none,pooled_cl,y2009_2013,pop,rate,244,244,0.27225168825263424,0.1352977707268842,0.617224757599127,0,0.7991803278688525,0
mlib,unemp,none,pooled_cl,y2009_2013,pop,share,248,248,0.14872141009043072,0.03876518765195963,0.4581381263035792,0,0.40725806451612906,0
mlib,unemp,none,re,all,none,count,240,240,-0.2450182691976963,-0.3639885685000929,-0.15564889090048095,1,0.95,0.95
mlib,unemp,none,re,all,none,rate,244,242,-0.2456472361615168,-0.3639885685000929,-0.15564889090048095,1,0.9504132231404959,0.9504132231404959
mlib,unemp,none,re,all,none,share,248,246,-0.23825930230462983,-0.4369575922136291,-0.10681531187021892,1,0.8658536585365854,0.8658536585365854
mlib,unemp,none,re,no_GR_ES,none,count,240,240,-0.22212912969838156,-0.30766276209977284,-0.12587189422356193,1,0.8,0.8
mlib,unemp,none,re,no_GR_ES,none,rate,244,242,-0.2224141114847386,-0.30766276209977284,-0.12587189422356193,1,0.8016528925619835,0.8016528925619835
mlib,unemp,none,re,no_GR_ES,none,share,248,246,-0.22391552214316018,-0.37746523871948046,-0.08726512039940773,1,0.8170731707317073,0.8170731707317073
mlib,unemp,none,re,no_bailout,none,count,240,240,-0.1507905818427482,-0.2470306065280699,-0.03515026418729813,1,0.55,0.55
mlib,unemp,none,re,no_bailout,none,rate,244,242,-0.15106425234680904,-0.2470306065280699,-0.03515026418729813,1,0.5537190082644629,0.5537190082644629
mlib,unemp,none,re,no_bailout,none,share,248,246,-0.11782627973429789,-0.2791864334419416,-0.01386661849494999,1,0.3861788617886179,0.3861788617886179
mlib,unemp,none,re,y2004_2008,none,count,240,192,-0.36171118223683124,-0.4342401814072074,-0.3201250386080719,1,1,1
mlib,unemp,none,re,y2004_2008,none,rate,244,194,-0.3770994308492599,-0.45726168808200357,-0.3201250386080719,1,1,1
mlib,unemp,none,re,y2004_2008,none,share,248,198,-0.22373883407627726,-0.35742441969379934,-0.1488148843899958,1,0.797979797979798,0.797979797979798
mlib,unemp,none,re,y2009_2013,none,count,240,240,-0.19147782625247173,-0.2816473859347617,-0.14002574770332302,1,0.8041666666666667,0.8041666666666667
mlib,unemp,none,re,y2009_2013,none,rate,244,242,-0.19217510576139196,-0.2816473859347617,-0.14002574770332302,1,0.8057851239669421,0.8057851239669421
mlib,unemp,none,re,y2009_2013,none,share,248,246,-0.15929180876219295,-0.2728219948547104,-0.08815227827624707,1,0.4186991869918699,0.4186991869918699
mlib,unemp,other,fe_country,all,n_cell,count,240,240,-0.2528216027764111,-0.3595878504337923,-0.16908068676367172,1,0.9666666666666667,0.9666666666666667
mlib,unemp,other,fe_country,all,n_cell,rate,244,244,-0.2528216027764111,-0.37171523393842354,-0.16908068676367172,1,0.9672131147540983,0.9672131147540983
mlib,unemp,other,fe_country,all,n_cell,share,248,248,-0.21109194339943893,-0.375690046866994,-0.12182839425157516,1,0.8508064516129032,0.8508064516129032
mlib,unemp,other,fe_country,all,n_eff,count,240,240,-0.2545484475667037,-0.3595878504337923,-0.16908068676367172,1,0.9666666666666667,0.9666666666666667
mlib,unemp,other,fe_country,all,n_eff,rate,244,244,-0.2545484475667037,-0.38311029040134986,-0.16908068676367172,1,0.9672131147540983,0.9672131147540983
mlib,unemp,other,fe_country,all,n_eff,share,248,248,-0.2158790242297905,-0.38360289444401874,-0.12355428074075717,1,0.8911290322580645,0.8911290322580645
mlib,unemp,other,fe_country,all,none,count,240,240,-0.3190441783937571,-0.3957719593731237,-0.20494885822077263,1,1,1
mlib,unemp,other,fe_country,all,none,rate,244,244,-0.3190441783937571,-0.4019460122582721,-0.20494885822077263,1,1,1
mlib,unemp,other,fe_country,all,none,share,248,248,-0.2800620573650804,-0.4303777616383452,-0.15829221996670317,1,0.967741935483871,0.967741935483871
mlib,unemp,other,fe_country,all,pop,count,240,240,-0.2478210327353677,-0.529082435686114,-0.0904209327177572,1,0.7125,0.7125
mlib,unemp,other,fe_country,all,pop,rate,244,244,-0.2478210327353677,-0.529082435686114,-0.08039886082340064,1,0.7131147540983607,0.7131147540983607
mlib,unemp,other,fe_country,all,pop,share,248,248,-0.2053841601256416,-0.5535901376268355,-0.04577341406953354,1,0.5241935483870968,0.5241935483870968
mlib,unemp,other,fe_country,no_GR_ES,n_cell,count,240,240,-0.22189285849484824,-0.31246247861725485,-0.15886284430991868,1,0.9083333333333333,0.9083333333333333
mlib,unemp,other,fe_country,no_GR_ES,n_cell,rate,244,244,-0.22189285849484824,-0.32134720439533054,-0.15886284430991868,1,0.9098360655737705,0.9098360655737705
mlib,unemp,other,fe_country,no_GR_ES,n_cell,share,248,248,-0.16065419570515885,-0.3163648630765463,-0.07985895246531177,1,0.6129032258064516,0.6129032258064516
mlib,unemp,other,fe_country,no_GR_ES,n_eff,count,240,240,-0.22424326916657628,-0.31246247861725485,-0.15886284430991868,1,0.9416666666666667,0.9416666666666667
mlib,unemp,other,fe_country,no_GR_ES,n_eff,rate,244,244,-0.22424326916657628,-0.3318272532740631,-0.15886284430991868,1,0.9426229508196722,0.9426229508196722
mlib,unemp,other,fe_country,no_GR_ES,n_eff,share,248,248,-0.16774721922519947,-0.3205256705361363,-0.080173600136875,1,0.6612903225806451,0.6612903225806451
mlib,unemp,other,fe_country,no_GR_ES,none,count,240,240,-0.2803657921877271,-0.34115736980963685,-0.2504672285222679,1,1,1
mlib,unemp,other,fe_country,no_GR_ES,none,rate,244,244,-0.2803657921877271,-0.35217266331506525,-0.23242765204514831,1,1,1
mlib,unemp,other,fe_country,no_GR_ES,none,share,248,248,-0.2293312416551721,-0.3697310015734589,-0.1406951730390227,1,0.9879032258064516,0.9879032258064516
mlib,unemp,other,fe_country,no_GR_ES,pop,count,240,240,-0.15734192932291227,-0.32595084148762565,-0.04326193972423989,1,0.48333333333333334,0.48333333333333334
mlib,unemp,other,fe_country,no_GR_ES,pop,rate,244,244,-0.15734192932291227,-0.32595084148762565,-0.04326193972423989,1,0.48360655737704916,0.48360655737704916
mlib,unemp,other,fe_country,no_GR_ES,pop,share,248,248,-0.036081164643643804,-0.4158962589681507,0.01259757238992993,0.967741935483871,0.1693548387096774,0.1693548387096774
mlib,unemp,other,fe_country,no_bailout,n_cell,count,240,240,-0.14263807451390564,-0.26666401582788873,-0.06587346475520943,1,0.4666666666666667,0.4666666666666667
mlib,unemp,other,fe_country,no_bailout,n_cell,rate,244,244,-0.14263807451390564,-0.267778758702818,-0.06587346475520943,1,0.4672131147540984,0.4672131147540984
mlib,unemp,other,fe_country,no_bailout,n_cell,share,248,248,-0.09081897323677168,-0.24826809840808375,-0.03158815699751719,1,0.16129032258064516,0.16129032258064516
mlib,unemp,other,fe_country,no_bailout,n_eff,count,240,240,-0.1500790740971618,-0.26666401582788873,-0.06587346475520943,1,0.49166666666666664,0.49166666666666664
mlib,unemp,other,fe_country,no_bailout,n_eff,rate,244,244,-0.1500790740971618,-0.28091114396402517,-0.06587346475520943,1,0.4918032786885246,0.4918032786885246
mlib,unemp,other,fe_country,no_bailout,n_eff,share,248,248,-0.09492761346852482,-0.25213671688265876,-0.0320376297786759,1,0.18548387096774194,0.18548387096774194
mlib,unemp,other,fe_country,no_bailout,none,count,240,240,-0.19691743670748868,-0.28737448945555905,-0.10839538366249644,1,0.8,0.8
mlib,unemp,other,fe_country,no_bailout,none,rate,244,244,-0.19691743670748868,-0.2899671248851882,-0.10839538366249644,1,0.8032786885245902,0.8032786885245902
mlib,unemp,other,fe_country,no_bailout,none,share,248,248,-0.1463786968645162,-0.2924462072736312,-0.07554116300685879,1,0.4153225806451613,0.4153225806451613
mlib,unemp,other,fe_country,no_bailout,pop,count,240,240,-0.1254907187124443,-0.2874950850380867,-0.034409199381314703,1,0.225,0.225
mlib,unemp,other,fe_country,no_bailout,pop,rate,244,244,-0.1254907187124443,-0.2874950850380867,-0.034409199381314703,1,0.22950819672131148,0.22950819672131148
mlib,unemp,other,fe_country,no_bailout,pop,share,248,248,-0.015831261218774276,-0.39206794102895925,0.06967548601379137,0.7016129032258065,0.0967741935483871,0.0967741935483871
mlib,unemp,other,fe_country,y2004_2008,n_cell,count,240,192,-0.4713208428094211,-0.5525329828673791,-0.42824836398188354,1,1,1
mlib,unemp,other,fe_country,y2004_2008,n_cell,rate,244,196,-0.4715826226227,-0.5893076089025939,-0.42824836398188354,1,1,1
mlib,unemp,other,fe_country,y2004_2008,n_cell,share,248,200,-0.23376488963039063,-0.384304088278364,-0.1308315458036938,1,0.71,0.71
mlib,unemp,other,fe_country,y2004_2008,n_eff,count,240,192,-0.4695216130318208,-0.5498391538921519,-0.42824836398188354,1,1,1
mlib,unemp,other,fe_country,y2004_2008,n_eff,rate,244,196,-0.4698708701359827,-0.5856418909012842,-0.42824836398188354,1,1,1
mlib,unemp,other,fe_country,y2004_2008,n_eff,share,248,200,-0.23532092375892708,-0.3869613388913553,-0.13230795534404405,1,0.71,0.71
mlib,unemp,other,fe_country,y2004_2008,none,count,240,192,-0.4447077902048391,-0.516974405417028,-0.3882480769633601,1,1,1
mlib,unemp,other,fe_country,y2004_2008,none,rate,244,196,-0.4580585920258019,-0.5699198582407046,-0.3882480769633601,1,1,1
mlib,unemp,other,fe_country,y2004_2008,none,share,248,200,-0.2548340923084987,-0.4129451128005545,-0.16649332839856698,1,0.825,0.825
mlib,unemp,other,fe_country,y2004_2008,pop,count,240,192,-0.5549816516300068,-0.7632344177340109,-0.4987173713890168,1,1,1
mlib,unemp,other,fe_country,y2004_2008,pop,rate,244,196,-0.5550179409849276,-0.7632344177340109,-0.4351680806234574,1,1,1
mlib,unemp,other,fe_country,y2004_2008,pop,share,248,200,-0.11643422727812999,-0.32042234272124526,-0.02306644847134854,1,0.24,0.24
mlib,unemp,other,fe_country,y2009_2013,n_cell,count,240,240,-0.22069850768034058,-0.32070530077882903,-0.1602834452627324,1,0.6416666666666667,0.6416666666666667
mlib,unemp,other,fe_country,y2009_2013,n_cell,rate,244,244,-0.22069850768034058,-0.32070530077882903,-0.1602834452627324,1,0.639344262295082,0.639344262295082
mlib,unemp,other,fe_country,y2009_2013,n_cell,share,248,248,-0.19073977125984865,-0.3102690827439872,-0.11511264669578404,1,0.5,0.5
mlib,unemp,other,fe_country,y2009_2013,n_eff,count,240,240,-0.22799993994726533,-0.3323029669852507,-0.1602834452627324,1,0.675,0.675
mlib,unemp,other,fe_country,y2009_2013,n_eff,rate,244,244,-0.22799993994726533,-0.3323029669852507,-0.1602834452627324,1,0.6721311475409836,0.6721311475409836
mlib,unemp,other,fe_country,y2009_2013,n_eff,share,248,248,-0.19526892697408582,-0.3215742247447326,-0.11511264669578404,1,0.5080645161290323,0.5080645161290323
mlib,unemp,other,fe_country,y2009_2013,none,count,240,240,-0.3120428665114451,-0.40753284552973695,-0.2019458764556516,1,1,1
mlib,unemp,other,fe_country,y2009_2013,none,rate,244,244,-0.3120428665114451,-0.4134422385720133,-0.2019458764556516,1,1,1
mlib,unemp,other,fe_country,y2009_2013,none,share,248,248,-0.27022082778776335,-0.40145844450352264,-0.1532375892147606,1,0.7983870967741935,0.7983870967741935
mlib,unemp,other,fe_country,y2009_2013,pop,count,240,240,-0.2221080127977866,-0.5540188344726265,-0.0817965103489551,1,0.5083333333333333,0.5083333333333333
mlib,unemp,other,fe_country,y2009_2013,pop,rate,244,244,-0.2221080127977866,-0.5540188344726265,-0.0817965103489551,1,0.5081967213114754,0.5081967213114754
mlib,unemp,other,fe_country,y2009_2013,pop,share,248,248,-0.25286586684428525,-0.5879325290095205,-0.10054011214504208,1,0.5161290322580645,0.5161290322580645
mlib,unemp,other,fe_twoway,all,n_cell,count,240,240,-0.014385893369175246,-0.10221587176732222,0.02401102539276203,0.775,0,0
mlib,unemp,other,fe_twoway,all,n_cell,rate,244,244,-0.01525067512811017,-0.11951264884864543,0.02401102539276203,0.7786885245901639,0,0
mlib,unemp,other,fe_twoway,all,n_cell,share,248,248,0.012920049821555915,-0.07981633165935105,0.10530346734451154,0.4112903225806452,0,0
mlib,unemp,other,fe_twoway,all,n_eff,count,240,240,-0.016162751274645264,-0.1053370393036,0.02370100134259196,0.8,0,0
mlib,unemp,other,fe_twoway,all,n_eff,rate,244,244,-0.01654428434709291,-0.12595849692857194,0.02370100134259196,0.8032786885245902,0,0
mlib,unemp,other,fe_twoway,all,n_eff,share,248,248,0.010125366635049425,-0.0871806934505094,0.10530346734451154,0.41935483870967744,0,0
mlib,unemp,other,fe_twoway,all,none,count,240,240,-0.05238311125941823,-0.1416032703249274,-0.02320437594840074,1,0,0
mlib,unemp,other,fe_twoway,all,none,rate,244,244,-0.05432937572698155,-0.16656205595040743,-0.02320437594840074,1,0.004098360655737705,0.004098360655737705
mlib,unemp,other,fe_twoway,all,none,share,248,248,-0.021838660640088825,-0.13248897924561764,0.10032749307656393,0.6693548387096774,0.016129032258064516,0.016129032258064516
mlib,unemp,other,fe_twoway,all,pop,count,240,240,-0.11565485276039192,-0.32962244476694386,0.02380557433896439,0.9666666666666667,0.38333333333333336,0.38333333333333336
mlib,unemp,other,fe_twoway,all,pop,rate,244,244,-0.1177437993728839,-0.41107111558551385,0.02380557433896439,0.9672131147540983,0.38934426229508196,0.38934426229508196
mlib,unemp,other,fe_twoway,all,pop,share,248,248,-0.09944715462563214,-0.3753518625635707,-0.01269208387260291,1,0.35080645161290325,0.35080645161290325
mlib,unemp,other,fe_twoway,no_GR_ES,n_cell,count,240,240,0.03819729820770303,-0.11679338486059568,0.07219375117752892,0.2,0,0
mlib,unemp,other,fe_twoway,no_GR_ES,n_cell,rate,244,244,0.03780029954532356,-0.11679338486059568,0.07219375117752892,0.21311475409836064,0,0
mlib,unemp,other,fe_twoway,no_GR_ES,n_cell,share,248,248,0.05912419667287419,-0.08529553368277012,0.16911121181910568,0.10483870967741936,0.12903225806451613,0
mlib,unemp,other,fe_twoway,no_GR_ES,n_eff,count,240,240,0.03704442007676349,-0.11787682567371768,0.07219375117752892,0.2,0,0
mlib,unemp,other,fe_twoway,no_GR_ES,n_eff,rate,244,244,0.03642344184553865,-0.11787682567371768,0.07219375117752892,0.21311475409836064,0,0
mlib,unemp,other,fe_twoway,no_GR_ES,n_eff,share,248,248,0.05637288938775323,-0.08722011624175566,0.16911121181910568,0.10483870967741936,0.12096774193548387,0
mlib,unemp,other,fe_twoway,no_GR_ES,none,count,240,240,-0.00190556655469403,-0.14019991294012124,0.02213362818185201,0.5666666666666667,0,0
mlib,unemp,other,fe_twoway,no_GR_ES,none,rate,244,244,-0.002137526944878675,-0.14019991294012124,0.02213362818185201,0.5737704918032787,0,0
mlib,unemp,other,fe_twoway,no_GR_ES,none,share,248,248,0.028078401396856557,-0.08092911680790105,0.11604574047537256,0.23387096774193547,0,0
mlib,unemp,other,fe_twoway,no_GR_ES,pop,count,240,240,0.0075735264474972655,-0.05284297239758663,0.1531928221582761,0.43333333333333335,0,0
mlib,unemp,other,fe_twoway,no_GR_ES,pop,rate,244,244,0.007217594077838955,-0.16222716995050368,0.1531928221582761,0.4426229508196721,0.004098360655737705,0.004098360655737705
mlib,unemp,other,fe_twoway,no_GR_ES,pop,share,248,248,0.009703905688931395,-0.15777288910356102,0.16263936916263835,0.4596774193548387,0.024193548387096774,0
mlib,unemp,other,fe_twoway,no_bailout,n_cell,count,240,240,0.11077291263483749,-0.04099733161635905,0.1659508444745378,0.075,0.041666666666666664,0
mlib,unemp,other,fe_twoway,no_bailout,n_cell,rate,244,244,0.10991482786204837,-0.04099733161635905,0.1659508444745378,0.07377049180327869,0.040983606557377046,0
mlib,unemp,other,fe_twoway,no_bailout,n_cell,share,248,248,0.1182830326014585,-0.02426234502616028,0.21561979097359552,0.03225806451612903,0.2620967741935484,0
mlib,unemp,other,fe_twoway,no_bailout,n_eff,count,240,240,0.10811627809923928,-0.04076107425001359,0.16329061892964566,0.075,0.029166666666666667,0
mlib,unemp,other,fe_twoway,no_bailout,n_eff,rate,244,244,0.10798903485187239,-0.04076107425001359,0.16329061892964566,0.07377049180327869,0.028688524590163935,0
mlib,unemp,other,fe_twoway,no_bailout,n_eff,share,248,248,0.11592747527403625,-0.02385122037182002,0.21561979097359552,0.03225806451612903,0.23790322580645162,0
mlib,unemp,other,fe_twoway,no_bailout,none,count,240,240,0.07618447195461023,-0.06392329064145956,0.10804950091841066,0.175,0,0
mlib,unemp,other,fe_twoway,no_bailout,none,rate,244,244,0.07585285654233978,-0.06392329064145956,0.10804950091841066,0.1721311475409836,0,0
mlib,unemp,other,fe_twoway,no_bailout,none,share,248,248,0.10236912704637646,4.625900307964591e-4,0.17968457526955897,0,0.0967741935483871,0
mlib,unemp,other,fe_twoway,no_bailout,pop,count,240,240,0.03029256697126911,-0.02664605154475411,0.15365575074125848,0.16666666666666666,0,0
mlib,unemp,other,fe_twoway,no_bailout,pop,rate,244,244,0.029736643984312708,-0.13370617359149456,0.15365575074125848,0.18032786885245902,0,0
mlib,unemp,other,fe_twoway,no_bailout,pop,share,248,248,0.01266024581481786,-0.17206032287218576,0.16720737528763968,0.46774193548387094,0.012096774193548387,0
mlib,unemp,other,fe_twoway,y2004_2008,n_cell,count,240,192,-0.2800308275398523,-0.37425170549462144,-0.23760202728246724,1,1,1
mlib,unemp,other,fe_twoway,y2004_2008,n_cell,rate,244,196,-0.2858293061799178,-0.3778483124144474,-0.23760202728246724,1,1,1
mlib,unemp,other,fe_twoway,y2004_2008,n_cell,share,248,200,-0.2413028539381658,-0.39099682017744264,-0.18764806865550462,1,0.975,0.975
mlib,unemp,other,fe_twoway,y2004_2008,n_eff,count,240,192,-0.28146405796483365,-0.3762211038866343,-0.24102509787074344,1,1,1
mlib,unemp,other,fe_twoway,y2004_2008,n_eff,rate,244,196,-0.2858293061799178,-0.3815704564112401,-0.24102509787074344,1,1,1
mlib,unemp,other,fe_twoway,y2004_2008,n_eff,share,248,200,-0.24863613619354463,-0.3977657121599719,-0.1889230810253,1,0.975,0.975
mlib,unemp,other,fe_twoway,y2004_2008,none,count,240,192,-0.2599793425120801,-0.33680515285221735,-0.22169796941327935,1,1,1
mlib,unemp,other,fe_twoway,y2004_2008,none,rate,244,196,-0.2626714735916504,-0.3671758056944285,-0.22169796941327935,1,1,1
mlib,unemp,other,fe_twoway,y2004_2008,none,share,248,200,-0.23944099108063077,-0.3757723188191581,-0.17890946311537825,1,0.91,0.91
mlib,unemp,other,fe_twoway,y2004_2008,pop,count,240,192,-0.38003590251243147,-0.5186558580708287,-0.2521504012305647,1,1,1
mlib,unemp,other,fe_twoway,y2004_2008,pop,rate,244,196,-0.38022077627422146,-0.5186558580708287,-0.24434757909926016,1,1,1
mlib,unemp,other,fe_twoway,y2004_2008,pop,share,248,200,-0.26898546477013274,-0.3830795084210223,-0.1567858839252924,1,0.855,0.855
mlib,unemp,other,fe_twoway,y2009_2013,n_cell,count,240,240,-0.041381681645363794,-0.1247784414373258,0.0093946399340438,0.9333333333333333,0,0
mlib,unemp,other,fe_twoway,y2009_2013,n_cell,rate,244,244,-0.04155209216028076,-0.18470266944794683,0.0093946399340438,0.9344262295081968,0,0
mlib,unemp,other,fe_twoway,y2009_2013,n_cell,share,248,248,0.0277855152594998,-0.10208793921110684,0.10898789540382672,0.2903225806451613,0,0
mlib,unemp,other,fe_twoway,y2009_2013,n_eff,count,240,240,-0.04167387975297544,-0.12969049108528943,0.0093946399340438,0.9333333333333333,0,0
mlib,unemp,other,fe_twoway,y2009_2013,n_eff,rate,244,244,-0.04230736426064226,-0.18639306128636632,0.0093946399340438,0.9344262295081968,0,0
mlib,unemp,other,fe_twoway,y2009_2013,n_eff,share,248,248,0.027839131117501498,-0.0999440552224432,0.10898789540382672,0.28225806451612906,0,0
mlib,unemp,other,fe_twoway,y2009_2013,none,count,240,240,-0.07640453670274797,-0.1679069803206898,-0.0308258830113646,1,0,0
mlib,unemp,other,fe_twoway,y2009_2013,none,rate,244,244,-0.07705279058590152,-0.23405011291245512,-0.0308258830113646,1,0.004098360655737705,0.004098360655737705
mlib,unemp,other,fe_twoway,y2009_2013,none,share,248,248,0.00803104411261605,-0.1482040720803296,0.10166929300198428,0.4435483870967742,0,0
mlib,unemp,other,fe_twoway,y2009_2013,pop,count,240,240,-0.08284502608758272,-0.35273310850072476,0.02999377699795208,0.9333333333333333,0.20833333333333334,0.20833333333333334
mlib,unemp,other,fe_twoway,y2009_2013,pop,rate,244,244,-0.08356836402505909,-0.45465645084660977,0.02999377699795208,0.9344262295081968,0.21311475409836064,0.21311475409836064
mlib,unemp,other,fe_twoway,y2009_2013,pop,share,248,248,-0.1149269767113611,-0.4926961188020503,-0.02772773889398604,1,0.3064516129032258,0.3064516129032258
mlib,unemp,other,pooled_cl,all,n_cell,count,240,240,0.23939137522474913,0.13319969976791862,0.5725616793538116,0,1,0
mlib,unemp,other,pooled_cl,all,n_cell,rate,244,244,0.23536988715819887,0.13319969976791862,0.5725616793538116,0,1,0
mlib,unemp,other,pooled_cl,all,n_cell,share,248,248,0.10620291339478771,0.02843602339204953,0.4123266301612148,0,0.3629032258064516,0
mlib,unemp,other,pooled_cl,all,n_eff,count,240,240,0.23900416790252146,0.135361086532607,0.5688032125524899,0,1,0
mlib,unemp,other,pooled_cl,all,n_eff,rate,244,244,0.23766660860328392,0.135361086532607,0.5688032125524899,0,1,0
mlib,unemp,other,pooled_cl,all,n_eff,share,248,248,0.10210114790059201,0.02583935693447667,0.409696658949972,0,0.3467741935483871,0
mlib,unemp,other,pooled_cl,all,none,count,240,240,0.20213232542626505,0.1037209364788505,0.47438666175072086,0,0.9416666666666667,0
mlib,unemp,other,pooled_cl,all,none,rate,244,244,0.20209041404014932,0.1037209364788505,0.47438666175072086,0,0.9426229508196722,0
mlib,unemp,other,pooled_cl,all,none,share,248,248,0.05314794524460688,-0.02418800216006172,0.28570283416029496,0.06451612903225806,0.08064516129032258,0
mlib,unemp,other,pooled_cl,all,pop,count,240,240,0.18777599101763098,0.076506660776279,0.5810941372052844,0,0.8458333333333333,0
mlib,unemp,other,pooled_cl,all,pop,rate,244,244,0.18808134079455405,0.076506660776279,0.5810941372052844,0,0.8483606557377049,0
mlib,unemp,other,pooled_cl,all,pop,share,248,248,0.08808401054838247,0.00436907825825106,0.3926276958711733,0,0.3346774193548387,0
mlib,unemp,other,pooled_cl,no_GR_ES,n_cell,count,240,240,0.22392810108974792,0.1135785928090018,0.6047201816776622,0,0.95,0
mlib,unemp,other,pooled_cl,no_GR_ES,n_cell,rate,244,244,0.2124930326926981,0.1135785928090018,0.6047201816776622,0,0.9508196721311475,0
mlib,unemp,other,pooled_cl,no_GR_ES,n_cell,share,248,248,0.11074578555458955,0.02058633983886825,0.46824348804718485,0,0.375,0
mlib,unemp,other,pooled_cl,no_GR_ES,n_eff,count,240,240,0.22730529189512486,0.1135785928090018,0.6048680077150161,0,0.9666666666666667,0
mlib,unemp,other,pooled_cl,no_GR_ES,n_eff,rate,244,244,0.21964886534412945,0.1135785928090018,0.6048680077150161,0,0.9672131147540983,0
mlib,unemp,other,pooled_cl,no_GR_ES,n_eff,share,248,248,0.10879211816094705,0.02058633983886825,0.4625601867198419,0,0.3588709677419355,0
mlib,unemp,other,pooled_cl,no_GR_ES,none,count,240,240,0.193190367769837,0.08744069024079473,0.49701348616954055,0,0.9,0
mlib,unemp,other,pooled_cl,no_GR_ES,none,rate,244,244,0.18486312357919094,0.08744069024079473,0.49701348616954055,0,0.9016393442622951,0
mlib,unemp,other,pooled_cl,no_GR_ES,none,share,248,248,0.05697814228275717,-0.0315460900366957,0.3288918544723242,0.04838709677419355,0.1532258064516129,0
mlib,unemp,other,pooled_cl,no_GR_ES,pop,count,240,240,0.22732501403988617,0.02864283206757785,0.719393438238909,0,0.7,0
mlib,unemp,other,pooled_cl,no_GR_ES,pop,rate,244,244,0.2269653115685373,0.02864283206757785,0.719393438238909,0,0.7049180327868853,0
mlib,unemp,other,pooled_cl,no_GR_ES,pop,share,248,248,0.15999394122853486,0.02968811292617796,0.6220698437084894,0,0.6895161290322581,0
mlib,unemp,other,pooled_cl,no_bailout,n_cell,count,240,240,0.2614644801165775,0.11477231602983322,0.6042457012048544,0,0.95,0
mlib,unemp,other,pooled_cl,no_bailout,n_cell,rate,244,244,0.2539306865256171,0.11477231602983322,0.6042457012048544,0,0.9508196721311475,0
mlib,unemp,other,pooled_cl,no_bailout,n_cell,share,248,248,0.195792414328411,0.06563646658433203,0.5027812640145153,0,0.8064516129032258,0
mlib,unemp,other,pooled_cl,no_bailout,n_eff,count,240,240,0.26302450496611296,0.11477231602983322,0.6140267962483954,0,0.95,0
mlib,unemp,other,pooled_cl,no_bailout,n_eff,rate,244,244,0.2619249942016388,0.11477231602983322,0.6140267962483954,0,0.9508196721311475,0
mlib,unemp,other,pooled_cl,no_bailout,n_eff,share,248,248,0.1977869485336064,0.06563646658433203,0.5098939839098644,0,0.8225806451612904,0
mlib,unemp,other,pooled_cl,no_bailout,none,count,240,240,0.23189394708682087,0.085518145775232507,0.4836363893872307,0,0.9,0
mlib,unemp,other,pooled_cl,no_bailout,none,rate,244,244,0.2298158330877076,0.085518145775232507,0.4836363893872307,0,0.9016393442622951,0
mlib,unemp,other,pooled_cl,no_bailout,none,share,248,248,0.14020379114506762,0.01915248155768695,0.3696522962168174,0,0.42338709677419356,0
mlib,unemp,other,pooled_cl,no_bailout,pop,count,240,240,0.2650099839787862,0.03816462496934968,0.7375081682899746,0,0.6916666666666667,0
mlib,unemp,other,pooled_cl,no_bailout,pop,rate,244,244,0.2650099839787862,0.03816462496934968,0.7375081682899746,0,0.6967213114754098,0
mlib,unemp,other,pooled_cl,no_bailout,pop,share,248,248,0.23500133165099385,0.05811138346553914,0.6474363131666615,0,0.8709677419354839,0
mlib,unemp,other,pooled_cl,y2004_2008,n_cell,count,240,192,0.054302846247164666,0.01109061839104052,0.1024755117711688,0,0,0
mlib,unemp,other,pooled_cl,y2004_2008,n_cell,rate,244,196,0.05515417904133969,0.01109061839104052,0.1024755117711688,0,0,0
mlib,unemp,other,pooled_cl,y2004_2008,n_cell,share,248,200,0.06906017926196129,0.01572914810470694,0.1365874768945982,0,0,0
mlib,unemp,other,pooled_cl,y2004_2008,n_eff,count,240,192,0.056152628262392625,0.01200871301169267,0.1117407332979246,0,0,0
mlib,unemp,other,pooled_cl,y2004_2008,n_eff,rate,244,196,0.0561786860321417,0.01200871301169267,0.1117407332979246,0,0,0
mlib,unemp,other,pooled_cl,y2004_2008,n_eff,share,248,200,0.0706568915996971,0.01690961058005864,0.13682390230958008,0,0,0
mlib,unemp,other,pooled_cl,y2004_2008,none,count,240,192,0.08510639349214028,0.03140307821152423,0.13728297097241893,0,0,0
mlib,unemp,other,pooled_cl,y2004_2008,none,rate,244,196,0.08525367143851514,0.03140307821152423,0.13728297097241893,0,0,0
mlib,unemp,other,pooled_cl,y2004_2008,none,share,248,200,0.04599367728031664,-0.00476872679099585,0.1014056679550394,0.05,0,0
mlib,unemp,other,pooled_cl,y2004_2008,pop,count,240,192,-0.00776597294565566,-0.14142278144551312,0.0491941854295472,0.59375,0,0
mlib,unemp,other,pooled_cl,y2004_2008,pop,rate,244,196,-0.00776597294565566,-0.14142278144551312,0.0491941854295472,0.5918367346938775,0,0
mlib,unemp,other,pooled_cl,y2004_2008,pop,share,248,200,0.0710060229840618,-0.03239117461461622,0.23796364073454865,0.02,0.095,0
mlib,unemp,other,pooled_cl,y2009_2013,n_cell,count,240,240,0.3519817721805696,0.22108566952157632,0.5733238717762678,0,1,0
mlib,unemp,other,pooled_cl,y2009_2013,n_cell,rate,244,244,0.3519817721805696,0.22108566952157632,0.5733238717762678,0,1,0
mlib,unemp,other,pooled_cl,y2009_2013,n_cell,share,248,248,0.20880515910957756,0.09456720752795558,0.4114269630593966,0,0.6733870967741935,0
mlib,unemp,other,pooled_cl,y2009_2013,n_eff,count,240,240,0.3484894637955218,0.2121619277968459,0.5692079231587689,0,1,0
mlib,unemp,other,pooled_cl,y2009_2013,n_eff,rate,244,244,0.3484894637955218,0.2121619277968459,0.5692079231587689,0,1,0
mlib,unemp,other,pooled_cl,y2009_2013,n_eff,share,248,248,0.2048241350379503,0.08324783847057482,0.4078231702135222,0,0.6491935483870968,0
mlib,unemp,other,pooled_cl,y2009_2013,none,count,240,240,0.2747616454094486,0.17814619923422076,0.4697389952339797,0,1,0
mlib,unemp,other,pooled_cl,y2009_2013,none,rate,244,244,0.2747616454094486,0.17814619923422076,0.4697389952339797,0,1,0
mlib,unemp,other,pooled_cl,y2009_2013,none,share,248,248,0.12561220842574422,0.02913687031864347,0.27727698661701655,0,0.2620967741935484,0
mlib,unemp,other,pooled_cl,y2009_2013,pop,count,240,240,0.23808707832183887,0.12227805346681068,0.5908808642187477,0,0.7166666666666667,0
mlib,unemp,other,pooled_cl,y2009_2013,pop,rate,244,244,0.24262699602237958,0.12227805346681068,0.5908808642187477,0,0.7213114754098361,0
mlib,unemp,other,pooled_cl,y2009_2013,pop,share,248,248,0.10836558361020089,0.00918040608482464,0.4107646598676471,0,0.34274193548387094,0
mlib,unemp,other,re,all,none,count,240,240,-0.270975538897698,-0.3618611675688425,-0.17457961009827586,1,1,1
mlib,unemp,other,re,all,none,rate,244,242,-0.272116059972987,-0.3618611675688425,-0.17457961009827586,1,1,1
mlib,unemp,other,re,all,none,share,248,246,-0.2273818883897348,-0.3944843673309551,-0.1241739595523506,1,0.9308943089430894,0.9308943089430894
mlib,unemp,other,re,no_GR_ES,none,count,240,240,-0.24798643277667698,-0.31157292140424014,-0.15592367493818513,1,0.9416666666666667,0.9416666666666667
mlib,unemp,other,re,no_GR_ES,none,rate,244,242,-0.24832738046440977,-0.31157292140424014,-0.15592367493818513,1,0.9421487603305785,0.9421487603305785
mlib,unemp,other,re,no_GR_ES,none,share,248,246,-0.19550474180901828,-0.34013129958627336,-0.1218021986473327,1,0.8536585365853658,0.8536585365853658
mlib,unemp,other,re,no_bailout,none,count,240,240,-0.17392667730481465,-0.25650060041358475,-0.04077716380705174,1,0.8,0.8
mlib,unemp,other,re,no_bailout,none,rate,244,242,-0.17420685115211104,-0.25650060041358475,-0.04077716380705174,1,0.8016528925619835,0.8016528925619835
mlib,unemp,other,re,no_bailout,none,share,248,246,-0.11156943169862162,-0.2560125902462481,-0.01656732579794638,1,0.3170731707317073,0.3170731707317073
mlib,unemp,other,re,y2004_2008,none,count,240,192,-0.3861989884660079,-0.4520745293055924,-0.34588394116514093,1,1,1
mlib,unemp,other,re,y2004_2008,none,rate,244,194,-0.39272426320115494,-0.46783120108071397,-0.34588394116514093,1,1,1
mlib,unemp,other,re,y2004_2008,none,share,248,198,-0.21948289123315629,-0.35556630953387347,-0.14442388953324983,1,0.7525252525252525,0.7525252525252525
mlib,unemp,other,re,y2009_2013,none,count,240,240,-0.21347368311497672,-0.31072656869998805,-0.16357054561571535,1,0.9583333333333334,0.9583333333333334
mlib,unemp,other,re,y2009_2013,none,rate,244,242,-0.21399704060760547,-0.31072656869998805,-0.16357054561571535,1,0.9586776859504132,0.9586776859504132
mlib,unemp,other,re,y2009_2013,none,share,248,246,-0.1915649460233873,-0.30685359853202454,-0.11837273506356225,1,0.6016260162601627,0.6016260162601627
mneg,growth,none,fe_country,all,n_cell,count,48,48,-0.0205260953678513,-0.05398256384859085,0.01568377679903277,0.875,0,0
mneg,growth,none,fe_country,all,n_cell,rate,50,50,-0.025778679359233732,-0.05512279528213825,0.01568377679903277,0.88,0,0
mneg,growth,none,fe_country,all,n_cell,share,50,50,-0.17811970215631778,-0.26469729107154133,-0.10934106397239364,1,0.54,0.54
mneg,growth,none,fe_country,all,n_eff,count,48,48,-0.02237847347762315,-0.05526201258135329,0.00939038914716204,0.875,0,0
mneg,growth,none,fe_country,all,n_eff,rate,50,50,-0.028836693952343943,-0.06279374220242864,0.00939038914716204,0.88,0,0
mneg,growth,none,fe_country,all,n_eff,share,50,50,-0.1806245667292621,-0.27020365423150217,-0.11053565997831874,1,0.58,0.58
mneg,growth,none,fe_country,all,none,count,48,48,-0.02007840655917418,-0.05660867479200346,0.01667376500579874,0.875,0,0
mneg,growth,none,fe_country,all,none,rate,50,50,-0.02318528905648761,-0.05660867479200346,0.01667376500579874,0.88,0,0
mneg,growth,none,fe_country,all,none,share,50,50,-0.17519392057071592,-0.2554695558110431,-0.10816785092198138,1,0.5,0.5
mneg,growth,none,fe_country,all,pop,count,48,48,-0.014264922751876845,-0.04159168289863837,0.02884420496103969,0.8333333333333334,0,0
mneg,growth,none,fe_country,all,pop,rate,50,50,-0.01396758755234033,-0.04159168289863837,0.02884420496103969,0.8,0,0
mneg,growth,none,fe_country,all,pop,share,50,50,-0.19490902963015272,-0.2885538476327995,-0.11569703473140464,1,0.9,0.9
mneg,growth,none,fe_country,no_GR_ES,n_cell,count,48,48,0.018427582253642244,-0.0016274155048782,0.05859290641219675,0.08333333333333333,0,0
mneg,growth,none,fe_country,no_GR_ES,n_cell,rate,50,50,0.009072296647033205,-0.0016274155048782,0.05859290641219675,0.12,0,0
mneg,growth,none,fe_country,no_GR_ES,n_cell,share,50,50,-0.12548418980823198,-0.19349320928640057,-0.0780955722878405,1,0.5,0.5
mneg,growth,none,fe_country,no_GR_ES,n_eff,count,48,48,0.01609786681443843,-0.00337938156063935,0.05429937439942003,0.20833333333333334,0,0
mneg,growth,none,fe_country,no_GR_ES,n_eff,rate,50,50,0.006300797401519765,-0.006067006454462434,0.05429937439942003,0.24,0,0
mneg,growth,none,fe_country,no_GR_ES,n_eff,share,50,50,-0.1274188799125214,-0.19738928356848942,-0.07895174912084844,1,0.5,0.5
mneg,growth,none,fe_country,no_GR_ES,none,count,48,48,0.00469423438917598,-0.0222582639834311,0.04674084311456075,0.5,0,0
mneg,growth,none,fe_country,no_GR_ES,none,rate,50,50,-0.0041995435249428895,-0.0222582639834311,0.04674084311456075,0.52,0,0
mneg,growth,none,fe_country,no_GR_ES,none,share,50,50,-0.13930151902333449,-0.2160064223945742,-0.08481588151690142,1,0.5,0.5
mneg,growth,none,fe_country,no_GR_ES,pop,count,48,48,0.042908187720940794,0.02072261680719291,0.10353174862402634,0,0,0
mneg,growth,none,fe_country,no_GR_ES,pop,rate,50,50,0.0434454626422496,0.02072261680719291,0.10353174862402634,0,0,0
mneg,growth,none,fe_country,no_GR_ES,pop,share,50,50,-0.1370488403586788,-0.22660572802556112,-0.07459155606810741,1,0.5,0.5
mneg,growth,none,fe_country,no_bailout,n_cell,count,48,48,0.12298479812169272,0.09532750396527032,0.1635200398425896,0,0.14583333333333334,0
mneg,growth,none,fe_country,no_bailout,n_cell,rate,50,50,0.12298479812169272,0.09532750396527032,0.1635200398425896,0,0.14,0
mneg,growth,none,fe_country,no_bailout,n_cell,share,50,50,-0.019239200547453587,-0.04127361914683296,-0.00577849656636665,1,0,0
mneg,growth,none,fe_country,no_bailout,n_eff,count,48,48,0.12217764411118111,0.09532750396527032,0.16405044026555082,0,0.14583333333333334,0
mneg,growth,none,fe_country,no_bailout,n_eff,rate,50,50,0.12217764411118111,0.09532750396527032,0.16405044026555082,0,0.14,0
mneg,growth,none,fe_country,no_bailout,n_eff,share,50,50,-0.019239200547453587,-0.04127361914683296,-0.00523655815728669,1,0,0
mneg,growth,none,fe_country,no_bailout,none,count,48,48,0.12859065621141863,0.09402241115956672,0.17986442148726847,0,0.3125,0
mneg,growth,none,fe_country,no_bailout,none,rate,50,50,0.12859065621141863,0.09402241115956672,0.17986442148726847,0,0.32,0
mneg,growth,none,fe_country,no_bailout,none,share,50,50,-0.01947850655732973,-0.03902400935547206,-0.0062197911017406,1,0,0
mneg,growth,none,fe_country,no_bailout,pop,count,48,48,0.1349672445764675,0.08483080289779331,0.2026678323364998,0,0.4166666666666667,0
mneg,growth,none,fe_country,no_bailout,pop,rate,50,50,0.1349672445764675,0.08483080289779331,0.2026678323364998,0,0.42,0
mneg,growth,none,fe_country,no_bailout,pop,share,50,50,-0.07266766626381324,-0.13964550044128002,-0.03559878899942659,1,0,0
mneg,growth,none,fe_country,y2004_2008,n_cell,count,48,48,0.2138673467102553,0.16229965350451148,0.25627007582289285,0,0.75,0
mneg,growth,none,fe_country,y2004_2008,n_cell,rate,50,50,0.21989107171702532,0.16229965350451148,0.2993623142396847,0,0.76,0
mneg,growth,none,fe_country,y2004_2008,n_cell,share,50,50,0.02113444566146025,-0.00723812261536457,0.06646233197443538,0.04,0,0
mneg,growth,none,fe_country,y2004_2008,n_eff,count,48,48,0.21380230373976783,0.16229965350451148,0.26151227983135833,0,0.7291666666666666,0
mneg,growth,none,fe_country,y2004_2008,n_eff,rate,50,50,0.21945536453295986,0.16229965350451148,0.30481175722360704,0,0.74,0
mneg,growth,none,fe_country,y2004_2008,n_eff,share,50,50,0.02296305254665317,-0.00723812261536457,0.0681740237659231,0.04,0,0
mneg,growth,none,fe_country,y2004_2008,none,count,48,48,0.1542538336099567,0.11857550739149136,0.18889238635503663,0,0.020833333333333332,0
mneg,growth,none,fe_country,y2004_2008,none,rate,50,50,0.15496979098009184,0.11857550739149136,0.22317129256989196,0,0.04,0
mneg,growth,none,fe_country,y2004_2008,none,share,50,50,-0.023077984314991258,-0.0742125611695222,-0.00253579724156685,1,0,0
mneg,growth,none,fe_country,y2004_2008,pop,count,48,48,0.08019331333042168,0.03598055363852132,0.13096727479615447,0,0,0
mneg,growth,none,fe_country,y2004_2008,pop,rate,50,50,0.08167799117025062,0.03598055363852132,0.1419036332759829,0,0,0
mneg,growth,none,fe_country,y2004_2008,pop,share,50,50,-0.27367783207328267,-0.41850668900037286,-0.18388367978948603,1,0.98,0.98
mneg,growth,none,fe_country,y2009_2013,n_cell,count,48,48,0.052370001679069494,-0.02066981956062462,0.12066049382301648,0.125,0,0
mneg,growth,none,fe_country,y2009_2013,n_cell,rate,50,50,0.050770004759873005,-0.02066981956062462,0.12066049382301648,0.12,0,0
mneg,growth,none,fe_country,y2009_2013,n_cell,share,50,50,0.11171388351153327,0.05463729172024438,0.1682441285663519,0,0,0
mneg,growth,none,fe_country,y2009_2013,n_eff,count,48,48,0.04526796961188616,-0.03370499325498444,0.12066049382301648,0.16666666666666666,0,0
mneg,growth,none,fe_country,y2009_2013,n_eff,rate,50,50,0.04211417242104386,-0.03370499325498444,0.12066049382301648,0.16,0,0
mneg,growth,none,fe_country,y2009_2013,n_eff,share,50,50,0.10465774431997052,0.04179283638412878,0.1682441285663519,0,0,0
mneg,growth,none,fe_country,y2009_2013,none,count,48,48,0.08350280883974934,0.02095835845538848,0.1426941159560205,0,0,0
mneg,growth,none,fe_country,y2009_2013,none,rate,50,50,0.08350280883974934,0.02095835845538848,0.1426941159560205,0,0,0
mneg,growth,none,fe_country,y2009_2013,none,share,50,50,0.15313601320971876,0.10252781740625072,0.200267184202599,0,0.1,0
mneg,growth,none,fe_country,y2009_2013,pop,count,48,48,0.23428399075052353,0.16900995226995827,0.3374061810923093,0,0.9583333333333334,0
mneg,growth,none,fe_country,y2009_2013,pop,rate,50,50,0.23536485875409355,0.16900995226995827,0.3374061810923093,0,0.96,0
mneg,growth,none,fe_country,y2009_2013,pop,share,50,50,0.28425652717525174,0.2158647732386768,0.3795251908705793,0,1,0
mneg,growth,none,fe_twoway,all,n_cell,count,48,48,-0.15513840629883163,-0.2314595926004551,-0.106205331833403,1,0.75,0.75
mneg,growth,none,fe_twoway,all,n_cell,rate,50,50,-0.1555112978021301,-0.2679855245559718,-0.106205331833403,1,0.76,0.76
mneg,growth,none,fe_twoway,all,n_cell,share,50,50,-0.15940829925173616,-0.2767910384660527,-0.09466504886503688,1,0.72,0.72
mneg,growth,none,fe_twoway,all,n_eff,count,48,48,-0.15701323254032046,-0.2314595926004551,-0.10942634243253842,1,0.75,0.75
mneg,growth,none,fe_twoway,all,n_eff,rate,50,50,-0.15807480162462006,-0.272352570763292,-0.10942634243253842,1,0.76,0.76
mneg,growth,none,fe_twoway,all,n_eff,share,50,50,-0.16094282342187416,-0.28054024077792217,-0.09466504886503688,1,0.72,0.72
mneg,growth,none,fe_twoway,all,none,count,48,48,-0.14350431463858382,-0.21301367394450732,-0.0980929134661843,1,0.6875,0.6875
mneg,growth,none,fe_twoway,all,none,rate,50,50,-0.14621861608003756,-0.2504146746298176,-0.0980929134661843,1,0.7,0.7
mneg,growth,none,fe_twoway,all,none,share,50,50,-0.16536426331604637,-0.277267561622663,-0.10149919888955032,1,0.72,0.72
mneg,growth,none,fe_twoway,all,pop,count,48,48,-0.23217790849694697,-0.3183811634355431,-0.20885045936101795,1,1,1
mneg,growth,none,fe_twoway,all,pop,rate,50,50,-0.2322855257857279,-0.3714695050051958,-0.20885045936101795,1,1,1
mneg,growth,none,fe_twoway,all,pop,share,50,50,-0.21757295041923716,-0.38916685383588157,-0.14629101501349487,1,1,1
mneg,growth,none,fe_twoway,no_GR_ES,n_cell,count,48,48,-0.11825869827663069,-0.1919277243205442,-0.07905868025859758,1,0.375,0.375
mneg,growth,none,fe_twoway,no_GR_ES,n_cell,rate,50,50,-0.12732664541299554,-0.2262735658782951,-0.07905868025859758,1,0.4,0.4
mneg,growth,none,fe_twoway,no_GR_ES,n_cell,share,50,50,-0.09714587300303018,-0.20050782460320293,-0.05118409847661911,1,0.26,0.26
mneg,growth,none,fe_twoway,no_GR_ES,n_eff,count,48,48,-0.11960813555885508,-0.1919277243205442,-0.08108344506383573,1,0.375,0.375
mneg,growth,none,fe_twoway,no_GR_ES,n_eff,rate,50,50,-0.12900189645919463,-0.23013035288032363,-0.08108344506383573,1,0.4,0.4
mneg,growth,none,fe_twoway,no_GR_ES,n_eff,share,50,50,-0.09918906831848219,-0.20322753761053536,-0.05118409847661911,1,0.26,0.26
mneg,growth,none,fe_twoway,no_GR_ES,none,count,48,48,-0.11132752803834849,-0.18633158486125684,-0.07348150476432193,1,0.2708333333333333,0.2708333333333333
mneg,growth,none,fe_twoway,no_GR_ES,none,rate,50,50,-0.1185376626505574,-0.22168178757715784,-0.07348150476432193,1,0.28,0.28
mneg,growth,none,fe_twoway,no_GR_ES,none,share,50,50,-0.11394066148823298,-0.22681338053183922,-0.06393081336917636,1,0.3,0.3
mneg,growth,none,fe_twoway,no_GR_ES,pop,count,48,48,-0.23556252227934832,-0.2846597327060747,-0.1514556740223736,1,1,1
mneg,growth,none,fe_twoway,no_GR_ES,pop,rate,50,50,-0.23764659694666423,-0.3698475535974052,-0.1514556740223736,1,1,1
mneg,growth,none,fe_twoway,no_GR_ES,pop,share,50,50,-0.19555278447830343,-0.28808968926284095,-0.10828438817527626,1,0.8,0.8
mneg,growth,none,fe_twoway,no_bailout,n_cell,count,48,48,-0.037530154276838375,-0.09448795952368276,-0.0113133353803578,1,0,0
mneg,growth,none,fe_twoway,no_bailout,n_cell,rate,50,50,-0.04885764931245011,-0.10233755593885392,-0.0113133353803578,1,0,0
mneg,growth,none,fe_twoway,no_bailout,n_cell,share,50,50,0.0098824785223966,-0.026608227305552002,0.05144540637713717,0.36,0,0
mneg,growth,none,fe_twoway,no_bailout,n_eff,count,48,48,-0.036444389637577526,-0.09448795952368276,-0.00972742258868871,1,0,0
mneg,growth,none,fe_twoway,no_bailout,n_eff,rate,50,50,-0.04667923036937322,-0.09986918665620734,-0.00972742258868871,1,0,0
mneg,growth,none,fe_twoway,no_bailout,n_eff,share,50,50,0.010019493380586416,-0.019935369288741043,0.05144540637713717,0.32,0,0
mneg,growth,none,fe_twoway,no_bailout,none,count,48,48,-0.015461569525376164,-0.06233066675647082,0.01190122656503977,0.5833333333333334,0,0
mneg,growth,none,fe_twoway,no_bailout,none,rate,50,50,-0.02667334483922397,-0.07005673666163083,0.01190122656503977,0.6,0,0
mneg,growth,none,fe_twoway,no_bailout,none,share,50,50,0.006620515615758771,-0.03357084401134986,0.04106801870104396,0.4,0,0
mneg,growth,none,fe_twoway,no_bailout,pop,count,48,48,-0.12380078791379592,-0.178416476670707,-0.04749716417549572,1,0.16666666666666666,0.16666666666666666
mneg,growth,none,fe_twoway,no_bailout,pop,rate,50,50,-0.1443831902649478,-0.2138325127647477,-0.04749716417549572,1,0.2,0.2
mneg,growth,none,fe_twoway,no_bailout,pop,share,50,50,-0.06622492282661946,-0.18284423495298852,0.0229094810814986,0.92,0.02,0.02
mneg,growth,none,fe_twoway,y2004_2008,n_cell,count,48,48,-0.005884591222052836,-0.05721639651692213,0.03565535551560714,0.5,0,0
mneg,growth,none,fe_twoway,y2004_2008,n_cell,rate,50,50,-0.016892098344350723,-0.05721639651692213,0.03565535551560714,0.52,0,0
mneg,growth,none,fe_twoway,y2004_2008,n_cell,share,50,50,0.018471233654186854,3.3279179313973545e-4,0.05868678896631729,0,0,0
mneg,growth,none,fe_twoway,y2004_2008,n_eff,count,48,48,-0.00366837319226902,-0.05721639651692213,0.04242852508726278,0.5,0,0
mneg,growth,none,fe_twoway,y2004_2008,n_eff,rate,50,50,-0.012560393128692515,-0.05721639651692213,0.04242852508726278,0.52,0,0
mneg,growth,none,fe_twoway,y2004_2008,n_eff,share,50,50,0.0194224552391176,3.3279179313973545e-4,0.06368897057668776,0,0,0
mneg,growth,none,fe_twoway,y2004_2008,none,count,48,48,-0.017704130393291967,-0.06223332548494451,0.01366862087394507,0.7083333333333334,0,0
mneg,growth,none,fe_twoway,y2004_2008,none,rate,50,50,-0.02149923990536957,-0.07611030819822168,0.01366862087394507,0.72,0,0
mneg,growth,none,fe_twoway,y2004_2008,none,share,50,50,-0.01405500876378926,-0.05642411873841367,0.00168414580956701,0.92,0,0
mneg,growth,none,fe_twoway,y2004_2008,pop,count,48,48,-0.14776920838080443,-0.21791563634070749,-0.09936485483783868,1,0.0625,0.0625
mneg,growth,none,fe_twoway,y2004_2008,pop,rate,50,50,-0.14887025506937768,-0.25545430474977454,-0.09936485483783868,1,0.1,0.1
mneg,growth,none,fe_twoway,y2004_2008,pop,share,50,50,-0.21749139763267816,-0.299423800000225,-0.16979132907872643,1,0.78,0.78
mneg,growth,none,fe_twoway,y2009_2013,n_cell,count,48,48,-0.28308260950122505,-0.33682498598057486,-0.18996092785829527,1,0.9791666666666666,0.9791666666666666
mneg,growth,none,fe_twoway,y2009_2013,n_cell,rate,50,50,-0.28489341116913314,-0.33682498598057486,-0.18996092785829527,1,0.98,0.98
mneg,growth,none,fe_twoway,y2009_2013,n_cell,share,50,50,-0.34220406913250256,-0.41587245713049453,-0.30158308500809083,1,1,1
mneg,growth,none,fe_twoway,y2009_2013,n_eff,count,48,48,-0.286565711584975,-0.3389683779664629,-0.19709186842633897,1,1,1
mneg,growth,none,fe_twoway,y2009_2013,n_eff,rate,50,50,-0.2896975054610898,-0.34485870136366753,-0.19709186842633897,1,1,1
mneg,growth,none,fe_twoway,y2009_2013,n_eff,share,50,50,-0.3459969119118713,-0.43019631821750914,-0.30158308500809083,1,1,1
mneg,growth,none,fe_twoway,y2009_2013,none,count,48,48,-0.26955210702528565,-0.32746522972957576,-0.18128193888445665,1,0.9583333333333334,0.9583333333333334
mneg,growth,none,fe_twoway,y2009_2013,none,rate,50,50,-0.27838525785368484,-0.3281570223848934,-0.18128193888445665,1,0.96,0.96
mneg,growth,none,fe_twoway,y2009_2013,none,share,50,50,-0.3507649515301792,-0.4324248585986185,-0.29733438310668026,1,1,1
mneg,growth,none,fe_twoway,y2009_2013,pop,count,48,48,-0.1439109337710618,-0.2281376698648991,-0.05995783235874488,1,0.25,0.25
mneg,growth,none,fe_twoway,y2009_2013,pop,rate,50,50,-0.14539734412300845,-0.2773173477325157,-0.05995783235874488,1,0.26,0.26
mneg,growth,none,fe_twoway,y2009_2013,pop,share,50,50,-0.17140286645635672,-0.310590443143572,-0.09763599032575966,1,0.44,0.44
mneg,growth,none,pooled_cl,all,n_cell,count,48,48,-0.08749077043915507,-0.11557860517313942,-0.05363015326165992,1,0,0
mneg,growth,none,pooled_cl,all,n_cell,rate,50,50,-0.09220404649179614,-0.11557860517313942,-0.05363015326165992,1,0,0
mneg,growth,none,pooled_cl,all,n_cell,share,50,50,-0.19159426457760706,-0.2562838297999829,-0.1568669773727128,1,1,1
mneg,growth,none,pooled_cl,all,n_eff,count,48,48,-0.0868736766207437,-0.11489386211590964,-0.05365148122582638,1,0,0
mneg,growth,none,pooled_cl,all,n_eff,rate,50,50,-0.093409390192141,-0.11489386211590964,-0.05365148122582638,1,0,0
mneg,growth,none,pooled_cl,all,n_eff,share,50,50,-0.1902796618733794,-0.26238998249487305,-0.1568669773727128,1,1,1
mneg,growth,none,pooled_cl,all,none,count,48,48,-0.09587015411143027,-0.11583300317471176,-0.06943172052145258,1,0,0
mneg,growth,none,pooled_cl,all,none,rate,50,50,-0.10337689135371307,-0.11583300317471176,-0.06943172052145258,1,0,0
mneg,growth,none,pooled_cl,all,none,share,50,50,-0.1933147332248936,-0.26183975541312404,-0.16239857981648356,1,1,1
mneg,growth,none,pooled_cl,all,pop,count,48,48,-0.03136676112433813,-0.05724151791008947,-0.01307600716825115,1,0,0
mneg,growth,none,pooled_cl,all,pop,rate,50,50,-0.03278613585497234,-0.06732466199607383,-0.01307600716825115,1,0,0
mneg,growth,none,pooled_cl,all,pop,share,50,50,-0.15589486283409476,-0.2521401062484791,-0.0891441723694013,1,0.82,0.82
mneg,growth,none,pooled_cl,no_GR_ES,n_cell,count,48,48,-0.09397462875939408,-0.11072740584234649,-0.07266524417529285,1,0,0
mneg,growth,none,pooled_cl,no_GR_ES,n_cell,rate,50,50,-0.09612769258706018,-0.11072740584234649,-0.07266524417529285,1,0,0
mneg,growth,none,pooled_cl,no_GR_ES,n_cell,share,50,50,-0.1763425179392184,-0.22772778270268212,-0.15030147538877334,1,1,1
mneg,growth,none,pooled_cl,no_GR_ES,n_eff,count,48,48,-0.0940679873478811,-0.11064326280619764,-0.07087312264245514,1,0,0
mneg,growth,none,pooled_cl,no_GR_ES,n_eff,rate,50,50,-0.0962892417641229,-0.11064326280619764,-0.07087312264245514,1,0,0
mneg,growth,none,pooled_cl,no_GR_ES,n_eff,share,50,50,-0.1750143414530405,-0.2317416386237768,-0.14861089630625904,1,1,1
mneg,growth,none,pooled_cl,no_GR_ES,none,count,48,48,-0.10008239482538489,-0.119392370571358,-0.0819918988409748,1,0,0
mneg,growth,none,pooled_cl,no_GR_ES,none,rate,50,50,-0.10304037051301,-0.119392370571358,-0.0819918988409748,1,0,0
mneg,growth,none,pooled_cl,no_GR_ES,none,share,50,50,-0.18717501838344794,-0.2416844684706502,-0.15797311969536856,1,1,1
mneg,growth,none,pooled_cl,no_GR_ES,pop,count,48,48,-0.04391668150606206,-0.07487591485343333,-0.02522626701938479,1,0,0
mneg,growth,none,pooled_cl,no_GR_ES,pop,rate,50,50,-0.04677584187049706,-0.08775387762737288,-0.02522626701938479,1,0,0
mneg,growth,none,pooled_cl,no_GR_ES,pop,share,50,50,-0.15446189906187466,-0.24576042987617305,-0.08337992504757578,1,0.54,0.54
mneg,growth,none,pooled_cl,no_bailout,n_cell,count,48,48,-0.08551828188556738,-0.09711966548604488,-0.0714809682056524,1,0,0
mneg,growth,none,pooled_cl,no_bailout,n_cell,rate,50,50,-0.08551828188556738,-0.09711966548604488,-0.0714809682056524,1,0,0
mneg,growth,none,pooled_cl,no_bailout,n_cell,share,50,50,-0.14548741882324565,-0.17750930455113906,-0.11907592138061472,1,0.5,0.5
mneg,growth,none,pooled_cl,no_bailout,n_eff,count,48,48,-0.08484549620559514,-0.09711966548604488,-0.06889705626291305,1,0,0
mneg,growth,none,pooled_cl,no_bailout,n_eff,rate,50,50,-0.08484549620559514,-0.09711966548604488,-0.06889705626291305,1,0,0
mneg,growth,none,pooled_cl,no_bailout,n_eff,share,50,50,-0.14459399328108385,-0.17787034682733482,-0.11544618680310843,1,0.5,0.5
mneg,growth,none,pooled_cl,no_bailout,none,count,48,48,-0.07779781306311427,-0.08901770618988719,-0.0663913789332066,1,0,0
mneg,growth,none,pooled_cl,no_bailout,none,rate,50,50,-0.07779781306311427,-0.08901770618988719,-0.0663913789332066,1,0,0
mneg,growth,none,pooled_cl,no_bailout,none,share,50,50,-0.1452370864582715,-0.1721428582065168,-0.12175443570823648,1,0.5,0.5
mneg,growth,none,pooled_cl,no_bailout,pop,count,48,48,-0.004723903106297575,-0.01590822799750272,8.828902489450864e-4,0.9166666666666666,0,0
mneg,growth,none,pooled_cl,no_bailout,pop,rate,50,50,-0.005007469151922045,-0.03012673864362179,8.828902489450864e-4,0.92,0,0
mneg,growth,none,pooled_cl,no_bailout,pop,share,50,50,-0.09159533752729074,-0.1615269789557167,-0.04457850992504302,1,0.16,0.16
mneg,growth,none,pooled_cl,y2004_2008,n_cell,count,48,48,-0.172959488316143,-0.22821779223529545,-0.13002515983660207,1,0.5,0.5
mneg,growth,none,pooled_cl,y2004_2008,n_cell,rate,50,50,-0.172959488316143,-0.22821779223529545,-0.12637884301223332,1,0.5,0.5
mneg,growth,none,pooled_cl,y2004_2008,n_cell,share,50,50,-0.216741751654175,-0.3199609792485995,-0.15172723874180696,1,0.64,0.64
mneg,growth,none,pooled_cl,y2004_2008,n_eff,count,48,48,-0.17369132449571212,-0.22821779223529545,-0.13161019846473734,1,0.5,0.5
mneg,growth,none,pooled_cl,y2004_2008,n_eff,rate,50,50,-0.17369132449571212,-0.22821779223529545,-0.12887363842037225,1,0.5,0.5
mneg,growth,none,pooled_cl,y2004_2008,n_eff,share,50,50,-0.21658462039978255,-0.3245614113573323,-0.1519327783062094,1,0.64,0.64
mneg,growth,none,pooled_cl,y2004_2008,none,count,48,48,-0.17186908537512227,-0.22063861914481597,-0.13537905484018845,1,0.5,0.5
mneg,growth,none,pooled_cl,y2004_2008,none,rate,50,50,-0.17186908537512227,-0.22063861914481597,-0.13362047039885835,1,0.5,0.5
mneg,growth,none,pooled_cl,y2004_2008,none,share,50,50,-0.2204611221458108,-0.3204230897270599,-0.15899040303491105,1,0.74,0.74
mneg,growth,none,pooled_cl,y2004_2008,pop,count,48,48,-0.19240033682578378,-0.28763664048735804,-0.1127903157113737,1,0.5,0.5
mneg,growth,none,pooled_cl,y2004_2008,pop,rate,50,50,-0.19240033682578378,-0.28763664048735804,-0.1127903157113737,1,0.5,0.5
mneg,growth,none,pooled_cl,y2004_2008,pop,share,50,50,-0.30356717379434117,-0.4500859734408797,-0.1791004707894532,1,1,1
mneg,growth,none,pooled_cl,y2009_2013,n_cell,count,48,48,0.01434624882211765,-0.04223364735988455,0.08051785636753786,0.4583333333333333,0,0
mneg,growth,none,pooled_cl,y2009_2013,n_cell,rate,50,50,0.0027821143937234397,-0.04223364735988455,0.08051785636753786,0.48,0,0
mneg,growth,none,pooled_cl,y2009_2013,n_cell,share,50,50,-0.03693418501510372,-0.10258512588013052,0.04225423718414511,0.72,0,0
mneg,growth,none,pooled_cl,y2009_2013,n_eff,count,48,48,0.01082026712393015,-0.05346142350883066,0.08051785636753786,0.4583333333333333,0,0
mneg,growth,none,pooled_cl,y2009_2013,n_eff,rate,50,50,0.0027821143937234397,-0.05346142350883066,0.08051785636753786,0.48,0,0
mneg,growth,none,pooled_cl,y2009_2013,n_eff,share,50,50,-0.041057418705163336,-0.11380672105931904,0.04225423718414511,0.8,0,0
mneg,growth,none,pooled_cl,y2009_2013,none,count,48,48,-0.010087708918999783,-0.06154682385784248,0.03769317408233009,0.5,0,0
mneg,growth,none,pooled_cl,y2009_2013,none,rate,50,50,-0.021779410059387168,-0.06154682385784248,0.03769317408233009,0.52,0,0
mneg,growth,none,pooled_cl,y2009_2013,none,share,50,50,-0.025449253047637385,-0.075821286127114,0.02916003773445436,0.72,0,0
mneg,growth,none,pooled_cl,y2009_2013,pop,count,48,48,0.12190754799665615,0.07701136716179552,0.1800023715607312,0,0.08333333333333333,0
mneg,growth,none,pooled_cl,y2009_2013,pop,rate,50,50,0.12190754799665615,0.07701136716179552,0.1800023715607312,0,0.08,0
mneg,growth,none,pooled_cl,y2009_2013,pop,share,50,50,0.12002908176831145,0.0564455150152049,0.21228545348101271,0,0.16,0
mneg,growth,none,re,all,none,count,48,48,-0.02226012265379891,-0.05832767664939338,0.01281874436266974,0.875,0,0
mneg,growth,none,re,all,none,rate,50,49,-0.02411240040772836,-0.05832767664939338,0.01281874436266974,0.88,0,0
mneg,growth,none,re,all,none,share,50,49,-0.2179992458338924,-0.24416217398040563,-0.10806131278770705,1,0.7551020408163265,0.7551020408163265
mneg,growth,none,re,no_GR_ES,none,count,48,48,0.00158994179665633,-0.0262360601747632,0.039956446687227,0.5,0,0
mneg,growth,none,re,no_GR_ES,none,rate,50,49,-0.00713528656358772,-0.0262360601747632,0.039956446687227,0.52,0,0
mneg,growth,none,re,no_GR_ES,none,share,50,49,-0.17456180250788603,-0.20623658332794445,-0.08622004610404595,1,0.5102040816326531,0.5102040816326531
mneg,growth,none,re,no_bailout,none,count,48,48,0.11804680833378524,0.0874063107820439,0.16388382808102,0,0.25,0
mneg,growth,none,re,no_bailout,none,rate,50,49,0.12734730833392424,0.0874063107820439,0.16388382808102,0,0.2653061224489796,0
mneg,growth,none,re,no_bailout,none,share,50,49,-0.02434952301696794,-0.04696257745891315,-0.01053614387367016,1,0,0
mneg,growth,none,re,y2004_2008,none,count,48,48,0.11559839387272841,0.08908176243688178,0.138089834178829,0,0,0
mneg,growth,none,re,y2004_2008,none,rate,50,49,0.11564158550020598,0.08908176243688178,0.15524737662410096,0,0,0
mneg,growth,none,re,y2004_2008,none,share,50,49,-0.04748686877094898,-0.09822253445434163,-0.02129400839128298,1,0,0
mneg,growth,none,re,y2009_2013,none,count,48,48,0.07335290234097577,0.01659056610244028,0.1285178177198075,0,0,0
mneg,growth,none,re,y2009_2013,none,rate,50,49,0.07290722919035246,0.01659056610244028,0.1285178177198075,0,0,0
mneg,growth,none,re,y2009_2013,none,share,50,49,0.13024170902153714,0.0814890393717754,0.1775886689607293,0,0.061224489795918366,0
mneg,growth,other,fe_country,all,n_cell,count,48,48,0.08559121685716883,0.0693567742505017,0.10208296019180688,0,0,0
mneg,growth,other,fe_country,all,n_cell,rate,50,50,0.08559121685716883,0.0693567742505017,0.10560606210197702,0,0,0
mneg,growth,other,fe_country,all,n_cell,share,50,50,-0.06877655746575476,-0.10301078714885072,-0.04590015447217483,1,0,0
mneg,growth,other,fe_country,all,n_eff,count,48,48,0.0837474475443031,0.06827694605561996,0.09831705921056604,0,0,0
mneg,growth,other,fe_country,all,n_eff,rate,50,50,0.0837474475443031,0.06827694605561996,0.1025315888774698,0,0,0
mneg,growth,other,fe_country,all,n_eff,share,50,50,-0.06854056224592418,-0.10301078714885072,-0.04590015447217483,1,0,0
mneg,growth,other,fe_country,all,none,count,48,48,0.09228701835222888,0.0718937732897311,0.11970747735437856,0,0,0
mneg,growth,other,fe_country,all,none,rate,50,50,0.09228701835222888,0.0718937732897311,0.12609042831780637,0,0,0
mneg,growth,other,fe_country,all,none,share,50,50,-0.03332963613739968,-0.06677603699972305,-0.0168671908063944,1,0,0
mneg,growth,other,fe_country,all,pop,count,48,48,0.11314253791094292,0.06260578928902491,0.19431941767967129,0,0.5,0
mneg,growth,other,fe_country,all,pop,rate,50,50,0.1222720502240292,0.06260578928902491,0.20275828109227564,0,0.5,0
mneg,growth,other,fe_country,all,pop,share,50,50,-0.08874198291798,-0.14734642173133392,-0.04461629660833118,1,0.18,0.18
mneg,growth,other,fe_country,no_GR_ES,n_cell,count,48,48,0.0948174021173127,0.08073470263484066,0.11363108803289072,0,0,0
mneg,growth,other,fe_country,no_GR_ES,n_cell,rate,50,50,0.0948174021173127,0.08073470263484066,0.11582666803922036,0,0,0
mneg,growth,other,fe_country,no_GR_ES,n_cell,share,50,50,-0.05714832921525048,-0.0844447662773559,-0.03790334524129532,1,0,0
mneg,growth,other,fe_country,no_GR_ES,n_eff,count,48,48,0.09246071613530008,0.07806550932654553,0.11113554618812203,0,0,0
mneg,growth,other,fe_country,no_GR_ES,n_eff,rate,50,50,0.09246071613530008,0.07806550932654553,0.11365995076972672,0,0,0
mneg,growth,other,fe_country,no_GR_ES,n_eff,share,50,50,-0.05694539782275061,-0.08458184852123508,-0.03790334524129532,1,0,0
mneg,growth,other,fe_country,no_GR_ES,none,count,48,48,0.09488415753170545,0.07595374715475901,0.12105642256029704,0,0,0
mneg,growth,other,fe_country,no_GR_ES,none,rate,50,50,0.09488415753170545,0.07595374715475901,0.13077082870172443,0,0,0
mneg,growth,other,fe_country,no_GR_ES,none,share,50,50,-0.037127293697306996,-0.06356953447894048,-0.02145645050664353,1,0,0
mneg,growth,other,fe_country,no_GR_ES,pop,count,48,48,0.09068916590170797,0.04714229314427406,0.16621860933525878,0,0.1875,0
mneg,growth,other,fe_country,no_GR_ES,pop,rate,50,50,0.09653846130444683,0.04714229314427406,0.18028529237641483,0,0.2,0
mneg,growth,other,fe_country,no_GR_ES,pop,share,50,50,-0.12137815130397,-0.19533082028496265,-0.06746586550252837,1,0.46,0.46
mneg,growth,other,fe_country,no_bailout,n_cell,count,48,48,0.1681733403176569,0.14048565278679623,0.1923808128014345,0,0.6458333333333334,0
mneg,growth,other,fe_country,no_bailout,n_cell,rate,50,50,0.1681733403176569,0.14048565278679623,0.20362450154996833,0,0.64,0
mneg,growth,other,fe_country,no_bailout,n_cell,share,50,50,0.002901596755206545,-0.00482880256134609,0.0199900362268513,0.24,0,0
mneg,growth,other,fe_country,no_bailout,n_eff,count,48,48,0.16920285419723086,0.14048565278679623,0.19322770377745363,0,0.6666666666666666,0
mneg,growth,other,fe_country,no_bailout,n_eff,rate,50,50,0.16920285419723086,0.14048565278679623,0.20823518848484462,0,0.66,0
mneg,growth,other,fe_country,no_bailout,n_eff,share,50,50,0.00462451072420381,-0.00482880256134609,0.0230046077641866,0.16,0,0
mneg,growth,other,fe_country,no_bailout,none,count,48,48,0.17428219585590748,0.13586797585102428,0.2139066032117575,0,0.5,0
mneg,growth,other,fe_country,no_bailout,none,rate,50,50,0.17428219585590748,0.13586797585102428,0.23769116079339642,0,0.5,0
mneg,growth,other,fe_country,no_bailout,none,share,50,50,0.016657349663005177,0.00523813450747243,0.03904046763817281,0,0,0
mneg,growth,other,fe_country,no_bailout,pop,count,48,48,0.17184591695957452,0.10713420906165988,0.2459755604577623,0,0.5208333333333334,0
mneg,growth,other,fe_country,no_bailout,pop,rate,50,50,0.18133882889236808,0.10713420906165988,0.2637534306438148,0,0.54,0
mneg,growth,other,fe_country,no_bailout,pop,share,50,50,-0.06357478702874847,-0.1271529262357774,-0.03159205436066042,1,0,0
mneg,growth,other,fe_country,y2004_2008,n_cell,count,48,48,0.22787300174580752,0.16464227302921736,0.28686112464129415,0,0.75,0
mneg,growth,other,fe_country,y2004_2008,n_cell,rate,50,50,0.22787300174580752,0.16464227302921736,0.33099566409030406,0,0.76,0
mneg,growth,other,fe_country,y2004_2008,n_cell,share,50,50,0.012342458122405638,-0.01907742369947419,0.05900989942888947,0.32,0,0
mneg,growth,other,fe_country,y2004_2008,n_eff,count,48,48,0.2278349058498618,0.16464227302921736,0.2900543100777941,0,0.75,0
mneg,growth,other,fe_country,y2004_2008,n_eff,rate,50,50,0.2278349058498618,0.16464227302921736,0.3337378610332946,0,0.76,0
mneg,growth,other,fe_country,y2004_2008,n_eff,share,50,50,0.012672808304808181,-0.01907742369947419,0.05919109341827654,0.28,0,0
mneg,growth,other,fe_country,y2004_2008,none,count,48,48,0.19799952873838594,0.1468104659003776,0.2533143838076271,0,0.625,0
mneg,growth,other,fe_country,y2004_2008,none,rate,50,50,0.1987312414837668,0.1468104659003776,0.29398915408769694,0,0.64,0
mneg,growth,other,fe_country,y2004_2008,none,share,50,50,-0.006103430477140675,-0.0594245093701754,0.02197244892207928,0.6,0,0
mneg,growth,other,fe_country,y2004_2008,pop,count,48,48,0.15753119112992925,0.08305202930459872,0.2326745986113994,0,0.14583333333333334,0
mneg,growth,other,fe_country,y2004_2008,pop,rate,50,50,0.15844985680016355,0.08305202930459872,0.2527168144515635,0,0.16,0
mneg,growth,other,fe_country,y2004_2008,pop,share,50,50,-0.2658439818491233,-0.40977012109706656,-0.17841574279106628,1,0.98,0.98
mneg,growth,other,fe_country,y2009_2013,n_cell,count,48,48,0.099269457855388335,0.02769587941527117,0.1745521969364903,0,0,0
mneg,growth,other,fe_country,y2009_2013,n_cell,rate,50,50,0.09648316217256994,0.02769587941527117,0.1745521969364903,0,0,0
mneg,growth,other,fe_country,y2009_2013,n_cell,share,50,50,0.17336810527408084,0.1213519200467061,0.22700124598424468,0,0.28,0
mneg,growth,other,fe_country,y2009_2013,n_eff,count,48,48,0.09315251343619765,0.01703219857311358,0.1745521969364903,0,0,0
mneg,growth,other,fe_country,y2009_2013,n_eff,rate,50,50,0.09148810493889242,0.01703219857311358,0.1745521969364903,0,0,0
mneg,growth,other,fe_country,y2009_2013,n_eff,share,50,50,0.16851256078966503,0.11186689713194202,0.22700124598424468,0,0.24,0
mneg,growth,other,fe_country,y2009_2013,none,count,48,48,0.1297802032351906,0.06950038962456424,0.1865793014591528,0,0,0
mneg,growth,other,fe_country,y2009_2013,none,rate,50,50,0.1297802032351906,0.06950038962456424,0.1865793014591528,0,0,0
mneg,growth,other,fe_country,y2009_2013,none,share,50,50,0.2272691745797492,0.18064853276885356,0.26804934010140286,0,0.94,0
mneg,growth,other,fe_country,y2009_2013,pop,count,48,48,0.2576889403649661,0.16996818198141075,0.38524590641439976,0,0.8958333333333334,0
mneg,growth,other,fe_country,y2009_2013,pop,rate,50,50,0.2682993077926864,0.16996818198141075,0.38524590641439976,0,0.9,0
mneg,growth,other,fe_country,y2009_2013,pop,share,50,50,0.32221951032185947,0.2105254762424744,0.4599395432759344,0,1,0
mneg,growth,other,fe_twoway,all,n_cell,count,48,48,-0.11036466485890076,-0.14467897394203105,-0.08410269809946139,1,0.375,0.375
mneg,growth,other,fe_twoway,all,n_cell,rate,50,50,-0.12072598505409418,-0.15097181887549815,-0.08410269809946139,1,0.38,0.38
mneg,growth,other,fe_twoway,all,n_cell,share,50,50,-0.09698353235839674,-0.15098005735071646,-0.06294973152758739,1,0.12,0.12
mneg,growth,other,fe_twoway,all,n_eff,count,48,48,-0.11252618988660215,-0.14467897394203105,-0.08763315264855899,1,0.375,0.375
mneg,growth,other,fe_twoway,all,n_eff,rate,50,50,-0.12392865215871339,-0.1550456026568537,-0.08763315264855899,1,0.38,0.38
mneg,growth,other,fe_twoway,all,n_eff,share,50,50,-0.09857830294542896,-0.15495125430147116,-0.06294973152758739,1,0.14,0.14
mneg,growth,other,fe_twoway,all,none,count,48,48,-0.07943184534692013,-0.11329490690418996,-0.05451930233982086,1,0,0
mneg,growth,other,fe_twoway,all,none,rate,50,50,-0.08901808300365999,-0.11864346062121389,-0.05451930233982086,1,0,0
mneg,growth,other,fe_twoway,all,none,share,50,50,-0.082535587787849,-0.13208211424262378,-0.05322816843767397,1,0.02,0.02
mneg,growth,other,fe_twoway,all,pop,count,48,48,-0.16170553016348488,-0.23525322022330356,-0.10646633821180392,1,0.8125,0.8125
mneg,growth,other,fe_twoway,all,pop,rate,50,50,-0.16339308367130262,-0.23525322022330356,-0.10646633821180392,1,0.82,0.82
mneg,growth,other,fe_twoway,all,pop,share,50,50,-0.11811582580029299,-0.190509963140057,-0.08070876828168935,1,0.2,0.2
mneg,growth,other,fe_twoway,no_GR_ES,n_cell,count,48,48,-0.09909154547857826,-0.13542557045400927,-0.07506322205709942,1,0,0
mneg,growth,other,fe_twoway,no_GR_ES,n_cell,rate,50,50,-0.10736530328275251,-0.1399105251628866,-0.07506322205709942,1,0.02,0.02
mneg,growth,other,fe_twoway,no_GR_ES,n_cell,share,50,50,-0.0704400907716288,-0.12494084213965831,-0.03814585268175714,1,0,0
mneg,growth,other,fe_twoway,no_GR_ES,n_eff,count,48,48,-0.10154746270067033,-0.13542557045400927,-0.07662129548114421,1,0,0
mneg,growth,other,fe_twoway,no_GR_ES,n_eff,rate,50,50,-0.11010119075803451,-0.1439689629198041,-0.07662129548114421,1,0.02,0.02
mneg,growth,other,fe_twoway,no_GR_ES,n_eff,share,50,50,-0.07230186279077414,-0.12882239973195267,-0.03814585268175714,1,0,0
mneg,growth,other,fe_twoway,no_GR_ES,none,count,48,48,-0.0746471546471668,-0.10736653794611906,-0.0499245583796722,1,0,0
mneg,growth,other,fe_twoway,no_GR_ES,none,rate,50,50,-0.08190222291198593,-0.10736653794611906,-0.0499245583796722,1,0,0
mneg,growth,other,fe_twoway,no_GR_ES,none,share,50,50,-0.06363072111579529,-0.11601758020726559,-0.03757823612650987,1,0,0
mneg,growth,other,fe_twoway,no_GR_ES,pop,count,48,48,-0.15198932030817214,-0.21243232762622852,-0.10392157112360996,1,0.6666666666666666,0.6666666666666666
mneg,growth,other,fe_twoway,no_GR_ES,pop,rate,50,50,-0.1527953266422865,-0.21243232762622852,-0.10392157112360996,1,0.68,0.68
mneg,growth,other,fe_twoway,no_GR_ES,pop,share,50,50,-0.08175183682344028,-0.17690302951002193,-0.04349354809712751,1,0.02,0.02
mneg,growth,other,fe_twoway,no_bailout,n_cell,count,48,48,-0.046184620879563876,-0.08464112502848564,-0.02464159097041068,1,0,0
mneg,growth,other,fe_twoway,no_bailout,n_cell,rate,50,50,-0.046184620879563876,-0.08464112502848564,-0.02464159097041068,1,0,0
mneg,growth,other,fe_twoway,no_bailout,n_cell,share,50,50,0.0027134600933175898,-0.02248034582779111,0.03592901741996213,0.32,0,0
mneg,growth,other,fe_twoway,no_bailout,n_eff,count,48,48,-0.04604670421995116,-0.08464112502848564,-0.02490705397315378,1,0,0
mneg,growth,other,fe_twoway,no_bailout,n_eff,rate,50,50,-0.04604670421995116,-0.08464112502848564,-0.02490705397315378,1,0,0
mneg,growth,other,fe_twoway,no_bailout,n_eff,share,50,50,0.00449698749590786,-0.01993095030903913,0.03592901741996213,0.28,0,0
mneg,growth,other,fe_twoway,no_bailout,none,count,48,48,-0.015930649379763146,-0.04684370649362146,4.5488083368782674e-4,0.9583333333333334,0,0
mneg,growth,other,fe_twoway,no_bailout,none,rate,50,50,-0.017554611885023035,-0.04684370649362146,4.5488083368782674e-4,0.96,0,0
mneg,growth,other,fe_twoway,no_bailout,none,share,50,50,0.0034387011497462048,-0.01653198674583012,0.03129831848715531,0.32,0,0
mneg,growth,other,fe_twoway,no_bailout,pop,count,48,48,-0.06287517051860589,-0.09135000554949171,-0.01407205497774033,1,0,0
mneg,growth,other,fe_twoway,no_bailout,pop,rate,50,50,-0.0637778633496871,-0.09135000554949171,-0.01407205497774033,1,0,0
mneg,growth,other,fe_twoway,no_bailout,pop,share,50,50,0.01486740716255937,-0.059133578492710004,0.0874064095336207,0.24,0,0
mneg,growth,other,fe_twoway,y2004_2008,n_cell,count,48,48,0.05492303417285449,0.0184732001069458,0.10820854032586869,0,0,0
mneg,growth,other,fe_twoway,y2004_2008,n_cell,rate,50,50,0.05492303417285449,0.0184732001069458,0.10820854032586869,0,0,0
mneg,growth,other,fe_twoway,y2004_2008,n_cell,share,50,50,0.08260613566675187,0.04373838131197381,0.14932995112761516,0,0,0
mneg,growth,other,fe_twoway,y2004_2008,n_eff,count,48,48,0.05919268879232448,0.0184732001069458,0.11476062671692336,0,0,0
mneg,growth,other,fe_twoway,y2004_2008,n_eff,rate,50,50,0.05919268879232448,0.0184732001069458,0.11476062671692336,0,0,0
mneg,growth,other,fe_twoway,y2004_2008,n_eff,share,50,50,0.08329344019814003,0.04373838131197381,0.1541014130836062,0,0,0
mneg,growth,other,fe_twoway,y2004_2008,none,count,48,48,0.051342619090966546,0.01666300034866015,0.0914395265775384,0,0,0
mneg,growth,other,fe_twoway,y2004_2008,none,rate,50,50,0.050303765754311745,0.01666300034866015,0.0914395265775384,0,0,0
mneg,growth,other,fe_twoway,y2004_2008,none,share,50,50,0.050960539834800825,0.02648489717799672,0.10203082753401858,0,0,0
mneg,growth,other,fe_twoway,y2004_2008,pop,count,48,48,-0.04431878050692288,-0.0824479570031781,-0.00745025797058414,1,0,0
mneg,growth,other,fe_twoway,y2004_2008,pop,rate,50,50,-0.04361150039432203,-0.0824479570031781,-0.00745025797058414,1,0,0
mneg,growth,other,fe_twoway,y2004_2008,pop,share,50,50,-0.08746325911267741,-0.1084920040812866,-0.06958962111615921,1,0,0
mneg,growth,other,fe_twoway,y2009_2013,n_cell,count,48,48,-0.2043556325773998,-0.28225557145082847,-0.1219336416845317,1,0.6666666666666666,0.6666666666666666
mneg,growth,other,fe_twoway,y2009_2013,n_cell,rate,50,50,-0.20523405561633665,-0.28225557145082847,-0.1219336416845317,1,0.68,0.68
mneg,growth,other,fe_twoway,y2009_2013,n_cell,share,50,50,-0.3029342724561318,-0.3262162671369458,-0.25627702821251747,1,1,1
mneg,growth,other,fe_twoway,y2009_2013,n_eff,count,48,48,-0.20801453687525218,-0.28225557145082847,-0.1275086448004311,1,0.7083333333333334,0.7083333333333334
mneg,growth,other,fe_twoway,y2009_2013,n_eff,rate,50,50,-0.20984363899971803,-0.28225557145082847,-0.1275086448004311,1,0.72,0.72
mneg,growth,other,fe_twoway,y2009_2013,n_eff,share,50,50,-0.30731832346384813,-0.33819913016103537,-0.25627702821251747,1,1,1
mneg,growth,other,fe_twoway,y2009_2013,none,count,48,48,-0.16817028940176432,-0.252519368517221,-0.09091697497597072,1,0.25,0.25
mneg,growth,other,fe_twoway,y2009_2013,none,rate,50,50,-0.16966872298862753,-0.252519368517221,-0.09091697497597072,1,0.26,0.26
mneg,growth,other,fe_twoway,y2009_2013,none,share,50,50,-0.2807606203138257,-0.3045297384257462,-0.2419934687796589,1,1,1
mneg,growth,other,fe_twoway,y2009_2013,pop,count,48,48,-0.06699971098323806,-0.1286662118720888,-0.01670588805954724,1,0,0
mneg,growth,other,fe_twoway,y2009_2013,pop,rate,50,50,-0.08491704015160723,-0.1688369208822458,-0.01670588805954724,1,0,0
mneg,growth,other,fe_twoway,y2009_2013,pop,share,50,50,-0.10238457080770669,-0.16753048857394479,-0.05585376843438172,1,0,0
mneg,growth,other,pooled_cl,all,n_cell,count,48,48,-0.14325159643983304,-0.16946152152580374,-0.11861788104900949,1,0.9791666666666666,0.9791666666666666
mneg,growth,other,pooled_cl,all,n_cell,rate,50,50,-0.14325159643983304,-0.16946152152580374,-0.11861788104900949,1,0.98,0.98
mneg,growth,other,pooled_cl,all,n_cell,share,50,50,-0.2135507776919095,-0.26726519532043447,-0.17763611872954968,1,1,1
mneg,growth,other,pooled_cl,all,n_eff,count,48,48,-0.14361213216977464,-0.17556796641477,-0.1197142836739286,1,1,1
mneg,growth,other,pooled_cl,all,n_eff,rate,50,50,-0.14361213216977464,-0.17556796641477,-0.1197142836739286,1,1,1
mneg,growth,other,pooled_cl,all,n_eff,share,50,50,-0.21269827102324118,-0.27212940100467126,-0.17763611872954968,1,1,1
mneg,growth,other,pooled_cl,all,none,count,48,48,-0.15029248886521904,-0.17860375660485744,-0.12880680330019526,1,1,1
mneg,growth,other,pooled_cl,all,none,rate,50,50,-0.15275961933604287,-0.17860375660485744,-0.12880680330019526,1,1,1
mneg,growth,other,pooled_cl,all,none,share,50,50,-0.21389245216716632,-0.26304991980048814,-0.1761290058894042,1,1,1
mneg,growth,other,pooled_cl,all,pop,count,48,48,-0.07570809224688448,-0.11339296059807552,-0.05095312850851759,1,0,0
mneg,growth,other,pooled_cl,all,pop,rate,50,50,-0.080395940794454,-0.12312429088725524,-0.05095312850851759,1,0.02,0.02
mneg,growth,other,pooled_cl,all,pop,share,50,50,-0.1877181627473556,-0.258152211095293,-0.12286136918925047,1,1,1
mneg,growth,other,pooled_cl,no_GR_ES,n_cell,count,48,48,-0.12271339926613044,-0.13870795061613417,-0.09995330807718686,1,0.25,0.25
mneg,growth,other,pooled_cl,no_GR_ES,n_cell,rate,50,50,-0.12274073280627985,-0.14215732772520057,-0.09995330807718686,1,0.26,0.26
mneg,growth,other,pooled_cl,no_GR_ES,n_cell,share,50,50,-0.19324786547693343,-0.24113559555196865,-0.16420666017397825,1,1,1
mneg,growth,other,pooled_cl,no_GR_ES,n_eff,count,48,48,-0.12374694315073353,-0.1439224483619116,-0.10172315754705216,1,0.3541666666666667,0.3541666666666667
mneg,growth,other,pooled_cl,no_GR_ES,n_eff,rate,50,50,-0.12387175364139573,-0.14716475172122553,-0.10172315754705216,1,0.38,0.38
mneg,growth,other,pooled_cl,no_GR_ES,n_eff,share,50,50,-0.19221686471554073,-0.2465338795171261,-0.16420666017397825,1,1,1
mneg,growth,other,pooled_cl,no_GR_ES,none,count,48,48,-0.13874382513280153,-0.16499145778883045,-0.11907349339368838,1,0.875,0.875
mneg,growth,other,pooled_cl,no_GR_ES,none,rate,50,50,-0.14134309838279382,-0.1655237555994798,-0.11907349339368838,1,0.88,0.88
mneg,growth,other,pooled_cl,no_GR_ES,none,share,50,50,-0.20598379380859644,-0.2563966075011465,-0.17145823947070976,1,1,1
mneg,growth,other,pooled_cl,no_GR_ES,pop,count,48,48,-0.045405891894018516,-0.07584122672430477,-0.02710013561276068,1,0,0
mneg,growth,other,pooled_cl,no_GR_ES,pop,rate,50,50,-0.04903382792670179,-0.09144541192817,-0.02710013561276068,1,0,0
mneg,growth,other,pooled_cl,no_GR_ES,pop,share,50,50,-0.1593588921370467,-0.24583992272360564,-0.09510777503870288,1,0.58,0.58
mneg,growth,other,pooled_cl,no_bailout,n_cell,count,48,48,-0.06832150420255424,-0.0781987959857314,-0.05418468903723532,1,0,0
mneg,growth,other,pooled_cl,no_bailout,n_cell,rate,50,50,-0.06880463202648959,-0.09390120944550519,-0.05418468903723532,1,0,0
mneg,growth,other,pooled_cl,no_bailout,n_cell,share,50,50,-0.13655536978540916,-0.16365742170850145,-0.11206626983505737,1,0.48,0.48
mneg,growth,other,pooled_cl,no_bailout,n_eff,count,48,48,-0.06861047378915333,-0.0781987959857314,-0.05351814946481919,1,0,0
mneg,growth,other,pooled_cl,no_bailout,n_eff,rate,50,50,-0.06881708393345146,-0.09608665462813283,-0.05351814946481919,1,0,0
mneg,growth,other,pooled_cl,no_bailout,n_eff,share,50,50,-0.1355494729566043,-0.1660579637288457,-0.10953346781922851,1,0.48,0.48
mneg,growth,other,pooled_cl,no_bailout,none,count,48,48,-0.08221810852371259,-0.09348568079580868,-0.07015267544473087,1,0,0
mneg,growth,other,pooled_cl,no_bailout,none,rate,50,50,-0.08262271288474281,-0.10585938738879609,-0.07015267544473087,1,0,0
mneg,growth,other,pooled_cl,no_bailout,none,share,50,50,-0.15497630762206815,-0.17724613115389953,-0.13505332975713596,1,0.52,0.52
mneg,growth,other,pooled_cl,no_bailout,pop,count,48,48,0.015765529933537088,0.0059875796089453,0.03587806995294589,0,0,0
mneg,growth,other,pooled_cl,no_bailout,pop,rate,50,50,0.015479707640727144,-0.009760711467837156,0.03587806995294589,0.04,0,0
mneg,growth,other,pooled_cl,no_bailout,pop,share,50,50,-0.07665530846149546,-0.1358388731035347,-0.04031534712283276,1,0,0
mneg,growth,other,pooled_cl,y2004_2008,n_cell,count,48,48,-0.15956201676343734,-0.21721664755983391,-0.11778225389382577,1,0.5,0.5
mneg,growth,other,pooled_cl,y2004_2008,n_cell,rate,50,50,-0.15956201676343734,-0.21721664755983391,-0.11778225389382577,1,0.5,0.5
mneg,growth,other,pooled_cl,y2004_2008,n_cell,share,50,50,-0.2080717055891585,-0.3081821874255645,-0.14265606392200045,1,0.5,0.5
mneg,growth,other,pooled_cl,y2004_2008,n_eff,count,48,48,-0.16002733066015093,-0.21721664755983391,-0.11938026927628556,1,0.5,0.5
mneg,growth,other,pooled_cl,y2004_2008,n_eff,rate,50,50,-0.16002733066015093,-0.21721664755983391,-0.11938026927628556,1,0.5,0.5
mneg,growth,other,pooled_cl,y2004_2008,n_eff,share,50,50,-0.20808192891732355,-0.31292878410923025,-0.14329563690246047,1,0.5,0.5
mneg,growth,other,pooled_cl,y2004_2008,none,count,48,48,-0.15648069064419873,-0.2043959968865656,-0.12139466590146208,1,0.5,0.5
mneg,growth,other,pooled_cl,y2004_2008,none,rate,50,50,-0.15648069064419873,-0.2043959968865656,-0.12139466590146208,1,0.5,0.5
mneg,growth,other,pooled_cl,y2004_2008,none,share,50,50,-0.21154559504469367,-0.3075381303218939,-0.15148239540278888,1,0.58,0.58
mneg,growth,other,pooled_cl,y2004_2008,pop,count,48,48,-0.1910575479622714,-0.2763570789665333,-0.11523468628684232,1,0.5,0.5
mneg,growth,other,pooled_cl,y2004_2008,pop,rate,50,50,-0.18930259064105537,-0.2763570789665333,-0.11523468628684232,1,0.5,0.5
mneg,growth,other,pooled_cl,y2004_2008,pop,share,50,50,-0.29516904466012844,-0.4318518822502881,-0.17790639660085303,1,1,1
mneg,growth,other,pooled_cl,y2009_2013,n_cell,count,48,48,-0.1034256076362785,-0.15246421690945247,-0.05562981996592556,1,0,0
mneg,growth,other,pooled_cl,y2009_2013,n_cell,rate,50,50,-0.10252913564596308,-0.15246421690945247,-0.05562981996592556,1,0,0
mneg,growth,other,pooled_cl,y2009_2013,n_cell,share,50,50,-0.0949373212298609,-0.15386447727501706,-0.04501921308987824,1,0,0
mneg,growth,other,pooled_cl,y2009_2013,n_eff,count,48,48,-0.11106694000611515,-0.16254880613117398,-0.05562981996592556,1,0,0
mneg,growth,other,pooled_cl,y2009_2013,n_eff,rate,50,50,-0.10707978139314776,-0.16254880613117398,-0.05562981996592556,1,0,0
mneg,growth,other,pooled_cl,y2009_2013,n_eff,share,50,50,-0.0985869673416696,-0.16320911559968518,-0.04501921308987824,1,0,0
mneg,growth,other,pooled_cl,y2009_2013,none,count,48,48,-0.10581848615093431,-0.1457500498816342,-0.06483947273612471,1,0,0
mneg,growth,other,pooled_cl,y2009_2013,none,rate,50,50,-0.10495405211065287,-0.1457500498816342,-0.06483947273612471,1,0,0
mneg,growth,other,pooled_cl,y2009_2013,none,share,50,50,-0.05602972721946152,-0.10969497046221588,-0.01921160721952942,1,0,0
mneg,growth,other,pooled_cl,y2009_2013,pop,count,48,48,0.03500977914638237,0.00999413991426758,0.06885505930357491,0,0,0
mneg,growth,other,pooled_cl,y2009_2013,pop,rate,50,50,0.03488394469544548,0.00999413991426758,0.06885505930357491,0,0,0
mneg,growth,other,pooled_cl,y2009_2013,pop,share,50,50,0.08209868365550077,0.04065029013955301,0.13349650501964144,0,0,0
mneg,growth,other,re,all,none,count,48,48,0.07256192908156374,0.05798435970668712,0.09427550776503742,0,0,0
mneg,growth,other,re,all,none,rate,50,49,0.07964748438098568,0.05798435970668712,0.10224346941979012,0,0,0
mneg,growth,other,re,all,none,share,50,49,-0.0521000635203411,-0.08226450990596511,-0.03266650387142919,1,0,0
mneg,growth,other,re,no_GR_ES,none,count,48,48,0.07544673514140854,0.06005173410157559,0.0979555366718388,0,0,0
mneg,growth,other,re,no_GR_ES,none,rate,50,49,0.08139468538043183,0.06005173410157559,0.10559830392535616,0,0,0
mneg,growth,other,re,no_GR_ES,none,share,50,49,-0.05914859749261648,-0.08003287226911181,-0.03573448536242388,1,0,0
mneg,growth,other,re,no_bailout,none,count,48,48,0.15423279341766083,0.12255252713160958,0.18723029502091512,0,0.5,0
mneg,growth,other,re,no_bailout,none,rate,50,49,0.17668644724189714,0.12255252713160958,0.204913419610475,0,0.5102040816326531,0
mneg,growth,other,re,no_bailout,none,share,50,49,0.00304795022877414,-0.00826975778142099,0.01935197075327745,0.28,0,0
mneg,growth,other,re,y2004_2008,none,count,48,48,0.15222395375691722,0.11738448314079118,0.18798264987231716,0,0.25,0
mneg,growth,other,re,y2004_2008,none,rate,50,49,0.15227021515857034,0.11738448314079118,0.2176627399997722,0,0.2653061224489796,0
mneg,growth,other,re,y2004_2008,none,share,50,49,-0.03572990762448327,-0.08753878266171947,-0.01051872181353328,1,0,0
mneg,growth,other,re,y2009_2013,none,count,48,48,0.11082946352915463,0.05499425953062471,0.16184829716515825,0,0,0
mneg,growth,other,re,y2009_2013,none,rate,50,49,0.11149566834407348,0.05499425953062471,0.16184829716515825,0,0,0
mneg,growth,other,re,y2009_2013,none,share,50,49,0.1884285447363035,0.1479897052233165,0.2358939346439217,0,0.7959183673469388,0
mneg,unemp,none,fe_country,all,n_cell,count,240,240,-0.28629167870734573,-0.42409974983261167,-0.18053421138585332,1,0.9958333333333333,0.9958333333333333
mneg,unemp,none,fe_country,all,n_cell,rate,244,244,-0.2882064027292071,-0.4556752574227776,-0.18053421138585332,1,0.9959016393442623,0.9959016393442623
mneg,unemp,none,fe_country,all,n_cell,share,248,248,-0.35987290635480107,-0.5744569882919198,-0.24690500595356815,1,1,1
mneg,unemp,none,fe_country,all,n_eff,count,240,240,-0.28838582869272167,-0.43241510732970045,-0.189789937479864,1,1,1
mneg,unemp,none,fe_country,all,n_eff,rate,244,244,-0.2892239360623934,-0.4603833615868865,-0.189789937479864,1,1,1
mneg,unemp,none,fe_country,all,n_eff,share,248,248,-0.3617951124015401,-0.5819261947970494,-0.2497507123371802,1,1,1
mneg,unemp,none,fe_country,all,none,count,240,240,-0.28760305117532825,-0.4764362004868551,-0.18646151618203496,1,1,1
mneg,unemp,none,fe_country,all,none,rate,244,244,-0.2880334042878797,-0.4764362004868551,-0.18646151618203496,1,1,1
mneg,unemp,none,fe_country,all,none,share,248,248,-0.4334226943400756,-0.6038832993590093,-0.2850986981370041,1,1,1
mneg,unemp,none,fe_country,all,pop,count,240,240,-0.4388629312044351,-0.6603056304707733,-0.04617365475406536,1,0.925,0.925
mneg,unemp,none,fe_country,all,pop,rate,244,244,-0.4397454277437661,-0.6603056304707733,-0.04617365475406536,1,0.9262295081967213,0.9262295081967213
mneg,unemp,none,fe_country,all,pop,share,248,248,-0.3454259603896803,-0.6484411752084678,-0.1215479686325251,1,0.9435483870967742,0.9435483870967742
mneg,unemp,none,fe_country,no_GR_ES,n_cell,count,240,240,-0.2121612598163923,-0.3753519715923874,-0.08090889627991549,1,0.8958333333333334,0.8958333333333334
mneg,unemp,none,fe_country,no_GR_ES,n_cell,rate,244,244,-0.2131450693415321,-0.41713810898431253,-0.08090889627991549,1,0.8975409836065574,0.8975409836065574
mneg,unemp,none,fe_country,no_GR_ES,n_cell,share,248,248,-0.2883277014293354,-0.5081442521797227,-0.16202153512597722,1,0.9556451612903226,0.9556451612903226
mneg,unemp,none,fe_country,no_GR_ES,n_eff,count,240,240,-0.21235049175844029,-0.3753519715923874,-0.09055057608949338,1,0.8958333333333334,0.8958333333333334
mneg,unemp,none,fe_country,no_GR_ES,n_eff,rate,244,244,-0.2125490873374315,-0.41975477591882443,-0.09055057608949338,1,0.8975409836065574,0.8975409836065574
mneg,unemp,none,fe_country,no_GR_ES,n_eff,share,248,248,-0.28999850808142486,-0.5141060477023242,-0.16202153512597722,1,0.967741935483871,0.967741935483871
mneg,unemp,none,fe_country,no_GR_ES,none,count,240,240,-0.21381502647669706,-0.373606892573639,-0.12813082449874053,1,0.9541666666666667,0.9541666666666667
mneg,unemp,none,fe_country,no_GR_ES,none,rate,244,244,-0.21589310321414673,-0.42454449765601243,-0.12813082449874053,1,0.9549180327868853,0.9549180327868853
mneg,unemp,none,fe_country,no_GR_ES,none,share,248,248,-0.3447910456421498,-0.553804894513366,-0.1890474814546291,1,1,1
mneg,unemp,none,fe_country,no_GR_ES,pop,count,240,240,-0.2948248416449624,-0.4803388273266946,0.1152775817722788,0.9333333333333333,0.8,0.8
mneg,unemp,none,fe_country,no_GR_ES,pop,rate,244,244,-0.29559566971651835,-0.5251374900179843,0.1152775817722788,0.9344262295081968,0.8032786885245902,0.8032786885245902
mneg,unemp,none,fe_country,no_GR_ES,pop,share,248,248,-0.20245741590459115,-0.47242562337518174,-0.05773981759803993,1,0.5161290322580645,0.5161290322580645
mneg,unemp,none,fe_country,no_bailout,n_cell,count,240,240,-0.17881089084078106,-0.329945000130849,0.04294984028414733,0.9416666666666667,0.7041666666666667,0.7041666666666667
mneg,unemp,none,fe_country,no_bailout,n_cell,rate,244,244,-0.1804453217892479,-0.36271905999171233,0.04294984028414733,0.9426229508196722,0.7090163934426229,0.7090163934426229
mneg,unemp,none,fe_country,no_bailout,n_cell,share,248,248,-0.19663189090556293,-0.4009072127050466,-0.05151548211779673,1,0.7096774193548387,0.7096774193548387
mneg,unemp,none,fe_country,no_bailout,n_eff,count,240,240,-0.179036345343874,-0.329945000130849,0.0298551394271205,0.9583333333333334,0.6958333333333333,0.6958333333333333
mneg,unemp,none,fe_country,no_bailout,n_eff,rate,244,244,-0.1804453217892479,-0.3628804312433016,0.0298551394271205,0.9590163934426229,0.7008196721311475,0.7008196721311475
mneg,unemp,none,fe_country,no_bailout,n_eff,share,248,248,-0.20120258803593183,-0.40894857138122315,-0.05151548211779673,1,0.7137096774193549,0.7137096774193549
mneg,unemp,none,fe_country,no_bailout,none,count,240,240,-0.15127210081405773,-0.2766324769770877,0.00864624980169587,0.9916666666666667,0.5208333333333334,0.5208333333333334
mneg,unemp,none,fe_country,no_bailout,none,rate,244,244,-0.15217938967400357,-0.31764692996820904,0.00864624980169587,0.9918032786885246,0.5286885245901639,0.5286885245901639
mneg,unemp,none,fe_country,no_bailout,none,share,248,248,-0.2252611263934612,-0.41432048146840694,-0.09105804779923596,1,0.8508064516129032,0.8508064516129032
mneg,unemp,none,fe_country,no_bailout,pop,count,240,240,-0.28677883555111683,-0.4771677002359462,0.16013675645322994,0.9083333333333333,0.8,0.8
mneg,unemp,none,fe_country,no_bailout,pop,rate,244,244,-0.2875994261027516,-0.5295312343202779,0.16013675645322994,0.9098360655737705,0.8032786885245902,0.8032786885245902
mneg,unemp,none,fe_country,no_bailout,pop,share,248,248,-0.1663590483515235,-0.4278689467423932,-0.04732097043441605,1,0.49193548387096775,0.49193548387096775
mneg,unemp,none,fe_country,y2004_2008,n_cell,count,240,192,-0.4782967439508063,-0.6416160775864369,-0.3313758931105094,1,1,1
mneg,unemp,none,fe_country,y2004_2008,n_cell,rate,244,196,-0.4787375173490942,-0.7056391608546461,-0.3313758931105094,1,1,1
mneg,unemp,none,fe_country,y2004_2008,n_cell,share,248,200,-0.38184939714663735,-0.5633718202065472,-0.2810348361906414,1,1,1
mneg,unemp,none,fe_country,y2004_2008,n_eff,count,240,192,-0.47576868013536855,-0.6416160775864369,-0.3313758931105094,1,1,1
mneg,unemp,none,fe_country,y2004_2008,n_eff,rate,244,196,-0.4774405220459975,-0.7019527126670562,-0.3313758931105094,1,1,1
mneg,unemp,none,fe_country,y2004_2008,n_eff,share,248,200,-0.38221489532969066,-0.5628415904464807,-0.2810348361906414,1,1,1
mneg,unemp,none,fe_country,y2004_2008,none,count,240,192,-0.45426984196038933,-0.5772435330352786,-0.3273004895712087,1,1,1
mneg,unemp,none,fe_country,y2004_2008,none,rate,244,196,-0.4571639909484357,-0.6603698679324549,-0.3273004895712087,1,1,1
mneg,unemp,none,fe_country,y2004_2008,none,share,248,200,-0.3688167913812079,-0.5623029905564755,-0.2524326884746622,1,1,1
mneg,unemp,none,fe_country,y2004_2008,pop,count,240,192,-0.41272641044723857,-0.6637807857410355,-0.23879924669670255,1,1,1
mneg,unemp,none,fe_country,y2004_2008,pop,rate,244,196,-0.4935841814886577,-0.757219973515955,-0.23879924669670255,1,1,1
mneg,unemp,none,fe_country,y2004_2008,pop,share,248,200,-0.47503522441391277,-0.7373015079661633,-0.3057373787974096,1,1,1
mneg,unemp,none,fe_country,y2009_2013,n_cell,count,240,240,-0.338784005488834,-0.49369976444282854,-0.18755286866111015,1,0.9958333333333333,0.9958333333333333
mneg,unemp,none,fe_country,y2009_2013,n_cell,rate,244,244,-0.33915209145207803,-0.49369976444282854,-0.18755286866111015,1,0.9959016393442623,0.9959016393442623
mneg,unemp,none,fe_country,y2009_2013,n_cell,share,248,248,-0.36076426397149397,-0.5265687862255457,-0.23262565032732788,1,1,1
mneg,unemp,none,fe_country,y2009_2013,n_eff,count,240,240,-0.35208935556110355,-0.5070656718362933,-0.18755286866111015,1,0.9958333333333333,0.9958333333333333
mneg,unemp,none,fe_country,y2009_2013,n_eff,rate,244,244,-0.3533389449370566,-0.5070656718362933,-0.18755286866111015,1,0.9959016393442623,0.9959016393442623
mneg,unemp,none,fe_country,y2009_2013,n_eff,share,248,248,-0.3696157369107974,-0.5387674804006979,-0.23262565032732788,1,1,1
mneg,unemp,none,fe_country,y2009_2013,none,count,240,240,-0.41938664386036856,-0.5528131127190139,-0.27927055201260126,1,1,1
mneg,unemp,none,fe_country,y2009_2013,none,rate,244,244,-0.4207884450604006,-0.5528131127190139,-0.27927055201260126,1,1,1
mneg,unemp,none,fe_country,y2009_2013,none,share,248,248,-0.44868475085574316,-0.6074769935208929,-0.2923494848667162,1,1,1
mneg,unemp,none,fe_country,y2009_2013,pop,count,240,240,-0.24262720235577517,-0.6035140447596677,-0.04906374266893721,1,0.6333333333333333,0.6333333333333333
mneg,unemp,none,fe_country,y2009_2013,pop,rate,244,244,-0.24262720235577517,-0.6035140447596677,-0.04906374266893721,1,0.6311475409836066,0.6311475409836066
mneg,unemp,none,fe_country,y2009_2013,pop,share,248,248,-0.310566734530618,-0.656211554418143,-0.10446980592647542,1,0.7580645161290323,0.7580645161290323
mneg,unemp,none,fe_twoway,all,n_cell,count,240,240,-0.20494714482643106,-0.4046402983840423,-0.09659529272945204,1,0.8375,0.8375
mneg,unemp,none,fe_twoway,all,n_cell,rate,244,244,-0.20577206656365496,-0.4046402983840423,-0.09659529272945204,1,0.8401639344262295,0.8401639344262295
mneg,unemp,none,fe_twoway,all,n_cell,share,248,248,-0.22942210365985438,-0.4459047471456382,-0.1271007031631035,1,0.9879032258064516,0.9879032258064516
mneg,unemp,none,fe_twoway,all,n_eff,count,240,240,-0.20608059142864038,-0.4092838015113976,-0.0963578675891401,1,0.8416666666666667,0.8416666666666667
mneg,unemp,none,fe_twoway,all,n_eff,rate,244,244,-0.20744764399520377,-0.4092838015113976,-0.0963578675891401,1,0.8442622950819673,0.8442622950819673
mneg,unemp,none,fe_twoway,all,n_eff,share,248,248,-0.22989615315691725,-0.4536449755677914,-0.1290055139361349,1,0.9959677419354839,0.9959677419354839
mneg,unemp,none,fe_twoway,all,none,count,240,240,-0.21542184152487426,-0.4471745417288629,-0.12042306390098316,1,0.9791666666666666,0.9791666666666666
mneg,unemp,none,fe_twoway,all,none,rate,244,244,-0.21975487287103962,-0.4471745417288629,-0.12042306390098316,1,0.9795081967213115,0.9795081967213115
mneg,unemp,none,fe_twoway,all,none,share,248,248,-0.274758792731558,-0.5115807166173773,-0.15696763992501306,1,1,1
mneg,unemp,none,fe_twoway,all,pop,count,240,240,-0.34979604740235676,-0.5033419407074702,0.03314089393642742,0.9833333333333333,0.8625,0.8625
mneg,unemp,none,fe_twoway,all,pop,rate,244,244,-0.3504114263660881,-0.5813884065792543,0.03314089393642742,0.9836065573770492,0.8647540983606558,0.8647540983606558
mneg,unemp,none,fe_twoway,all,pop,share,248,248,-0.39191439184248006,-0.6251312899580576,-0.09105276564572408,1,0.9395161290322581,0.9395161290322581
mneg,unemp,none,fe_twoway,no_GR_ES,n_cell,count,240,240,-0.12939264320126154,-0.27148650990733164,-0.04262119707846236,1,0.42083333333333334,0.42083333333333334
mneg,unemp,none,fe_twoway,no_GR_ES,n_cell,rate,244,244,-0.13058381763191268,-0.3029736378424631,-0.04262119707846236,1,0.430327868852459,0.430327868852459
mneg,unemp,none,fe_twoway,no_GR_ES,n_cell,share,248,248,-0.1475739099106021,-0.35376391508674004,-0.0368410879626856,1,0.4798387096774194,0.4798387096774194
mneg,unemp,none,fe_twoway,no_GR_ES,n_eff,count,240,240,-0.12608574836632586,-0.2835231103335782,-0.04262119707846236,1,0.4125,0.4125
mneg,unemp,none,fe_twoway,no_GR_ES,n_eff,rate,244,244,-0.12723844156132472,-0.3059809664604427,-0.04262119707846236,1,0.42213114754098363,0.42213114754098363
mneg,unemp,none,fe_twoway,no_GR_ES,n_eff,share,248,248,-0.1466305904025301,-0.36695435966315015,-0.03591236495436224,1,0.4838709677419355,0.4838709677419355
mneg,unemp,none,fe_twoway,no_GR_ES,none,count,240,240,-0.1513394285965497,-0.3373989146638529,-0.07723782489663233,1,0.5791666666666667,0.5791666666666667
mneg,unemp,none,fe_twoway,no_GR_ES,none,rate,244,244,-0.15206825734691745,-0.3437297602508814,-0.07723782489663233,1,0.5860655737704918,0.5860655737704918
mneg,unemp,none,fe_twoway,no_GR_ES,none,share,248,248,-0.18144486762651185,-0.4371638674920055,-0.08118848719693866,1,0.7782258064516129,0.7782258064516129
mneg,unemp,none,fe_twoway,no_GR_ES,pop,count,240,240,-0.18056720422510997,-0.3786485764623327,0.2757050160671882,0.8333333333333334,0.8041666666666667,0.7875
mneg,unemp,none,fe_twoway,no_GR_ES,pop,rate,244,244,-0.18121264052555927,-0.4532716417286569,0.2757050160671882,0.8360655737704918,0.8073770491803278,0.7909836065573771
mneg,unemp,none,fe_twoway,no_GR_ES,pop,share,248,248,-0.25967527862317974,-0.45444782854296284,0.05796559900343603,0.9838709677419355,0.8346774193548387,0.8346774193548387
mneg,unemp,none,fe_twoway,no_bailout,n_cell,count,240,240,0.0078818071155524,-0.10328766211154748,0.11182633704650796,0.49166666666666664,0,0
mneg,unemp,none,fe_twoway,no_bailout,n_cell,rate,244,244,-0.0017485897607724748,-0.14870774827745428,0.11182633704650796,0.5,0,0
mneg,unemp,none,fe_twoway,no_bailout,n_cell,share,248,248,0.001865724123937445,-0.13926311395151764,0.0965506559492653,0.4838709677419355,0,0
mneg,unemp,none,fe_twoway,no_bailout,n_eff,count,240,240,0.0078818071155524,-0.10328766211154748,0.11182633704650796,0.49166666666666664,0,0
mneg,unemp,none,fe_twoway,no_bailout,n_eff,rate,244,244,-0.0017485897607724748,-0.14698830361962037,0.11182633704650796,0.5,0,0
mneg,unemp,none,fe_twoway,no_bailout,n_eff,share,248,248,0.00362658690695336,-0.134110203450264,0.099866432901466,0.47580645161290325,0,0
mneg,unemp,none,fe_twoway,no_bailout,none,count,240,240,-0.02640410804547835,-0.10929819039407064,0.0527959098903952,0.5166666666666667,0,0
mneg,unemp,none,fe_twoway,no_bailout,none,rate,244,244,-0.0363056402802439,-0.1457080579511574,0.0527959098903952,0.5245901639344263,0,0
mneg,unemp,none,fe_twoway,no_bailout,none,share,248,248,-0.016173518965886063,-0.15734778641597266,0.06619936111395536,0.5887096774193549,0.004032258064516129,0.004032258064516129
mneg,unemp,none,fe_twoway,no_bailout,pop,count,240,240,-0.1259915200791304,-0.3450919904175251,0.3329637881175237,0.8,0.43333333333333335,0.3958333333333333
mneg,unemp,none,fe_twoway,no_bailout,pop,rate,244,244,-0.13078575995182648,-0.43444516854562504,0.3329637881175237,0.8032786885245902,0.4426229508196721,0.4057377049180328
mneg,unemp,none,fe_twoway,no_bailout,pop,share,248,248,-0.21346576413717708,-0.46432564956756767,0.11280001539604882,0.967741935483871,0.6612903225806451,0.6612903225806451
mneg,unemp,none,fe_twoway,y2004_2008,n_cell,count,240,192,-0.29563611284973124,-0.4047215940244443,-0.21679442457247405,1,1,1
mneg,unemp,none,fe_twoway,y2004_2008,n_cell,rate,244,196,-0.2962571188984536,-0.47538471649846287,-0.21679442457247405,1,1,1
mneg,unemp,none,fe_twoway,y2004_2008,n_cell,share,248,200,-0.34937377906189415,-0.4798090937712087,-0.2832539316340044,1,1,1
mneg,unemp,none,fe_twoway,y2004_2008,n_eff,count,240,192,-0.29386981113410265,-0.4040716861865405,-0.21614686095962307,1,1,1
mneg,unemp,none,fe_twoway,y2004_2008,n_eff,rate,244,196,-0.29470640150687943,-0.4785658919636995,-0.21614686095962307,1,1,1
mneg,unemp,none,fe_twoway,y2004_2008,n_eff,share,248,200,-0.3493399695214886,-0.48157806513946383,-0.2832539316340044,1,1,1
mneg,unemp,none,fe_twoway,y2004_2008,none,count,240,192,-0.2847503402142766,-0.36124732855062586,-0.22657752692150715,1,1,1
mneg,unemp,none,fe_twoway,y2004_2008,none,rate,244,196,-0.2861488717281921,-0.4541634004889167,-0.22657752692150715,1,1,1
mneg,unemp,none,fe_twoway,y2004_2008,none,share,248,200,-0.33401229616194494,-0.48743156926804876,-0.26437022993974535,1,1,1
mneg,unemp,none,fe_twoway,y2004_2008,pop,count,240,192,-0.3279839437894616,-0.4954655068585592,-0.21350138741730695,1,1,1
mneg,unemp,none,fe_twoway,y2004_2008,pop,rate,244,196,-0.3308151833895014,-0.6014562065659703,-0.21350138741730695,1,1,1
mneg,unemp,none,fe_twoway,y2004_2008,pop,share,248,200,-0.5313623281684225,-0.7116758881235863,-0.41053006902646433,1,1,1
mneg,unemp,none,fe_twoway,y2009_2013,n_cell,count,240,240,-0.2971149590702548,-0.4280959274689614,-0.13068248282314274,1,0.8791666666666667,0.8791666666666667
mneg,unemp,none,fe_twoway,y2009_2013,n_cell,rate,244,244,-0.29831719581997107,-0.43345844569322667,-0.13068248282314274,1,0.8811475409836066,0.8811475409836066
mneg,unemp,none,fe_twoway,y2009_2013,n_cell,share,248,248,-0.32406801898112025,-0.46865455555777824,-0.1828025520601127,1,0.9838709677419355,0.9838709677419355
mneg,unemp,none,fe_twoway,y2009_2013,n_eff,count,240,240,-0.30769017649237784,-0.4412591203609405,-0.13068248282314274,1,0.8958333333333334,0.8958333333333334
mneg,unemp,none,fe_twoway,y2009_2013,n_eff,rate,244,244,-0.30880231178394424,-0.44371025250710855,-0.13068248282314274,1,0.8975409836065574,0.8975409836065574
mneg,unemp,none,fe_twoway,y2009_2013,n_eff,share,248,248,-0.32496199092165157,-0.4774118799141938,-0.1828025520601127,1,0.9838709677419355,0.9838709677419355
mneg,unemp,none,fe_twoway,y2009_2013,none,count,240,240,-0.35221997326181365,-0.4698045289847619,-0.19982154852542283,1,1,1
mneg,unemp,none,fe_twoway,y2009_2013,none,rate,244,244,-0.35356567683577855,-0.4700295129047581,-0.19982154852542283,1,1,1
mneg,unemp,none,fe_twoway,y2009_2013,none,share,248,248,-0.36321629681105017,-0.5347317399234076,-0.22232875037434136,1,1,1
mneg,unemp,none,fe_twoway,y2009_2013,pop,count,240,240,-0.15993091534056553,-0.4854325256906362,0.03889157862404869,0.9416666666666667,0.3541666666666667,0.3541666666666667
mneg,unemp,none,fe_twoway,y2009_2013,pop,rate,244,244,-0.16153069713394383,-0.49423151372110236,0.03889157862404869,0.9426229508196722,0.35655737704918034,0.35655737704918034
mneg,unemp,none,fe_twoway,y2009_2013,pop,share,248,248,-0.2396879992212335,-0.5966485678033047,-0.095372002045036125,1,0.7540322580645161,0.7540322580645161
mneg,unemp,none,pooled_cl,all,n_cell,count,240,240,0.23575743514026382,0.10034483244129272,0.6086669343037593,0,0.95,0
mneg,unemp,none,pooled_cl,all,n_cell,rate,244,244,0.23527088795920587,0.10034483244129272,0.6086669343037593,0,0.9508196721311475,0
mneg,unemp,none,pooled_cl,all,n_cell,share,248,248,0.08624326223706086,0.00936248755969828,0.471824290243452,0,0.2903225806451613,0
mneg,unemp,none,pooled_cl,all,n_eff,count,240,240,0.23521148797941488,0.10227000392063897,0.6086669343037593,0,0.95,0
mneg,unemp,none,pooled_cl,all,n_eff,rate,244,244,0.23422353362792414,0.10227000392063897,0.6086669343037593,0,0.9508196721311475,0
mneg,unemp,none,pooled_cl,all,n_eff,share,248,248,0.0851957979050598,0.00619110095950413,0.471824290243452,0,0.28225806451612906,0
mneg,unemp,none,pooled_cl,all,none,count,240,240,0.20444294316678802,0.0881043329975586,0.5240359868212717,0,0.8833333333333333,0
mneg,unemp,none,pooled_cl,all,none,rate,244,244,0.20444294316678802,0.0881043329975586,0.5240359868212717,0,0.8852459016393442,0
mneg,unemp,none,pooled_cl,all,none,share,248,248,0.04133115644811919,-0.0521108526303605,0.3538128213747246,0.20967741935483872,0.10887096774193548,0
mneg,unemp,none,pooled_cl,all,pop,count,240,240,0.21226462218376813,0.06609195131641254,0.6544042488793522,0,0.9,0
mneg,unemp,none,pooled_cl,all,pop,rate,244,244,0.21226462218376813,0.06609195131641254,0.6544042488793522,0,0.9016393442622951,0
mneg,unemp,none,pooled_cl,all,pop,share,248,248,0.11005844976057497,0.0159311406123765,0.5138917238676504,0,0.40725806451612906,0
mneg,unemp,none,pooled_cl,no_GR_ES,n_cell,count,240,240,0.26253159745117893,0.09877952639823856,0.6485180789909196,0,0.95,0
mneg,unemp,none,pooled_cl,no_GR_ES,n_cell,rate,244,244,0.2619072274105525,0.09877952639823856,0.6485180789909196,0,0.9508196721311475,0
mneg,unemp,none,pooled_cl,no_GR_ES,n_cell,share,248,248,0.13165622139682293,0.03242583433530367,0.5440407125147396,0,0.5564516129032258,0
mneg,unemp,none,pooled_cl,no_GR_ES,n_eff,count,240,240,0.2676193051747301,0.09877952639823856,0.6492422460833663,0,0.9625,0
mneg,unemp,none,pooled_cl,no_GR_ES,n_eff,rate,244,244,0.2663418386417427,0.09877952639823856,0.6492422460833663,0,0.9631147540983607,0
mneg,unemp,none,pooled_cl,no_GR_ES,n_eff,share,248,248,0.13126332654285933,0.03242583433530367,0.5414839923824346,0,0.5524193548387096,0
mneg,unemp,none,pooled_cl,no_GR_ES,none,count,240,240,0.23455567202628363,0.08648966906578545,0.5524567835275911,0,0.925,0
mneg,unemp,none,pooled_cl,no_GR_ES,none,rate,244,244,0.23343249836251004,0.08648966906578545,0.5524567835275911,0,0.9262295081967213,0
mneg,unemp,none,pooled_cl,no_GR_ES,none,share,248,248,0.07223598908495019,-0.00812020997652794,0.40752078407328207,0.024193548387096774,0.22580645161290322,0
mneg,unemp,none,pooled_cl,no_GR_ES,pop,count,240,240,0.17371812237445872,0.00553927410014434,0.7298594136554479,0,0.5833333333333334,0
mneg,unemp,none,pooled_cl,no_GR_ES,pop,rate,244,244,0.17354254270211938,0.00553927410014434,0.7298594136554479,0,0.5819672131147541,0
mneg,unemp,none,pooled_cl,no_GR_ES,pop,share,248,248,0.1452249312072894,0.01338008236969148,0.6183725334576824,0,0.6008064516129032,0
mneg,unemp,none,pooled_cl,no_bailout,n_cell,count,240,240,0.2969015062738327,0.10646928299943438,0.6485171679353036,0,0.9041666666666667,0
mneg,unemp,none,pooled_cl,no_bailout,n_cell,rate,244,244,0.2952513178455545,0.10646928299943438,0.6485171679353036,0,0.9057377049180327,0
mneg,unemp,none,pooled_cl,no_bailout,n_cell,share,248,248,0.2688668822733832,0.10439545063588589,0.6210803770131362,0,0.9274193548387096,0
mneg,unemp,none,pooled_cl,no_bailout,n_eff,count,240,240,0.3064759379712055,0.10646928299943438,0.6569297491263835,0,0.9333333333333333,0
mneg,unemp,none,pooled_cl,no_bailout,n_eff,rate,244,244,0.3064759379712055,0.10646928299943438,0.6569297491263835,0,0.9344262295081968,0
mneg,unemp,none,pooled_cl,no_bailout,n_eff,share,248,248,0.27115160233872126,0.10439545063588589,0.6307011119634524,0,0.9516129032258065,0
mneg,unemp,none,pooled_cl,no_bailout,none,count,240,240,0.2624653160950896,0.10197019993501316,0.5517151705650609,0,0.925,0
mneg,unemp,none,pooled_cl,no_bailout,none,rate,244,244,0.2624653160950896,0.10197019993501316,0.5517151705650609,0,0.9262295081967213,0
mneg,unemp,none,pooled_cl,no_bailout,none,share,248,248,0.21013526959453127,0.0734134524760317,0.4931675457032364,0,0.8104838709677419,0
mneg,unemp,none,pooled_cl,no_bailout,pop,count,240,240,0.20057838414319812,0.0144315371946451,0.7544348234770272,0,0.6375,0
mneg,unemp,none,pooled_cl,no_bailout,pop,rate,244,244,0.20057838414319812,0.0144315371946451,0.7544348234770272,0,0.639344262295082,0
mneg,unemp,none,pooled_cl,no_bailout,pop,share,248,248,0.2581384385165125,0.05326244643715093,0.6923856900738413,0,0.8387096774193549,0
mneg,unemp,none,pooled_cl,y2004_2008,n_cell,count,240,192,0.07500454453959976,0.00695286070014488,0.16192111445673835,0,0,0
mneg,unemp,none,pooled_cl,y2004_2008,n_cell,rate,244,196,0.07471864809870013,0.00695286070014488,0.16192111445673835,0,0,0
mneg,unemp,none,pooled_cl,y2004_2008,n_cell,share,248,200,0.0963215324905922,0.0251315191428157,0.1783284843642778,0,0.07,0
mneg,unemp,none,pooled_cl,y2004_2008,n_eff,count,240,192,0.07914448597649859,0.00738109372899709,0.17220048978632,0,0.020833333333333332,0
mneg,unemp,none,pooled_cl,y2004_2008,n_eff,rate,244,196,0.07914448597649859,0.00738109372899709,0.17220048978632,0,0.02040816326530612,0
mneg,unemp,none,pooled_cl,y2004_2008,n_eff,share,248,200,0.09936622940260634,0.0251315191428157,0.18652285085463427,0,0.075,0
mneg,unemp,none,pooled_cl,y2004_2008,none,count,240,192,0.13635469182713628,0.04936929455652655,0.23030727900237344,0,0.25,0
mneg,unemp,none,pooled_cl,y2004_2008,none,rate,244,196,0.13619844695095812,0.04936929455652655,0.23030727900237344,0,0.24489795918367346,0
mneg,unemp,none,pooled_cl,y2004_2008,none,share,248,200,0.11820698545539943,0.04019002983688669,0.1960572833823646,0,0.13,0
mneg,unemp,none,pooled_cl,y2004_2008,pop,count,240,192,0.004266647890374245,-0.1369130931314427,0.11778589337298354,0.4791666666666667,0,0
mneg,unemp,none,pooled_cl,y2004_2008,pop,rate,244,196,0.006769862567070425,-0.1369130931314427,0.11778589337298354,0.46938775510204084,0,0
mneg,unemp,none,pooled_cl,y2004_2008,pop,share,248,200,0.10044562042136806,0.00721293914271601,0.2807935673758577,0,0.3,0
mneg,unemp,none,pooled_cl,y2009_2013,n_cell,count,240,240,0.3291806487566328,0.17148373920616108,0.6078241926230181,0,1,0
mneg,unemp,none,pooled_cl,y2009_2013,n_cell,rate,244,244,0.3291806487566328,0.17148373920616108,0.6078241926230181,0,1,0
mneg,unemp,none,pooled_cl,y2009_2013,n_cell,share,248,248,0.18268748250964192,0.06715671723710488,0.4689950658270583,0,0.5766129032258065,0
mneg,unemp,none,pooled_cl,y2009_2013,n_eff,count,240,240,0.32719625582360456,0.16768147585363877,0.6078241926230181,0,0.9958333333333333,0
mneg,unemp,none,pooled_cl,y2009_2013,n_eff,rate,244,244,0.32719625582360456,0.16768147585363877,0.6078241926230181,0,0.9959016393442623,0
mneg,unemp,none,pooled_cl,y2009_2013,n_eff,share,248,248,0.17978341196501618,0.06275797686420094,0.4689950658270583,0,0.5524193548387096,0
mneg,unemp,none,pooled_cl,y2009_2013,none,count,240,240,0.2566799782634769,0.13512751133144943,0.5162847066427003,0,0.8416666666666667,0
mneg,unemp,none,pooled_cl,y2009_2013,none,rate,244,244,0.2566799782634769,0.13512751133144943,0.5162847066427003,0,0.8442622950819673,0
mneg,unemp,none,pooled_cl,y2009_2013,none,share,248,248,0.10810236246806645,0.00880422548082177,0.34492097556916895,0,0.1935483870967742,0
mneg,unemp,none,pooled_cl,y2009_2013,pop,count,240,240,0.3129083976079492,0.17285501981792728,0.6590800526553059,0,1,0
mneg,unemp,none,pooled_cl,y2009_2013,pop,rate,244,244,0.3129083976079492,0.17285501981792728,0.6590800526553059,0,1,0
mneg,unemp,none,pooled_cl,y2009_2013,pop,share,248,248,0.18429699641043173,0.05939632060737887,0.5197844491237371,0,0.5685483870967742,0
mneg,unemp,none,re,all,none,count,240,240,-0.24599968319141252,-0.3832882975667013,-0.09797499504484072,1,0.9625,0.9625
mneg,unemp,none,re,all,none,rate,244,242,-0.24633724985946218,-0.4043258756661091,-0.09797499504484072,1,0.9628099173553719,0.9628099173553719
mneg,unemp,none,re,all,none,share,248,246,-0.3431023687516578,-0.5486137503357411,-0.20730910688312937,1,1,1
mneg,unemp,none,re,no_GR_ES,none,count,240,240,-0.18194327532854093,-0.32615346560679703,-0.01792977265834595,1,0.8375,0.8375
mneg,unemp,none,re,no_GR_ES,none,rate,244,242,-0.18200175001884605,-0.37247494517085306,-0.01792977265834595,1,0.8388429752066116,0.8388429752066116
mneg,unemp,none,re,no_GR_ES,none,share,248,246,-0.26911584710512904,-0.5009043037502249,-0.1358455844004971,1,0.9512195121951219,0.9512195121951219
mneg,unemp,none,re,no_bailout,none,count,240,240,-0.11994535729982198,-0.23072177912363973,0.10755538814790432,0.85,0.4083333333333333,0.4083333333333333
mneg,unemp,none,re,no_bailout,none,rate,244,242,-0.12028584198866193,-0.27043997225126337,0.10755538814790432,0.8524590163934426,0.4132231404958678,0.4132231404958678
mneg,unemp,none,re,no_bailout,none,share,248,246,-0.19596636569598716,-0.3614001896114466,-0.00885309059159879,1,0.7317073170731707,0.7317073170731707
mneg,unemp,none,re,y2004_2008,none,count,240,192,-0.38323314476856796,-0.4883981014189796,-0.2870110460118338,1,1,1
mneg,unemp,none,re,y2004_2008,none,rate,244,194,-0.3838821141405311,-0.5503968059464033,-0.2870110460118338,1,1,1
mneg,unemp,none,re,y2004_2008,none,share,248,198,-0.3032273561427684,-0.44902153428979535,-0.21106737884346585,1,1,1
mneg,unemp,none,re,y2009_2013,none,count,240,240,-0.3226579906098438,-0.4605231823984005,-0.16243216360097365,1,0.9916666666666667,0.9916666666666667
mneg,unemp,none,re,y2009_2013,none,rate,244,242,-0.32306623340546903,-0.4605231823984005,-0.16243216360097365,1,0.9917355371900827,0.9917355371900827
mneg,unemp,none,re,y2009_2013,none,share,248,246,-0.3593117020240032,-0.5055674691366461,-0.2032657421576343,1,1,1
mneg,unemp,other,fe_country,all,n_cell,count,240,240,-0.3149364940334166,-0.4258313571374237,-0.1894688656893297,1,1,1
mneg,unemp,other,fe_country,all,n_cell,rate,244,244,-0.3169063012023736,-0.46224727203805066,-0.1894688656893297,1,1,1
mneg,unemp,other,fe_country,all,n_cell,share,248,248,-0.367212050665164,-0.535921364522884,-0.254429105333955,1,1,1
mneg,unemp,other,fe_country,all,n_eff,count,240,240,-0.31750077489936546,-0.429065796227455,-0.19799676628487176,1,1,1
mneg,unemp,other,fe_country,all,n_eff,rate,244,244,-0.32113878020262754,-0.465738337567192,-0.19799676628487176,1,1,1
mneg,unemp,other,fe_country,all,n_eff,share,248,248,-0.3682345660045059,-0.54242995839779,-0.2594126312287925,1,1,1
mneg,unemp,other,fe_country,all,none,count,240,240,-0.3265528659861503,-0.48708440022761734,-0.24288537382252537,1,1,1
mneg,unemp,other,fe_country,all,none,rate,244,244,-0.3279869902008569,-0.48708440022761734,-0.24288537382252537,1,1,1
mneg,unemp,other,fe_country,all,none,share,248,248,-0.424865659831822,-0.5991891394171992,-0.2901592900971869,1,1,1
mneg,unemp,other,fe_country,all,pop,count,240,240,-0.42076880346826073,-0.5711783694009809,-0.06799659972930831,1,0.9375,0.9375
mneg,unemp,other,fe_country,all,pop,rate,244,244,-0.4215137348524395,-0.6228787999132505,-0.06799659972930831,1,0.9385245901639344,0.9385245901639344
mneg,unemp,other,fe_country,all,pop,share,248,248,-0.3456061553404055,-0.6762167906478335,-0.11697058943970956,1,0.9516129032258065,0.9516129032258065
mneg,unemp,other,fe_country,no_GR_ES,n_cell,count,240,240,-0.23589817822162928,-0.3906993448032138,-0.09019340339020351,1,0.9,0.9
mneg,unemp,other,fe_country,no_GR_ES,n_cell,rate,244,244,-0.23651454814307582,-0.43166013749577165,-0.09019340339020351,1,0.9016393442622951,0.9016393442622951
mneg,unemp,other,fe_country,no_GR_ES,n_cell,share,248,248,-0.29118267178255,-0.4833472993040729,-0.16659645523173838,1,0.967741935483871,0.967741935483871
mneg,unemp,other,fe_country,no_GR_ES,n_eff,count,240,240,-0.23791299760856913,-0.3906993448032138,-0.09931808747391986,1,0.9083333333333333,0.9083333333333333
mneg,unemp,other,fe_country,no_GR_ES,n_eff,rate,244,244,-0.23919976220325484,-0.43383010153076046,-0.09931808747391986,1,0.9098360655737705,0.9098360655737705
mneg,unemp,other,fe_country,no_GR_ES,n_eff,share,248,248,-0.29364486311472393,-0.4886154655072555,-0.16649112285638645,1,0.9717741935483871,0.9717741935483871
mneg,unemp,other,fe_country,no_GR_ES,none,count,240,240,-0.2544118405401505,-0.39194077473246786,-0.14848188350416253,1,0.9666666666666667,0.9666666666666667
mneg,unemp,other,fe_country,no_GR_ES,none,rate,244,244,-0.25544902880969633,-0.4436718315400592,-0.14848188350416253,1,0.9672131147540983,0.9672131147540983
mneg,unemp,other,fe_country,no_GR_ES,none,share,248,248,-0.33100272654243956,-0.5244749080196307,-0.20406865812498495,1,1,1
mneg,unemp,other,fe_country,no_GR_ES,pop,count,240,240,-0.30091679331079774,-0.49507739458452615,0.07104843581254561,0.9833333333333333,0.8166666666666667,0.8166666666666667
mneg,unemp,other,fe_country,no_GR_ES,pop,rate,244,244,-0.30137105968079836,-0.5428380101949503,0.07104843581254561,0.9836065573770492,0.819672131147541,0.819672131147541
mneg,unemp,other,fe_country,no_GR_ES,pop,share,248,248,-0.23077401294469846,-0.5199469202468356,-0.06414631761263766,1,0.5564516129032258,0.5564516129032258
mneg,unemp,other,fe_country,no_bailout,n_cell,count,240,240,-0.2154150544765383,-0.3563136274039394,0.05516110779420899,0.9166666666666666,0.8,0.8
mneg,unemp,other,fe_country,no_bailout,n_cell,rate,244,244,-0.2164230823765169,-0.39029610883939553,0.05516110779420899,0.9180327868852459,0.8032786885245902,0.8032786885245902
mneg,unemp,other,fe_country,no_bailout,n_cell,share,248,248,-0.21251840900737046,-0.4007838633406779,-0.04650601520015845,1,0.7661290322580645,0.7661290322580645
mneg,unemp,other,fe_country,no_bailout,n_eff,count,240,240,-0.21652768405435713,-0.3563136274039394,0.04253616198669126,0.9333333333333333,0.8,0.8
mneg,unemp,other,fe_country,no_bailout,n_eff,rate,244,244,-0.21696515874280925,-0.392072990185513,0.04253616198669126,0.9344262295081968,0.8032786885245902,0.8032786885245902
mneg,unemp,other,fe_country,no_bailout,n_eff,share,248,248,-0.21865677369201558,-0.40940768468732813,-0.04650601520015845,1,0.7903225806451613,0.7903225806451613
mneg,unemp,other,fe_country,no_bailout,none,count,240,240,-0.23063233310522963,-0.3490917880520729,0.01874774682478385,0.9833333333333333,0.8,0.8
mneg,unemp,other,fe_country,no_bailout,none,rate,244,244,-0.23101690947195488,-0.3641153019934405,0.01874774682478385,0.9836065573770492,0.8032786885245902,0.8032786885245902
mneg,unemp,other,fe_country,no_bailout,none,share,248,248,-0.2550666013492766,-0.4175197436898501,-0.09212443738185644,1,0.8467741935483871,0.8467741935483871
mneg,unemp,other,fe_country,no_bailout,pop,count,240,240,-0.3081387474392024,-0.5010832657581619,0.10703504718238818,0.9416666666666667,0.8,0.8
mneg,unemp,other,fe_country,no_bailout,pop,rate,244,244,-0.30873060632126925,-0.5559446993091335,0.10703504718238818,0.9426229508196722,0.8032786885245902,0.8032786885245902
mneg,unemp,other,fe_country,no_bailout,pop,share,248,248,-0.1850610416347092,-0.4838973360414319,-0.05216993138157828,1,0.5080645161290323,0.5080645161290323
mneg,unemp,other,fe_country,y2004_2008,n_cell,count,240,192,-0.4985618453007556,-0.6451946187357067,-0.3521071802472126,1,1,1
mneg,unemp,other,fe_country,y2004_2008,n_cell,rate,244,196,-0.5000120730747072,-0.7107966661942984,-0.3521071802472126,1,1,1
mneg,unemp,other,fe_country,y2004_2008,n_cell,share,248,200,-0.392033039594227,-0.5637352723540783,-0.2869934835921766,1,1,1
mneg,unemp,other,fe_country,y2004_2008,n_eff,count,240,192,-0.49772619568110044,-0.6451946187357067,-0.3521071802472126,1,1,1
mneg,unemp,other,fe_country,y2004_2008,n_eff,rate,244,196,-0.49911712005524145,-0.7070628857577015,-0.3521071802472126,1,1,1
mneg,unemp,other,fe_country,y2004_2008,n_eff,share,248,200,-0.39116028162810723,-0.5630833737577172,-0.2869934835921766,1,1,1
mneg,unemp,other,fe_country,y2004_2008,none,count,240,192,-0.4778684184114175,-0.589926730691081,-0.34379731494235083,1,1,1
mneg,unemp,other,fe_country,y2004_2008,none,rate,244,196,-0.47859752293282715,-0.6745920758953491,-0.34379731494235083,1,1,1
mneg,unemp,other,fe_country,y2004_2008,none,share,248,200,-0.36643810404700966,-0.5639223258102888,-0.24471488519059523,1,1,1
mneg,unemp,other,fe_country,y2004_2008,pop,count,240,192,-0.4246322174664465,-0.6735821340584093,-0.2445783771071862,1,1,1
mneg,unemp,other,fe_country,y2004_2008,pop,rate,244,196,-0.5074001672255484,-0.7658447079406302,-0.2445783771071862,1,1,1
mneg,unemp,other,fe_country,y2004_2008,pop,share,248,200,-0.4621479236720612,-0.6693311618235738,-0.3018301332574905,1,1,1
mneg,unemp,other,fe_country,y2009_2013,n_cell,count,240,240,-0.34178633792810365,-0.4961457598275757,-0.19529521092533308,1,1,1
mneg,unemp,other,fe_country,y2009_2013,n_cell,rate,244,244,-0.3421859066219257,-0.4961457598275757,-0.19529521092533308,1,1,1
mneg,unemp,other,fe_country,y2009_2013,n_cell,share,248,248,-0.36453402671593066,-0.5419895797707026,-0.24317966089220536,1,1,1
mneg,unemp,other,fe_country,y2009_2013,n_eff,count,240,240,-0.35539668509315403,-0.5087892750326878,-0.19529521092533308,1,1,1
mneg,unemp,other,fe_country,y2009_2013,n_eff,rate,244,244,-0.3570055167280713,-0.5087892750326878,-0.19529521092533308,1,1,1
mneg,unemp,other,fe_country,y2009_2013,n_eff,share,248,248,-0.37165154511509557,-0.5534203428478388,-0.24317966089220536,1,1,1
mneg,unemp,other,fe_country,y2009_2013,none,count,240,240,-0.41793144533955806,-0.5594905983459026,-0.28124009131393246,1,1,1
mneg,unemp,other,fe_country,y2009_2013,none,rate,244,244,-0.4180730924878473,-0.5594905983459026,-0.28124009131393246,1,1,1
mneg,unemp,other,fe_country,y2009_2013,none,share,248,248,-0.4596610063108537,-0.6277208509980815,-0.28732285542339087,1,1,1
mneg,unemp,other,fe_country,y2009_2013,pop,count,240,240,-0.2565036062815209,-0.6258712522800466,-0.06431059350805103,1,0.7041666666666667,0.7041666666666667
mneg,unemp,other,fe_country,y2009_2013,pop,rate,244,244,-0.2565036062815209,-0.6258712522800466,-0.06431059350805103,1,0.7008196721311475,0.7008196721311475
mneg,unemp,other,fe_country,y2009_2013,pop,share,248,248,-0.34723732387657236,-0.6911281056927285,-0.13079933094841373,1,0.8185483870967742,0.8185483870967742
mneg,unemp,other,fe_twoway,all,n_cell,count,240,240,-0.18559290700722836,-0.43362940059648913,-0.07690011591193117,1,0.6333333333333333,0.6333333333333333
mneg,unemp,other,fe_twoway,all,n_cell,rate,244,244,-0.18670584215711922,-0.43362940059648913,-0.07690011591193117,1,0.639344262295082,0.639344262295082
mneg,unemp,other,fe_twoway,all,n_cell,share,248,248,-0.19899564098493167,-0.3746142013200882,-0.10040728395628697,1,0.8629032258064516,0.8629032258064516
mneg,unemp,other,fe_twoway,all,n_eff,count,240,240,-0.1843402101037051,-0.4440012709777626,-0.0756847829149223,1,0.6375,0.6375
mneg,unemp,other,fe_twoway,all,n_eff,rate,244,244,-0.18589609853871839,-0.4440012709777626,-0.0756847829149223,1,0.6434426229508197,0.6434426229508197
mneg,unemp,other,fe_twoway,all,n_eff,share,248,248,-0.199611481474468,-0.3774709803920699,-0.10085451250199852,1,0.8669354838709677,0.8669354838709677
mneg,unemp,other,fe_twoway,all,none,count,240,240,-0.19642212959146593,-0.4311029868544035,-0.10670200803850512,1,0.9,0.9
mneg,unemp,other,fe_twoway,all,none,rate,244,244,-0.19823164809084393,-0.4311029868544035,-0.10670200803850512,1,0.9016393442622951,0.9016393442622951
mneg,unemp,other,fe_twoway,all,none,share,248,248,-0.24382527292050132,-0.43096582058914634,-0.14323569779924775,1,0.9879032258064516,0.9879032258064516
mneg,unemp,other,fe_twoway,all,pop,count,240,240,-0.31558376302191277,-0.4357609852777938,0.05327450037784444,0.9833333333333333,0.8458333333333333,0.8458333333333333
mneg,unemp,other,fe_twoway,all,pop,rate,244,244,-0.3159878708874956,-0.51038201265459,0.05327450037784444,0.9836065573770492,0.8483606557377049,0.8483606557377049
mneg,unemp,other,fe_twoway,all,pop,share,248,248,-0.34800821361425693,-0.5975324569940271,-0.08847576281955394,1,0.9435483870967742,0.9435483870967742
mneg,unemp,other,fe_twoway,no_GR_ES,n_cell,count,240,240,-0.10291780394559139,-0.21583191227717644,-0.00495025643527779,1,0.30416666666666664,0.30416666666666664
mneg,unemp,other,fe_twoway,no_GR_ES,n_cell,rate,244,244,-0.10536255357238568,-0.2509493001103395,-0.00495025643527779,1,0.3155737704918033,0.3155737704918033
mneg,unemp,other,fe_twoway,no_GR_ES,n_cell,share,248,248,-0.11406932144611566,-0.2601424001700332,-0.0200244580199136,1,0.3709677419354839,0.3709677419354839
mneg,unemp,other,fe_twoway,no_GR_ES,n_eff,count,240,240,-0.1002525207681473,-0.22391727961191651,-0.00495025643527779,1,0.2875,0.2875
mneg,unemp,other,fe_twoway,no_GR_ES,n_eff,rate,244,244,-0.10222569916350727,-0.25311708390120635,-0.00495025643527779,1,0.29918032786885246,0.29918032786885246
mneg,unemp,other,fe_twoway,no_GR_ES,n_eff,share,248,248,-0.1145511757300315,-0.25751950783010086,-0.01840976682389051,1,0.3588709677419355,0.3588709677419355
mneg,unemp,other,fe_twoway,no_GR_ES,none,count,240,240,-0.13452741798933793,-0.29807778842660226,-0.0638736248536455,1,0.4708333333333333,0.4708333333333333
mneg,unemp,other,fe_twoway,no_GR_ES,none,rate,244,244,-0.13579641303578865,-0.29807778842660226,-0.0638736248536455,1,0.47950819672131145,0.47950819672131145
mneg,unemp,other,fe_twoway,no_GR_ES,none,share,248,248,-0.16768809099334342,-0.3297904341851728,-0.06721907408266212,1,0.6370967741935484,0.6370967741935484
mneg,unemp,other,fe_twoway,no_GR_ES,pop,count,240,240,-0.1469644292389175,-0.33794296410527896,0.27394736545689535,0.8083333333333333,0.6333333333333333,0.6208333333333333
mneg,unemp,other,fe_twoway,no_GR_ES,pop,rate,244,244,-0.14816079928457448,-0.40076342574848484,0.27394736545689535,0.8114754098360656,0.639344262295082,0.6270491803278688
mneg,unemp,other,fe_twoway,no_GR_ES,pop,share,248,248,-0.2421618266444988,-0.4074404412323086,0.05619434258352475,0.9838709677419355,0.8346774193548387,0.8346774193548387
mneg,unemp,other,fe_twoway,no_bailout,n_cell,count,240,240,0.006397158684863348,-0.0847359576207481,0.10307832143764942,0.5,0,0
mneg,unemp,other,fe_twoway,no_bailout,n_cell,rate,244,244,-0.003654123794630908,-0.12862901282380063,0.10307832143764942,0.5081967213114754,0,0
mneg,unemp,other,fe_twoway,no_bailout,n_cell,share,248,248,-0.00195186745853162,-0.1371483342281359,0.11548346969053656,0.5080645161290323,0,0
mneg,unemp,other,fe_twoway,no_bailout,n_eff,count,240,240,0.005901169128782109,-0.0847359576207481,0.10307832143764942,0.5,0,0
mneg,unemp,other,fe_twoway,no_bailout,n_eff,rate,244,244,-0.0028101036030589483,-0.12747084730213368,0.10307832143764942,0.5081967213114754,0,0
mneg,unemp,other,fe_twoway,no_bailout,n_eff,share,248,248,-0.0011853026167330748,-0.13344836005283925,0.11548346969053656,0.5080645161290323,0,0
mneg,unemp,other,fe_twoway,no_bailout,none,count,240,240,-0.02885186179760373,-0.11849036685379648,0.04746990267666598,0.5416666666666666,0,0
mneg,unemp,other,fe_twoway,no_bailout,none,rate,244,244,-0.03055450658898272,-0.1333023006560845,0.04746990267666598,0.5491803278688525,0,0
mneg,unemp,other,fe_twoway,no_bailout,none,share,248,248,-0.018218888391798853,-0.15436160456107914,0.07241608251723572,0.6129032258064516,0,0
mneg,unemp,other,fe_twoway,no_bailout,pop,count,240,240,-0.11427681398270226,-0.3199046210107099,0.28316362780175286,0.8,0.35833333333333334,0.3416666666666667
mneg,unemp,other,fe_twoway,no_bailout,pop,rate,244,244,-0.11537409546311897,-0.404489899176649,0.28316362780175286,0.8032786885245902,0.36885245901639346,0.3524590163934426
mneg,unemp,other,fe_twoway,no_bailout,pop,share,248,248,-0.2201865571667492,-0.4390021446626589,0.04589288796399399,0.9758064516129032,0.7379032258064516,0.7379032258064516
mneg,unemp,other,fe_twoway,y2004_2008,n_cell,count,240,192,-0.3014693568659045,-0.4103052674560167,-0.2176062025829423,1,1,1
mneg,unemp,other,fe_twoway,y2004_2008,n_cell,rate,244,196,-0.3032426647047674,-0.4798981303595248,-0.2176062025829423,1,1,1
mneg,unemp,other,fe_twoway,y2004_2008,n_cell,share,248,200,-0.3457593356870722,-0.4998199372341632,-0.27123288416191543,1,1,1
mneg,unemp,other,fe_twoway,y2004_2008,n_eff,count,240,192,-0.3012124116975341,-0.4107431907150376,-0.21855201488578657,1,1,1
mneg,unemp,other,fe_twoway,y2004_2008,n_eff,rate,244,196,-0.3018153260694788,-0.48454885956596105,-0.21855201488578657,1,1,1
mneg,unemp,other,fe_twoway,y2004_2008,n_eff,share,248,200,-0.3470499328651453,-0.5027628934343358,-0.27123288416191543,1,1,1
mneg,unemp,other,fe_twoway,y2004_2008,none,count,240,192,-0.28528415559798426,-0.3654374249988926,-0.21787299194836277,1,1,1
mneg,unemp,other,fe_twoway,y2004_2008,none,rate,244,196,-0.28603965855636526,-0.45431874655655097,-0.21787299194836277,1,1,1
mneg,unemp,other,fe_twoway,y2004_2008,none,share,248,200,-0.3272512476862302,-0.49449847798224156,-0.24557083319967793,1,1,1
mneg,unemp,other,fe_twoway,y2004_2008,pop,count,240,192,-0.3129265593519119,-0.4566453389262584,-0.19859406772782673,1,1,1
mneg,unemp,other,fe_twoway,y2004_2008,pop,rate,244,196,-0.3136984774626313,-0.5689548590447805,-0.19859406772782673,1,1,1
mneg,unemp,other,fe_twoway,y2004_2008,pop,share,248,200,-0.4624097846041939,-0.6100975443281101,-0.3626732238205776,1,1,1
mneg,unemp,other,fe_twoway,y2009_2013,n_cell,count,240,240,-0.26381913668000884,-0.4460687052556267,-0.09144548948621356,1,0.7333333333333333,0.7333333333333333
mneg,unemp,other,fe_twoway,y2009_2013,n_cell,rate,244,244,-0.2645689737295242,-0.4460687052556267,-0.09144548948621356,1,0.7377049180327869,0.7377049180327869
mneg,unemp,other,fe_twoway,y2009_2013,n_cell,share,248,248,-0.28748753341476263,-0.397745912665946,-0.12618754766565482,1,0.8669354838709677,0.8669354838709677
mneg,unemp,other,fe_twoway,y2009_2013,n_eff,count,240,240,-0.26878917717730877,-0.4565776371402899,-0.09144548948621356,1,0.7583333333333333,0.7583333333333333
mneg,unemp,other,fe_twoway,y2009_2013,n_eff,rate,244,244,-0.2701205503583102,-0.4565776371402899,-0.09144548948621356,1,0.7622950819672131,0.7622950819672131
mneg,unemp,other,fe_twoway,y2009_2013,n_eff,share,248,248,-0.2886351698039169,-0.4015707074575038,-0.12618754766565482,1,0.8669354838709677,0.8669354838709677
mneg,unemp,other,fe_twoway,y2009_2013,none,count,240,240,-0.31524840264786597,-0.4515926838977348,-0.1464100391443542,1,0.9041666666666667,0.9041666666666667
mneg,unemp,other,fe_twoway,y2009_2013,none,rate,244,244,-0.3157702327384463,-0.4515926838977348,-0.1464100391443542,1,0.9057377049180327,0.9057377049180327
mneg,unemp,other,fe_twoway,y2009_2013,none,share,248,248,-0.3413659233301424,-0.45142405990959483,-0.1827934597905494,1,0.9637096774193549,0.9637096774193549
mneg,unemp,other,fe_twoway,y2009_2013,pop,count,240,240,-0.13685460000883642,-0.4496707585254082,0.06545479809728681,0.9166666666666666,0.2625,0.2625
mneg,unemp,other,fe_twoway,y2009_2013,pop,rate,244,244,-0.13836663392359916,-0.45921338122515326,0.06545479809728681,0.9180327868852459,0.26639344262295084,0.26639344262295084
mneg,unemp,other,fe_twoway,y2009_2013,pop,share,248,248,-0.2395635244467616,-0.5589862108896082,-0.09147820803257516,1,0.7258064516129032,0.7258064516129032
mneg,unemp,other,pooled_cl,all,n_cell,count,240,240,0.25821666833933477,0.11214478457327734,0.6076119746696449,0,0.975,0
mneg,unemp,other,pooled_cl,all,n_cell,rate,244,244,0.25821666833933477,0.11214478457327734,0.6076119746696449,0,0.9754098360655737,0
mneg,unemp,other,pooled_cl,all,n_cell,share,248,248,0.1370571571273197,0.04320668284195871,0.4769392304322791,0,0.5080645161290323,0
mneg,unemp,other,pooled_cl,all,n_eff,count,240,240,0.25978965108453234,0.11387006660516122,0.6067006037365608,0,0.9791666666666666,0
mneg,unemp,other,pooled_cl,all,n_eff,rate,244,244,0.25978965108453234,0.11387006660516122,0.6067006037365608,0,0.9795081967213115,0
mneg,unemp,other,pooled_cl,all,n_eff,share,248,248,0.13530704204303712,0.04320668284195871,0.4769392304322791,0,0.5040322580645161,0
mneg,unemp,other,pooled_cl,all,none,count,240,240,0.2224270395329103,0.10423138896434687,0.5241372325907971,0,0.95,0
mneg,unemp,other,pooled_cl,all,none,rate,244,244,0.2224270395329103,0.10423138896434687,0.5241372325907971,0,0.9508196721311475,0
mneg,unemp,other,pooled_cl,all,none,share,248,248,0.08549582679301154,0.00997748720665487,0.35672297749504883,0,0.23387096774193547,0
mneg,unemp,other,pooled_cl,all,pop,count,240,240,0.21967157427615697,0.06501676414048357,0.635214899326011,0,0.8958333333333334,0
mneg,unemp,other,pooled_cl,all,pop,rate,244,244,0.21967157427615697,0.06501676414048357,0.635214899326011,0,0.8975409836065574,0
mneg,unemp,other,pooled_cl,all,pop,share,248,248,0.14602690132511748,0.04139306429486954,0.4901892409563294,0,0.5685483870967742,0
mneg,unemp,other,pooled_cl,no_GR_ES,n_cell,count,240,240,0.27335596575500964,0.10380005017550065,0.6471690911754261,0,0.9583333333333334,0
mneg,unemp,other,pooled_cl,no_GR_ES,n_cell,rate,244,244,0.2728975157259622,0.10380005017550065,0.6471690911754261,0,0.9590163934426229,0
mneg,unemp,other,pooled_cl,no_GR_ES,n_cell,share,248,248,0.15472168609741876,0.04520003803845214,0.5440023395302642,0,0.6411290322580645,0
mneg,unemp,other,pooled_cl,no_GR_ES,n_eff,count,240,240,0.2794402868640399,0.10380005017550065,0.6480502661797154,0,0.9666666666666667,0
mneg,unemp,other,pooled_cl,no_GR_ES,n_eff,rate,244,244,0.27810830711646595,0.10380005017550065,0.6480502661797154,0,0.9672131147540983,0
mneg,unemp,other,pooled_cl,no_GR_ES,n_eff,share,248,248,0.15604566329873565,0.04520003803845214,0.5418033653913836,0,0.6451612903225806,0
mneg,unemp,other,pooled_cl,no_GR_ES,none,count,240,240,0.25106872382651957,0.09703973028039824,0.5525539662219867,0,0.9416666666666667,0
mneg,unemp,other,pooled_cl,no_GR_ES,none,rate,244,244,0.2507839988893924,0.09703973028039824,0.5525539662219867,0,0.9426229508196722,0
mneg,unemp,other,pooled_cl,no_GR_ES,none,share,248,248,0.10881073860316057,0.0167820473713017,0.40905253767640287,0,0.3064516129032258,0
mneg,unemp,other,pooled_cl,no_GR_ES,pop,count,240,240,0.1762552654714489,0.00621387259507882,0.7265244091477124,0,0.6,0
mneg,unemp,other,pooled_cl,no_GR_ES,pop,rate,244,244,0.17529012799846172,0.00621387259507882,0.7265244091477124,0,0.6024590163934426,0
mneg,unemp,other,pooled_cl,no_GR_ES,pop,share,248,248,0.152222043288334,0.01669031681839821,0.6137402284467546,0,0.6169354838709677,0
mneg,unemp,other,pooled_cl,no_bailout,n_cell,count,240,240,0.29235669688025945,0.1054025180307773,0.6507100185204149,0,0.9,0
mneg,unemp,other,pooled_cl,no_bailout,n_cell,rate,244,244,0.29235669688025945,0.1054025180307773,0.6507100185204149,0,0.9016393442622951,0
mneg,unemp,other,pooled_cl,no_bailout,n_cell,share,248,248,0.2627461395719638,0.10106062689434252,0.6224595427061422,0,0.9032258064516129,0
mneg,unemp,other,pooled_cl,no_bailout,n_eff,count,240,240,0.30179987449084633,0.1054025180307773,0.6592803359420206,0,0.9333333333333333,0
mneg,unemp,other,pooled_cl,no_bailout,n_eff,rate,244,244,0.30179987449084633,0.1054025180307773,0.6592803359420206,0,0.9344262295081968,0
mneg,unemp,other,pooled_cl,no_bailout,n_eff,share,248,248,0.26657413644720873,0.10106062689434252,0.6321682094854909,0,0.9233870967741935,0
mneg,unemp,other,pooled_cl,no_bailout,none,count,240,240,0.2627920482901055,0.10266255135824624,0.5515037405203597,0,0.925,0
mneg,unemp,other,pooled_cl,no_bailout,none,rate,244,244,0.2627920482901055,0.10266255135824624,0.5515037405203597,0,0.9262295081967213,0
mneg,unemp,other,pooled_cl,no_bailout,none,share,248,248,0.2108508153470558,0.07562926942919757,0.4930275367781689,0,0.8064516129032258,0
mneg,unemp,other,pooled_cl,no_bailout,pop,count,240,240,0.20529014509797466,0.01491013586300886,0.7545822407605349,0,0.6416666666666667,0
mneg,unemp,other,pooled_cl,no_bailout,pop,rate,244,244,0.20529014509797466,0.01491013586300886,0.7545822407605349,0,0.6475409836065574,0
mneg,unemp,other,pooled_cl,no_bailout,pop,share,248,248,0.25482182168919765,0.05502258069966306,0.6915982626861972,0,0.8467741935483871,0
mneg,unemp,other,pooled_cl,y2004_2008,n_cell,count,240,192,0.047988747772114385,-0.01637661323621568,0.1358017152192688,0.0625,0,0
mneg,unemp,other,pooled_cl,y2004_2008,n_cell,rate,244,196,0.04714868255860921,-0.01637661323621568,0.1358017152192688,0.061224489795918366,0,0
mneg,unemp,other,pooled_cl,y2004_2008,n_cell,share,248,200,0.06347541437349945,8.152947784440941e-4,0.1446733406231942,0,0,0
mneg,unemp,other,pooled_cl,y2004_2008,n_eff,count,240,192,0.05494571118441552,-0.01596842389054287,0.14700871786500844,0.041666666666666664,0,0
mneg,unemp,other,pooled_cl,y2004_2008,n_eff,rate,244,196,0.05494571118441552,-0.01596842389054287,0.14700871786500844,0.04081632653061224,0,0
mneg,unemp,other,pooled_cl,y2004_2008,n_eff,share,248,200,0.06739316326352629,8.152947784440941e-4,0.15044660995253573,0,0,0
mneg,unemp,other,pooled_cl,y2004_2008,none,count,240,192,0.11438132493956343,0.0306102276617203,0.20799749228751077,0,0.10416666666666667,0
mneg,unemp,other,pooled_cl,y2004_2008,none,rate,244,196,0.11376956343986055,0.0306102276617203,0.20799749228751077,0,0.10204081632653061,0
mneg,unemp,other,pooled_cl,y2004_2008,none,share,248,200,0.08420100470602898,0.01078214211574317,0.1651574734859503,0,0,0
mneg,unemp,other,pooled_cl,y2004_2008,pop,count,240,192,-0.016015442094242494,-0.17890170094431956,0.08259946253549225,0.6979166666666666,0.015625,0.015625
mneg,unemp,other,pooled_cl,y2004_2008,pop,rate,244,196,-0.015981386748427404,-0.17890170094431956,0.08259946253549225,0.7040816326530612,0.015306122448979591,0.015306122448979591
mneg,unemp,other,pooled_cl,y2004_2008,pop,share,248,200,0.06984173876058239,-0.03996890162578551,0.2478079872737005,0.04,0.14,0
mneg,unemp,other,pooled_cl,y2009_2013,n_cell,count,240,240,0.34247588520059147,0.1878840755300013,0.6113772928037694,0,1,0
mneg,unemp,other,pooled_cl,y2009_2013,n_cell,rate,244,244,0.34247588520059147,0.1878840755300013,0.6113772928037694,0,1,0
mneg,unemp,other,pooled_cl,y2009_2013,n_cell,share,248,248,0.19632868216977734,0.08083611732292074,0.47729308139992094,0,0.625,0
mneg,unemp,other,pooled_cl,y2009_2013,n_eff,count,240,240,0.3413743493641358,0.1847647110435729,0.6106348002135106,0,1,0
mneg,unemp,other,pooled_cl,y2009_2013,n_eff,rate,244,244,0.3413743493641358,0.1847647110435729,0.6106348002135106,0,1,0
mneg,unemp,other,pooled_cl,y2009_2013,n_eff,share,248,248,0.19219418706132418,0.07701581175937004,0.4762468021987728,0,0.6209677419354839,0
mneg,unemp,other,pooled_cl,y2009_2013,none,count,240,240,0.27114655500658097,0.14723554800535593,0.5235480282730353,0,0.9125,0
mneg,unemp,other,pooled_cl,y2009_2013,none,rate,244,244,0.27114655500658097,0.14723554800535593,0.5235480282730353,0,0.9139344262295082,0
mneg,unemp,other,pooled_cl,y2009_2013,none,share,248,248,0.1148017583801295,0.01521949999611042,0.3521443114083653,0,0.22580645161290322,0
mneg,unemp,other,pooled_cl,y2009_2013,pop,count,240,240,0.3010150298396871,0.17327059875103765,0.6458814225309842,0,1,0
mneg,unemp,other,pooled_cl,y2009_2013,pop,rate,244,244,0.3010150298396871,0.17327059875103765,0.6458814225309842,0,1,0
mneg,unemp,other,pooled_cl,y2009_2013,pop,share,248,248,0.16806686396300868,0.05394619568578282,0.4973221088141576,0,0.4959677419354839,0
mneg,unemp,other,re,all,none,count,240,240,-0.283964700517509,-0.3721337981634284,-0.10006145381457111,1,0.9666666666666667,0.9666666666666667
mneg,unemp,other,re,all,none,rate,244,242,-0.28443865648209066,-0.4163607196839917,-0.10006145381457111,1,0.9669421487603306,0.9669421487603306
mneg,unemp,other,re,all,none,share,248,246,-0.3562714499993099,-0.5085240927571348,-0.20523929842469035,1,1,1
mneg,unemp,other,re,no_GR_ES,none,count,240,240,-0.20877536399185437,-0.3373515175496625,-0.02789829699052365,1,0.8666666666666667,0.8666666666666667
mneg,unemp,other,re,no_GR_ES,none,rate,244,242,-0.20884223114723122,-0.3892115137810479,-0.02789829699052365,1,0.8677685950413223,0.8677685950413223
mneg,unemp,other,re,no_GR_ES,none,share,248,246,-0.28628959611608706,-0.46829551971913136,-0.1411416763621043,1,0.959349593495935,0.959349593495935
mneg,unemp,other,re,no_bailout,none,count,240,240,-0.18456542530265735,-0.3014678924985554,0.1098799183406356,0.8416666666666667,0.7166666666666667,0.7166666666666667
mneg,unemp,other,re,no_bailout,none,rate,244,242,-0.18738408451993493,-0.31407451880777676,0.1098799183406356,0.8442622950819673,0.71900826446281,0.71900826446281
mneg,unemp,other,re,no_bailout,none,share,248,246,-0.22087683841965686,-0.36259120239013554,-0.00604342744210084,1,0.8048780487804879,0.8048780487804879
mneg,unemp,other,re,y2004_2008,none,count,240,192,-0.39513900404457525,-0.4944671301303999,-0.2989645024522854,1,1,1
mneg,unemp,other,re,y2004_2008,none,rate,244,194,-0.3952375864898161,-0.5666454712812511,-0.2989645024522854,1,1,1
mneg,unemp,other,re,y2004_2008,none,share,248,198,-0.2910799294959977,-0.4492834988612259,-0.20056271743122145,1,1,1
mneg,unemp,other,re,y2009_2013,none,count,240,240,-0.31785405957521923,-0.4578494916227928,-0.15205494751579876,1,0.9875,0.9875
mneg,unemp,other,re,y2009_2013,none,rate,244,242,-0.3181289166835959,-0.4578494916227928,-0.15205494751579876,1,0.987603305785124,0.987603305785124
mneg,unemp,other,re,y2009_2013,none,share,248,246,-0.36236373160267166,-0.5103850806173029,-0.19889505502038857,1,1,1
mpos,growth,none,fe_country,all,n_cell,count,48,48,-0.31127596336842306,-0.39472517903952115,-0.22904351761418085,1,1,1
mpos,growth,none,fe_country,all,n_cell,rate,50,50,-0.31899687691544054,-0.41633235867599666,-0.22904351761418085,1,1,1
mpos,growth,none,fe_country,all,n_cell,share,50,50,-0.17897676884466573,-0.2573593421769863,-0.10965476338485386,1,0.5,0.5
mpos,growth,none,fe_country,all,n_eff,count,48,48,-0.3087187808305857,-0.398694312026139,-0.22904351761418085,1,1,1
mpos,growth,none,fe_country,all,n_eff,rate,50,50,-0.3166256965007065,-0.42069324733433333,-0.22904351761418085,1,1,1
mpos,growth,none,fe_country,all,n_eff,share,50,50,-0.17919293914129097,-0.26171364567806693,-0.10965476338485386,1,0.52,0.52
mpos,growth,none,fe_country,all,none,count,48,48,-0.31143252596294113,-0.39761103372001616,-0.2287571528357069,1,1,1
mpos,growth,none,fe_country,all,none,rate,50,50,-0.3194273012452957,-0.41910128508005823,-0.2287571528357069,1,1,1
mpos,growth,none,fe_country,all,none,share,50,50,-0.17027671164990116,-0.24416001925848288,-0.10685763229228172,1,0.5,0.5
mpos,growth,none,fe_country,all,pop,count,48,48,-0.32243419510661564,-0.4184324895012318,-0.23144117746323484,1,1,1
mpos,growth,none,fe_country,all,pop,rate,50,50,-0.32243419510661564,-0.4184324895012318,-0.23144117746323484,1,1,1
mpos,growth,none,fe_country,all,pop,share,50,50,-0.19102553609052092,-0.2855252041490175,-0.13248340118312296,1,1,1
mpos,growth,none,fe_country,no_GR_ES,n_cell,count,48,48,-0.2784659722226774,-0.3502000653449607,-0.21371815421193455,1,1,1
mpos,growth,none,fe_country,no_GR_ES,n_cell,rate,50,50,-0.28319134653071576,-0.3696674793270154,-0.21371815421193455,1,1,1
mpos,growth,none,fe_country,no_GR_ES,n_cell,share,50,50,-0.12501777842199893,-0.18506049917390907,-0.0807833396341227,1,0.5,0.5
mpos,growth,none,fe_country,no_GR_ES,n_eff,count,48,48,-0.2757516971694181,-0.35278172394822266,-0.21371815421193455,1,1,1
mpos,growth,none,fe_country,no_GR_ES,n_eff,rate,50,50,-0.2804851809683012,-0.37252564245273284,-0.21371815421193455,1,1,1
mpos,growth,none,fe_country,no_GR_ES,n_eff,share,50,50,-0.1251151570998472,-0.1878340885145311,-0.0807833396341227,1,0.5,0.5
mpos,growth,none,fe_country,no_GR_ES,none,count,48,48,-0.28943934196799037,-0.3688875289642626,-0.21502419986228277,1,1,1
mpos,growth,none,fe_country,no_GR_ES,none,rate,50,50,-0.2952609065107997,-0.39169784406912506,-0.21502419986228277,1,1,1
mpos,growth,none,fe_country,no_GR_ES,none,share,50,50,-0.13490288821974164,-0.2012368635058637,-0.08546188546057062,1,0.5,0.5
mpos,growth,none,fe_country,no_GR_ES,pop,count,48,48,-0.2853955943510468,-0.37372233650637826,-0.19270641772339375,1,1,1
mpos,growth,none,fe_country,no_GR_ES,pop,rate,50,50,-0.2853955943510468,-0.37372233650637826,-0.19270641772339375,1,1,1
mpos,growth,none,fe_country,no_GR_ES,pop,share,50,50,-0.15284950812758286,-0.2271300239435505,-0.09142897515295016,1,0.5,0.5
mpos,growth,none,fe_country,no_bailout,n_cell,count,48,48,-0.22054940721801325,-0.2699253536570925,-0.17588575566926298,1,1,1
mpos,growth,none,fe_country,no_bailout,n_cell,rate,50,50,-0.22054940721801325,-0.2781835992601721,-0.17588575566926298,1,1,1
mpos,growth,none,fe_country,no_bailout,n_cell,share,50,50,-0.024526117075318897,-0.04445580210706696,-0.01281307878060826,1,0,0
mpos,growth,none,fe_country,no_bailout,n_eff,count,48,48,-0.21864167766224596,-0.2702479761450944,-0.17588575566926298,1,1,1
mpos,growth,none,fe_country,no_bailout,n_eff,rate,50,50,-0.21864167766224596,-0.27789762914736277,-0.17588575566926298,1,1,1
mpos,growth,none,fe_country,no_bailout,n_eff,share,50,50,-0.02310501531482309,-0.04333120788458577,-0.01191985569061299,1,0,0
mpos,growth,none,fe_country,no_bailout,none,count,48,48,-0.24034596798715757,-0.2839410503580041,-0.2045788243830239,1,1,1
mpos,growth,none,fe_country,no_bailout,none,rate,50,50,-0.24205758120652343,-0.2911920004759828,-0.2045788243830239,1,1,1
mpos,growth,none,fe_country,no_bailout,none,share,50,50,-0.02378781198211278,-0.04036991960170336,-0.01345767830990711,1,0,0
mpos,growth,none,fe_country,no_bailout,pop,count,48,48,-0.22973292527409922,-0.2952483772895359,-0.16085299547829637,1,1,1
mpos,growth,none,fe_country,no_bailout,pop,rate,50,50,-0.22973292527409922,-0.2952483772895359,-0.16048213079831433,1,1,1
mpos,growth,none,fe_country,no_bailout,pop,share,50,50,-0.09240134027971347,-0.14321942455352268,-0.05210215397664397,1,0,0
mpos,growth,none,fe_country,y2004_2008,n_cell,count,48,48,-0.2608186153359011,-0.28541075876667854,-0.2289267473950204,1,1,1
mpos,growth,none,fe_country,y2004_2008,n_cell,rate,50,50,-0.2608186153359011,-0.3168240866308558,-0.2289267473950204,1,1,1
mpos,growth,none,fe_country,y2004_2008,n_cell,share,50,50,0.02352688273976839,5.574161118902263e-4,0.0800274190497964,0,0,0
mpos,growth,none,fe_country,y2004_2008,n_eff,count,48,48,-0.2613978066735403,-0.2886719620008178,-0.2289267473950204,1,1,1
mpos,growth,none,fe_country,y2004_2008,n_eff,rate,50,50,-0.2613978066735403,-0.31950083755563463,-0.2289267473950204,1,1,1
mpos,growth,none,fe_country,y2004_2008,n_eff,share,50,50,0.025790915933425848,5.574161118902263e-4,0.08359347804448562,0,0,0
mpos,growth,none,fe_country,y2004_2008,none,count,48,48,-0.23789346079020146,-0.2511955893943271,-0.2229358731223419,1,1,1
mpos,growth,none,fe_country,y2004_2008,none,rate,50,50,-0.2381910037472304,-0.2832470973509296,-0.2229358731223419,1,1,1
mpos,growth,none,fe_country,y2004_2008,none,share,50,50,-0.02188670488646593,-0.06799120157956262,0.00734919980194153,0.92,0,0
mpos,growth,none,fe_country,y2004_2008,pop,count,48,48,-0.42356165491096376,-0.4580476400893737,-0.3640162035892243,1,1,1
mpos,growth,none,fe_country,y2004_2008,pop,rate,50,50,-0.426372291224684,-0.4580476400893737,-0.3640162035892243,1,1,1
mpos,growth,none,fe_country,y2004_2008,pop,share,50,50,-0.2760260665615205,-0.41345800526766296,-0.19101176116330845,1,0.98,0.98
mpos,growth,none,fe_country,y2009_2013,n_cell,count,48,48,0.20951018599079171,0.15402628893820347,0.27771207222602473,0,0.5625,0
mpos,growth,none,fe_country,y2009_2013,n_cell,rate,50,50,0.2167639362532367,0.15402628893820347,0.27771207222602473,0,0.58,0
mpos,growth,none,fe_country,y2009_2013,n_cell,share,50,50,0.11106034304753509,0.05065139353425135,0.19712329687770624,0,0.02,0
mpos,growth,none,fe_country,y2009_2013,n_eff,count,48,48,0.20255251990544632,0.1487142520776648,0.27771207222602473,0,0.5625,0
mpos,growth,none,fe_country,y2009_2013,n_eff,rate,50,50,0.20736502792912126,0.1487142520776648,0.27771207222602473,0,0.58,0
mpos,growth,none,fe_country,y2009_2013,n_eff,share,50,50,0.10728987846135758,0.03864612820599965,0.19712329687770624,0,0.02,0
mpos,growth,none,fe_country,y2009_2013,none,count,48,48,0.22930523570067535,0.1923665030991785,0.2736490014444979,0,1,0
mpos,growth,none,fe_country,y2009_2013,none,rate,50,50,0.22952393650265937,0.1923665030991785,0.2736490014444979,0,1,0
mpos,growth,none,fe_country,y2009_2013,none,share,50,50,0.16125096000458938,0.10444372000603928,0.22860608437954763,0,0.18,0
mpos,growth,none,fe_country,y2009_2013,pop,count,48,48,0.37231595572182563,0.31517287873365213,0.4924241325378562,0,1,0
mpos,growth,none,fe_country,y2009_2013,pop,rate,50,50,0.3732387717737933,0.31517287873365213,0.4924241325378562,0,1,0
mpos,growth,none,fe_country,y2009_2013,pop,share,50,50,0.3005308777176969,0.23136483097760685,0.3821798390883407,0,1,0
mpos,growth,none,fe_twoway,all,n_cell,count,48,48,-0.11449108705698763,-0.16557220665142153,-0.07710310301849678,1,0.4583333333333333,0.4583333333333333
mpos,growth,none,fe_twoway,all,n_cell,rate,50,50,-0.11449108705698763,-0.16557220665142153,-0.07710310301849678,1,0.46,0.46
mpos,growth,none,fe_twoway,all,n_cell,share,50,50,-0.16045488076519454,-0.25038362557246513,-0.09303178675812536,1,0.64,0.64
mpos,growth,none,fe_twoway,all,n_eff,count,48,48,-0.1158815738783198,-0.17092429168866033,-0.07710310301849678,1,0.4583333333333333,0.4583333333333333
mpos,growth,none,fe_twoway,all,n_eff,rate,50,50,-0.1158815738783198,-0.17092429168866033,-0.07710310301849678,1,0.46,0.46
mpos,growth,none,fe_twoway,all,n_eff,share,50,50,-0.1619993311901103,-0.2543174839507978,-0.09303178675812536,1,0.64,0.64
mpos,growth,none,fe_twoway,all,none,count,48,48,-0.12912540420884006,-0.18638292129025305,-0.08589671855225063,1,0.5,0.5
mpos,growth,none,fe_twoway,all,none,rate,50,50,-0.12912540420884006,-0.18638292129025305,-0.08589671855225063,1,0.5,0.5
mpos,growth,none,fe_twoway,all,none,share,50,50,-0.16285607794514334,-0.24997172038982027,-0.0969922293504126,1,0.64,0.64
mpos,growth,none,fe_twoway,all,pop,count,48,48,-0.19248090227446082,-0.29102279540921966,-0.10611528316962124,1,0.7916666666666666,0.7916666666666666
mpos,growth,none,fe_twoway,all,pop,rate,50,50,-0.19248090227446082,-0.29102279540921966,-0.10611528316962124,1,0.8,0.8
mpos,growth,none,fe_twoway,all,pop,share,50,50,-0.2375324616727739,-0.3283518599849391,-0.15194029312888024,1,1,1
mpos,growth,none,fe_twoway,no_GR_ES,n_cell,count,48,48,-0.0671220453282232,-0.1152666382784605,-0.04111846491063264,1,0,0
mpos,growth,none,fe_twoway,no_GR_ES,n_cell,rate,50,50,-0.0671220453282232,-0.1152666382784605,-0.04111846491063264,1,0,0
mpos,growth,none,fe_twoway,no_GR_ES,n_cell,share,50,50,-0.09358750168784977,-0.1735201456171412,-0.04426553845214465,1,0.2,0.2
mpos,growth,none,fe_twoway,no_GR_ES,n_eff,count,48,48,-0.0678137796324364,-0.11982039275962476,-0.04111846491063264,1,0,0
mpos,growth,none,fe_twoway,no_GR_ES,n_eff,rate,50,50,-0.0678137796324364,-0.11982039275962476,-0.04111846491063264,1,0,0
mpos,growth,none,fe_twoway,no_GR_ES,n_eff,share,50,50,-0.09490606254080547,-0.17666642079031053,-0.04426553845214465,1,0.2,0.2
mpos,growth,none,fe_twoway,no_GR_ES,none,count,48,48,-0.09643206736981286,-0.15351076378129452,-0.06046195783583014,1,0.20833333333333334,0.20833333333333334
mpos,growth,none,fe_twoway,no_GR_ES,none,rate,50,50,-0.09643206736981286,-0.15351076378129452,-0.06046195783583014,1,0.22,0.22
mpos,growth,none,fe_twoway,no_GR_ES,none,share,50,50,-0.10646123843934477,-0.19488441398051823,-0.05554339479257557,1,0.32,0.32
mpos,growth,none,fe_twoway,no_GR_ES,pop,count,48,48,-0.17170010556258758,-0.2698642839253305,-0.08814870760094706,1,0.5,0.5
mpos,growth,none,fe_twoway,no_GR_ES,pop,rate,50,50,-0.17170010556258758,-0.2698642839253305,-0.08814870760094706,1,0.5,0.5
mpos,growth,none,fe_twoway,no_GR_ES,pop,share,50,50,-0.16307532087824916,-0.2594493190585557,-0.10497723569738622,1,0.9,0.9
mpos,growth,none,fe_twoway,no_bailout,n_cell,count,48,48,0.0417826470602238,0.01845545357297645,0.07867576953297038,0,0,0
mpos,growth,none,fe_twoway,no_bailout,n_cell,rate,50,50,0.04332823092847016,0.01845545357297645,0.07867576953297038,0,0,0
mpos,growth,none,fe_twoway,no_bailout,n_cell,share,50,50,0.017334315696467654,-0.02075649138877902,0.06865774118341919,0.2,0,0
mpos,growth,none,fe_twoway,no_bailout,n_eff,count,48,48,0.045613870178862204,0.02099792045301896,0.07867576953297038,0,0,0
mpos,growth,none,fe_twoway,no_bailout,n_eff,rate,50,50,0.04578815797459545,0.02099792045301896,0.08245057703804302,0,0,0
mpos,growth,none,fe_twoway,no_bailout,n_eff,share,50,50,0.019128559437273696,-0.01584620975073687,0.06865774118341919,0.2,0,0
mpos,growth,none,fe_twoway,no_bailout,none,count,48,48,0.024186168101921618,0.00133362042180228,0.05795642273779395,0,0,0
mpos,growth,none,fe_twoway,no_bailout,none,rate,50,50,0.02465913597467773,0.00133362042180228,0.05795642273779395,0,0,0
mpos,growth,none,fe_twoway,no_bailout,none,share,50,50,0.010961831527293294,-0.03192100918524741,0.06362133965549295,0.28,0,0
mpos,growth,none,fe_twoway,no_bailout,pop,count,48,48,-0.027671381699899644,-0.07546058563902816,0.03049500244074624,0.75,0,0
mpos,growth,none,fe_twoway,no_bailout,pop,rate,50,50,-0.027931688319528677,-0.07546058563902816,0.03049500244074624,0.76,0,0
mpos,growth,none,fe_twoway,no_bailout,pop,share,50,50,-0.06017988556527484,-0.12958033811844238,-0.00496135214024004,1,0,0
mpos,growth,none,fe_twoway,y2004_2008,n_cell,count,48,48,0.12859448134738713,0.0932504471274418,0.1586837258045292,0,0,0
mpos,growth,none,fe_twoway,y2004_2008,n_cell,rate,50,50,0.12859448134738713,0.0932504471274418,0.1586837258045292,0,0,0
mpos,growth,none,fe_twoway,y2004_2008,n_cell,share,50,50,0.029766766529968316,0.00733364560075503,0.0929087859886236,0,0,0
mpos,growth,none,fe_twoway,y2004_2008,n_eff,count,48,48,0.12831257909096394,0.0932504471274418,0.15613655030914922,0,0,0
mpos,growth,none,fe_twoway,y2004_2008,n_eff,rate,50,50,0.12831257909096394,0.0932504471274418,0.15613655030914922,0,0,0
mpos,growth,none,fe_twoway,y2004_2008,n_eff,share,50,50,0.030838452955279,0.00733364560075503,0.09823864818731268,0,0,0
mpos,growth,none,fe_twoway,y2004_2008,none,count,48,48,0.07611826724265906,0.05513439247346222,0.10230992032026914,0,0,0
mpos,growth,none,fe_twoway,y2004_2008,none,rate,50,50,0.07611826724265906,0.05513439247346222,0.10230992032026914,0,0,0
mpos,growth,none,fe_twoway,y2004_2008,none,share,50,50,-0.0035621174122386547,-0.03341716673001867,0.03444982106618419,0.6,0,0
mpos,growth,none,fe_twoway,y2004_2008,pop,count,48,48,-0.1007764689483166,-0.11974333651805208,-0.066998342187927,1,0,0
mpos,growth,none,fe_twoway,y2004_2008,pop,rate,50,50,-0.10096014370737995,-0.1581730034638758,-0.066998342187927,1,0,0
mpos,growth,none,fe_twoway,y2004_2008,pop,share,50,50,-0.21097486899154033,-0.2674312927720079,-0.1762095732565999,1,0.8,0.8
mpos,growth,none,fe_twoway,y2009_2013,n_cell,count,48,48,-0.2801162190541246,-0.31160226651006706,-0.2438473889550038,1,1,1
mpos,growth,none,fe_twoway,y2009_2013,n_cell,rate,50,50,-0.2801162190541246,-0.31160226651006706,-0.23326080275626745,1,1,1
mpos,growth,none,fe_twoway,y2009_2013,n_cell,share,50,50,-0.33147679487122284,-0.4009891712421535,-0.27738147529830276,1,1,1
mpos,growth,none,fe_twoway,y2009_2013,n_eff,count,48,48,-0.28171069190760656,-0.3211377878668501,-0.2438473889550038,1,1,1
mpos,growth,none,fe_twoway,y2009_2013,n_eff,rate,50,50,-0.28171069190760656,-0.3211377878668501,-0.23662883211646002,1,1,1
mpos,growth,none,fe_twoway,y2009_2013,n_eff,share,50,50,-0.3392775773809841,-0.4172251794569348,-0.27738147529830276,1,1,1
mpos,growth,none,fe_twoway,y2009_2013,none,count,48,48,-0.30573901622470917,-0.3854241582787624,-0.23026174714504352,1,1,1
mpos,growth,none,fe_twoway,y2009_2013,none,rate,50,50,-0.30573901622470917,-0.3928399110844859,-0.23026174714504352,1,1,1
mpos,growth,none,fe_twoway,y2009_2013,none,share,50,50,-0.3339752316540038,-0.4182410223411659,-0.2748729922408609,1,1,1
mpos,growth,none,fe_twoway,y2009_2013,pop,count,48,48,-0.21930651137431362,-0.3149171586246516,-0.10737116470365736,1,0.5416666666666666,0.5416666666666666
mpos,growth,none,fe_twoway,y2009_2013,pop,rate,50,50,-0.21930651137431362,-0.3149171586246516,-0.10737116470365736,1,0.54,0.54
mpos,growth,none,fe_twoway,y2009_2013,pop,share,50,50,-0.18590183837666813,-0.30346138466793926,-0.11894373561614696,1,0.5,0.5
mpos,growth,none,pooled_cl,all,n_cell,count,48,48,-0.23802352214182465,-0.30087930696090337,-0.1776129259245276,1,1,1
mpos,growth,none,pooled_cl,all,n_cell,rate,50,50,-0.23802352214182465,-0.30087930696090337,-0.1776129259245276,1,1,1
mpos,growth,none,pooled_cl,all,n_cell,share,50,50,-0.19661620404652902,-0.2802288775745614,-0.1664938647662405,1,1,1
mpos,growth,none,pooled_cl,all,n_eff,count,48,48,-0.23734484719880883,-0.30718259682446336,-0.1776129259245276,1,1,1
mpos,growth,none,pooled_cl,all,n_eff,rate,50,50,-0.23734484719880883,-0.30718259682446336,-0.1776129259245276,1,1,1
mpos,growth,none,pooled_cl,all,n_eff,share,50,50,-0.19578615857046983,-0.28629432497740126,-0.1664938647662405,1,1,1
mpos,growth,none,pooled_cl,all,none,count,48,48,-0.245401150239539,-0.3165780052870439,-0.18510839042948465,1,1,1
mpos,growth,none,pooled_cl,all,none,rate,50,50,-0.245401150239539,-0.3165780052870439,-0.18510839042948465,1,1,1
mpos,growth,none,pooled_cl,all,none,share,50,50,-0.20440078081983604,-0.2765422083970314,-0.16637647001394745,1,1,1
mpos,growth,none,pooled_cl,all,pop,count,48,48,-0.2731704691460015,-0.40917492285450335,-0.20412318013998443,1,1,1
mpos,growth,none,pooled_cl,all,pop,rate,50,50,-0.2731704691460015,-0.40917492285450335,-0.20412318013998443,1,1,1
mpos,growth,none,pooled_cl,all,pop,share,50,50,-0.17556278873155515,-0.29383274909533025,-0.10318491308683314,1,0.9,0.9
mpos,growth,none,pooled_cl,no_GR_ES,n_cell,count,48,48,-0.21375887069145166,-0.2775635722171406,-0.15249153093566237,1,1,1
mpos,growth,none,pooled_cl,no_GR_ES,n_cell,rate,50,50,-0.21375887069145166,-0.2775635722171406,-0.15249153093566237,1,1,1
mpos,growth,none,pooled_cl,no_GR_ES,n_cell,share,50,50,-0.18392370937919172,-0.2450453524631692,-0.15063367290572977,1,1,1
mpos,growth,none,pooled_cl,no_GR_ES,n_eff,count,48,48,-0.2132308704555954,-0.2835880459484858,-0.15249153093566237,1,1,1
mpos,growth,none,pooled_cl,no_GR_ES,n_eff,rate,50,50,-0.2132308704555954,-0.2835880459484858,-0.15249153093566237,1,1,1
mpos,growth,none,pooled_cl,no_GR_ES,n_eff,share,50,50,-0.1826642181244631,-0.24907338145111024,-0.15063367290572977,1,1,1
mpos,growth,none,pooled_cl,no_GR_ES,none,count,48,48,-0.22821512247178416,-0.2982152345110461,-0.16874137552787388,1,1,1
mpos,growth,none,pooled_cl,no_GR_ES,none,rate,50,50,-0.22821512247178416,-0.2982152345110461,-0.16874137552787388,1,1,1
mpos,growth,none,pooled_cl,no_GR_ES,none,share,50,50,-0.19450571619058915,-0.2518614802210115,-0.1516106217778536,1,1,1
mpos,growth,none,pooled_cl,no_GR_ES,pop,count,48,48,-0.25153834613411574,-0.3830958428962476,-0.16034997178042212,1,1,1
mpos,growth,none,pooled_cl,no_GR_ES,pop,rate,50,50,-0.25153834613411574,-0.3830958428962476,-0.16034997178042212,1,1,1
mpos,growth,none,pooled_cl,no_GR_ES,pop,share,50,50,-0.17542091030282572,-0.28754219592722857,-0.09468515456714444,1,0.66,0.66
mpos,growth,none,pooled_cl,no_bailout,n_cell,count,48,48,-0.15452787005809993,-0.1954499815186275,-0.10851681072931334,1,0.6666666666666666,0.6666666666666666
mpos,growth,none,pooled_cl,no_bailout,n_cell,rate,50,50,-0.15452787005809993,-0.1954499815186275,-0.10851681072931334,1,0.66,0.66
mpos,growth,none,pooled_cl,no_bailout,n_cell,share,50,50,-0.14792388477984234,-0.1833107776081256,-0.11798294103783973,1,0.5,0.5
mpos,growth,none,pooled_cl,no_bailout,n_eff,count,48,48,-0.15364828511846723,-0.198441030183258,-0.10851681072931334,1,0.6666666666666666,0.6666666666666666
mpos,growth,none,pooled_cl,no_bailout,n_eff,rate,50,50,-0.15364828511846723,-0.198441030183258,-0.10851681072931334,1,0.66,0.66
mpos,growth,none,pooled_cl,no_bailout,n_eff,share,50,50,-0.1464865892948014,-0.18314947860922615,-0.11678989618816513,1,0.5,0.5
mpos,growth,none,pooled_cl,no_bailout,none,count,48,48,-0.186372766223095,-0.22475168798335643,-0.1453503417423201,1,0.9583333333333334,0.9583333333333334
mpos,growth,none,pooled_cl,no_bailout,none,rate,50,50,-0.186372766223095,-0.22475168798335643,-0.1453503417423201,1,0.96,0.96
mpos,growth,none,pooled_cl,no_bailout,none,share,50,50,-0.14542563777114578,-0.17599816158321804,-0.1184193237336736,1,0.5,0.5
mpos,growth,none,pooled_cl,no_bailout,pop,count,48,48,-0.19966542431408454,-0.29265391564740184,-0.1167791393631748,1,0.7916666666666666,0.7916666666666666
mpos,growth,none,pooled_cl,no_bailout,pop,rate,50,50,-0.19966542431408454,-0.29265391564740184,-0.1167791393631748,1,0.8,0.8
mpos,growth,none,pooled_cl,no_bailout,pop,share,50,50,-0.1099627287028167,-0.20597277645055992,-0.0533728842281931,1,0.32,0.32
mpos,growth,none,pooled_cl,y2004_2008,n_cell,count,48,48,-0.14872159700574844,-0.22000515599799297,-0.1022043803299576,1,0.3541666666666667,0.3541666666666667
mpos,growth,none,pooled_cl,y2004_2008,n_cell,rate,50,50,-0.14872159700574844,-0.22000515599799297,-0.1022043803299576,1,0.36,0.36
mpos,growth,none,pooled_cl,y2004_2008,n_cell,share,50,50,-0.2295732258933379,-0.3526196453732031,-0.1517807638619369,1,0.66,0.66
mpos,growth,none,pooled_cl,y2004_2008,n_eff,count,48,48,-0.14877862030753647,-0.22382442625444163,-0.1022043803299576,1,0.3541666666666667,0.3541666666666667
mpos,growth,none,pooled_cl,y2004_2008,n_eff,rate,50,50,-0.14877862030753647,-0.22382442625444163,-0.1022043803299576,1,0.36,0.36
mpos,growth,none,pooled_cl,y2004_2008,n_eff,share,50,50,-0.2287364197350939,-0.3578082931213745,-0.1517807638619369,1,0.66,0.66
mpos,growth,none,pooled_cl,y2004_2008,none,count,48,48,-0.13666109972688711,-0.21124202995097757,-0.08928711142742651,1,0.2708333333333333,0.2708333333333333
mpos,growth,none,pooled_cl,y2004_2008,none,rate,50,50,-0.13666109972688711,-0.21124202995097757,-0.08928711142742651,1,0.28,0.28
mpos,growth,none,pooled_cl,y2004_2008,none,share,50,50,-0.23191526067682366,-0.36229039638304655,-0.15628496927611182,1,0.74,0.74
mpos,growth,none,pooled_cl,y2004_2008,pop,count,48,48,-0.30277825840631206,-0.454916867364466,-0.18032325381125588,1,1,1
mpos,growth,none,pooled_cl,y2004_2008,pop,rate,50,50,-0.30277825840631206,-0.454916867364466,-0.18032325381125588,1,1,1
mpos,growth,none,pooled_cl,y2004_2008,pop,share,50,50,-0.33347148094138074,-0.5295337255282282,-0.18787191747842952,1,1,1
mpos,growth,none,pooled_cl,y2009_2013,n_cell,count,48,48,-0.024969637604707377,-0.06486805441065777,0.01831857733611162,0.875,0,0
mpos,growth,none,pooled_cl,y2009_2013,n_cell,rate,50,50,-0.02364078520750292,-0.06486805441065777,0.01831857733611162,0.88,0,0
mpos,growth,none,pooled_cl,y2009_2013,n_cell,share,50,50,-0.047268861480912694,-0.11664800397605256,0.02312850174188414,0.88,0,0
mpos,growth,none,pooled_cl,y2009_2013,n_eff,count,48,48,-0.02386846754843693,-0.06320622703540621,0.01831857733611162,0.875,0,0
mpos,growth,none,pooled_cl,y2009_2013,n_eff,rate,50,50,-0.022473132180520394,-0.06320622703540621,0.01831857733611162,0.88,0,0
mpos,growth,none,pooled_cl,y2009_2013,n_eff,share,50,50,-0.05224984684442287,-0.1275076258525855,0.02312850174188414,0.92,0,0
mpos,growth,none,pooled_cl,y2009_2013,none,count,48,48,0.01527515510865387,-0.01700202918855875,0.05386387574692146,0.125,0,0
mpos,growth,none,pooled_cl,y2009_2013,none,rate,50,50,0.015622017378331165,-0.01700202918855875,0.05386387574692146,0.12,0,0
mpos,growth,none,pooled_cl,y2009_2013,none,share,50,50,-0.029561440276067892,-0.08354069829753914,0.02139758201401871,0.84,0,0
mpos,growth,none,pooled_cl,y2009_2013,pop,count,48,48,0.05294682586162925,-0.00606199013964122,0.11729649375435192,0.125,0,0
mpos,growth,none,pooled_cl,y2009_2013,pop,rate,50,50,0.05645965775809121,-0.00606199013964122,0.11729649375435192,0.12,0,0
mpos,growth,none,pooled_cl,y2009_2013,pop,share,50,50,0.11332506444969777,0.05092907535516054,0.18897905931331305,0,0.06,0
mpos,growth,none,re,all,none,count,48,48,-0.3013567838439689,-0.3853143855529934,-0.22170071868535293,1,1,1
mpos,growth,none,re,all,none,rate,50,49,-0.3573179247716735,-0.3853143855529934,-0.22170071868535293,1,1,1
mpos,growth,none,re,all,none,share,50,49,-0.2132508668097057,-0.2427924265348273,-0.10947644316477756,1,0.7142857142857143,0.7142857142857143
mpos,growth,none,re,no_GR_ES,none,count,48,48,-0.28014009475601515,-0.35783851548234097,-0.20821658188068687,1,1,1
mpos,growth,none,re,no_GR_ES,none,rate,50,49,-0.32899314086673875,-0.35783851548234097,-0.20821658188068687,1,1,1
mpos,growth,none,re,no_GR_ES,none,share,50,49,-0.17227695250448022,-0.2016835333626839,-0.0889593178181378,1,0.5102040816326531,0.5102040816326531
mpos,growth,none,re,no_bailout,none,count,48,48,-0.23241458250534347,-0.2742436947086932,-0.19931387394293135,1,1,1
mpos,growth,none,re,no_bailout,none,rate,50,49,-0.24725074231057984,-0.2742436947086932,-0.19931387394293135,1,1,1
mpos,growth,none,re,no_bailout,none,share,50,49,-0.0366004272170201,-0.04965861951642188,-0.01813798001806367,1,0,0
mpos,growth,none,re,y2004_2008,none,count,48,48,-0.22156426610689875,-0.23909116062716032,-0.20673762897372563,1,1,1
mpos,growth,none,re,y2004_2008,none,rate,50,49,-0.22168409669514175,-0.23984745362032447,-0.20673762897372563,1,1,1
mpos,growth,none,re,y2004_2008,none,share,50,49,-0.04808681083006776,-0.09510213433393848,-0.01804752164912478,1,0,0
mpos,growth,none,re,y2009_2013,none,count,48,48,0.19325815398732074,0.15072964069156627,0.24630641602651895,0,0.8333333333333334,0
mpos,growth,none,re,y2009_2013,none,rate,50,49,0.192054499439525,0.15072964069156627,0.24630641602651895,0,0.8367346938775511,0
mpos,growth,none,re,y2009_2013,none,share,50,49,0.12890177243316844,0.07635050072271637,0.1992484498138734,0,0.10204081632653061,0
mpos,growth,other,fe_country,all,n_cell,count,48,48,-0.2524672502755585,-0.3178005949757784,-0.1893248530235336,1,1,1
mpos,growth,other,fe_country,all,n_cell,rate,50,50,-0.25696775389028226,-0.33139791182475437,-0.1893248530235336,1,1,1
mpos,growth,other,fe_country,all,n_cell,share,50,50,-0.06846211131338521,-0.10498234329884164,-0.04409879033285276,1,0,0
mpos,growth,other,fe_country,all,n_eff,count,48,48,-0.2495182413233082,-0.31820440294603214,-0.1893248530235336,1,1,1
mpos,growth,other,fe_country,all,n_eff,rate,50,50,-0.25362120982106706,-0.331726254225481,-0.1893248530235336,1,1,1
mpos,growth,other,fe_country,all,n_eff,share,50,50,-0.0682731170537478,-0.10536680498441987,-0.042727159441356695,1,0,0
mpos,growth,other,fe_country,all,none,count,48,48,-0.2348597224913162,-0.30214114093433525,-0.17332770374504888,1,1,1
mpos,growth,other,fe_country,all,none,rate,50,50,-0.23931747035836026,-0.31420311208120383,-0.17332770374504888,1,1,1
mpos,growth,other,fe_country,all,none,share,50,50,-0.031607759971554114,-0.06028238533403094,-0.016583823072062312,1,0,0
mpos,growth,other,fe_country,all,pop,count,48,48,-0.30494169164695284,-0.3823031232657283,-0.2146001302600831,1,1,1
mpos,growth,other,fe_country,all,pop,rate,50,50,-0.30494169164695284,-0.3823031232657283,-0.2146001302600831,1,1,1
mpos,growth,other,fe_country,all,pop,share,50,50,-0.08812533959227692,-0.14601956790850357,-0.042949158831044464,1,0.14,0.14
mpos,growth,other,fe_country,no_GR_ES,n_cell,count,48,48,-0.24409166039549407,-0.30870241508394025,-0.1836621902014721,1,1,1
mpos,growth,other,fe_country,no_GR_ES,n_cell,rate,50,50,-0.24729194529873305,-0.3247267493329138,-0.1836621902014721,1,1,1
mpos,growth,other,fe_country,no_GR_ES,n_cell,share,50,50,-0.057142882602121844,-0.08606067745010582,-0.03690934740798192,1,0,0
mpos,growth,other,fe_country,no_GR_ES,n_eff,count,48,48,-0.24098609479621735,-0.30891647666751915,-0.1836621902014721,1,1,1
mpos,growth,other,fe_country,no_GR_ES,n_eff,rate,50,50,-0.2437643662390469,-0.32500532369260904,-0.1836621902014721,1,1,1
mpos,growth,other,fe_country,no_GR_ES,n_eff,share,50,50,-0.05697085469038671,-0.08636563607179555,-0.03627073747629169,1,0,0
mpos,growth,other,fe_country,no_GR_ES,none,count,48,48,-0.23495401704541227,-0.3012613475447239,-0.17319388370101896,1,1,1
mpos,growth,other,fe_country,no_GR_ES,none,rate,50,50,-0.23926570775058087,-0.31803478291526005,-0.17319388370101896,1,1,1
mpos,growth,other,fe_country,no_GR_ES,none,share,50,50,-0.03588609050202779,-0.06136257475975738,-0.020464869991726312,1,0,0
mpos,growth,other,fe_country,no_GR_ES,pop,count,48,48,-0.30761741287570016,-0.3927336273931113,-0.21493285974842016,1,1,1
mpos,growth,other,fe_country,no_GR_ES,pop,rate,50,50,-0.30761741287570016,-0.3927336273931113,-0.21493285974842016,1,1,1
mpos,growth,other,fe_country,no_GR_ES,pop,share,50,50,-0.13559893115040017,-0.20235559891658855,-0.08249089254816097,1,0.5,0.5
mpos,growth,other,fe_country,no_bailout,n_cell,count,48,48,-0.21678223139983593,-0.2690161511890252,-0.17164212447061042,1,1,1
mpos,growth,other,fe_country,no_bailout,n_cell,rate,50,50,-0.21728760412101206,-0.27544083310655043,-0.17164212447061042,1,1,1
mpos,growth,other,fe_country,no_bailout,n_cell,share,50,50,-5.335397795070247e-4,-0.01878753803161073,0.00535181124563349,0.6,0,0
mpos,growth,other,fe_country,no_bailout,n_eff,count,48,48,-0.21397565506227934,-0.2675056570319538,-0.17164212447061042,1,1,1
mpos,growth,other,fe_country,no_bailout,n_eff,rate,50,50,-0.2140899355907046,-0.27334831438719254,-0.17164212447061042,1,1,1
mpos,growth,other,fe_country,no_bailout,n_eff,share,50,50,8.461205461166065e-4,-0.0155701447107664,0.0102886565103479,0.4,0,0
mpos,growth,other,fe_country,no_bailout,none,count,48,48,-0.22556290960374298,-0.27203524050022393,-0.18586440507199295,1,1,1
mpos,growth,other,fe_country,no_bailout,none,rate,50,50,-0.22646833709723463,-0.27869957383457344,-0.18586440507199295,1,1,1
mpos,growth,other,fe_country,no_bailout,none,share,50,50,0.012181470772430248,3.371582863962034e-5,0.02920957866164622,0,0,0
mpos,growth,other,fe_country,no_bailout,pop,count,48,48,-0.2482071944677875,-0.3188054437447783,-0.17344599842067226,1,1,1
mpos,growth,other,fe_country,no_bailout,pop,rate,50,50,-0.2482071944677875,-0.3188054437447783,-0.17344599842067226,1,1,1
mpos,growth,other,fe_country,no_bailout,pop,share,50,50,-0.08229638729079433,-0.13831329660502314,-0.04659819346165121,1,0,0
mpos,growth,other,fe_country,y2004_2008,n_cell,count,48,48,-0.24523743715511093,-0.2937624158757418,-0.202362511029377,1,1,1
mpos,growth,other,fe_country,y2004_2008,n_cell,rate,50,50,-0.24523743715511093,-0.3297399337764735,-0.202362511029377,1,1,1
mpos,growth,other,fe_country,y2004_2008,n_cell,share,50,50,0.016999514629579722,-0.01017250046346228,0.07103400590031154,0.12,0,0
mpos,growth,other,fe_country,y2004_2008,n_eff,count,48,48,-0.24555088301930136,-0.2957696810058809,-0.202362511029377,1,1,1
mpos,growth,other,fe_country,y2004_2008,n_eff,rate,50,50,-0.24555088301930136,-0.33074522663015865,-0.202362511029377,1,1,1
mpos,growth,other,fe_country,y2004_2008,n_eff,share,50,50,0.017616220297171286,-0.01017250046346228,0.0736270865360064,0.12,0,0
mpos,growth,other,fe_country,y2004_2008,none,count,48,48,-0.24484119606128973,-0.27883389154894833,-0.20975782644174223,1,1,1
mpos,growth,other,fe_country,y2004_2008,none,rate,50,50,-0.24484119606128973,-0.31660585090947413,-0.20975782644174223,1,1,1
mpos,growth,other,fe_country,y2004_2008,none,share,50,50,-0.006852865534466675,-0.05282769186814473,0.03178336787468375,0.64,0,0
mpos,growth,other,fe_country,y2004_2008,pop,count,48,48,-0.46945296047588414,-0.504567746401433,-0.44758457509369926,1,1,1
mpos,growth,other,fe_country,y2004_2008,pop,rate,50,50,-0.46945296047588414,-0.5425319745055202,-0.44758457509369926,1,1,1
mpos,growth,other,fe_country,y2004_2008,pop,share,50,50,-0.26917348341427816,-0.404129576334626,-0.1814504824053959,1,0.98,0.98
mpos,growth,other,fe_country,y2009_2013,n_cell,count,48,48,0.269660210682006,0.21326416438968748,0.3462239796880462,0,1,0
mpos,growth,other,fe_country,y2009_2013,n_cell,rate,50,50,0.27845777138211836,0.21326416438968748,0.3462239796880462,0,1,0
mpos,growth,other,fe_country,y2009_2013,n_cell,share,50,50,0.1796069510922348,0.11930750356519772,0.2639115239015511,0,0.38,0
mpos,growth,other,fe_country,y2009_2013,n_eff,count,48,48,0.26505705501778015,0.2121750564954569,0.3462239796880462,0,1,0
mpos,growth,other,fe_country,y2009_2013,n_eff,rate,50,50,0.2738087682951668,0.2121750564954569,0.3462239796880462,0,1,0
mpos,growth,other,fe_country,y2009_2013,n_eff,share,50,50,0.17756049622563408,0.11059286576686644,0.2639115239015511,0,0.36,0
mpos,growth,other,fe_country,y2009_2013,none,count,48,48,0.3105968661268246,0.26569511539833507,0.3813343777457231,0,1,0
mpos,growth,other,fe_country,y2009_2013,none,rate,50,50,0.31734564519610897,0.26569511539833507,0.3813343777457231,0,1,0
mpos,growth,other,fe_country,y2009_2013,none,share,50,50,0.23582005007858237,0.18402547717426004,0.30590172795755227,0,0.94,0
mpos,growth,other,fe_country,y2009_2013,pop,count,48,48,0.43932898109620033,0.3102289720557762,0.500007529583034,0,1,0
mpos,growth,other,fe_country,y2009_2013,pop,rate,50,50,0.43932898109620033,0.3102289720557762,0.5424598732671314,0,1,0
mpos,growth,other,fe_country,y2009_2013,pop,share,50,50,0.3503695918086361,0.22824447689142005,0.48053916101165356,0,1,0
mpos,growth,other,fe_twoway,all,n_cell,count,48,48,-0.10373741736650216,-0.13675076173926337,-0.0736275029825094,1,0.14583333333333334,0.14583333333333334
mpos,growth,other,fe_twoway,all,n_cell,rate,50,50,-0.10373741736650216,-0.13675076173926337,-0.07085654314482542,1,0.14,0.14
mpos,growth,other,fe_twoway,all,n_cell,share,50,50,-0.09831917718073355,-0.14394403993142146,-0.06294973152758745,1,0.14,0.14
mpos,growth,other,fe_twoway,all,n_eff,count,48,48,-0.10544668015025387,-0.1434835726899162,-0.0736275029825094,1,0.20833333333333334,0.20833333333333334
mpos,growth,other,fe_twoway,all,n_eff,rate,50,50,-0.10544668015025387,-0.1434835726899162,-0.0731381124257638,1,0.22,0.22
mpos,growth,other,fe_twoway,all,n_eff,share,50,50,-0.1000650147822964,-0.14818115191201067,-0.06294973152758745,1,0.18,0.18
mpos,growth,other,fe_twoway,all,none,count,48,48,-0.11141290526486405,-0.14838860696418826,-0.08010184535077969,1,0.4583333333333333,0.4583333333333333
mpos,growth,other,fe_twoway,all,none,rate,50,50,-0.11141290526486405,-0.14838860696418826,-0.07871218786981624,1,0.46,0.46
mpos,growth,other,fe_twoway,all,none,share,50,50,-0.08349174900206141,-0.12972729443647216,-0.0535016081502114,1,0.02,0.02
mpos,growth,other,fe_twoway,all,pop,count,48,48,-0.1975920069908748,-0.27742281379959605,-0.11762308133003396,1,0.8333333333333334,0.8333333333333334
mpos,growth,other,fe_twoway,all,pop,rate,50,50,-0.1975920069908748,-0.27742281379959605,-0.11762308133003396,1,0.84,0.84
mpos,growth,other,fe_twoway,all,pop,share,50,50,-0.13167025376563646,-0.2088472948666111,-0.09521987902660647,1,0.56,0.56
mpos,growth,other,fe_twoway,no_GR_ES,n_cell,count,48,48,-0.07599737531466291,-0.11580986282079692,-0.0517533149952536,1,0,0
mpos,growth,other,fe_twoway,no_GR_ES,n_cell,rate,50,50,-0.07599737531466291,-0.11580986282079692,-0.0517533149952536,1,0,0
mpos,growth,other,fe_twoway,no_GR_ES,n_cell,share,50,50,-0.06629432813243796,-0.11584583324264758,-0.03442440836435911,1,0,0
mpos,growth,other,fe_twoway,no_GR_ES,n_eff,count,48,48,-0.07720667484847826,-0.12264567792358812,-0.0517533149952536,1,0,0
mpos,growth,other,fe_twoway,no_GR_ES,n_eff,rate,50,50,-0.07720667484847826,-0.12264567792358812,-0.0517533149952536,1,0,0
mpos,growth,other,fe_twoway,no_GR_ES,n_eff,share,50,50,-0.06682814657152182,-0.1199756353975587,-0.03442440836435911,1,0,0
mpos,growth,other,fe_twoway,no_GR_ES,none,count,48,48,-0.09167603477222722,-0.13366136792207492,-0.06344347268519752,1,0.020833333333333332,0.020833333333333332
mpos,growth,other,fe_twoway,no_GR_ES,none,rate,50,50,-0.09167603477222722,-0.13366136792207492,-0.06344347268519752,1,0.02,0.02
mpos,growth,other,fe_twoway,no_GR_ES,none,share,50,50,-0.06218697586133534,-0.10327936259586788,-0.0340074246042795,1,0,0
mpos,growth,other,fe_twoway,no_GR_ES,pop,count,48,48,-0.19554756955310004,-0.28908661541081015,-0.10837024280069169,1,0.625,0.625
mpos,growth,other,fe_twoway,no_GR_ES,pop,rate,50,50,-0.19554756955310004,-0.28908661541081015,-0.10837024280069169,1,0.62,0.62
mpos,growth,other,fe_twoway,no_GR_ES,pop,share,50,50,-0.09365365051761496,-0.18014812294549878,-0.05500798791057496,1,0.04,0.04
mpos,growth,other,fe_twoway,no_bailout,n_cell,count,48,48,0.03145334257743294,0.01435892336661816,0.05572393638211262,0,0,0
mpos,growth,other,fe_twoway,no_bailout,n_cell,rate,50,50,0.031933622999965085,0.01435892336661816,0.060191680716884965,0,0,0
mpos,growth,other,fe_twoway,no_bailout,n_cell,share,50,50,0.0066190274800026604,-0.02791723445940665,0.04362475406560749,0.36,0,0
mpos,growth,other,fe_twoway,no_bailout,n_eff,count,48,48,0.032941813789180645,0.01652241351529495,0.05572393638211262,0,0,0
mpos,growth,other,fe_twoway,no_bailout,n_eff,rate,50,50,0.03308202682465809,0.01652241351529495,0.06595345512637198,0,0,0
mpos,growth,other,fe_twoway,no_bailout,n_eff,share,50,50,0.007794891744517705,-0.0239470517667508,0.04362475406560749,0.32,0,0
mpos,growth,other,fe_twoway,no_bailout,none,count,48,48,0.018971328490709607,8.30853620323465e-5,0.04350582857850188,0,0,0
mpos,growth,other,fe_twoway,no_bailout,none,rate,50,50,0.019387179587650724,8.30853620323465e-5,0.04350582857850188,0,0,0
mpos,growth,other,fe_twoway,no_bailout,none,share,50,50,0.008928793408704585,-0.02434998053062625,0.04301641178546862,0.28,0,0
mpos,growth,other,fe_twoway,no_bailout,pop,count,48,48,-0.05026762592480494,-0.09431819452238024,-0.00232088354632546,1,0,0
mpos,growth,other,fe_twoway,no_bailout,pop,rate,50,50,-0.049597854179784864,-0.09431819452238024,-0.00232088354632546,1,0,0
mpos,growth,other,fe_twoway,no_bailout,pop,share,50,50,0.010015653366372685,-0.04118963168790371,0.06497096267567123,0.36,0,0
mpos,growth,other,fe_twoway,y2004_2008,n_cell,count,48,48,0.11705937707001281,0.0817468446155792,0.1448193728340395,0,0,0
mpos,growth,other,fe_twoway,y2004_2008,n_cell,rate,50,50,0.11705937707001281,0.0817468446155792,0.1448193728340395,0,0,0
mpos,growth,other,fe_twoway,y2004_2008,n_cell,share,50,50,0.09768722608114774,0.04947172897219046,0.16671950183003115,0,0,0
mpos,growth,other,fe_twoway,y2004_2008,n_eff,count,48,48,0.1146629176732102,0.0817468446155792,0.14114103949278556,0,0,0
mpos,growth,other,fe_twoway,y2004_2008,n_eff,rate,50,50,0.1146629176732102,0.0817468446155792,0.14114103949278556,0,0,0
mpos,growth,other,fe_twoway,y2004_2008,n_eff,share,50,50,0.09850154996236768,0.04947172897219046,0.1714578228166016,0,0,0
mpos,growth,other,fe_twoway,y2004_2008,none,count,48,48,0.07881152410148351,0.0563036783910085,0.1039469958964977,0,0,0
mpos,growth,other,fe_twoway,y2004_2008,none,rate,50,50,0.07881152410148351,0.056251605746153996,0.1039469958964977,0,0,0
mpos,growth,other,fe_twoway,y2004_2008,none,share,50,50,0.06638366618534602,0.03319732305416428,0.12092737391240524,0,0,0
mpos,growth,other,fe_twoway,y2004_2008,pop,count,48,48,-0.1488821155373463,-0.16763265861605503,-0.1267615074185348,1,0,0
mpos,growth,other,fe_twoway,y2004_2008,pop,rate,50,50,-0.14933312754112515,-0.20466073756641467,-0.1267615074185348,1,0.02,0.02
mpos,growth,other,fe_twoway,y2004_2008,pop,share,50,50,-0.10260720103276134,-0.1404859846688494,-0.07136385625176832,1,0,0
mpos,growth,other,fe_twoway,y2009_2013,n_cell,count,48,48,-0.21640990819539693,-0.26796231443551594,-0.16913284731431577,1,0.7916666666666666,0.7916666666666666
mpos,growth,other,fe_twoway,y2009_2013,n_cell,rate,50,50,-0.21418702169784298,-0.26796231443551594,-0.16913284731431577,1,0.78,0.78
mpos,growth,other,fe_twoway,y2009_2013,n_cell,share,50,50,-0.27315633044674037,-0.31239027528218477,-0.21416046389547536,1,1,1
mpos,growth,other,fe_twoway,y2009_2013,n_eff,count,48,48,-0.21863566968613532,-0.2756575142884624,-0.16913284731431577,1,0.8333333333333334,0.8333333333333334
mpos,growth,other,fe_twoway,y2009_2013,n_eff,rate,50,50,-0.21559545025488208,-0.2756575142884624,-0.16913284731431577,1,0.82,0.82
mpos,growth,other,fe_twoway,y2009_2013,n_eff,share,50,50,-0.2793022951936246,-0.32434812478849934,-0.21416046389547536,1,1,1
mpos,growth,other,fe_twoway,y2009_2013,none,count,48,48,-0.24543643026223938,-0.2722915378706193,-0.21244714051329527,1,1,1
mpos,growth,other,fe_twoway,y2009_2013,none,rate,50,50,-0.24543643026223938,-0.2722915378706193,-0.21244714051329527,1,1,1
mpos,growth,other,fe_twoway,y2009_2013,none,share,50,50,-0.25652501630253177,-0.293710536269266,-0.1980101609058964,1,1,1
mpos,growth,other,fe_twoway,y2009_2013,pop,count,48,48,-0.10466673078557504,-0.18509469548661636,-0.02333334253816157,1,0,0
mpos,growth,other,fe_twoway,y2009_2013,pop,rate,50,50,-0.10466673078557504,-0.18509469548661636,-0.02333334253816157,1,0,0
mpos,growth,other,fe_twoway,y2009_2013,pop,share,50,50,-0.08910224006089515,-0.14044882060689368,-0.0443450041313724,1,0,0
mpos,growth,other,pooled_cl,all,n_cell,count,48,48,-0.17195100339657465,-0.24141209763169508,-0.1155261957394332,1,0.9583333333333334,0.9583333333333334
mpos,growth,other,pooled_cl,all,n_cell,rate,50,50,-0.17195100339657465,-0.24141209763169508,-0.1155261957394332,1,0.96,0.96
mpos,growth,other,pooled_cl,all,n_cell,share,50,50,-0.21797245382210162,-0.27053780578098874,-0.17152260404857475,1,1,1
mpos,growth,other,pooled_cl,all,n_eff,count,48,48,-0.17060708764776472,-0.24229369266488104,-0.1155261957394332,1,0.9166666666666666,0.9166666666666666
mpos,growth,other,pooled_cl,all,n_eff,rate,50,50,-0.17060708764776472,-0.24229369266488104,-0.1155261957394332,1,0.92,0.92
mpos,growth,other,pooled_cl,all,n_eff,share,50,50,-0.21714243725897664,-0.27383351073856566,-0.17152260404857475,1,1,1
mpos,growth,other,pooled_cl,all,none,count,48,48,-0.16701773944632198,-0.2410853426405979,-0.111090070624616,1,0.9166666666666666,0.9166666666666666
mpos,growth,other,pooled_cl,all,none,rate,50,50,-0.16701773944632198,-0.2410853426405979,-0.111090070624616,1,0.92,0.92
mpos,growth,other,pooled_cl,all,none,share,50,50,-0.21281152465140007,-0.26327586845086903,-0.15575325749339977,1,1,1
mpos,growth,other,pooled_cl,all,pop,count,48,48,-0.2539309994824248,-0.3655668413485356,-0.16695228711276858,1,1,1
mpos,growth,other,pooled_cl,all,pop,rate,50,50,-0.2539309994824248,-0.3655668413485356,-0.16695228711276858,1,1,1
mpos,growth,other,pooled_cl,all,pop,share,50,50,-0.19608329420924892,-0.27959768056020506,-0.12530431949380336,1,1,1
mpos,growth,other,pooled_cl,no_GR_ES,n_cell,count,48,48,-0.19226413534693296,-0.2624057609477557,-0.12769704709507915,1,1,1
mpos,growth,other,pooled_cl,no_GR_ES,n_cell,rate,50,50,-0.19226413534693296,-0.2624057609477557,-0.12769704709507915,1,1,1
mpos,growth,other,pooled_cl,no_GR_ES,n_cell,share,50,50,-0.19904774600988184,-0.25147288196268414,-0.15746199180129616,1,1,1
mpos,growth,other,pooled_cl,no_GR_ES,n_eff,count,48,48,-0.19096519940144785,-0.26534062182554785,-0.12769704709507915,1,1,1
mpos,growth,other,pooled_cl,no_GR_ES,n_eff,rate,50,50,-0.19096519940144785,-0.26534062182554785,-0.12769704709507915,1,1,1
mpos,growth,other,pooled_cl,no_GR_ES,n_eff,share,50,50,-0.1980572171448241,-0.25557147935715413,-0.15746199180129616,1,1,1
mpos,growth,other,pooled_cl,no_GR_ES,none,count,48,48,-0.18320404898504783,-0.26077083896121533,-0.1197290351891203,1,0.9583333333333334,0.9583333333333334
mpos,growth,other,pooled_cl,no_GR_ES,none,rate,50,50,-0.18320404898504783,-0.26077083896121533,-0.1197290351891203,1,0.96,0.96
mpos,growth,other,pooled_cl,no_GR_ES,none,share,50,50,-0.2094361162261274,-0.2573588879228577,-0.15634013811676045,1,1,1
mpos,growth,other,pooled_cl,no_GR_ES,pop,count,48,48,-0.2515979413021089,-0.38632722280197074,-0.16961661200619838,1,1,1
mpos,growth,other,pooled_cl,no_GR_ES,pop,rate,50,50,-0.2515979413021089,-0.38632722280197074,-0.16961661200619838,1,1,1
mpos,growth,other,pooled_cl,no_GR_ES,pop,share,50,50,-0.1817978794733598,-0.2881390800885467,-0.10776053057964276,1,0.76,0.76
mpos,growth,other,pooled_cl,no_bailout,n_cell,count,48,48,-0.16321876868574395,-0.20677673264286353,-0.1139821997382034,1,0.7083333333333334,0.7083333333333334
mpos,growth,other,pooled_cl,no_bailout,n_cell,rate,50,50,-0.16321876868574395,-0.20677673264286353,-0.1139821997382034,1,0.7,0.7
mpos,growth,other,pooled_cl,no_bailout,n_cell,share,50,50,-0.14040583621087022,-0.16956329973935963,-0.1114086548341121,1,0.5,0.5
mpos,growth,other,pooled_cl,no_bailout,n_eff,count,48,48,-0.16265099132571625,-0.21014803443359736,-0.1139821997382034,1,0.7083333333333334,0.7083333333333334
mpos,growth,other,pooled_cl,no_bailout,n_eff,rate,50,50,-0.16265099132571625,-0.21014803443359736,-0.1139821997382034,1,0.7,0.7
mpos,growth,other,pooled_cl,no_bailout,n_eff,share,50,50,-0.13921541980690091,-0.1716733967170584,-0.1114086548341121,1,0.5,0.5
mpos,growth,other,pooled_cl,no_bailout,none,count,48,48,-0.18150352269808123,-0.22905335240262228,-0.13309725826814675,1,0.9166666666666666,0.9166666666666666
mpos,growth,other,pooled_cl,no_bailout,none,rate,50,50,-0.18150352269808123,-0.22905335240262228,-0.13309725826814675,1,0.92,0.92
mpos,growth,other,pooled_cl,no_bailout,none,share,50,50,-0.15499025288132323,-0.18102846019296864,-0.1297803092480413,1,0.54,0.54
mpos,growth,other,pooled_cl,no_bailout,pop,count,48,48,-0.17996210783336408,-0.2939834954999191,-0.11310481203913864,1,0.625,0.625
mpos,growth,other,pooled_cl,no_bailout,pop,rate,50,50,-0.17996210783336408,-0.2939834954999191,-0.11310481203913864,1,0.64,0.64
mpos,growth,other,pooled_cl,no_bailout,pop,share,50,50,-0.09888227904636522,-0.1783675659982187,-0.05484551771347872,1,0.04,0.04
mpos,growth,other,pooled_cl,y2004_2008,n_cell,count,48,48,-0.15353028255779136,-0.21753507930947935,-0.1086333682228762,1,0.3958333333333333,0.3958333333333333
mpos,growth,other,pooled_cl,y2004_2008,n_cell,rate,50,50,-0.15353028255779136,-0.21753507930947935,-0.1086333682228762,1,0.4,0.4
mpos,growth,other,pooled_cl,y2004_2008,n_cell,share,50,50,-0.22156200948218568,-0.34223072560890316,-0.14559905721710614,1,0.56,0.56
mpos,growth,other,pooled_cl,y2004_2008,n_eff,count,48,48,-0.15407760656212927,-0.2228180770548912,-0.1086333682228762,1,0.4375,0.4375
mpos,growth,other,pooled_cl,y2004_2008,n_eff,rate,50,50,-0.15407760656212927,-0.2228180770548912,-0.1086333682228762,1,0.44,0.44
mpos,growth,other,pooled_cl,y2004_2008,n_eff,share,50,50,-0.22112444250684382,-0.3479817197374915,-0.14559905721710614,1,0.54,0.54
mpos,growth,other,pooled_cl,y2004_2008,none,count,48,48,-0.1501438203329943,-0.22108932537822237,-0.10090607099166143,1,0.4583333333333333,0.4583333333333333
mpos,growth,other,pooled_cl,y2004_2008,none,rate,50,50,-0.1501438203329943,-0.22108932537822237,-0.10090607099166143,1,0.46,0.46
mpos,growth,other,pooled_cl,y2004_2008,none,share,50,50,-0.22473542875200386,-0.35409654845420524,-0.15125011021986492,1,0.64,0.64
mpos,growth,other,pooled_cl,y2004_2008,pop,count,48,48,-0.28404920673757017,-0.4314410925784998,-0.17219087332875072,1,0.9583333333333334,0.9583333333333334
mpos,growth,other,pooled_cl,y2004_2008,pop,rate,50,50,-0.28404920673757017,-0.4314410925784998,-0.17219087332875072,1,0.96,0.96
mpos,growth,other,pooled_cl,y2004_2008,pop,share,50,50,-0.3315465204004262,-0.5262837225130008,-0.1879745433651232,1,1,1
mpos,growth,other,pooled_cl,y2009_2013,n_cell,count,48,48,0.1191009489283602,0.08597597035190767,0.1482877101980566,0,0,0
mpos,growth,other,pooled_cl,y2009_2013,n_cell,rate,50,50,0.1191009489283602,0.08597597035190767,0.1482877101980566,0,0,0
mpos,growth,other,pooled_cl,y2009_2013,n_cell,share,50,50,-0.08710186214315808,-0.15770188348802666,-0.03153969670545984,1,0,0
mpos,growth,other,pooled_cl,y2009_2013,n_eff,count,48,48,0.12059700657207154,0.089411889169418,0.1482877101980566,0,0,0
mpos,growth,other,pooled_cl,y2009_2013,n_eff,rate,50,50,0.12059700657207154,0.089411889169418,0.1482877101980566,0,0,0
mpos,growth,other,pooled_cl,y2009_2013,n_eff,share,50,50,-0.09149405942049034,-0.16771249476793776,-0.03153969670545984,1,0,0
mpos,growth,other,pooled_cl,y2009_2013,none,count,48,48,0.19377645313397307,0.13511618722627228,0.2478663026350217,0,0.5416666666666666,0
mpos,growth,other,pooled_cl,y2009_2013,none,rate,50,50,0.19377645313397307,0.13511618722627228,0.25023399345640945,0,0.54,0
mpos,growth,other,pooled_cl,y2009_2013,none,share,50,50,-0.041092648584604624,-0.09827816752766257,0.03577091095578704,0.8,0,0
mpos,growth,other,pooled_cl,y2009_2013,pop,count,48,48,0.20223269515883535,0.13197215932259115,0.24170586949633535,0,0.75,0
mpos,growth,other,pooled_cl,y2009_2013,pop,rate,50,50,0.20271738354905533,0.13197215932259115,0.24170586949633535,0,0.76,0
mpos,growth,other,pooled_cl,y2009_2013,pop,share,50,50,0.0990724276341132,0.04935660094615165,0.16484076648045,0,0,0
mpos,growth,other,re,all,none,count,48,48,-0.22088609196314546,-0.29028727044569813,-0.16086121242689022,1,1,1
mpos,growth,other,re,all,none,rate,50,49,-0.25640598208904514,-0.29028727044569813,-0.16086121242689022,1,1,1
mpos,growth,other,re,all,none,share,50,49,-0.04765809871061684,-0.08212382474265371,-0.03256843327715587,1,0,0
mpos,growth,other,re,no_GR_ES,none,count,48,48,-0.2165477652357854,-0.28603644326306343,-0.1567734469519338,1,1,1
mpos,growth,other,re,no_GR_ES,none,rate,50,49,-0.2495926450279308,-0.28603644326306343,-0.1567734469519338,1,1,1
mpos,growth,other,re,no_GR_ES,none,share,50,49,-0.05500047817315256,-0.08466793229832568,-0.03541029417720733,1,0,0
mpos,growth,other,re,no_bailout,none,count,48,48,-0.21255119781186466,-0.2578202504604174,-0.17757776160093203,1,1,1
mpos,growth,other,re,no_bailout,none,rate,50,49,-0.2282439847124254,-0.2578202504604174,-0.17757776160093203,1,1,1
mpos,growth,other,re,no_bailout,none,share,50,49,-0.00208261767635663,-0.02712000597685285,0.007997225538107312,0.64,0,0
mpos,growth,other,re,y2004_2008,none,count,48,48,-0.2200985224227787,-0.24992467830609488,-0.19778657199331015,1,1,1
mpos,growth,other,re,y2004_2008,none,rate,50,49,-0.22589776811630852,-0.2566500979741025,-0.19778657199331015,1,1,1
mpos,growth,other,re,y2004_2008,none,share,50,49,-0.03782192081873955,-0.08506238619628431,-0.00787839507711727,1,0,0
mpos,growth,other,re,y2009_2013,none,count,48,48,0.2935040271415561,0.2428395710088132,0.3724838316461916,0,1,0
mpos,growth,other,re,y2009_2013,none,rate,50,49,0.28279626288726567,0.2428395710088132,0.3724838316461916,0,1,0
mpos,growth,other,re,y2009_2013,none,share,50,49,0.195971945478962,0.14698219050789227,0.2687110758894816,0,0.8163265306122449,0
mpos,unemp,none,fe_country,all,n_cell,count,240,240,-0.2967114827477292,-0.4058446548506223,-0.18559974923445569,1,1,1
mpos,unemp,none,fe_country,all,n_cell,rate,244,244,-0.2967114827477292,-0.4058446548506223,-0.18559974923445569,1,1,1
mpos,unemp,none,fe_country,all,n_cell,share,248,248,-0.3821406801689534,-0.5593108356051928,-0.2463507683915216,1,1,1
mpos,unemp,none,fe_country,all,n_eff,count,240,240,-0.2972051822674277,-0.4158528810568324,-0.18673153926217467,1,1,1
mpos,unemp,none,fe_country,all,n_eff,rate,244,244,-0.2972051822674277,-0.4158528810568324,-0.18673153926217467,1,1,1
mpos,unemp,none,fe_country,all,n_eff,share,248,248,-0.3828514390032922,-0.5593108356051928,-0.2463507683915216,1,1,1
mpos,unemp,none,fe_country,all,none,count,240,240,-0.33618128340939457,-0.5155872639224597,-0.2239856135172778,1,1,1
mpos,unemp,none,fe_country,all,none,rate,244,244,-0.33618128340939457,-0.5155872639224597,-0.2239856135172778,1,1,1
mpos,unemp,none,fe_country,all,none,share,248,248,-0.4487497331215589,-0.5941715456136104,-0.27603757744224355,1,1,1
mpos,unemp,none,fe_country,all,pop,count,240,240,-0.16719476189683513,-0.5244412356839426,-0.03919101809960364,1,0.5916666666666667,0.5916666666666667
mpos,unemp,none,fe_country,all,pop,rate,244,244,-0.16561431370748556,-0.5244412356839426,-0.03919101809960364,1,0.5901639344262295,0.5901639344262295
mpos,unemp,none,fe_country,all,pop,share,248,248,-0.340528663482752,-0.6620533905243257,-0.12564577191240447,1,0.9556451612903226,0.9556451612903226
mpos,unemp,none,fe_country,no_GR_ES,n_cell,count,240,240,-0.18986669950366508,-0.30561774281005133,-0.11465409054533056,1,0.75,0.75
mpos,unemp,none,fe_country,no_GR_ES,n_cell,rate,244,244,-0.18986669950366508,-0.30561774281005133,-0.11465409054533056,1,0.75,0.75
mpos,unemp,none,fe_country,no_GR_ES,n_cell,share,248,248,-0.29061007862202093,-0.4922016608462242,-0.15824089863240232,1,0.967741935483871,0.967741935483871
mpos,unemp,none,fe_country,no_GR_ES,n_eff,count,240,240,-0.19594808407740574,-0.3138943146922594,-0.11465409054533056,1,0.775,0.775
mpos,unemp,none,fe_country,no_GR_ES,n_eff,rate,244,244,-0.19594808407740574,-0.3138943146922594,-0.11465409054533056,1,0.7786885245901639,0.7786885245901639
mpos,unemp,none,fe_country,no_GR_ES,n_eff,share,248,248,-0.29128773758051796,-0.4922016608462242,-0.15824089863240232,1,0.9717741935483871,0.9717741935483871
mpos,unemp,none,fe_country,no_GR_ES,none,count,240,240,-0.25180832543456977,-0.4379531809024618,-0.14675443782978906,1,0.9541666666666667,0.9541666666666667
mpos,unemp,none,fe_country,no_GR_ES,none,rate,244,244,-0.25180832543456977,-0.4379531809024618,-0.14675443782978906,1,0.9549180327868853,0.9549180327868853
mpos,unemp,none,fe_country,no_GR_ES,none,share,248,248,-0.34566825910473287,-0.53176246465085375,-0.1796930344597499,1,1,1
mpos,unemp,none,fe_country,no_GR_ES,pop,count,240,240,-0.00220241798238544,-0.41296696771534736,0.06434646106357257,0.5166666666666667,0.15,0.15
mpos,unemp,none,fe_country,no_GR_ES,pop,rate,244,244,-0.00220241798238544,-0.41296696771534736,0.06434646106357257,0.5163934426229508,0.14754098360655737,0.14754098360655737
mpos,unemp,none,fe_country,no_GR_ES,pop,share,248,248,-0.21754832943856042,-0.49865784313343714,-0.06277457340519421,1,0.532258064516129,0.532258064516129
mpos,unemp,none,fe_country,no_bailout,n_cell,count,240,240,-0.0680498876289026,-0.17939206142393083,-0.01943726771901569,1,0.008333333333333333,0.008333333333333333
mpos,unemp,none,fe_country,no_bailout,n_cell,rate,244,244,-0.06791884678150387,-0.17939206142393083,-0.01943726771901569,1,0.00819672131147541,0.00819672131147541
mpos,unemp,none,fe_country,no_bailout,n_cell,share,248,248,-0.19566126005249385,-0.3836424705190051,-0.06440555504430359,1,0.717741935483871,0.717741935483871
mpos,unemp,none,fe_country,no_bailout,n_eff,count,240,240,-0.07381812731421843,-0.1831409332842451,-0.02048887195618258,1,0.020833333333333332,0.020833333333333332
mpos,unemp,none,fe_country,no_bailout,n_eff,rate,244,244,-0.07341350150715295,-0.1831409332842451,-0.02048887195618258,1,0.020491803278688523,0.020491803278688523
mpos,unemp,none,fe_country,no_bailout,n_eff,share,248,248,-0.20003151830272456,-0.3836424705190051,-0.06440555504430359,1,0.7217741935483871,0.7217741935483871
mpos,unemp,none,fe_country,no_bailout,none,count,240,240,-0.12010056161017199,-0.24327038541980892,-0.05011553332078127,1,0.2625,0.2625
mpos,unemp,none,fe_country,no_bailout,none,rate,244,244,-0.11949650423609866,-0.24327038541980892,-0.05011553332078127,1,0.26229508196721313,0.26229508196721313
mpos,unemp,none,fe_country,no_bailout,none,share,248,248,-0.2232790421242133,-0.3922178521778422,-0.0985119446998268,1,0.8306451612903226,0.8306451612903226
mpos,unemp,none,fe_country,no_bailout,pop,count,240,240,0.033883957866874856,-0.39130443275157417,0.1660127437477446,0.23333333333333334,0.1375,0.1125
mpos,unemp,none,fe_country,no_bailout,pop,rate,244,244,0.034416688116161845,-0.39130443275157417,0.1660127437477446,0.22950819672131148,0.13524590163934427,0.11065573770491803
mpos,unemp,none,fe_country,no_bailout,pop,share,248,248,-0.16435658651449664,-0.4589695883044445,-0.04242177116550492,1,0.49193548387096775,0.49193548387096775
mpos,unemp,none,fe_country,y2004_2008,n_cell,count,240,192,0.33546813091868555,0.26975332575368444,0.38203389987978525,0,1,0
mpos,unemp,none,fe_country,y2004_2008,n_cell,rate,244,196,0.33546813091868555,0.26975332575368444,0.40093050395005086,0,1,0
mpos,unemp,none,fe_country,y2004_2008,n_cell,share,248,200,-0.37041616890801166,-0.532303222896735,-0.266493044629403,1,1,1
mpos,unemp,none,fe_country,y2004_2008,n_eff,count,240,192,0.3351810531085323,0.26743499411121585,0.38092601231444273,0,1,0
mpos,unemp,none,fe_country,y2004_2008,n_eff,rate,244,196,0.33546813091868555,0.26743499411121585,0.39531478568079376,0,1,0
mpos,unemp,none,fe_country,y2004_2008,n_eff,share,248,200,-0.3688288719566818,-0.5322533426476013,-0.266493044629403,1,1,1
mpos,unemp,none,fe_country,y2004_2008,none,count,240,192,0.2773793336795116,0.21979009428093965,0.3185994928282803,0,1,0
mpos,unemp,none,fe_country,y2004_2008,none,rate,244,196,0.27762610744628535,0.21979009428093965,0.33362605255765115,0,1,0
mpos,unemp,none,fe_country,y2004_2008,none,share,248,200,-0.35152596490723453,-0.5200085547696652,-0.25118309769559455,1,1,1
mpos,unemp,none,fe_country,y2004_2008,pop,count,240,192,0.3630405765365033,0.22895474582617015,0.47631831897786375,0,1,0
mpos,unemp,none,fe_country,y2004_2008,pop,rate,244,196,0.3630405765365033,0.22895474582617015,0.4930582032503546,0,1,0
mpos,unemp,none,fe_country,y2004_2008,pop,share,248,200,-0.3515798949015577,-0.7551903699667875,-0.15535543726646067,1,0.93,0.93
mpos,unemp,none,fe_country,y2009_2013,n_cell,count,240,240,-0.3346719001663781,-0.45906226748333895,-0.2186125352316567,1,1,1
mpos,unemp,none,fe_country,y2009_2013,n_cell,rate,244,244,-0.3346719001663781,-0.4655381193269407,-0.2186125352316567,1,1,1
mpos,unemp,none,fe_country,y2009_2013,n_cell,share,248,248,-0.3770552899901311,-0.5394054574338816,-0.2564850459732412,1,1,1
mpos,unemp,none,fe_country,y2009_2013,n_eff,count,240,240,-0.33592768170163645,-0.4731989522619855,-0.2186125352316567,1,1,1
mpos,unemp,none,fe_country,y2009_2013,n_eff,rate,244,244,-0.33592768170163645,-0.48119632567279097,-0.2186125352316567,1,1,1
mpos,unemp,none,fe_country,y2009_2013,n_eff,share,248,248,-0.38133077196381904,-0.5506774865926892,-0.2564850459732412,1,1,1
mpos,unemp,none,fe_country,y2009_2013,none,count,240,240,-0.4107462673501828,-0.5565742242304282,-0.27560107868360895,1,1,1
mpos,unemp,none,fe_country,y2009_2013,none,rate,244,244,-0.4107462673501828,-0.5733857731026557,-0.27560107868360895,1,1,1
mpos,unemp,none,fe_country,y2009_2013,none,share,248,248,-0.46850715332550674,-0.6131282287286882,-0.3190607920837994,1,1,1
mpos,unemp,none,fe_country,y2009_2013,pop,count,240,240,-0.4212052838787659,-0.60637087682226,-0.1514913454598612,1,0.8625,0.8625
mpos,unemp,none,fe_country,y2009_2013,pop,rate,244,244,-0.4212052838787659,-0.6225374469855441,-0.1514913454598612,1,0.860655737704918,0.860655737704918
mpos,unemp,none,fe_country,y2009_2013,pop,share,248,248,-0.35734263992570514,-0.6693050061308706,-0.1335271643071891,1,0.7862903225806451,0.7862903225806451
mpos,unemp,none,fe_twoway,all,n_cell,count,240,240,-0.07730078745658048,-0.34554699203367817,-0.03040723492614896,1,0.21666666666666667,0.21666666666666667
mpos,unemp,none,fe_twoway,all,n_cell,rate,244,244,-0.07740427536056366,-0.34554699203367817,-0.03040723492614896,1,0.21311475409836064,0.21311475409836064
mpos,unemp,none,fe_twoway,all,n_cell,share,248,248,-0.2403279257094516,-0.4625262147515999,-0.12690635059167,1,0.9959677419354839,0.9959677419354839
mpos,unemp,none,fe_twoway,all,n_eff,count,240,240,-0.07482200360099872,-0.3517092462405762,-0.03040723492614896,1,0.20833333333333334,0.20833333333333334
mpos,unemp,none,fe_twoway,all,n_eff,rate,244,244,-0.07482200360099872,-0.3517092462405762,-0.03040723492614896,1,0.20491803278688525,0.20491803278688525
mpos,unemp,none,fe_twoway,all,n_eff,share,248,248,-0.24174292195788238,-0.4703727076495629,-0.12690635059167,1,0.9959677419354839,0.9959677419354839
mpos,unemp,none,fe_twoway,all,none,count,240,240,-0.10073089259092423,-0.42850934486422326,-0.04705006707352055,1,0.3458333333333333,0.3458333333333333
mpos,unemp,none,fe_twoway,all,none,rate,244,244,-0.10073089259092423,-0.42850934486422326,-0.04705006707352055,1,0.3483606557377049,0.3483606557377049
mpos,unemp,none,fe_twoway,all,none,share,248,248,-0.28639360707268857,-0.5251306758358574,-0.1449191237808298,1,1,1
mpos,unemp,none,fe_twoway,all,pop,count,240,240,-0.041115815841315906,-0.5413742778454907,0.05783674142153487,0.7083333333333334,0.2,0.2
mpos,unemp,none,fe_twoway,all,pop,rate,244,244,-0.04401301896570742,-0.5413742778454907,0.05783674142153487,0.7131147540983607,0.19672131147540983,0.19672131147540983
mpos,unemp,none,fe_twoway,all,pop,share,248,248,-0.3693574900090808,-0.6603309473201394,-0.16316118769786914,1,0.9758064516129032,0.9758064516129032
mpos,unemp,none,fe_twoway,no_GR_ES,n_cell,count,240,240,-0.025104287438729833,-0.2785663592108939,0.03714153208921544,0.7833333333333333,0.1,0.1
mpos,unemp,none,fe_twoway,no_GR_ES,n_cell,rate,244,244,-0.025104287438729833,-0.2785663592108939,0.03714153208921544,0.7868852459016393,0.09836065573770492,0.09836065573770492
mpos,unemp,none,fe_twoway,no_GR_ES,n_cell,share,248,248,-0.1432948266559207,-0.3624900781615853,-0.03164504679311596,1,0.5,0.5
mpos,unemp,none,fe_twoway,no_GR_ES,n_eff,count,240,240,-0.020999338567159964,-0.286563485136388,0.03714153208921544,0.7666666666666667,0.1,0.1
mpos,unemp,none,fe_twoway,no_GR_ES,n_eff,rate,244,244,-0.020999338567159964,-0.286563485136388,0.03714153208921544,0.7704918032786885,0.09836065573770492,0.09836065573770492
mpos,unemp,none,fe_twoway,no_GR_ES,n_eff,share,248,248,-0.14213285345369456,-0.3753657945381907,-0.03164504679311596,1,0.5,0.5
mpos,unemp,none,fe_twoway,no_GR_ES,none,count,240,240,-0.06811931875909105,-0.37611816750740606,-0.01755545336160028,1,0.11666666666666667,0.11666666666666667
mpos,unemp,none,fe_twoway,no_GR_ES,none,rate,244,244,-0.06838355519180017,-0.37611816750740606,-0.01755545336160028,1,0.11475409836065574,0.11475409836065574
mpos,unemp,none,fe_twoway,no_GR_ES,none,share,248,248,-0.18674989135630768,-0.44287990435651214,-0.06398698927215721,1,0.7620967741935484,0.7620967741935484
mpos,unemp,none,fe_twoway,no_GR_ES,pop,count,240,240,0.025089751629381044,-0.5029983800973867,0.09819218173960909,0.2833333333333333,0.2,0.2
mpos,unemp,none,fe_twoway,no_GR_ES,pop,rate,244,244,0.024298841828661925,-0.5029983800973867,0.09819218173960909,0.29508196721311475,0.19672131147540983,0.19672131147540983
mpos,unemp,none,fe_twoway,no_GR_ES,pop,share,248,248,-0.25818136248587664,-0.4372169817861201,-0.06474722001407486,1,0.8588709677419355,0.8588709677419355
mpos,unemp,none,fe_twoway,no_bailout,n_cell,count,240,240,0.004586863052769339,-0.08522288669239973,0.0979621129818707,0.49166666666666664,0,0
mpos,unemp,none,fe_twoway,no_bailout,n_cell,rate,244,244,0.004586863052769339,-0.08522288669239973,0.0979621129818707,0.4918032786885246,0,0
mpos,unemp,none,fe_twoway,no_bailout,n_cell,share,248,248,0.0022991916704571203,-0.11136212931291108,0.10883605266229786,0.49193548387096775,0,0
mpos,unemp,none,fe_twoway,no_bailout,n_eff,count,240,240,0.0062087073950271646,-0.0838606400121993,0.0979621129818707,0.49166666666666664,0,0
mpos,unemp,none,fe_twoway,no_bailout,n_eff,rate,244,244,0.0062087073950271646,-0.0838606400121993,0.0979621129818707,0.4918032786885246,0,0
mpos,unemp,none,fe_twoway,no_bailout,n_eff,share,248,248,0.0022991916704571203,-0.11539233775483054,0.10883605266229786,0.49193548387096775,0,0
mpos,unemp,none,fe_twoway,no_bailout,none,count,240,240,-0.012148196177118415,-0.08660045795814177,0.0661885196788361,0.6166666666666667,0,0
mpos,unemp,none,fe_twoway,no_bailout,none,rate,244,244,-0.012148196177118415,-0.08660045795814177,0.0661885196788361,0.6147540983606558,0,0
mpos,unemp,none,fe_twoway,no_bailout,none,share,248,248,-0.014483360321141316,-0.14151075568314697,0.09232509455516746,0.5967741935483871,0,0
mpos,unemp,none,fe_twoway,no_bailout,pop,count,240,240,0.044219594126153686,-0.4924108183720476,0.13756150665956035,0.26666666666666666,0.18333333333333332,0.18333333333333332
mpos,unemp,none,fe_twoway,no_bailout,pop,rate,244,244,0.04344328623806373,-0.4924108183720476,0.13756150665956035,0.2786885245901639,0.18032786885245902,0.18032786885245902
mpos,unemp,none,fe_twoway,no_bailout,pop,share,248,248,-0.2076926398436269,-0.43102131323597415,-0.03475175804954092,1,0.6733870967741935,0.6733870967741935
mpos,unemp,none,fe_twoway,y2004_2008,n_cell,count,240,192,0.02424015248279128,-0.04992286007791093,0.1043419244174121,0.21875,0,0
mpos,unemp,none,fe_twoway,y2004_2008,n_cell,rate,244,196,0.02424015248279128,-0.04992286007791093,0.1043419244174121,0.21428571428571427,0,0
mpos,unemp,none,fe_twoway,y2004_2008,n_cell,share,248,200,-0.3341680994509421,-0.4568118416489927,-0.23571839257905464,1,1,1
mpos,unemp,none,fe_twoway,y2004_2008,n_eff,count,240,192,0.02658314558133583,-0.04992286007791093,0.11303565812475556,0.20833333333333334,0,0
mpos,unemp,none,fe_twoway,y2004_2008,n_eff,rate,244,196,0.026843355317752816,-0.04992286007791093,0.11303565812475556,0.20408163265306123,0,0
mpos,unemp,none,fe_twoway,y2004_2008,n_eff,share,248,200,-0.33541748734942356,-0.45805010993558487,-0.23571839257905464,1,1,1
mpos,unemp,none,fe_twoway,y2004_2008,none,count,240,192,-0.032637490390772794,-0.1056025396654592,0.02063855169501876,0.8854166666666666,0,0
mpos,unemp,none,fe_twoway,y2004_2008,none,rate,244,196,-0.031875535014347325,-0.1056025396654592,0.02063855169501876,0.8877551020408163,0,0
mpos,unemp,none,fe_twoway,y2004_2008,none,share,248,200,-0.3267372344681124,-0.4495263816946813,-0.2639450011037811,1,1,1
mpos,unemp,none,fe_twoway,y2004_2008,pop,count,240,192,0.10371184276870973,0.04562478640355427,0.18093173235176227,0,0,0
mpos,unemp,none,fe_twoway,y2004_2008,pop,rate,244,196,0.10347202289112264,0.04562478640355427,0.18093173235176227,0,0,0
mpos,unemp,none,fe_twoway,y2004_2008,pop,share,248,200,-0.4808502421142644,-0.6982176811455765,-0.2722481600676449,1,1,1
mpos,unemp,none,fe_twoway,y2009_2013,n_cell,count,240,240,-0.29620803048954514,-0.36929441469902746,-0.20439506728908244,1,1,1
mpos,unemp,none,fe_twoway,y2009_2013,n_cell,rate,244,244,-0.29620803048954514,-0.3911613290860664,-0.20439506728908244,1,1,1
mpos,unemp,none,fe_twoway,y2009_2013,n_cell,share,248,248,-0.3492011645105632,-0.4864271899575487,-0.2386758322270592,1,1,1
mpos,unemp,none,fe_twoway,y2009_2013,n_eff,count,240,240,-0.29633625807062536,-0.37557981593851697,-0.20439506728908244,1,1,1
mpos,unemp,none,fe_twoway,y2009_2013,n_eff,rate,244,244,-0.29633625807062536,-0.39618737946717053,-0.20439506728908244,1,1,1
mpos,unemp,none,fe_twoway,y2009_2013,n_eff,share,248,248,-0.35031521332535753,-0.4932285130369515,-0.2386758322270592,1,1,1
mpos,unemp,none,fe_twoway,y2009_2013,none,count,240,240,-0.31933462624469944,-0.4490245958497453,-0.19892968043062992,1,1,1
mpos,unemp,none,fe_twoway,y2009_2013,none,rate,244,244,-0.31933462624469944,-0.4833664940287545,-0.19892968043062992,1,1,1
mpos,unemp,none,fe_twoway,y2009_2013,none,share,248,248,-0.3890168805294555,-0.5448540067617375,-0.2710060435055292,1,1,1
mpos,unemp,none,fe_twoway,y2009_2013,pop,count,240,240,-0.45832202440742686,-0.5796022471830249,-0.2822320701574538,1,1,1
mpos,unemp,none,fe_twoway,y2009_2013,pop,rate,244,244,-0.45832202440742686,-0.6296063053110103,-0.2822320701574538,1,1,1
mpos,unemp,none,fe_twoway,y2009_2013,pop,share,248,248,-0.28535358982808545,-0.6283304352115132,-0.16443471048782837,1,0.8991935483870968,0.8991935483870968
mpos,unemp,none,pooled_cl,all,n_cell,count,240,240,-0.334316411911564,-0.5802343304221014,-0.16725937363152135,1,1,1
mpos,unemp,none,pooled_cl,all,n_cell,rate,244,244,-0.334316411911564,-0.5802343304221014,-0.16725937363152135,1,1,1
mpos,unemp,none,pooled_cl,all,n_cell,share,248,248,0.048900181467795664,-0.03948660215604681,0.38160239074925223,0.10483870967741936,0.16532258064516128,0
mpos,unemp,none,pooled_cl,all,n_eff,count,240,240,-0.3419384547338973,-0.5834567363602727,-0.168368864637834,1,1,1
mpos,unemp,none,pooled_cl,all,n_eff,rate,244,244,-0.3419384547338973,-0.5834567363602727,-0.168368864637834,1,1,1
mpos,unemp,none,pooled_cl,all,n_eff,share,248,248,0.04534466948750843,-0.04859718342668578,0.38160239074925223,0.11290322580645161,0.15725806451612903,0
mpos,unemp,none,pooled_cl,all,none,count,240,240,-0.39511201792877804,-0.6077363250476734,-0.22304693273094903,1,1,1
mpos,unemp,none,pooled_cl,all,none,rate,244,244,-0.39511201792877804,-0.6077363250476734,-0.22304693273094903,1,1,1
mpos,unemp,none,pooled_cl,all,none,share,248,248,-8.90686529564396e-4,-0.11202024368824404,0.24145188601437803,0.5,0.020161290322580645,0
mpos,unemp,none,pooled_cl,all,pop,count,240,240,-0.12505443565641608,-0.5852828438028517,-0.02009323119083173,1,0.5125,0.5125
mpos,unemp,none,pooled_cl,all,pop,rate,244,244,-0.12505443565641608,-0.5852828438028517,-0.02009323119083173,1,0.5122950819672131,0.5122950819672131
mpos,unemp,none,pooled_cl,all,pop,share,248,248,0.07173816163558473,-0.08008027662528512,0.37330232262406227,0.04838709677419355,0.24193548387096775,0
mpos,unemp,none,pooled_cl,no_GR_ES,n_cell,count,240,240,-0.29410112335260197,-0.5417753458949388,-0.13826567061581005,1,1,1
mpos,unemp,none,pooled_cl,no_GR_ES,n_cell,rate,244,244,-0.29410112335260197,-0.5417753458949388,-0.13826567061581005,1,1,1
mpos,unemp,none,pooled_cl,no_GR_ES,n_cell,share,248,248,0.10878916675810411,0.01872132000344598,0.4842937322571302,0,0.3870967741935484,0
mpos,unemp,none,pooled_cl,no_GR_ES,n_eff,count,240,240,-0.30274491901362677,-0.5442745789777641,-0.14165382767720136,1,1,1
mpos,unemp,none,pooled_cl,no_GR_ES,n_eff,rate,244,244,-0.30274491901362677,-0.5442745789777641,-0.14165382767720136,1,1,1
mpos,unemp,none,pooled_cl,no_GR_ES,n_eff,share,248,248,0.10793356676678753,0.01872132000344598,0.4804086114214337,0,0.3709677419354839,0
mpos,unemp,none,pooled_cl,no_GR_ES,none,count,240,240,-0.3612474752707108,-0.5821405846305677,-0.18379526558638143,1,1,1
mpos,unemp,none,pooled_cl,no_GR_ES,none,rate,244,244,-0.3612474752707108,-0.5821405846305677,-0.18379526558638143,1,1,1
mpos,unemp,none,pooled_cl,no_GR_ES,none,share,248,248,0.05349001816059844,-0.04186857143814407,0.330937845237364,0.08064516129032258,0.10483870967741936,0
mpos,unemp,none,pooled_cl,no_GR_ES,pop,count,240,240,0.00554448588368288,-0.5046190985938717,0.09432850550382556,0.425,0.2,0.2
mpos,unemp,none,pooled_cl,no_GR_ES,pop,rate,244,244,0.00496548307329165,-0.5046190985938717,0.09432850550382556,0.4344262295081967,0.19672131147540983,0.19672131147540983
mpos,unemp,none,pooled_cl,no_GR_ES,pop,share,248,248,0.14444277510497808,0.02820254433319261,0.5481228913958792,0,0.5645161290322581,0
mpos,unemp,none,pooled_cl,no_bailout,n_cell,count,240,240,-0.11014071087863564,-0.36258686444343624,-0.04372658132525598,1,0.3375,0.3375
mpos,unemp,none,pooled_cl,no_bailout,n_cell,rate,244,244,-0.11014071087863564,-0.36258686444343624,-0.04372658132525598,1,0.3360655737704918,0.3360655737704918
mpos,unemp,none,pooled_cl,no_bailout,n_cell,share,248,248,0.26298496179219716,0.10906064880039588,0.5997157200315493,0,0.9193548387096774,0
mpos,unemp,none,pooled_cl,no_bailout,n_eff,count,240,240,-0.12068658480453587,-0.36258686444343624,-0.04856475161695989,1,0.36666666666666664,0.36666666666666664
mpos,unemp,none,pooled_cl,no_bailout,n_eff,rate,244,244,-0.12068658480453587,-0.36258686444343624,-0.04856475161695989,1,0.36475409836065575,0.36475409836065575
mpos,unemp,none,pooled_cl,no_bailout,n_eff,share,248,248,0.2681660699947144,0.10906064880039588,0.6089727833972395,0,0.9354838709677419,0
mpos,unemp,none,pooled_cl,no_bailout,none,count,240,240,-0.1806082705643297,-0.4127509166140783,-0.08843133608517877,1,0.6166666666666667,0.6166666666666667
mpos,unemp,none,pooled_cl,no_bailout,none,rate,244,244,-0.1806082705643297,-0.4127509166140783,-0.08843133608517877,1,0.6188524590163934,0.6188524590163934
mpos,unemp,none,pooled_cl,no_bailout,none,share,248,248,0.19802810875468574,0.07562221703198502,0.46713891703851457,0,0.7540322580645161,0
mpos,unemp,none,pooled_cl,no_bailout,pop,count,240,240,0.07845955042937308,-0.4205436140711575,0.24338510638320568,0.2,0.37083333333333335,0.17083333333333334
mpos,unemp,none,pooled_cl,no_bailout,pop,rate,244,244,0.07845955042937308,-0.4205436140711575,0.24338510638320568,0.19672131147540983,0.36475409836065575,0.1680327868852459
mpos,unemp,none,pooled_cl,no_bailout,pop,share,248,248,0.26454646793194847,0.07556470327669952,0.6556989749657114,0,0.8387096774193549,0
mpos,unemp,none,pooled_cl,y2004_2008,n_cell,count,240,192,0.009616391152947816,-0.03502565144404548,0.05871108567765316,0.3020833333333333,0,0
mpos,unemp,none,pooled_cl,y2004_2008,n_cell,rate,244,196,0.009616391152947816,-0.03502565144404548,0.05871108567765316,0.30612244897959184,0,0
mpos,unemp,none,pooled_cl,y2004_2008,n_cell,share,248,200,0.10355215823128114,0.03280106311431612,0.18623145860602927,0,0.095,0
mpos,unemp,none,pooled_cl,y2004_2008,n_eff,count,240,192,0.0057629229826086405,-0.03502565144404548,0.04909242417625099,0.4479166666666667,0,0
mpos,unemp,none,pooled_cl,y2004_2008,n_eff,rate,244,196,0.0057629229826086405,-0.03502565144404548,0.04909242417625099,0.4489795918367347,0,0
mpos,unemp,none,pooled_cl,y2004_2008,n_eff,share,248,200,0.10429784908491037,0.03280106311431612,0.1930439432387668,0,0.105,0
mpos,unemp,none,pooled_cl,y2004_2008,none,count,240,192,-0.06637638077779819,-0.14449833278388116,-0.02066130390435112,1,0,0
mpos,unemp,none,pooled_cl,y2004_2008,none,rate,244,196,-0.06637638077779819,-0.14449833278388116,-0.02066130390435112,1,0,0
mpos,unemp,none,pooled_cl,y2004_2008,none,share,248,200,0.11462750788709189,0.03296518234111434,0.1990800514340723,0,0.095,0
mpos,unemp,none,pooled_cl,y2004_2008,pop,count,240,192,0.20714501792783824,0.11214435063608068,0.344645375929208,0,0.5,0
mpos,unemp,none,pooled_cl,y2004_2008,pop,rate,244,196,0.20714501792783824,0.11214435063608068,0.344645375929208,0,0.5,0
mpos,unemp,none,pooled_cl,y2004_2008,pop,share,248,200,0.11466554358185657,0.03187637321747828,0.334568869049176,0,0.42,0
mpos,unemp,none,pooled_cl,y2009_2013,n_cell,count,240,240,-0.4199368323572654,-0.5864546363932513,-0.2678055536660826,1,1,1
mpos,unemp,none,pooled_cl,y2009_2013,n_cell,rate,244,244,-0.4199368323572654,-0.5864546363932513,-0.2678055536660826,1,1,1
mpos,unemp,none,pooled_cl,y2009_2013,n_cell,share,248,248,0.1257049481664535,0.00740515233526236,0.38157963645549114,0,0.2782258064516129,0
mpos,unemp,none,pooled_cl,y2009_2013,n_eff,count,240,240,-0.4189855517689391,-0.587251407458932,-0.2678055536660826,1,1,1
mpos,unemp,none,pooled_cl,y2009_2013,n_eff,rate,244,244,-0.4189855517689391,-0.587251407458932,-0.2678055536660826,1,1,1
mpos,unemp,none,pooled_cl,y2009_2013,n_eff,share,248,248,0.12119652025280231,0.00120346387352436,0.38157963645549114,0,0.2540322580645161,0
mpos,unemp,none,pooled_cl,y2009_2013,none,count,240,240,-0.4639572245954318,-0.6133700092643476,-0.30089685117043286,1,1,1
mpos,unemp,none,pooled_cl,y2009_2013,none,rate,244,244,-0.4639572245954318,-0.6133700092643476,-0.30089685117043286,1,1,1
mpos,unemp,none,pooled_cl,y2009_2013,none,share,248,248,0.03916048540849808,-0.08394537124361699,0.23466533586297805,0.2661290322580645,0.06451612903225806,0
mpos,unemp,none,pooled_cl,y2009_2013,pop,count,240,240,-0.34090541613225345,-0.706809598659329,-0.14353973913817533,1,0.975,0.975
mpos,unemp,none,pooled_cl,y2009_2013,pop,rate,244,244,-0.34090541613225345,-0.706809598659329,-0.14353973913817533,1,0.9754098360655737,0.9754098360655737
mpos,unemp,none,pooled_cl,y2009_2013,pop,share,248,248,0.11677814049799837,-0.05545324802906452,0.3841853103411435,0.056451612903225805,0.2701612903225806,0
mpos,unemp,none,re,all,none,count,240,240,-0.35987440013344674,-0.5383879489382065,-0.24335471915148488,1,1,1
mpos,unemp,none,re,all,none,rate,244,242,-0.361952382296592,-0.5383879489382065,-0.24335471915148488,1,1,1
mpos,unemp,none,re,all,none,share,248,246,-0.36201175823475423,-0.5416690946289361,-0.2315711626218011,1,1,1
mpos,unemp,none,re,no_GR_ES,none,count,240,240,-0.2886292995041019,-0.4819923235203912,-0.1614737211387243,1,1,1
mpos,unemp,none,re,no_GR_ES,none,rate,244,242,-0.289556147299466,-0.4819923235203912,-0.1614737211387243,1,1,1
mpos,unemp,none,re,no_GR_ES,none,share,248,246,-0.273182368508838,-0.48799218000298994,-0.15471558917199052,1,0.959349593495935,0.959349593495935
mpos,unemp,none,re,no_bailout,none,count,240,240,-0.14193135892346187,-0.29288905037331164,-0.06492083600677803,1,0.44583333333333336,0.44583333333333336
mpos,unemp,none,re,no_bailout,none,rate,244,242,-0.14193135892346187,-0.29288905037331164,-0.06492083600677803,1,0.4462809917355372,0.4462809917355372
mpos,unemp,none,re,no_bailout,none,share,248,246,-0.19132186780798088,-0.34330301441653666,-0.01985165066312844,1,0.7073170731707317,0.7073170731707317
mpos,unemp,none,re,y2004_2008,none,count,240,192,0.19604548353384543,0.1355165433137283,0.25010953403998376,0,0.7916666666666666,0
mpos,unemp,none,re,y2004_2008,none,rate,244,194,0.1960557684784187,0.1355165433137283,0.25010953403998376,0,0.7938144329896907,0
mpos,unemp,none,re,y2004_2008,none,share,248,198,-0.2935352890193528,-0.4328214001176987,-0.20660586693859964,1,1,1
mpos,unemp,none,re,y2009_2013,none,count,240,240,-0.4318104318791369,-0.5530096022475007,-0.30730168517427037,1,1,1
mpos,unemp,none,re,y2009_2013,none,rate,244,242,-0.46879091923125693,-0.5530096022475007,-0.30730168517427037,1,1,1
mpos,unemp,none,re,y2009_2013,none,share,248,246,-0.3730244359981301,-0.51441085528207,-0.22847359949808924,1,1,1
mpos,unemp,other,fe_country,all,n_cell,count,240,240,-0.2166613024769311,-0.4146105838804117,-0.12442920871868672,1,0.9916666666666667,0.9916666666666667
mpos,unemp,other,fe_country,all,n_cell,rate,244,244,-0.2166613024769311,-0.4146105838804117,-0.12442920871868672,1,0.9918032786885246,0.9918032786885246
mpos,unemp,other,fe_country,all,n_cell,share,248,248,-0.38414800885764966,-0.5293541754452368,-0.2554343142277796,1,1,1
mpos,unemp,other,fe_country,all,n_eff,count,240,240,-0.2213791698646713,-0.4247397448310326,-0.12766053440190095,1,1,1
mpos,unemp,other,fe_country,all,n_eff,rate,244,244,-0.2213791698646713,-0.4247397448310326,-0.12766053440190095,1,1,1
mpos,unemp,other,fe_country,all,n_eff,share,248,248,-0.38447979274974253,-0.5397623457267992,-0.2610948422642472,1,1,1
mpos,unemp,other,fe_country,all,none,count,240,240,-0.25642934191741373,-0.5315722913467602,-0.15563188210818463,1,1,1
mpos,unemp,other,fe_country,all,none,rate,244,244,-0.25642934191741373,-0.5315722913467602,-0.15563188210818463,1,1,1
mpos,unemp,other,fe_country,all,none,share,248,248,-0.43454346759638135,-0.6073121831662222,-0.296335326431849,1,1,1
mpos,unemp,other,fe_country,all,pop,count,240,240,-0.05985586736837509,-0.5342854925834337,-0.00700646999601673,1,0.225,0.225
mpos,unemp,other,fe_country,all,pop,rate,244,244,-0.05902902746798325,-0.5342854925834337,-0.00700646999601673,1,0.22131147540983606,0.22131147540983606
mpos,unemp,other,fe_country,all,pop,share,248,248,-0.31136194144751533,-0.689169521372026,-0.11589797543551011,1,0.9637096774193549,0.9637096774193549
mpos,unemp,other,fe_country,no_GR_ES,n_cell,count,240,240,-0.12832135904200714,-0.3148769551330544,-0.06350154385018829,1,0.38333333333333336,0.38333333333333336
mpos,unemp,other,fe_country,no_GR_ES,n_cell,rate,244,244,-0.12832135904200714,-0.3148769551330544,-0.06350154385018829,1,0.38524590163934425,0.38524590163934425
mpos,unemp,other,fe_country,no_GR_ES,n_cell,share,248,248,-0.29124197872039725,-0.4686610677782601,-0.1592013297249008,1,0.9798387096774194,0.9798387096774194
mpos,unemp,other,fe_country,no_GR_ES,n_eff,count,240,240,-0.13306510862671975,-0.32342581753129795,-0.06492050732348016,1,0.42083333333333334,0.42083333333333334
mpos,unemp,other,fe_country,no_GR_ES,n_eff,rate,244,244,-0.13306510862671975,-0.32342581753129795,-0.06492050732348016,1,0.42213114754098363,0.42213114754098363
mpos,unemp,other,fe_country,no_GR_ES,n_eff,share,248,248,-0.2946920598454589,-0.4686610677782601,-0.1592013297249008,1,0.9798387096774194,0.9798387096774194
mpos,unemp,other,fe_country,no_GR_ES,none,count,240,240,-0.18191492330239212,-0.4566163194899514,-0.09160439302963937,1,0.7916666666666666,0.7916666666666666
mpos,unemp,other,fe_country,no_GR_ES,none,rate,244,244,-0.18191492330239212,-0.4566163194899514,-0.09160439302963937,1,0.7909836065573771,0.7909836065573771
mpos,unemp,other,fe_country,no_GR_ES,none,share,248,248,-0.3333534368977411,-0.5083962597959242,-0.18499515516843693,1,1,1
mpos,unemp,other,fe_country,no_GR_ES,pop,count,240,240,0.028298231044238335,-0.43129484249125905,0.12360838567710872,0.21666666666666667,0.15,0.15
mpos,unemp,other,fe_country,no_GR_ES,pop,rate,244,244,0.028521170838421712,-0.43129484249125905,0.12360838567710872,0.21311475409836064,0.14754098360655737,0.14754098360655737
mpos,unemp,other,fe_country,no_GR_ES,pop,share,248,248,-0.2220624202916926,-0.550535744933255,-0.06011006069676766,1,0.5564516129032258,0.5564516129032258
mpos,unemp,other,fe_country,no_bailout,n_cell,count,240,240,-0.04485960574102499,-0.17581601295302884,0.00818516607040628,0.9,0,0
mpos,unemp,other,fe_country,no_bailout,n_cell,rate,244,244,-0.044249713537334326,-0.17581601295302884,0.00818516607040628,0.9016393442622951,0,0
mpos,unemp,other,fe_country,no_bailout,n_cell,share,248,248,-0.21033856900541778,-0.3818074701235544,-0.05982773252798683,1,0.7540322580645161,0.7540322580645161
mpos,unemp,other,fe_country,no_bailout,n_eff,count,240,240,-0.04863282028042028,-0.1791558870636546,0.00491100906310214,0.9666666666666667,0,0
mpos,unemp,other,fe_country,no_bailout,n_eff,rate,244,244,-0.0481361510886964,-0.1791558870636546,0.00491100906310214,0.9672131147540983,0,0
mpos,unemp,other,fe_country,no_bailout,n_eff,share,248,248,-0.21314051672556628,-0.3818074701235544,-0.05982773252798683,1,0.7782258064516129,0.7782258064516129
mpos,unemp,other,fe_country,no_bailout,none,count,240,240,-0.08581398059962596,-0.2424088121908909,-0.01490977259331857,1,0.075,0.075
mpos,unemp,other,fe_country,no_bailout,none,rate,244,244,-0.08264273963811408,-0.2424088121908909,-0.01490977259331857,1,0.07377049180327869,0.07377049180327869
mpos,unemp,other,fe_country,no_bailout,none,share,248,248,-0.24150257757740806,-0.39300051211762954,-0.10016312622513764,1,0.8346774193548387,0.8346774193548387
mpos,unemp,other,fe_country,no_bailout,pop,count,240,240,0.05155240210177478,-0.4084195898388374,0.19690105829721408,0.2,0.2916666666666667,0.15
mpos,unemp,other,fe_country,no_bailout,pop,rate,244,244,0.052319031801549974,-0.4084195898388374,0.19690105829721408,0.19672131147540983,0.29098360655737704,0.14754098360655737
mpos,unemp,other,fe_country,no_bailout,pop,share,248,248,-0.17956319186560687,-0.5206747257598194,-0.04180318644288223,1,0.5,0.5
mpos,unemp,other,fe_country,y2004_2008,n_cell,count,240,192,0.33538427153128697,0.25928941811486417,0.38327340486025296,0,1,0
mpos,unemp,other,fe_country,y2004_2008,n_cell,rate,244,196,0.33614045598103903,0.25928941811486417,0.4084279133435652,0,1,0
mpos,unemp,other,fe_country,y2004_2008,n_cell,share,248,200,-0.37423250541546954,-0.5303875826072197,-0.27189698905651466,1,1,1
mpos,unemp,other,fe_country,y2004_2008,n_eff,count,240,192,0.3338475976017989,0.2547930948863703,0.3821556572642088,0,1,0
mpos,unemp,other,fe_country,y2004_2008,n_eff,rate,244,196,0.33410464754105923,0.2547930948863703,0.40378618358097174,0,1,0
mpos,unemp,other,fe_country,y2004_2008,n_eff,share,248,200,-0.3736896798826159,-0.5301999321051841,-0.27189698905651466,1,1,1
mpos,unemp,other,fe_country,y2004_2008,none,count,240,192,0.2873945059698585,0.2123536392420942,0.33757462766381857,0,1,0
mpos,unemp,other,fe_country,y2004_2008,none,rate,244,196,0.28747793415228506,0.2123536392420942,0.36134219320924477,0,1,0
mpos,unemp,other,fe_country,y2004_2008,none,share,248,200,-0.3465767754578838,-0.5199221882679651,-0.24406037309331577,1,1,1
mpos,unemp,other,fe_country,y2004_2008,pop,count,240,192,0.42743274275562093,0.26000933599611425,0.5455743589327131,0,1,0
mpos,unemp,other,fe_country,y2004_2008,pop,rate,244,196,0.42743274275562093,0.26000933599611425,0.5686356017208435,0,1,0
mpos,unemp,other,fe_country,y2004_2008,pop,share,248,200,-0.3161442788050789,-0.6510410192576345,-0.13291217720428836,1,0.865,0.865
mpos,unemp,other,fe_country,y2009_2013,n_cell,count,240,240,-0.34972621266475545,-0.47269189187787,-0.23264022278409544,1,1,1
mpos,unemp,other,fe_country,y2009_2013,n_cell,rate,244,244,-0.34972621266475545,-0.48904340102342386,-0.23264022278409544,1,1,1
mpos,unemp,other,fe_country,y2009_2013,n_cell,share,248,248,-0.3858099796665151,-0.5591611462021839,-0.267253657789531,1,1,1
mpos,unemp,other,fe_country,y2009_2013,n_eff,count,240,240,-0.3507541795109357,-0.4872163984721895,-0.23264022278409544,1,1,1
mpos,unemp,other,fe_country,y2009_2013,n_eff,rate,244,244,-0.3507541795109357,-0.5054978338095534,-0.23264022278409544,1,1,1
mpos,unemp,other,fe_country,y2009_2013,n_eff,share,248,248,-0.38998888956780875,-0.5701072402486889,-0.267253657789531,1,1,1
mpos,unemp,other,fe_country,y2009_2013,none,count,240,240,-0.4236425084401608,-0.5773298964914577,-0.28021860560819634,1,1,1
mpos,unemp,other,fe_country,y2009_2013,none,rate,244,244,-0.4236425084401608,-0.6071478031970531,-0.28021860560819634,1,1,1
mpos,unemp,other,fe_country,y2009_2013,none,share,248,248,-0.47956397155688063,-0.6360868793646426,-0.3162389240513557,1,1,1
mpos,unemp,other,fe_country,y2009_2013,pop,count,240,240,-0.481246625033081,-0.6604317848853007,-0.1975504283553347,1,1,1
mpos,unemp,other,fe_country,y2009_2013,pop,rate,244,244,-0.481246625033081,-0.6890497211859429,-0.1975504283553347,1,1,1
mpos,unemp,other,fe_country,y2009_2013,pop,share,248,248,-0.3924787648331159,-0.7133951400637726,-0.16102865764453814,1,0.907258064516129,0.907258064516129
mpos,unemp,other,fe_twoway,all,n_cell,count,240,240,-0.03975621856906772,-0.2764233925475997,0.00148190503273642,0.9833333333333333,0.17916666666666667,0.17916666666666667
mpos,unemp,other,fe_twoway,all,n_cell,rate,244,244,-0.040123352621757924,-0.2764233925475997,0.00148190503273642,0.9836065573770492,0.1762295081967213,0.1762295081967213
mpos,unemp,other,fe_twoway,all,n_cell,share,248,248,-0.2035589379057198,-0.39299123872403874,-0.1163537207912409,1,0.9435483870967742,0.9435483870967742
mpos,unemp,other,fe_twoway,all,n_eff,count,240,240,-0.03617095419735991,-0.2771196689623237,0.00148190503273642,0.9833333333333333,0.17916666666666667,0.17916666666666667
mpos,unemp,other,fe_twoway,all,n_eff,rate,244,244,-0.03685656886295723,-0.2771196689623237,0.00148190503273642,0.9836065573770492,0.1762295081967213,0.1762295081967213
mpos,unemp,other,fe_twoway,all,n_eff,share,248,248,-0.20455016243201374,-0.3961399143998007,-0.1163537207912409,1,0.9435483870967742,0.9435483870967742
mpos,unemp,other,fe_twoway,all,none,count,240,240,-0.05652462332908173,-0.33363086835581635,-0.01359163036207891,1,0.18333333333333332,0.18333333333333332
mpos,unemp,other,fe_twoway,all,none,rate,244,244,-0.05708157212196402,-0.33363086835581635,-0.01359163036207891,1,0.18032786885245902,0.18032786885245902
mpos,unemp,other,fe_twoway,all,none,share,248,248,-0.24686723955839962,-0.4453631113640862,-0.13728594244269143,1,1,1
mpos,unemp,other,fe_twoway,all,pop,count,240,240,0.05870330292998703,-0.5864018921383432,0.1559954060137397,0.225,0.2916666666666667,0.2
mpos,unemp,other,fe_twoway,all,pop,rate,244,244,0.056804292470966425,-0.5864018921383432,0.1559954060137397,0.22131147540983606,0.28688524590163933,0.19672131147540983
mpos,unemp,other,fe_twoway,all,pop,share,248,248,-0.3460478503125608,-0.7168197546070225,-0.1764754340561981,1,0.9798387096774194,0.9798387096774194
mpos,unemp,other,fe_twoway,no_GR_ES,n_cell,count,240,240,0.0013684662353664408,-0.20420366087988737,0.06819752256235137,0.5,0.0125,0.0125
mpos,unemp,other,fe_twoway,no_GR_ES,n_cell,rate,244,244,0.0013684662353664408,-0.20420366087988737,0.06819752256235137,0.5,0.012295081967213115,0.012295081967213115
mpos,unemp,other,fe_twoway,no_GR_ES,n_cell,share,248,248,-0.11769875218130357,-0.2599221767268625,-0.02066081607317486,1,0.33064516129032256,0.33064516129032256
mpos,unemp,other,fe_twoway,no_GR_ES,n_eff,count,240,240,0.00562400575177006,-0.2064937218208673,0.06819752256235137,0.4666666666666667,0.0125,0.0125
mpos,unemp,other,fe_twoway,no_GR_ES,n_eff,rate,244,244,0.00562400575177006,-0.2064937218208673,0.06819752256235137,0.4672131147540984,0.012295081967213115,0.012295081967213115
mpos,unemp,other,fe_twoway,no_GR_ES,n_eff,share,248,248,-0.11667481008858616,-0.26479709367785426,-0.02066081607317486,1,0.32661290322580644,0.32661290322580644
mpos,unemp,other,fe_twoway,no_GR_ES,none,count,240,240,-0.03267728159521722,-0.2716569511951046,0.01855329747370527,0.8916666666666667,0.1,0.1
mpos,unemp,other,fe_twoway,no_GR_ES,none,rate,244,244,-0.03268966591386424,-0.2716569511951046,0.01855329747370527,0.8934426229508197,0.09836065573770492,0.09836065573770492
mpos,unemp,other,fe_twoway,no_GR_ES,none,share,248,248,-0.16582272995615532,-0.33334786493502716,-0.05483019877108107,1,0.6612903225806451,0.6612903225806451
mpos,unemp,other,fe_twoway,no_GR_ES,pop,count,240,240,0.10266788124115402,-0.471573734594762,0.1963705257117474,0.2,0.44166666666666665,0.2
mpos,unemp,other,fe_twoway,no_GR_ES,pop,rate,244,244,0.10240691916904053,-0.471573734594762,0.1963705257117474,0.20491803278688525,0.4344262295081967,0.19672131147540983
mpos,unemp,other,fe_twoway,no_GR_ES,pop,share,248,248,-0.23569608055618152,-0.4074404412323085,-0.07782948884341792,1,0.8629032258064516,0.8629032258064516
mpos,unemp,other,fe_twoway,no_bailout,n_cell,count,240,240,-2.740875053502495e-4,-0.08175012785704341,0.08457577696368897,0.5,0,0
mpos,unemp,other,fe_twoway,no_bailout,n_cell,rate,244,244,-2.740875053502495e-4,-0.08175012785704341,0.08457577696368897,0.5,0,0
mpos,unemp,other,fe_twoway,no_bailout,n_cell,share,248,248,-0.0010738875174423033,-0.10615194004246978,0.0936122455898436,0.5241935483870968,0,0
mpos,unemp,other,fe_twoway,no_bailout,n_eff,count,240,240,-2.740875053502495e-4,-0.08175012785704341,0.08126038908353278,0.5,0,0
mpos,unemp,other,fe_twoway,no_bailout,n_eff,rate,244,244,-2.740875053502495e-4,-0.08175012785704341,0.08126038908353278,0.5,0,0
mpos,unemp,other,fe_twoway,no_bailout,n_eff,share,248,248,-0.001741625653916845,-0.10615194004246978,0.0936122455898436,0.5161290322580645,0,0
mpos,unemp,other,fe_twoway,no_bailout,none,count,240,240,-0.0099608242712884,-0.08376096496185836,0.05335709544120043,0.625,0,0
mpos,unemp,other,fe_twoway,no_bailout,none,rate,244,244,-0.0099608242712884,-0.08376096496185836,0.05335709544120043,0.6229508196721312,0,0
mpos,unemp,other,fe_twoway,no_bailout,none,share,248,248,-0.020034908134066366,-0.1304014983109523,0.07682898647817916,0.6290322580645161,0,0
mpos,unemp,other,fe_twoway,no_bailout,pop,count,240,240,0.05869536646805251,-0.4836872903997393,0.1656087929271636,0.26666666666666666,0.20833333333333334,0.2
mpos,unemp,other,fe_twoway,no_bailout,pop,rate,244,244,0.05686807828531182,-0.4836872903997393,0.1656087929271636,0.2786885245901639,0.20491803278688525,0.19672131147540983
mpos,unemp,other,fe_twoway,no_bailout,pop,share,248,248,-0.2149326166340727,-0.41967209967528374,-0.08448051329832444,1,0.717741935483871,0.717741935483871
mpos,unemp,other,fe_twoway,y2004_2008,n_cell,count,240,192,-0.019001918998406524,-0.0870535965651356,0.04230044131090182,0.65625,0,0
mpos,unemp,other,fe_twoway,y2004_2008,n_cell,rate,244,196,-0.019001918998406524,-0.0870535965651356,0.04230044131090182,0.6530612244897959,0,0
mpos,unemp,other,fe_twoway,y2004_2008,n_cell,share,248,200,-0.33198894022250847,-0.4836922815746714,-0.2505824061080219,1,1,1
mpos,unemp,other,fe_twoway,y2004_2008,n_eff,count,240,192,-0.016480828525397874,-0.08649549284822462,0.04984220244811682,0.625,0,0
mpos,unemp,other,fe_twoway,y2004_2008,n_eff,rate,244,196,-0.016062708752007084,-0.08649549284822462,0.04984220244811682,0.6224489795918368,0,0
mpos,unemp,other,fe_twoway,y2004_2008,n_eff,share,248,200,-0.3325111771192595,-0.4863415289373396,-0.2505824061080219,1,1,1
mpos,unemp,other,fe_twoway,y2004_2008,none,count,240,192,-0.05591265705810844,-0.13558444913473056,-0.00999334321453474,1,0,0
mpos,unemp,other,fe_twoway,y2004_2008,none,rate,244,196,-0.05542245492556408,-0.13558444913473056,-0.00999334321453474,1,0,0
mpos,unemp,other,fe_twoway,y2004_2008,none,share,248,200,-0.32011633560965436,-0.4625815922654407,-0.25031183380920846,1,1,1
mpos,unemp,other,fe_twoway,y2004_2008,pop,count,240,192,0.14225843762940743,0.08637679969549221,0.22190580448508604,0,0.06770833333333333,0
mpos,unemp,other,fe_twoway,y2004_2008,pop,rate,244,196,0.14225843762940743,0.08637679969549221,0.22190580448508604,0,0.0663265306122449,0
mpos,unemp,other,fe_twoway,y2004_2008,pop,share,248,200,-0.4136684762322006,-0.6006680288593094,-0.2178068865492393,1,1,1
mpos,unemp,other,fe_twoway,y2009_2013,n_cell,count,240,240,-0.24776364805920495,-0.29521361856165734,-0.1651290379579166,1,0.9291666666666667,0.9291666666666667
mpos,unemp,other,fe_twoway,y2009_2013,n_cell,rate,244,244,-0.24785289337425753,-0.3290093038007423,-0.1651290379579166,1,0.930327868852459,0.930327868852459
mpos,unemp,other,fe_twoway,y2009_2013,n_cell,share,248,248,-0.32112853693096655,-0.4178458853385505,-0.19684474969598087,1,1,1
mpos,unemp,other,fe_twoway,y2009_2013,n_eff,count,240,240,-0.24795304895822734,-0.2965153321612854,-0.1651290379579166,1,0.925,0.925
mpos,unemp,other,fe_twoway,y2009_2013,n_eff,rate,244,244,-0.24814265951091077,-0.32987735537776897,-0.1651290379579166,1,0.9262295081967213,0.9262295081967213
mpos,unemp,other,fe_twoway,y2009_2013,n_eff,share,248,248,-0.3244110405992,-0.4201779182246273,-0.19684474969598087,1,1,1
mpos,unemp,other,fe_twoway,y2009_2013,none,count,240,240,-0.27264653923113175,-0.3469318350153119,-0.16622939824940952,1,0.9375,0.9375
mpos,unemp,other,fe_twoway,y2009_2013,none,rate,244,244,-0.27264653923113175,-0.395990732963737,-0.16622939824940952,1,0.9385245901639344,0.9385245901639344
mpos,unemp,other,fe_twoway,y2009_2013,none,share,248,248,-0.3603519417411933,-0.467558130002784,-0.2397864248124224,1,1,1
mpos,unemp,other,fe_twoway,y2009_2013,pop,count,240,240,-0.450131823238913,-0.6117614215909173,-0.32690636082710367,1,1,1
mpos,unemp,other,fe_twoway,y2009_2013,pop,rate,244,244,-0.4503132364428396,-0.6117614215909173,-0.32690636082710367,1,1,1
mpos,unemp,other,fe_twoway,y2009_2013,pop,share,248,248,-0.27127958600678126,-0.5958735177011234,-0.1762231477308197,1,0.9193548387096774,0.9193548387096774
mpos,unemp,other,pooled_cl,all,n_cell,count,240,240,-0.2966279991954996,-0.5761526414932067,-0.1461224660258876,1,1,1
mpos,unemp,other,pooled_cl,all,n_cell,rate,244,244,-0.2966279991954996,-0.5761526414932067,-0.1461224660258876,1,1,1
mpos,unemp,other,pooled_cl,all,n_cell,share,248,248,0.08914000918385512,0.01190052521216144,0.3896079242349883,0,0.25806451612903225,0
mpos,unemp,other,pooled_cl,all,n_eff,count,240,240,-0.30114126504721017,-0.577984689542105,-0.14817341955307858,1,1,1
mpos,unemp,other,pooled_cl,all,n_eff,rate,244,244,-0.30114126504721017,-0.577984689542105,-0.14817341955307858,1,1,1
mpos,unemp,other,pooled_cl,all,n_eff,share,248,248,0.08896193816925421,0.00932450442900056,0.3893047806515129,0,0.2540322580645161,0
mpos,unemp,other,pooled_cl,all,none,count,240,240,-0.34619681530993857,-0.61019709645393,-0.1918225228843619,1,1,1
mpos,unemp,other,pooled_cl,all,none,rate,244,244,-0.34619681530993857,-0.61019709645393,-0.1918225228843619,1,1,1
mpos,unemp,other,pooled_cl,all,none,share,248,248,0.04151769591150707,-0.07676274661586213,0.24566192904648348,0.16129032258064516,0.10887096774193548,0
mpos,unemp,other,pooled_cl,all,pop,count,240,240,-0.06555181041354438,-0.6251543084896989,-8.37979425918991e-4,1,0.26666666666666666,0.26666666666666666
mpos,unemp,other,pooled_cl,all,pop,rate,244,244,-0.06555181041354438,-0.6251543084896989,-8.37979425918991e-4,1,0.26639344262295084,0.26639344262295084
mpos,unemp,other,pooled_cl,all,pop,share,248,248,0.09965899063925587,-0.10039566673034152,0.35233090423678004,0.03225806451612903,0.38306451612903225,0
mpos,unemp,other,pooled_cl,no_GR_ES,n_cell,count,240,240,-0.2796139681155206,-0.5399605343333824,-0.13791392483410722,1,1,1
mpos,unemp,other,pooled_cl,no_GR_ES,n_cell,rate,244,244,-0.2796139681155206,-0.5399605343333824,-0.13791392483410722,1,1,1
mpos,unemp,other,pooled_cl,no_GR_ES,n_cell,share,248,248,0.12600446543022842,0.03131606959050562,0.4847200348038538,0,0.4879032258064516,0
mpos,unemp,other,pooled_cl,no_GR_ES,n_eff,count,240,240,-0.28714736962999576,-0.5419966195418553,-0.14020188098056652,1,1,1
mpos,unemp,other,pooled_cl,no_GR_ES,n_eff,rate,244,244,-0.28714736962999576,-0.5419966195418553,-0.14020188098056652,1,1,1
mpos,unemp,other,pooled_cl,no_GR_ES,n_eff,share,248,248,0.1250961639413054,0.03131606959050562,0.4812631950280672,0,0.4879032258064516,0
mpos,unemp,other,pooled_cl,no_GR_ES,none,count,240,240,-0.33407806548211383,-0.5827207470151436,-0.18058751828524677,1,1,1
mpos,unemp,other,pooled_cl,no_GR_ES,none,rate,244,244,-0.33407806548211383,-0.5827207470151436,-0.18058751828524677,1,1,1
mpos,unemp,other,pooled_cl,no_GR_ES,none,share,248,248,0.0835121774835528,-9.414342134218764e-4,0.3329316085038589,0.008064516129032258,0.16129032258064516,0
mpos,unemp,other,pooled_cl,no_GR_ES,pop,count,240,240,0.007716221755442355,-0.5008506506890754,0.10415764328937475,0.35,0.2,0.2
mpos,unemp,other,pooled_cl,no_GR_ES,pop,rate,244,244,0.00755944601744452,-0.5008506506890754,0.10415764328937475,0.3524590163934426,0.19672131147540983,0.19672131147540983
mpos,unemp,other,pooled_cl,no_GR_ES,pop,share,248,248,0.1493483492349535,0.03199167426975946,0.5435270759429679,0,0.5806451612903226,0
mpos,unemp,other,pooled_cl,no_bailout,n_cell,count,240,240,-0.12718631664082947,-0.3627497409058913,-0.05393145369746807,1,0.4,0.4
mpos,unemp,other,pooled_cl,no_bailout,n_cell,rate,244,244,-0.12718631664082947,-0.3627497409058913,-0.05393145369746807,1,0.3975409836065574,0.3975409836065574
mpos,unemp,other,pooled_cl,no_bailout,n_cell,share,248,248,0.258071460899607,0.10576729576498008,0.6012975602773428,0,0.9112903225806451,0
mpos,unemp,other,pooled_cl,no_bailout,n_eff,count,240,240,-0.136303790678792,-0.3627497409058913,-0.05782530710626773,1,0.45,0.45
mpos,unemp,other,pooled_cl,no_bailout,n_eff,rate,244,244,-0.136303790678792,-0.3627497409058913,-0.05782530710626773,1,0.45081967213114754,0.45081967213114754
mpos,unemp,other,pooled_cl,no_bailout,n_eff,share,248,248,0.2635742709848494,0.10576729576498008,0.6106084097561212,0,0.9314516129032258,0
mpos,unemp,other,pooled_cl,no_bailout,none,count,240,240,-0.18586876113611547,-0.4131708413700392,-0.09822121706451813,1,0.6416666666666667,0.6416666666666667
mpos,unemp,other,pooled_cl,no_bailout,none,rate,244,244,-0.18586876113611547,-0.4131708413700392,-0.09822121706451813,1,0.6434426229508197,0.6434426229508197
mpos,unemp,other,pooled_cl,no_bailout,none,share,248,248,0.20149133072667944,0.0785749819581684,0.4669870630016396,0,0.75,0
mpos,unemp,other,pooled_cl,no_bailout,pop,count,240,240,0.07001995049402704,-0.41881375161303447,0.2247505277473131,0.2,0.375,0.175
mpos,unemp,other,pooled_cl,no_bailout,pop,rate,244,244,0.07001995049402704,-0.41881375161303447,0.2247505277473131,0.19672131147540983,0.36885245901639346,0.1721311475409836
mpos,unemp,other,pooled_cl,no_bailout,pop,share,248,248,0.25871804276962684,0.0776394400393751,0.6545771189122069,0,0.842741935483871,0
mpos,unemp,other,pooled_cl,y2004_2008,n_cell,count,240,192,-0.014446528389428316,-0.07107948292358354,0.02712519601324132,0.7604166666666666,0,0
mpos,unemp,other,pooled_cl,y2004_2008,n_cell,rate,244,196,-0.014446528389428316,-0.07107948292358354,0.02712519601324132,0.7551020408163265,0,0
mpos,unemp,other,pooled_cl,y2004_2008,n_cell,share,248,200,0.0723433254493485,0.00725978249625934,0.1517803640889117,0,0,0
mpos,unemp,other,pooled_cl,y2004_2008,n_eff,count,240,192,-0.017284869229702876,-0.07107948292358354,0.01813168396127123,0.8333333333333334,0,0
mpos,unemp,other,pooled_cl,y2004_2008,n_eff,rate,244,196,-0.017284869229702876,-0.07107948292358354,0.01813168396127123,0.8367346938775511,0,0
mpos,unemp,other,pooled_cl,y2004_2008,n_eff,share,248,200,0.07520670616036913,0.00725978249625934,0.15699550084570504,0,0,0
mpos,unemp,other,pooled_cl,y2004_2008,none,count,240,192,-0.09120320783358316,-0.18309758055079367,-0.04291790075269849,1,0.020833333333333332,0.020833333333333332
mpos,unemp,other,pooled_cl,y2004_2008,none,rate,244,196,-0.09064316276562381,-0.18309758055079367,-0.04291790075269849,1,0.02040816326530612,0.02040816326530612
mpos,unemp,other,pooled_cl,y2004_2008,none,share,248,200,0.08072915980121578,0.00481647960038674,0.1662666307935996,0,0,0
mpos,unemp,other,pooled_cl,y2004_2008,pop,count,240,192,0.16963499988836583,0.08293032310514706,0.32557378997609815,0,0.5,0
mpos,unemp,other,pooled_cl,y2004_2008,pop,rate,244,196,0.16963499988836583,0.08293032310514706,0.32557378997609815,0,0.5,0
mpos,unemp,other,pooled_cl,y2004_2008,pop,share,248,200,0.09334037971849854,0.01304870620909872,0.3096051613297531,0,0.305,0
mpos,unemp,other,pooled_cl,y2009_2013,n_cell,count,240,240,-0.4407074452501666,-0.5920555530444075,-0.293262359587848,1,1,1
mpos,unemp,other,pooled_cl,y2009_2013,n_cell,rate,244,244,-0.4407074452501666,-0.5920555530444075,-0.293262359587848,1,1,1
mpos,unemp,other,pooled_cl,y2009_2013,n_cell,share,248,248,0.13754859689075882,0.01886343769648195,0.3919619861695463,0,0.3346774193548387,0
mpos,unemp,other,pooled_cl,y2009_2013,n_eff,count,240,240,-0.4373728079985352,-0.5920555530444075,-0.293262359587848,1,1,1
mpos,unemp,other,pooled_cl,y2009_2013,n_eff,rate,244,244,-0.4373728079985352,-0.5920555530444075,-0.293262359587848,1,1,1
mpos,unemp,other,pooled_cl,y2009_2013,n_eff,share,248,248,0.13429552011595108,0.01470951453607545,0.3906345195022632,0,0.3185483870967742,0
mpos,unemp,other,pooled_cl,y2009_2013,none,count,240,240,-0.4855479058031893,-0.6294155146411057,-0.3303527979913467,1,1,1
mpos,unemp,other,pooled_cl,y2009_2013,none,rate,244,244,-0.4855479058031893,-0.6294155146411057,-0.3303527979913467,1,1,1
mpos,unemp,other,pooled_cl,y2009_2013,none,share,248,248,0.04740651906319247,-0.07889495135612053,0.24144313710492912,0.23387096774193547,0.06451612903225806,0
mpos,unemp,other,pooled_cl,y2009_2013,pop,count,240,240,-0.380393840761415,-0.7972379682935978,-0.17051748195573066,1,1,1
mpos,unemp,other,pooled_cl,y2009_2013,pop,rate,244,244,-0.380393840761415,-0.7972379682935978,-0.17051748195573066,1,1,1
mpos,unemp,other,pooled_cl,y2009_2013,pop,share,248,248,0.09976194023336811,-0.08569233170529522,0.3620296314609828,0.14516129032258066,0.21774193548387097,0
mpos,unemp,other,re,all,none,count,240,240,-0.2723603370889661,-0.5540056442165868,-0.18148801688830576,1,1,1
mpos,unemp,other,re,all,none,rate,244,242,-0.2729462670639965,-0.5540056442165868,-0.18148801688830576,1,1,1
mpos,unemp,other,re,all,none,share,248,246,-0.3651270530139271,-0.4908884888263367,-0.23317409322743063,1,1,1
mpos,unemp,other,re,no_GR_ES,none,count,240,240,-0.21388850705825607,-0.4984587930519334,-0.119761032087966,1,0.9666666666666667,0.9666666666666667
mpos,unemp,other,re,no_GR_ES,none,rate,244,242,-0.21388850705825607,-0.4984587930519334,-0.119761032087966,1,0.9669421487603306,0.9669421487603306
mpos,unemp,other,re,no_GR_ES,none,share,248,246,-0.2867430529582573,-0.4444748713902605,-0.16178515302307872,1,0.9715447154471545,0.9715447154471545
mpos,unemp,other,re,no_bailout,none,count,240,240,-0.10727873975734968,-0.2947748027477428,-0.03773706694823697,1,0.26666666666666666,0.26666666666666666
mpos,unemp,other,re,no_bailout,none,rate,244,242,-0.10727873975734968,-0.2947748027477428,-0.03773706694823697,1,0.2644628099173554,0.2644628099173554
mpos,unemp,other,re,no_bailout,none,share,248,246,-0.20302539540857623,-0.33577859244905306,-0.01904961253300801,1,0.7439024390243902,0.7439024390243902
mpos,unemp,other,re,y2004_2008,none,count,240,192,0.2040031724510601,0.12801422569097184,0.25067143101633366,0,0.8020833333333334,0
mpos,unemp,other,re,y2004_2008,none,rate,244,194,0.20419734434514775,0.12801422569097184,0.25067143101633366,0,0.8041237113402062,0
mpos,unemp,other,re,y2004_2008,none,share,248,198,-0.27956209454342895,-0.4156769065126617,-0.19466304277086444,1,1,1
mpos,unemp,other,re,y2009_2013,none,count,240,240,-0.4471313822457795,-0.577050569417818,-0.3091272909335016,1,1,1
mpos,unemp,other,re,y2009_2013,none,rate,244,242,-0.4953989285440328,-0.577050569417818,-0.3091272909335016,1,1,1
mpos,unemp,other,re,y2009_2013,none,share,248,246,-0.37878067372843227,-0.5194354044211114,-0.225245830473158,1,1,1
mutil,growth,none,fe_country,all,n_cell,count,48,48,-0.3752610161070159,-0.4374379028575865,-0.30766530263948794,1,1,1
mutil,growth,none,fe_country,all,n_cell,rate,50,50,-0.42276768594702246,-0.5035235850972329,-0.30766530263948794,1,1,1
mutil,growth,none,fe_country,all,n_cell,share,50,50,-0.39862278844130256,-0.4650004078561895,-0.30857530447280945,1,1,1
mutil,growth,none,fe_country,all,n_eff,count,48,48,-0.37302895594680974,-0.44128559860113786,-0.30766530263948794,1,1,1
mutil,growth,none,fe_country,all,n_eff,rate,50,50,-0.42276768594702246,-0.5075944088744717,-0.30766530263948794,1,1,1
mutil,growth,none,fe_country,all,n_eff,share,50,50,-0.399540180817467,-0.4672597916393546,-0.3088163761504112,1,1,1
mutil,growth,none,fe_country,all,none,count,48,48,-0.3640404962083184,-0.42335623006565615,-0.2923119517311273,1,1,1
mutil,growth,none,fe_country,all,none,rate,50,50,-0.40540310274894087,-0.48389426211342607,-0.2923119517311273,1,1,1
mutil,growth,none,fe_country,all,none,share,50,50,-0.36983036376912237,-0.43442451338221383,-0.3024393003861359,1,1,1
mutil,growth,none,fe_country,all,pop,count,48,48,-0.30751386571806333,-0.4201730578829845,-0.20753084751502163,1,1,1
mutil,growth,none,fe_country,all,pop,rate,50,50,-0.35452550205029576,-0.4498709029349487,-0.20753084751502163,1,1,1
mutil,growth,none,fe_country,all,pop,share,50,50,-0.25277515579575194,-0.325026004811334,-0.16139914256899995,1,1,1
mutil,growth,none,fe_country,no_GR_ES,n_cell,count,48,48,-0.3575902647613278,-0.42418871291146754,-0.28436293365891263,1,1,1
mutil,growth,none,fe_country,no_GR_ES,n_cell,rate,50,50,-0.4082549027271344,-0.4956101320355083,-0.28436293365891263,1,1,1
mutil,growth,none,fe_country,no_GR_ES,n_cell,share,50,50,-0.39391084140716087,-0.4675769250983354,-0.28572645890447224,1,1,1
mutil,growth,none,fe_country,no_GR_ES,n_eff,count,48,48,-0.3557350790814734,-0.4273858116815479,-0.28436293365891263,1,1,1
mutil,growth,none,fe_country,no_GR_ES,n_eff,rate,50,50,-0.4082549027271344,-0.4991399941612169,-0.28436293365891263,1,1,1
mutil,growth,none,fe_country,no_GR_ES,n_eff,share,50,50,-0.3947606859208073,-0.4696442919219083,-0.28572645890447224,1,1,1
mutil,growth,none,fe_country,no_GR_ES,none,count,48,48,-0.35724555598009555,-0.4204840658798044,-0.2799412080782276,1,1,1
mutil,growth,none,fe_country,no_GR_ES,none,rate,50,50,-0.40364923995188273,-0.4874488310134003,-0.2799412080782276,1,1,1
mutil,growth,none,fe_country,no_GR_ES,none,share,50,50,-0.38462188187783697,-0.4523399320661124,-0.292243990483484,1,1,1
mutil,growth,none,fe_country,no_GR_ES,pop,count,48,48,-0.2933906594496838,-0.412022338620144,-0.1811571852443931,1,1,1
mutil,growth,none,fe_country,no_GR_ES,pop,rate,50,50,-0.33759187698444065,-0.4533797149231929,-0.1811571852443931,1,1,1
mutil,growth,none,fe_country,no_GR_ES,pop,share,50,50,-0.2499252116645675,-0.35237669756995493,-0.1353076692316576,1,1,1
mutil,growth,none,fe_country,no_bailout,n_cell,count,48,48,-0.32966859302715557,-0.3717858633293486,-0.29221320578793414,1,1,1
mutil,growth,none,fe_country,no_bailout,n_cell,rate,50,50,-0.359379755494313,-0.43459983502257993,-0.29221320578793414,1,1,1
mutil,growth,none,fe_country,no_bailout,n_cell,share,50,50,-0.32188059428487426,-0.41601746263930023,-0.2266968292861108,1,1,1
mutil,growth,none,fe_country,no_bailout,n_eff,count,48,48,-0.3299660713212481,-0.3751264442565994,-0.29221320578793414,1,1,1
mutil,growth,none,fe_country,no_bailout,n_eff,rate,50,50,-0.359379755494313,-0.4366427233815369,-0.29221320578793414,1,1,1
mutil,growth,none,fe_country,no_bailout,n_eff,share,50,50,-0.3230730140494259,-0.41753593981429177,-0.22936140825316065,1,1,1
mutil,growth,none,fe_country,no_bailout,none,count,48,48,-0.34278621125619846,-0.3688753050014805,-0.32180423866530117,1,1,1
mutil,growth,none,fe_country,no_bailout,none,rate,50,50,-0.3512158510086269,-0.41965231601369163,-0.32180423866530117,1,1,1
mutil,growth,none,fe_country,no_bailout,none,share,50,50,-0.3300510404792471,-0.40304981497267917,-0.2549829290180555,1,1,1
mutil,growth,none,fe_country,no_bailout,pop,count,48,48,-0.24775403788725722,-0.32008906228626977,-0.17624809059736432,1,1,1
mutil,growth,none,fe_country,no_bailout,pop,rate,50,50,-0.25889162766909435,-0.34549563889771734,-0.17624809059736432,1,1,1
mutil,growth,none,fe_country,no_bailout,pop,share,50,50,-0.15034740710467523,-0.2481054697486874,-0.08189024565836499,1,0.5,0.5
mutil,growth,none,fe_country,y2004_2008,n_cell,count,48,48,-0.4307721402614839,-0.5123199547541015,-0.3429938189833111,1,1,1
mutil,growth,none,fe_country,y2004_2008,n_cell,rate,50,50,-0.45744778278742526,-0.5355151078136714,-0.3429938189833111,1,1,1
mutil,growth,none,fe_country,y2004_2008,n_cell,share,50,50,-0.3259224438262911,-0.40811073340447795,-0.28266617643148156,1,1,1
mutil,growth,none,fe_country,y2004_2008,n_eff,count,48,48,-0.4307721402614839,-0.5225408957907547,-0.3468206515625327,1,1,1
mutil,growth,none,fe_country,y2004_2008,n_eff,rate,50,50,-0.4597390467250717,-0.5509285163228322,-0.3468206515625327,1,1,1
mutil,growth,none,fe_country,y2004_2008,n_eff,share,50,50,-0.33341583231853966,-0.41775138083172975,-0.28670973391635174,1,1,1
mutil,growth,none,fe_country,y2004_2008,none,count,48,48,-0.340747406442251,-0.42147496727755845,-0.2710560086521471,1,1,1
mutil,growth,none,fe_country,y2004_2008,none,rate,50,50,-0.3663412906082584,-0.4314597175580028,-0.2710560086521471,1,1,1
mutil,growth,none,fe_country,y2004_2008,none,share,50,50,-0.2818405949291156,-0.3249532394282102,-0.22068056093733115,1,1,1
mutil,growth,none,fe_country,y2004_2008,pop,count,48,48,-0.31186455094295884,-0.34656617370467274,-0.27263667936859004,1,1,1
mutil,growth,none,fe_country,y2004_2008,pop,rate,50,50,-0.3124482826521052,-0.3795755382925707,-0.27263667936859004,1,1,1
mutil,growth,none,fe_country,y2004_2008,pop,share,50,50,-0.13905068548383703,-0.2215227856208309,-0.09490805833552356,1,0.06,0.06
mutil,growth,none,fe_country,y2009_2013,n_cell,count,48,48,0.22102432329457236,0.1513266946252129,0.3096236317123563,0,0.5,0
mutil,growth,none,fe_country,y2009_2013,n_cell,rate,50,50,0.2259965937502061,0.1513266946252129,0.3096236317123563,0,0.5,0
mutil,growth,none,fe_country,y2009_2013,n_cell,share,50,50,0.1826825578421062,0.1149133418420354,0.2667037047975225,0,0.5,0
mutil,growth,none,fe_country,y2009_2013,n_eff,count,48,48,0.2124128567198027,0.1461145308678695,0.3096236317123563,0,0.5,0
mutil,growth,none,fe_country,y2009_2013,n_eff,rate,50,50,0.21569843592511417,0.1461145308678695,0.3096236317123563,0,0.5,0
mutil,growth,none,fe_country,y2009_2013,n_eff,share,50,50,0.17425876599198098,0.10838910839030357,0.2667037047975225,0,0.48,0
mutil,growth,none,fe_country,y2009_2013,none,count,48,48,0.24486593094190903,0.2037170346463769,0.28429349191515113,0,1,0
mutil,growth,none,fe_country,y2009_2013,none,rate,50,50,0.24906024848655672,0.2037170346463769,0.28429349191515113,0,1,0
mutil,growth,none,fe_country,y2009_2013,none,share,50,50,0.23431779668371944,0.17646184199084444,0.27305305578847827,0,0.84,0
mutil,growth,none,fe_country,y2009_2013,pop,count,48,48,0.30066069922841093,0.24583191302998844,0.3657439771038804,0,1,0
mutil,growth,none,fe_country,y2009_2013,pop,rate,50,50,0.3060280440105129,0.24583191302998844,0.44111818401271274,0,1,0
mutil,growth,none,fe_country,y2009_2013,pop,share,50,50,0.2577082406014273,0.21545940477372047,0.3623539821858403,0,1,0
mutil,growth,none,fe_twoway,all,n_cell,count,48,48,-0.24447068756348167,-0.30021294715400165,-0.19569635199749927,1,1,1
mutil,growth,none,fe_twoway,all,n_cell,rate,50,50,-0.248676318471362,-0.30408656623710006,-0.19569635199749927,1,1,1
mutil,growth,none,fe_twoway,all,n_cell,share,50,50,-0.33076180034327746,-0.3671675954344813,-0.2837599441120335,1,1,1
mutil,growth,none,fe_twoway,all,n_eff,count,48,48,-0.24426779568269552,-0.3020005114695374,-0.19569635199749927,1,1,1
mutil,growth,none,fe_twoway,all,n_eff,rate,50,50,-0.2480853653740921,-0.30629326499543064,-0.19569635199749927,1,1,1
mutil,growth,none,fe_twoway,all,n_eff,share,50,50,-0.3329683535401298,-0.36565995740586943,-0.2837599441120335,1,1,1
mutil,growth,none,fe_twoway,all,none,count,48,48,-0.22905282620766762,-0.2861402813601204,-0.17144897276209572,1,1,1
mutil,growth,none,fe_twoway,all,none,rate,50,50,-0.2354428419095687,-0.302898302933076,-0.17144897276209572,1,1,1
mutil,growth,none,fe_twoway,all,none,share,50,50,-0.31417721163418205,-0.34963194688744914,-0.2722383006047673,1,1,1
mutil,growth,none,fe_twoway,all,pop,count,48,48,-0.30926189253171776,-0.4118563040448332,-0.1846566321170944,1,1,1
mutil,growth,none,fe_twoway,all,pop,rate,50,50,-0.308112766127949,-0.4118563040448332,-0.1846566321170944,1,1,1
mutil,growth,none,fe_twoway,all,pop,share,50,50,-0.28679180795989023,-0.3782867531372868,-0.21497912340702582,1,1,1
mutil,growth,none,fe_twoway,no_GR_ES,n_cell,count,48,48,-0.24974143772906765,-0.3155156610536351,-0.18710330805983724,1,1,1
mutil,growth,none,fe_twoway,no_GR_ES,n_cell,rate,50,50,-0.2603496741218494,-0.3249347131789539,-0.18710330805983724,1,1,1
mutil,growth,none,fe_twoway,no_GR_ES,n_cell,share,50,50,-0.33917357963882305,-0.3888609737949325,-0.2827779410520599,1,1,1
mutil,growth,none,fe_twoway,no_GR_ES,n_eff,count,48,48,-0.24896622566411464,-0.3177912924081708,-0.18710330805983724,1,1,1
mutil,growth,none,fe_twoway,no_GR_ES,n_eff,rate,50,50,-0.2592588503493973,-0.32790455877787683,-0.18710330805983724,1,1,1
mutil,growth,none,fe_twoway,no_GR_ES,n_eff,share,50,50,-0.34132659861413733,-0.3875033944877174,-0.2827779410520599,1,1,1
mutil,growth,none,fe_twoway,no_GR_ES,none,count,48,48,-0.23517988570598378,-0.3015720745889407,-0.16736906494423762,1,1,1
mutil,growth,none,fe_twoway,no_GR_ES,none,rate,50,50,-0.24724088637964475,-0.32376031722189325,-0.16736906494423762,1,1,1
mutil,growth,none,fe_twoway,no_GR_ES,none,share,50,50,-0.3250707150152481,-0.3708616446423336,-0.2673250830490914,1,1,1
mutil,growth,none,fe_twoway,no_GR_ES,pop,count,48,48,-0.3313626582940196,-0.439911640064684,-0.19982741777801755,1,1,1
mutil,growth,none,fe_twoway,no_GR_ES,pop,rate,50,50,-0.35196005188156043,-0.439911640064684,-0.19982741777801755,1,1,1
mutil,growth,none,fe_twoway,no_GR_ES,pop,share,50,50,-0.32903730596009967,-0.41602352387375,-0.25275013388191697,1,1,1
mutil,growth,none,fe_twoway,no_bailout,n_cell,count,48,48,-0.21233608518364372,-0.27143766341322495,-0.1748814211904046,1,1,1
mutil,growth,none,fe_twoway,no_bailout,n_cell,rate,50,50,-0.21233608518364372,-0.27143766341322495,-0.1748814211904046,1,1,1
mutil,growth,none,fe_twoway,no_bailout,n_cell,share,50,50,-0.2944891346383942,-0.3692117195404809,-0.23152099549183824,1,1,1
mutil,growth,none,fe_twoway,no_bailout,n_eff,count,48,48,-0.21379270510387882,-0.27158896942567373,-0.1748814211904046,1,1,1
mutil,growth,none,fe_twoway,no_bailout,n_eff,rate,50,50,-0.21379270510387882,-0.27158896942567373,-0.1748814211904046,1,1,1
mutil,growth,none,fe_twoway,no_bailout,n_eff,share,50,50,-0.2950310919161294,-0.3663559384237133,-0.23152099549183824,1,1,1
mutil,growth,none,fe_twoway,no_bailout,none,count,48,48,-0.20306714853211522,-0.24953028295102345,-0.1652081204350374,1,1,1
mutil,growth,none,fe_twoway,no_bailout,none,rate,50,50,-0.20306714853211522,-0.24953028295102345,-0.1652081204350374,1,1,1
mutil,growth,none,fe_twoway,no_bailout,none,share,50,50,-0.29299731272724616,-0.35414042398648465,-0.23828190767469928,1,1,1
mutil,growth,none,fe_twoway,no_bailout,pop,count,48,48,-0.2734540854676319,-0.31431362550479497,-0.20780098379560177,1,1,1
mutil,growth,none,fe_twoway,no_bailout,pop,rate,50,50,-0.2644993429850988,-0.31431362550479497,-0.2075139823300788,1,1,1
mutil,growth,none,fe_twoway,no_bailout,pop,share,50,50,-0.22461520386777772,-0.31963553836534137,-0.1659359082591557,1,1,1
mutil,growth,none,fe_twoway,y2004_2008,n_cell,count,48,48,-0.08872620247475557,-0.12295812196522886,-0.06130410558647228,1,0,0
mutil,growth,none,fe_twoway,y2004_2008,n_cell,rate,50,50,-0.08978030342691759,-0.15646798434017536,-0.06130410558647228,1,0,0
mutil,growth,none,fe_twoway,y2004_2008,n_cell,share,50,50,-0.2635946486050754,-0.30957612885788005,-0.20717640088812625,1,1,1
mutil,growth,none,fe_twoway,y2004_2008,n_eff,count,48,48,-0.08872620247475557,-0.12295812196522886,-0.05985634720042978,1,0,0
mutil,growth,none,fe_twoway,y2004_2008,n_eff,rate,50,50,-0.0897449196441452,-0.15303401501948288,-0.05985634720042978,1,0,0
mutil,growth,none,fe_twoway,y2004_2008,n_eff,share,50,50,-0.255525682148669,-0.3004250585864164,-0.2006945695598967,1,1,1
mutil,growth,none,fe_twoway,y2004_2008,none,count,48,48,-0.08494502992476965,-0.12957619154829964,-0.05389292430757994,1,0,0
mutil,growth,none,fe_twoway,y2004_2008,none,rate,50,50,-0.0911800371788952,-0.15155281965538311,-0.05389292430757994,1,0,0
mutil,growth,none,fe_twoway,y2004_2008,none,share,50,50,-0.246721509833974,-0.2939685328174688,-0.17346789478949778,1,0.74,0.74
mutil,growth,none,fe_twoway,y2004_2008,pop,count,48,48,-0.15641874025380675,-0.21740300084171457,-0.11651195903726684,1,0.14583333333333334,0.14583333333333334
mutil,growth,none,fe_twoway,y2004_2008,pop,rate,50,50,-0.16243863888035265,-0.2255998533943351,-0.11651195903726684,1,0.18,0.18
mutil,growth,none,fe_twoway,y2004_2008,pop,share,50,50,-0.13518533974860988,-0.165710669852319,-0.11570133376696563,1,0,0
mutil,growth,none,fe_twoway,y2009_2013,n_cell,count,48,48,-0.2961830443104598,-0.3603546470974672,-0.26681105008301065,1,1,1
mutil,growth,none,fe_twoway,y2009_2013,n_cell,rate,50,50,-0.3036359573690516,-0.3603546470974672,-0.26681105008301065,1,1,1
mutil,growth,none,fe_twoway,y2009_2013,n_cell,share,50,50,-0.2947912587807949,-0.3321632442002536,-0.26024362672657353,1,1,1
mutil,growth,none,fe_twoway,y2009_2013,n_eff,count,48,48,-0.30053865527654955,-0.3650995923009672,-0.26681105008301065,1,1,1
mutil,growth,none,fe_twoway,y2009_2013,n_eff,rate,50,50,-0.3036359573690516,-0.3650995923009672,-0.26681105008301065,1,1,1
mutil,growth,none,fe_twoway,y2009_2013,n_eff,share,50,50,-0.29850141508146555,-0.33517141667584655,-0.26024362672657353,1,1,1
mutil,growth,none,fe_twoway,y2009_2013,none,count,48,48,-0.3116301958919252,-0.3353842192775286,-0.2601651665034596,1,1,1
mutil,growth,none,fe_twoway,y2009_2013,none,rate,50,50,-0.3116301958919252,-0.377289807815714,-0.2601651665034596,1,1,1
mutil,growth,none,fe_twoway,y2009_2013,none,share,50,50,-0.29159241231318156,-0.3401342099819626,-0.2638128130195778,1,1,1
mutil,growth,none,fe_twoway,y2009_2013,pop,count,48,48,-0.2034640033121149,-0.25225596700808656,-0.1632475683340743,1,0.7083333333333334,0.7083333333333334
mutil,growth,none,fe_twoway,y2009_2013,pop,rate,50,50,-0.20593951645984154,-0.30902185058418924,-0.1632475683340743,1,0.72,0.72
mutil,growth,none,fe_twoway,y2009_2013,pop,share,50,50,-0.1557447204861828,-0.2097461924990412,-0.11173816538541498,1,0.2,0.2
mutil,growth,none,pooled_cl,all,n_cell,count,48,48,-0.2873751225442349,-0.3543793713476871,-0.22326850900613343,1,1,1
mutil,growth,none,pooled_cl,all,n_cell,rate,50,50,-0.29622574481067077,-0.3543793713476871,-0.22326850900613343,1,1,1
mutil,growth,none,pooled_cl,all,n_cell,share,50,50,-0.24529387103859557,-0.28603945725114627,-0.19885267669525103,1,1,1
mutil,growth,none,pooled_cl,all,n_eff,count,48,48,-0.28478262727692555,-0.3569895924861029,-0.22323365599010345,1,1,1
mutil,growth,none,pooled_cl,all,n_eff,rate,50,50,-0.29316136071149357,-0.3569895924861029,-0.22323365599010345,1,1,1
mutil,growth,none,pooled_cl,all,n_eff,share,50,50,-0.24333873342666668,-0.2884668465187343,-0.1976070583408088,1,1,1
mutil,growth,none,pooled_cl,all,none,count,48,48,-0.2969841415196031,-0.3668251756714696,-0.22766989093534976,1,1,1
mutil,growth,none,pooled_cl,all,none,rate,50,50,-0.30731007413948164,-0.3668251756714696,-0.22766989093534976,1,1,1
mutil,growth,none,pooled_cl,all,none,share,50,50,-0.26262809351782895,-0.2940028044002473,-0.2122053252218814,1,1,1
mutil,growth,none,pooled_cl,all,pop,count,48,48,-0.2405059282894979,-0.34895743495416326,-0.14007241438964305,1,1,1
mutil,growth,none,pooled_cl,all,pop,rate,50,50,-0.25685691256163423,-0.3596052966266451,-0.14007241438964305,1,1,1
mutil,growth,none,pooled_cl,all,pop,share,50,50,-0.11716454096327944,-0.1848430118932308,-0.07092121219833157,1,0.5,0.5
mutil,growth,none,pooled_cl,no_GR_ES,n_cell,count,48,48,-0.295298175799085,-0.35923662667775513,-0.2272597403431003,1,1,1
mutil,growth,none,pooled_cl,no_GR_ES,n_cell,rate,50,50,-0.30553154549826855,-0.36077742580812755,-0.2272597403431003,1,1,1
mutil,growth,none,pooled_cl,no_GR_ES,n_cell,share,50,50,-0.25751314633631167,-0.291873836414029,-0.2085448712510339,1,1,1
mutil,growth,none,pooled_cl,no_GR_ES,n_eff,count,48,48,-0.2931761104659379,-0.36115409410345867,-0.22707259645948288,1,1,1
mutil,growth,none,pooled_cl,no_GR_ES,n_eff,rate,50,50,-0.3020534942250202,-0.36225698875903906,-0.22707259645948288,1,1,1
mutil,growth,none,pooled_cl,no_GR_ES,n_eff,share,50,50,-0.2549825073164047,-0.2931809161286333,-0.20495204654106491,1,1,1
mutil,growth,none,pooled_cl,no_GR_ES,none,count,48,48,-0.29988540940268393,-0.36888499983296846,-0.23019239805865063,1,1,1
mutil,growth,none,pooled_cl,no_GR_ES,none,rate,50,50,-0.31112853600266055,-0.36888499983296846,-0.23019239805865063,1,1,1
mutil,growth,none,pooled_cl,no_GR_ES,none,share,50,50,-0.2740359902661159,-0.3014537402781817,-0.22184481034226433,1,1,1
mutil,growth,none,pooled_cl,no_GR_ES,pop,count,48,48,-0.25386262624158296,-0.3677672568554234,-0.1452969802586637,1,1,1
mutil,growth,none,pooled_cl,no_GR_ES,pop,rate,50,50,-0.2704822478248693,-0.38789312197631726,-0.1452969802586637,1,1,1
mutil,growth,none,pooled_cl,no_GR_ES,pop,share,50,50,-0.13274349334528457,-0.2148539314753728,-0.07305743888220964,1,0.5,0.5
mutil,growth,none,pooled_cl,no_bailout,n_cell,count,48,48,-0.2902486488892182,-0.33223072967223405,-0.25897927366275586,1,1,1
mutil,growth,none,pooled_cl,no_bailout,n_cell,rate,50,50,-0.29706706393855475,-0.3358714471836569,-0.25897927366275586,1,1,1
mutil,growth,none,pooled_cl,no_bailout,n_cell,share,50,50,-0.23866409700519195,-0.28688982580159983,-0.18213813830963071,1,1,1
mutil,growth,none,pooled_cl,no_bailout,n_eff,count,48,48,-0.2889372110567879,-0.33115269167972355,-0.2578348884662088,1,1,1
mutil,growth,none,pooled_cl,no_bailout,n_eff,rate,50,50,-0.29406655090610156,-0.3344710900175966,-0.2578348884662088,1,1,1
mutil,growth,none,pooled_cl,no_bailout,n_eff,share,50,50,-0.23637133015305273,-0.2853774879016606,-0.17872874882045223,1,1,1
mutil,growth,none,pooled_cl,no_bailout,none,count,48,48,-0.31434865276425833,-0.3398668815267487,-0.29833974505268224,1,1,1
mutil,growth,none,pooled_cl,no_bailout,none,rate,50,50,-0.3177982167570196,-0.34158790893071633,-0.29833974505268224,1,1,1
mutil,growth,none,pooled_cl,no_bailout,none,share,50,50,-0.26150352516424114,-0.2906055503013129,-0.20719418556259336,1,1,1
mutil,growth,none,pooled_cl,no_bailout,pop,count,48,48,-0.2150857977660447,-0.269771995045954,-0.16115956160015987,1,1,1
mutil,growth,none,pooled_cl,no_bailout,pop,rate,50,50,-0.2150857977660447,-0.269771995045954,-0.16115956160015987,1,1,1
mutil,growth,none,pooled_cl,no_bailout,pop,share,50,50,-0.042679131048481034,-0.09670053643460384,-0.01774247389231502,1,0,0
mutil,growth,none,pooled_cl,y2004_2008,n_cell,count,48,48,-0.35609809821360194,-0.47969161163299706,-0.2380577590849039,1,1,1
mutil,growth,none,pooled_cl,y2004_2008,n_cell,rate,50,50,-0.35609809821360194,-0.47969161163299706,-0.2380577590849039,1,1,1
mutil,growth,none,pooled_cl,y2004_2008,n_cell,share,50,50,-0.3427077105767632,-0.46126780211648866,-0.23197372054103532,1,1,1
mutil,growth,none,pooled_cl,y2004_2008,n_eff,count,48,48,-0.35378021186844266,-0.48180678034524055,-0.2380577590849039,1,1,1
mutil,growth,none,pooled_cl,y2004_2008,n_eff,rate,50,50,-0.35378021186844266,-0.48180678034524055,-0.2380577590849039,1,1,1
mutil,growth,none,pooled_cl,y2004_2008,n_eff,share,50,50,-0.34196794204551634,-0.46421477476690515,-0.23168556548348984,1,1,1
mutil,growth,none,pooled_cl,y2004_2008,none,count,48,48,-0.3167178754322012,-0.4397864911386679,-0.20456978645713791,1,1,1
mutil,growth,none,pooled_cl,y2004_2008,none,rate,50,50,-0.3167178754322012,-0.4397864911386679,-0.20456978645713791,1,1,1
mutil,growth,none,pooled_cl,y2004_2008,none,share,50,50,-0.31828476546333323,-0.4382624347619537,-0.2139959846621889,1,1,1
mutil,growth,none,pooled_cl,y2004_2008,pop,count,48,48,-0.4372676479698203,-0.6375750462913862,-0.24874166464651948,1,1,1
mutil,growth,none,pooled_cl,y2004_2008,pop,rate,50,50,-0.4661241882874341,-0.661280280143062,-0.24874166464651948,1,1,1
mutil,growth,none,pooled_cl,y2004_2008,pop,share,50,50,-0.35613247140103066,-0.533787124906815,-0.1864145479639872,1,1,1
mutil,growth,none,pooled_cl,y2009_2013,n_cell,count,48,48,0.1650009018353928,0.10391748193759698,0.25084260969403205,0,0.5,0
mutil,growth,none,pooled_cl,y2009_2013,n_cell,rate,50,50,0.1650009018353928,0.10391748193759698,0.25084260969403205,0,0.5,0
mutil,growth,none,pooled_cl,y2009_2013,n_cell,share,50,50,0.12554137048410907,0.0826346680074545,0.19407685954685466,0,0.12,0
mutil,growth,none,pooled_cl,y2009_2013,n_eff,count,48,48,0.1599499484846182,0.0968311645175135,0.25084260969403205,0,0.5,0
mutil,growth,none,pooled_cl,y2009_2013,n_eff,rate,50,50,0.1599499484846182,0.0968311645175135,0.25084260969403205,0,0.5,0
mutil,growth,none,pooled_cl,y2009_2013,n_eff,share,50,50,0.11949185276404793,0.0736976029756047,0.18442940057130888,0,0.1,0
mutil,growth,none,pooled_cl,y2009_2013,none,count,48,48,0.15098183305029697,0.10675584813786436,0.21403443449438345,0,0.4791666666666667,0
mutil,growth,none,pooled_cl,y2009_2013,none,rate,50,50,0.15098183305029697,0.10675584813786436,0.21403443449438345,0,0.48,0
mutil,growth,none,pooled_cl,y2009_2013,none,share,50,50,0.11724202650849458,0.0808154683279454,0.17679460119664966,0,0.04,0
mutil,growth,none,pooled_cl,y2009_2013,pop,count,48,48,0.3364827686467256,0.2474643747150458,0.450196415284538,0,1,0
mutil,growth,none,pooled_cl,y2009_2013,pop,rate,50,50,0.3364827686467256,0.2474643747150458,0.464745218372859,0,1,0
mutil,growth,none,pooled_cl,y2009_2013,pop,share,50,50,0.2905248909267827,0.2619461300026318,0.34354508390017213,0,1,0
mutil,growth,none,re,all,none,count,48,48,-0.3521627168590813,-0.4135982232067649,-0.2801346167050029,1,1,1
mutil,growth,none,re,all,none,rate,50,49,-0.3957072611576235,-0.41935303998723017,-0.2801346167050029,1,1,1
mutil,growth,none,re,all,none,share,50,49,-0.3580806271130352,-0.3809137586168613,-0.2916158816069462,1,1,1
mutil,growth,none,re,no_GR_ES,none,count,48,48,-0.34684516543060584,-0.4109113722944122,-0.2704187687322732,1,1,1
mutil,growth,none,re,no_GR_ES,none,rate,50,49,-0.3940027712661925,-0.420079086758614,-0.2704187687322732,1,1,1
mutil,growth,none,re,no_GR_ES,none,share,50,49,-0.37283117630525414,-0.39587105316560667,-0.28362356021929036,1,1,1
mutil,growth,none,re,no_bailout,none,count,48,48,-0.33882229984870466,-0.3625767067422502,-0.32196737903386546,1,1,1
mutil,growth,none,re,no_bailout,none,rate,50,49,-0.34461133662380783,-0.3625767067422502,-0.32196737903386546,1,1,1
mutil,growth,none,re,no_bailout,none,share,50,49,-0.3276878716104815,-0.34738876280916514,-0.25007407515724067,1,1,1
mutil,growth,none,re,y2004_2008,none,count,48,48,-0.3261448041631132,-0.3767322549504511,-0.29180447393780035,1,1,1
mutil,growth,none,re,y2004_2008,none,rate,50,49,-0.31875948067061227,-0.3767322549504511,-0.29180447393780035,1,1,1
mutil,growth,none,re,y2004_2008,none,share,50,49,-0.26505765574997975,-0.32349225470468124,-0.233013674157772,1,1,1
mutil,growth,none,re,y2009_2013,none,count,48,48,0.22427973400146914,0.1824964972576651,0.2689850946774727,0,1,0
mutil,growth,none,re,y2009_2013,none,rate,50,49,0.20436606927666975,0.1824964972576651,0.2689850946774727,0,1,0
mutil,growth,none,re,y2009_2013,none,share,50,49,0.19286697863201968,0.1606736607208702,0.2487927590395932,0,0.8367346938775511,0
mutil,growth,other,fe_country,all,n_cell,count,48,48,-0.29719138000149703,-0.3607645416875966,-0.23124669092925204,1,1,1
mutil,growth,other,fe_country,all,n_cell,rate,50,50,-0.3292894599979318,-0.40987991664468854,-0.23124669092925204,1,1,1
mutil,growth,other,fe_country,all,n_cell,share,50,50,-0.27802620660721944,-0.3411889804696494,-0.21397646751833163,1,1,1
mutil,growth,other,fe_country,all,n_eff,count,48,48,-0.29579318331771065,-0.36242270667598614,-0.23025220318495335,1,1,1
mutil,growth,other,fe_country,all,n_eff,rate,50,50,-0.3268581455237953,-0.41150598450338377,-0.23025220318495335,1,1,1
mutil,growth,other,fe_country,all,n_eff,share,50,50,-0.27873222377408896,-0.3410745007545932,-0.21397430182661528,1,1,1
mutil,growth,other,fe_country,all,none,count,48,48,-0.27581906333462125,-0.33558417783119715,-0.2093061676579107,1,1,1
mutil,growth,other,fe_country,all,none,rate,50,50,-0.3032322457584741,-0.38020130326946383,-0.2093061676579107,1,1,1
mutil,growth,other,fe_country,all,none,share,50,50,-0.24210000345579596,-0.2985092204528571,-0.18625594939046383,1,1,1
mutil,growth,other,fe_country,all,pop,count,48,48,-0.26519863379067465,-0.37294076397339354,-0.1649716003702616,1,1,1
mutil,growth,other,fe_country,all,pop,rate,50,50,-0.28481122668738934,-0.3898747390466583,-0.1649716003702616,1,1,1
mutil,growth,other,fe_country,all,pop,share,50,50,-0.13173025875424138,-0.19795509353626559,-0.08209379397914895,1,0.5,0.5
mutil,growth,other,fe_country,no_GR_ES,n_cell,count,48,48,-0.30218819220096915,-0.3712903719816907,-0.23001589085694243,1,1,1
mutil,growth,other,fe_country,no_GR_ES,n_cell,rate,50,50,-0.3405175361023177,-0.42844681410391855,-0.23001589085694243,1,1,1
mutil,growth,other,fe_country,no_GR_ES,n_cell,share,50,50,-0.2978662954890957,-0.3740706275878853,-0.21864812056419483,1,1,1
mutil,growth,other,fe_country,no_GR_ES,n_eff,count,48,48,-0.3009128627752745,-0.3730013262217346,-0.2282147221988867,1,1,1
mutil,growth,other,fe_country,no_GR_ES,n_eff,rate,50,50,-0.3373659511705748,-0.43046686771201004,-0.2282147221988867,1,1,1
mutil,growth,other,fe_country,no_GR_ES,n_eff,share,50,50,-0.2986970580799844,-0.37470922201875406,-0.21776211457024733,1,1,1
mutil,growth,other,fe_country,no_GR_ES,none,count,48,48,-0.28465277791826427,-0.34951894291791985,-0.21288154970638565,1,1,1
mutil,growth,other,fe_country,no_GR_ES,none,rate,50,50,-0.31920591590848124,-0.40312894962863705,-0.21288154970638565,1,1,1
mutil,growth,other,fe_country,no_GR_ES,none,share,50,50,-0.27075648171009825,-0.33984172809706,-0.199328536425572,1,1,1
mutil,growth,other,fe_country,no_GR_ES,pop,count,48,48,-0.29196134573306975,-0.41621904303333734,-0.17978684403691553,1,1,1
mutil,growth,other,fe_country,no_GR_ES,pop,rate,50,50,-0.3301998772848059,-0.4486383936130101,-0.17978684403691553,1,1,1
mutil,growth,other,fe_country,no_GR_ES,pop,share,50,50,-0.21431121332391462,-0.31775216135304557,-0.12799325852385382,1,0.76,0.76
mutil,growth,other,fe_country,no_bailout,n_cell,count,48,48,-0.30894934472051366,-0.3532838937466787,-0.26669145269436134,1,1,1
mutil,growth,other,fe_country,no_bailout,n_cell,rate,50,50,-0.33409240894715175,-0.406702867151142,-0.26669145269436134,1,1,1
mutil,growth,other,fe_country,no_bailout,n_cell,share,50,50,-0.2795831171040314,-0.3699083126970569,-0.2061289462196675,1,1,1
mutil,growth,other,fe_country,no_bailout,n_eff,count,48,48,-0.3083186706845565,-0.355384093217942,-0.26669145269436134,1,1,1
mutil,growth,other,fe_country,no_bailout,n_eff,rate,50,50,-0.33253855147598776,-0.4072471687467516,-0.26669145269436134,1,1,1
mutil,growth,other,fe_country,no_bailout,n_eff,share,50,50,-0.2801511593265825,-0.3702649693878991,-0.20816374359490392,1,1,1
mutil,growth,other,fe_country,no_bailout,none,count,48,48,-0.3067803248761283,-0.3427352462764242,-0.27631194445951074,1,1,1
mutil,growth,other,fe_country,no_bailout,none,rate,50,50,-0.32725261290989904,-0.3852482565407646,-0.27631194445951074,1,1,1
mutil,growth,other,fe_country,no_bailout,none,share,50,50,-0.27174431455359216,-0.3485078767335384,-0.2144250686945173,1,1,1
mutil,growth,other,fe_country,no_bailout,pop,count,48,48,-0.25145250990361945,-0.3323741367741242,-0.1788070604941588,1,1,1
mutil,growth,other,fe_country,no_bailout,pop,rate,50,50,-0.26095958716548684,-0.35062687031175005,-0.1788070604941588,1,1,1
mutil,growth,other,fe_country,no_bailout,pop,share,50,50,-0.13750812760725356,-0.22578586350179325,-0.08144707571698494,1,0.5,0.5
mutil,growth,other,fe_country,y2004_2008,n_cell,count,48,48,-0.38643745225857173,-0.40552758664155575,-0.36051713730896817,1,1,1
mutil,growth,other,fe_country,y2004_2008,n_cell,rate,50,50,-0.387037010051288,-0.46763838054371626,-0.36051713730896817,1,1,1
mutil,growth,other,fe_country,y2004_2008,n_cell,share,50,50,-0.3049470520080262,-0.38710399765779274,-0.28091299924813745,1,1,1
mutil,growth,other,fe_country,y2004_2008,n_eff,count,48,48,-0.38643745225857173,-0.4093878015193962,-0.3649616996554017,1,1,1
mutil,growth,other,fe_country,y2004_2008,n_eff,rate,50,50,-0.387037010051288,-0.47144293831223155,-0.3649616996554017,1,1,1
mutil,growth,other,fe_country,y2004_2008,n_eff,share,50,50,-0.3089691025497272,-0.3927917538153759,-0.28466715582287094,1,1,1
mutil,growth,other,fe_country,y2004_2008,none,count,48,48,-0.3450618756964405,-0.3817349402543064,-0.3138702433165142,1,1,1
mutil,growth,other,fe_country,y2004_2008,none,rate,50,50,-0.3535887479394197,-0.4254678269982421,-0.3138702433165142,1,1,1
mutil,growth,other,fe_country,y2004_2008,none,share,50,50,-0.27204773656055503,-0.33132487944625116,-0.236863350125729,1,1,1
mutil,growth,other,fe_country,y2004_2008,pop,count,48,48,-0.33635419550420265,-0.3885713161761587,-0.29494477012303166,1,1,1
mutil,growth,other,fe_country,y2004_2008,pop,rate,50,50,-0.336976414639099,-0.4613595018165845,-0.29494477012303166,1,1,1
mutil,growth,other,fe_country,y2004_2008,pop,share,50,50,-0.14109476209779098,-0.23087536045600976,-0.097233145095742,1,0.08,0.08
mutil,growth,other,fe_country,y2009_2013,n_cell,count,48,48,0.28748907495137066,0.21684589668272383,0.387016581661681,0,1,0
mutil,growth,other,fe_country,y2009_2013,n_cell,rate,50,50,0.3010930071583675,0.21684589668272383,0.387016581661681,0,1,0
mutil,growth,other,fe_country,y2009_2013,n_cell,share,50,50,0.26526825268190374,0.17184859744771855,0.3558017531791134,0,0.78,0
mutil,growth,other,fe_country,y2009_2013,n_eff,count,48,48,0.2803799708262094,0.2155159453961313,0.387016581661681,0,1,0
mutil,growth,other,fe_country,y2009_2013,n_eff,rate,50,50,0.2947982265859649,0.2155159453961313,0.387016581661681,0,1,0
mutil,growth,other,fe_country,y2009_2013,n_eff,share,50,50,0.2610653868695354,0.16699639455982135,0.3558017531791134,0,0.74,0
mutil,growth,other,fe_country,y2009_2013,none,count,48,48,0.3351758533583689,0.28134976241702453,0.4171936357811286,0,1,0
mutil,growth,other,fe_country,y2009_2013,none,rate,50,50,0.363004411347291,0.28134976241702453,0.4171936357811286,0,1,0
mutil,growth,other,fe_country,y2009_2013,none,share,50,50,0.3275459054279817,0.24217219865149825,0.3791882313022089,0,1,0
mutil,growth,other,fe_country,y2009_2013,pop,count,48,48,0.3999878777778475,0.3654347934322705,0.4410097320020003,0,1,0
mutil,growth,other,fe_country,y2009_2013,pop,rate,50,50,0.40052865129311516,0.3654347934322705,0.5002184518275005,0,1,0
mutil,growth,other,fe_country,y2009_2013,pop,share,50,50,0.3126208729609954,0.25241084576821704,0.43578950999875943,0,1,0
mutil,growth,other,fe_twoway,all,n_cell,count,48,48,-0.21072561004681845,-0.26401483134705667,-0.16263224231659856,1,1,1
mutil,growth,other,fe_twoway,all,n_cell,rate,50,50,-0.2228743657129877,-0.2851169127885748,-0.16263224231659856,1,1,1
mutil,growth,other,fe_twoway,all,n_cell,share,50,50,-0.27899449760970885,-0.3080672078907282,-0.23228941493018235,1,1,1
mutil,growth,other,fe_twoway,all,n_eff,count,48,48,-0.2111215157835601,-0.26902943733778856,-0.16263224231659856,1,1,1
mutil,growth,other,fe_twoway,all,n_eff,rate,50,50,-0.22362691457736877,-0.29035399755060165,-0.16263224231659856,1,1,1
mutil,growth,other,fe_twoway,all,n_eff,share,50,50,-0.2810206962948938,-0.30957499533682614,-0.23228941493018235,1,1,1
mutil,growth,other,fe_twoway,all,none,count,48,48,-0.2014550212214295,-0.2570470653298004,-0.1464985784554068,1,1,1
mutil,growth,other,fe_twoway,all,none,rate,50,50,-0.2167440086546521,-0.28718750779078195,-0.1464985784554068,1,1,1
mutil,growth,other,fe_twoway,all,none,share,50,50,-0.2627465259546218,-0.3019638040711662,-0.21356742719105745,1,1,1
mutil,growth,other,fe_twoway,all,pop,count,48,48,-0.2731626719010759,-0.3793778792089134,-0.16361332333393916,1,1,1
mutil,growth,other,fe_twoway,all,pop,rate,50,50,-0.2899408460218959,-0.3793778792089134,-0.16361332333393916,1,1,1
mutil,growth,other,fe_twoway,all,pop,share,50,50,-0.24042621376813583,-0.3043845769661115,-0.20089501647335975,1,1,1
mutil,growth,other,fe_twoway,no_GR_ES,n_cell,count,48,48,-0.21563505882849077,-0.27891321882608205,-0.15665956140535678,1,1,1
mutil,growth,other,fe_twoway,no_GR_ES,n_cell,rate,50,50,-0.23193895476209475,-0.3044306024913491,-0.15665956140535678,1,1,1
mutil,growth,other,fe_twoway,no_GR_ES,n_cell,share,50,50,-0.2930578901823633,-0.3267377272499164,-0.23407439539497849,1,1,1
mutil,growth,other,fe_twoway,no_GR_ES,n_eff,count,48,48,-0.2158486187809704,-0.2843411070851656,-0.15665956140535678,1,1,1
mutil,growth,other,fe_twoway,no_GR_ES,n_eff,rate,50,50,-0.2326699166867136,-0.310573111460844,-0.15665956140535678,1,1,1
mutil,growth,other,fe_twoway,no_GR_ES,n_eff,share,50,50,-0.2972070823123988,-0.32704325137834905,-0.23407439539497849,1,1,1
mutil,growth,other,fe_twoway,no_GR_ES,none,count,48,48,-0.20084469260105664,-0.26437903758788006,-0.1388747008219074,1,1,1
mutil,growth,other,fe_twoway,no_GR_ES,none,rate,50,50,-0.22078576810784856,-0.3001170918979527,-0.1388747008219074,1,1,1
mutil,growth,other,fe_twoway,no_GR_ES,none,share,50,50,-0.2730375282889085,-0.31931364215806074,-0.20596177210541244,1,1,1
mutil,growth,other,fe_twoway,no_GR_ES,pop,count,48,48,-0.31886998430336877,-0.4235047232521038,-0.2034540110530524,1,1,1
mutil,growth,other,fe_twoway,no_GR_ES,pop,rate,50,50,-0.35584079348106223,-0.4235915394102414,-0.2034540110530524,1,1,1
mutil,growth,other,fe_twoway,no_GR_ES,pop,share,50,50,-0.29477836754839004,-0.3757142677239419,-0.2387932487158207,1,1,1
mutil,growth,other,fe_twoway,no_bailout,n_cell,count,48,48,-0.17689936689162203,-0.23515804699740336,-0.14478568235917946,1,0.8333333333333334,0.8333333333333334
mutil,growth,other,fe_twoway,no_bailout,n_cell,rate,50,50,-0.17689936689162203,-0.23515804699740336,-0.14478568235917946,1,0.84,0.84
mutil,growth,other,fe_twoway,no_bailout,n_cell,share,50,50,-0.2501324685408492,-0.3308368087196744,-0.19887139437791032,1,1,1
mutil,growth,other,fe_twoway,no_bailout,n_eff,count,48,48,-0.1792057463305884,-0.23628065899006528,-0.14478568235917946,1,0.875,0.875
mutil,growth,other,fe_twoway,no_bailout,n_eff,rate,50,50,-0.1792057463305884,-0.23628065899006528,-0.14478568235917946,1,0.88,0.88
mutil,growth,other,fe_twoway,no_bailout,n_eff,share,50,50,-0.2515649482183202,-0.3286899056549445,-0.19887139437791032,1,1,1
mutil,growth,other,fe_twoway,no_bailout,none,count,48,48,-0.16378697250306207,-0.21376785600336248,-0.12626246929452672,1,0.625,0.625
mutil,growth,other,fe_twoway,no_bailout,none,rate,50,50,-0.16447083689022068,-0.21376785600336248,-0.12626246929452672,1,0.64,0.64
mutil,growth,other,fe_twoway,no_bailout,none,share,50,50,-0.2435789839576899,-0.3150422034887573,-0.1955550878928596,1,1,1
mutil,growth,other,fe_twoway,no_bailout,pop,count,48,48,-0.27873978602465643,-0.29976600376163676,-0.2576890155368372,1,1,1
mutil,growth,other,fe_twoway,no_bailout,pop,rate,50,50,-0.27843676865064154,-0.29976600376163676,-0.2344277177987403,1,1,1
mutil,growth,other,fe_twoway,no_bailout,pop,share,50,50,-0.2149081003513754,-0.29453767102109396,-0.1464021614750407,1,0.94,0.94
mutil,growth,other,fe_twoway,y2004_2008,n_cell,count,48,48,-0.10684554756589017,-0.13732538170349065,-0.08301297605520118,1,0,0
mutil,growth,other,fe_twoway,y2004_2008,n_cell,rate,50,50,-0.10783736274626066,-0.17613691272022833,-0.08301297605520118,1,0,0
mutil,growth,other,fe_twoway,y2004_2008,n_cell,share,50,50,-0.25972785452284175,-0.29091441107504445,-0.20894843668962257,1,1,1
mutil,growth,other,fe_twoway,y2004_2008,n_eff,count,48,48,-0.10718911753071414,-0.13732538170349065,-0.08299780881547236,1,0,0
mutil,growth,other,fe_twoway,y2004_2008,n_eff,rate,50,50,-0.10852450267590862,-0.17700574927937857,-0.08299780881547236,1,0,0
mutil,growth,other,fe_twoway,y2004_2008,n_eff,share,50,50,-0.2514199219722387,-0.2897997272389831,-0.203128251357316,1,1,1
mutil,growth,other,fe_twoway,y2004_2008,none,count,48,48,-0.09685807146233943,-0.14241117857214203,-0.06574082979006958,1,0,0
mutil,growth,other,fe_twoway,y2004_2008,none,rate,50,50,-0.10366064516749468,-0.16945189694273624,-0.06574082979006958,1,0,0
mutil,growth,other,fe_twoway,y2004_2008,none,share,50,50,-0.25369926498444145,-0.3046513611871486,-0.17578196238830004,1,0.74,0.74
mutil,growth,other,fe_twoway,y2004_2008,pop,count,48,48,-0.15942344373625378,-0.22371663795957503,-0.12956794175118536,1,0.125,0.125
mutil,growth,other,fe_twoway,y2004_2008,pop,rate,50,50,-0.1600598423025229,-0.22371663795957503,-0.12956794175118536,1,0.16,0.16
mutil,growth,other,fe_twoway,y2004_2008,pop,share,50,50,-0.09385667907617842,-0.1261736238020049,-0.0734493344143313,1,0,0
mutil,growth,other,fe_twoway,y2009_2013,n_cell,count,48,48,-0.20537340021042516,-0.2606569784642205,-0.17515258783895696,1,0.5416666666666666,0.5416666666666666
mutil,growth,other,fe_twoway,y2009_2013,n_cell,rate,50,50,-0.2142755166086578,-0.2606569784642205,-0.17515258783895696,1,0.56,0.56
mutil,growth,other,fe_twoway,y2009_2013,n_cell,share,50,50,-0.24079808750869608,-0.2989569255291155,-0.18161959227259747,1,0.88,0.88
mutil,growth,other,fe_twoway,y2009_2013,n_eff,count,48,48,-0.20825157715692066,-0.26325867364210154,-0.17515258783895696,1,0.6458333333333334,0.6458333333333334
mutil,growth,other,fe_twoway,y2009_2013,n_eff,rate,50,50,-0.2142755166086578,-0.26325867364210154,-0.17515258783895696,1,0.66,0.66
mutil,growth,other,fe_twoway,y2009_2013,n_eff,share,50,50,-0.2432066226896049,-0.3045874077320914,-0.18161959227259747,1,0.88,0.88
mutil,growth,other,fe_twoway,y2009_2013,none,count,48,48,-0.2150550752353551,-0.2633963640208554,-0.19655792441300865,1,1,1
mutil,growth,other,fe_twoway,y2009_2013,none,rate,50,50,-0.2167061918606894,-0.2633963640208554,-0.19655792441300865,1,1,1
mutil,growth,other,fe_twoway,y2009_2013,none,share,50,50,-0.21774917869206478,-0.2792244555058753,-0.16091812492366597,1,0.64,0.64
mutil,growth,other,fe_twoway,y2009_2013,pop,count,48,48,-0.0861868669681971,-0.10634100107202638,-0.06418871376342637,1,0,0
mutil,growth,other,fe_twoway,y2009_2013,pop,rate,50,50,-0.08654226673264835,-0.12257377429961977,-0.06418871376342637,1,0,0
mutil,growth,other,fe_twoway,y2009_2013,pop,share,50,50,-0.05986901064177447,-0.07865947089160027,-0.00904940938717521,1,0,0
mutil,growth,other,pooled_cl,all,n_cell,count,48,48,-0.2571872425847324,-0.3258992467867017,-0.19017722206064824,1,1,1
mutil,growth,other,pooled_cl,all,n_cell,rate,50,50,-0.2630868040707065,-0.3258992467867017,-0.19017722206064824,1,1,1
mutil,growth,other,pooled_cl,all,n_cell,share,50,50,-0.2457736521028871,-0.286137516551194,-0.19873943391399865,1,1,1
mutil,growth,other,pooled_cl,all,n_eff,count,48,48,-0.2550840204761993,-0.3248409023141433,-0.19017722206064824,1,1,1
mutil,growth,other,pooled_cl,all,n_eff,rate,50,50,-0.2599980358928157,-0.3248409023141433,-0.19017722206064824,1,1,1
mutil,growth,other,pooled_cl,all,n_eff,share,50,50,-0.24299241217968848,-0.28628531804500773,-0.19804916912292408,1,1,1
mutil,growth,other,pooled_cl,all,none,count,48,48,-0.25497142905460946,-0.32712820986634816,-0.18671708712825744,1,1,1
mutil,growth,other,pooled_cl,all,none,rate,50,50,-0.2614305604270126,-0.32712820986634816,-0.18671708712825744,1,1,1
mutil,growth,other,pooled_cl,all,none,share,50,50,-0.2560539899662901,-0.28796238166684834,-0.20414480041767424,1,1,1
mutil,growth,other,pooled_cl,all,pop,count,48,48,-0.24024471024243155,-0.33578092674610144,-0.14587089456011365,1,1,1
mutil,growth,other,pooled_cl,all,pop,rate,50,50,-0.2544295035226011,-0.3499666591046142,-0.14587089456011365,1,1,1
mutil,growth,other,pooled_cl,all,pop,share,50,50,-0.12826027037033783,-0.19617540809101316,-0.07887983813541823,1,0.5,0.5
mutil,growth,other,pooled_cl,no_GR_ES,n_cell,count,48,48,-0.28116470250033865,-0.34968870239542416,-0.2083524793327994,1,1,1
mutil,growth,other,pooled_cl,no_GR_ES,n_cell,rate,50,50,-0.29492910389420024,-0.35780669181419444,-0.2083524793327994,1,1,1
mutil,growth,other,pooled_cl,no_GR_ES,n_cell,share,50,50,-0.2564778606297495,-0.2925733918465233,-0.20636429872042644,1,1,1
mutil,growth,other,pooled_cl,no_GR_ES,n_eff,count,48,48,-0.2795321977544929,-0.34957110737356684,-0.2070489510607164,1,1,1
mutil,growth,other,pooled_cl,no_GR_ES,n_eff,rate,50,50,-0.2914647934044067,-0.35774257522825326,-0.2070489510607164,1,1,1
mutil,growth,other,pooled_cl,no_GR_ES,n_eff,share,50,50,-0.25343725548843743,-0.2931150738890562,-0.2028419410431596,1,1,1
mutil,growth,other,pooled_cl,no_GR_ES,none,count,48,48,-0.2723699900199916,-0.34625339500167934,-0.1979979091542449,1,1,1
mutil,growth,other,pooled_cl,no_GR_ES,none,rate,50,50,-0.28493834110150723,-0.34908524782506456,-0.1979979091542449,1,1,1
mutil,growth,other,pooled_cl,no_GR_ES,none,share,50,50,-0.269406034712213,-0.29962828578011247,-0.2144248912680544,1,1,1
mutil,growth,other,pooled_cl,no_GR_ES,pop,count,48,48,-0.2564825039063839,-0.37044032420371775,-0.14632354260289523,1,1,1
mutil,growth,other,pooled_cl,no_GR_ES,pop,rate,50,50,-0.27179803908249667,-0.39092509429485206,-0.14632354260289523,1,1,1
mutil,growth,other,pooled_cl,no_GR_ES,pop,share,50,50,-0.13281463733214938,-0.2148499518005511,-0.07288747279440351,1,0.5,0.5
mutil,growth,other,pooled_cl,no_bailout,n_cell,count,48,48,-0.29874471312081874,-0.3359093895167257,-0.26709274889176565,1,1,1
mutil,growth,other,pooled_cl,no_bailout,n_cell,rate,50,50,-0.3148293464647754,-0.34675940338371036,-0.26709274889176565,1,1,1
mutil,growth,other,pooled_cl,no_bailout,n_cell,share,50,50,-0.24011267917185647,-0.2792230555309524,-0.18642011640811948,1,1,1
mutil,growth,other,pooled_cl,no_bailout,n_eff,count,48,48,-0.29741682552435644,-0.3351096111734902,-0.2644462826134961,1,1,1
mutil,growth,other,pooled_cl,no_bailout,n_eff,rate,50,50,-0.310765357916432,-0.34586922454183266,-0.2644462826134961,1,1,1
mutil,growth,other,pooled_cl,no_bailout,n_eff,share,50,50,-0.2368750222298946,-0.2782292565945307,-0.18227717752332345,1,1,1
mutil,growth,other,pooled_cl,no_bailout,none,count,48,48,-0.3111227531458547,-0.34108055768468215,-0.2863343191962038,1,1,1
mutil,growth,other,pooled_cl,no_bailout,none,rate,50,50,-0.3201568400648174,-0.34914408243924405,-0.2863343191962038,1,1,1
mutil,growth,other,pooled_cl,no_bailout,none,share,50,50,-0.26604535327800705,-0.2883500741467787,-0.21185735447187615,1,1,1
mutil,growth,other,pooled_cl,no_bailout,pop,count,48,48,-0.2114825423380759,-0.2673832223478031,-0.1575726703499188,1,1,1
mutil,growth,other,pooled_cl,no_bailout,pop,rate,50,50,-0.2114825423380759,-0.2673832223478031,-0.1575726703499188,1,1,1
mutil,growth,other,pooled_cl,no_bailout,pop,share,50,50,-0.03555141979967136,-0.08783258601849077,-0.01399857452659067,1,0,0
mutil,growth,other,pooled_cl,y2004_2008,n_cell,count,48,48,-0.36484596948342873,-0.4843226645951722,-0.24715439452099805,1,1,1
mutil,growth,other,pooled_cl,y2004_2008,n_cell,rate,50,50,-0.36484596948342873,-0.4843226645951722,-0.24715439452099805,1,1,1
mutil,growth,other,pooled_cl,y2004_2008,n_cell,share,50,50,-0.3455232556516936,-0.4649463248976405,-0.23457320864924644,1,1,1
mutil,growth,other,pooled_cl,y2004_2008,n_eff,count,48,48,-0.3627680695940966,-0.48739856782121904,-0.24715439452099805,1,1,1
mutil,growth,other,pooled_cl,y2004_2008,n_eff,rate,50,50,-0.3627680695940966,-0.48739856782121904,-0.24715439452099805,1,1,1
mutil,growth,other,pooled_cl,y2004_2008,n_eff,share,50,50,-0.3452607667772772,-0.4669305899090787,-0.2340330564127155,1,1,1
mutil,growth,other,pooled_cl,y2004_2008,none,count,48,48,-0.32387136646540327,-0.44571779344861895,-0.21191225548566445,1,1,1
mutil,growth,other,pooled_cl,y2004_2008,none,rate,50,50,-0.32387136646540327,-0.44571779344861895,-0.21191225548566445,1,1,1
mutil,growth,other,pooled_cl,y2004_2008,none,share,50,50,-0.31739681924231955,-0.4348683121466484,-0.21431928993353072,1,1,1
mutil,growth,other,pooled_cl,y2004_2008,pop,count,48,48,-0.450866945238721,-0.6434661947564209,-0.2667573379874226,1,1,1
mutil,growth,other,pooled_cl,y2004_2008,pop,rate,50,50,-0.48140976824831194,-0.670312797316153,-0.2667573379874226,1,1,1
mutil,growth,other,pooled_cl,y2004_2008,pop,share,50,50,-0.37893246800264757,-0.5536751889905017,-0.21385663438825997,1,1,1
mutil,growth,other,pooled_cl,y2009_2013,n_cell,count,48,48,0.19460231332666766,0.1417053876544708,0.24793621347790343,0,0.5,0
mutil,growth,other,pooled_cl,y2009_2013,n_cell,rate,50,50,0.19904746286296765,0.1417053876544708,0.25764578059193305,0,0.52,0
mutil,growth,other,pooled_cl,y2009_2013,n_cell,share,50,50,0.08517546624613406,0.05313685302952828,0.13791368623694458,0,0,0
mutil,growth,other,pooled_cl,y2009_2013,n_eff,count,48,48,0.19109830125356297,0.13929144365646426,0.24793621347790343,0,0.5,0
mutil,growth,other,pooled_cl,y2009_2013,n_eff,rate,50,50,0.1947400140001176,0.13929144365646426,0.24938874340979864,0,0.52,0
mutil,growth,other,pooled_cl,y2009_2013,n_eff,share,50,50,0.08492193765963488,0.04811382248590927,0.1311680208353178,0,0,0
mutil,growth,other,pooled_cl,y2009_2013,none,count,48,48,0.21958204299092238,0.163784618140429,0.2806875808119375,0,0.8125,0
mutil,growth,other,pooled_cl,y2009_2013,none,rate,50,50,0.2251891675279682,0.163784618140429,0.3079309224551841,0,0.82,0
mutil,growth,other,pooled_cl,y2009_2013,none,share,50,50,0.10499675203614287,0.06952552249015635,0.17006321731828555,0,0,0
mutil,growth,other,pooled_cl,y2009_2013,pop,count,48,48,0.3151112241175483,0.26827203458723226,0.3602426090534632,0,1,0
mutil,growth,other,pooled_cl,y2009_2013,pop,rate,50,50,0.3229830534958512,0.26827203458723226,0.43308971669847535,0,1,0
mutil,growth,other,pooled_cl,y2009_2013,pop,share,50,50,0.2388192526429927,0.22358780438711803,0.2642219990412203,0,1,0
mutil,growth,other,re,all,none,count,48,48,-0.27290631152454037,-0.3341158765646416,-0.2062016696681707,1,1,1
mutil,growth,other,re,all,none,rate,50,49,-0.3162748232221348,-0.3341158765646416,-0.2062016696681707,1,1,1
mutil,growth,other,re,all,none,share,50,49,-0.2577235040289836,-0.2676602814100559,-0.18812219804761132,1,1,1
mutil,growth,other,re,no_GR_ES,none,count,48,48,-0.28189833173218537,-0.34776917256835604,-0.2105369736253576,1,1,1
mutil,growth,other,re,no_GR_ES,none,rate,50,49,-0.3301394579613679,-0.3503119564421606,-0.2105369736253576,1,1,1
mutil,growth,other,re,no_GR_ES,none,share,50,49,-0.28942961955349933,-0.30200882867417106,-0.20040163106256964,1,1,1
mutil,growth,other,re,no_bailout,none,count,48,48,-0.3094331165654636,-0.3430294230827161,-0.2833533150596324,1,1,1
mutil,growth,other,re,no_bailout,none,rate,50,49,-0.32554282182924626,-0.3430294230827161,-0.2833533150596324,1,1,1
mutil,growth,other,re,no_bailout,none,share,50,49,-0.2973202861194278,-0.3078751918932168,-0.2159244218093341,1,1,1
mutil,growth,other,re,y2004_2008,none,count,48,48,-0.32730946939386985,-0.3515783524589814,-0.3093777086121949,1,1,1
mutil,growth,other,re,y2004_2008,none,rate,50,49,-0.32739909491506713,-0.35974078876513044,-0.3093777086121949,1,1,1
mutil,growth,other,re,y2004_2008,none,share,50,49,-0.282967687318918,-0.3054170475826633,-0.2429233143138768,1,1,1
mutil,growth,other,re,y2009_2013,none,count,48,48,0.31609306016258004,0.2560014539778737,0.4044742234503096,0,1,0
mutil,growth,other,re,y2009_2013,none,rate,50,49,0.2914062328724247,0.2560014539778737,0.4044742234503096,0,1,0
mutil,growth,other,re,y2009_2013,none,share,50,49,0.25687720676668196,0.2129984893253969,0.343284201194181,0,1,0
mutil,unemp,none,fe_country,all,n_cell,count,240,240,-0.34058872467603407,-0.44185751136045814,-0.27795294598750125,1,1,1
mutil,unemp,none,fe_country,all,n_cell,rate,244,244,-0.3418875145669518,-0.44185751136045814,-0.27795294598750125,1,1,1
mutil,unemp,none,fe_country,all,n_cell,share,248,248,-0.42424904250605233,-0.5471406806485632,-0.25775316478793664,1,1,1
mutil,unemp,none,fe_country,all,n_eff,count,240,240,-0.34658743794238245,-0.4480824107662037,-0.2784858642758949,1,1,1
mutil,unemp,none,fe_country,all,n_eff,rate,244,244,-0.3467931335327744,-0.4480824107662037,-0.2784858642758949,1,1,1
mutil,unemp,none,fe_country,all,n_eff,share,248,248,-0.42780311591931197,-0.547217424612728,-0.25775316478793664,1,1,1
mutil,unemp,none,fe_country,all,none,count,240,240,-0.35585554245044504,-0.5299394685781358,-0.27563265764936556,1,1,1
mutil,unemp,none,fe_country,all,none,rate,244,244,-0.35590379280330386,-0.5299394685781358,-0.27563265764936556,1,1,1
mutil,unemp,none,fe_country,all,none,share,248,248,-0.43505781195996296,-0.5219320784258161,-0.2721503637505616,1,1,1
mutil,unemp,none,fe_country,all,pop,count,240,240,-0.22953247044442132,-0.6040628576038984,-0.08921207551190767,1,0.6708333333333333,0.6708333333333333
mutil,unemp,none,fe_country,all,pop,rate,244,244,-0.22953247044442132,-0.6040628576038984,-0.08921207551190767,1,0.6721311475409836,0.6721311475409836
mutil,unemp,none,fe_country,all,pop,share,248,248,-0.30217272077466983,-0.588147240932872,-0.16151752265257074,1,0.967741935483871,0.967741935483871
mutil,unemp,none,fe_country,no_GR_ES,n_cell,count,240,240,-0.2935313080150164,-0.3660605988970042,-0.1632490183379963,1,0.95,0.95
mutil,unemp,none,fe_country,no_GR_ES,n_cell,rate,244,244,-0.2936942419260398,-0.39139155216376326,-0.1632490183379963,1,0.9508196721311475,0.9508196721311475
mutil,unemp,none,fe_country,no_GR_ES,n_cell,share,248,248,-0.3870708124947395,-0.49522581561805784,-0.18647570157101967,1,0.9838709677419355,0.9838709677419355
mutil,unemp,none,fe_country,no_GR_ES,n_eff,count,240,240,-0.29713667621363266,-0.3664963789475838,-0.16256620118235776,1,0.95,0.95
mutil,unemp,none,fe_country,no_GR_ES,n_eff,rate,244,244,-0.2981839033205887,-0.39603200509610226,-0.16256620118235776,1,0.9508196721311475,0.9508196721311475
mutil,unemp,none,fe_country,no_GR_ES,n_eff,share,248,248,-0.3886178470501239,-0.4929802874711155,-0.18585812110670916,1,0.9838709677419355,0.9838709677419355
mutil,unemp,none,fe_country,no_GR_ES,none,count,240,240,-0.3181782954302673,-0.46951681652185984,-0.2071358217008815,1,1,1
mutil,unemp,none,fe_country,no_GR_ES,none,rate,244,244,-0.31881219705713243,-0.46951681652185984,-0.2071358217008815,1,1,1
mutil,unemp,none,fe_country,no_GR_ES,none,share,248,248,-0.40515388202090225,-0.4758993885589069,-0.2412853608973229,1,1,1
mutil,unemp,none,fe_country,no_GR_ES,pop,count,240,240,-0.05931762619752569,-0.446823946555814,-0.01439398934338977,1,0.24166666666666667,0.24166666666666667
mutil,unemp,none,fe_country,no_GR_ES,pop,rate,244,244,-0.05931762619752569,-0.446823946555814,-0.01439398934338977,1,0.24180327868852458,0.24180327868852458
mutil,unemp,none,fe_country,no_GR_ES,pop,share,248,248,-0.19838226201260253,-0.40243027115363295,-0.08564928334925315,1,0.7016129032258065,0.7016129032258065
mutil,unemp,none,fe_country,no_bailout,n_cell,count,240,240,-0.1780594073245638,-0.2770866475035254,-0.09665016161812072,1,0.65,0.65
mutil,unemp,none,fe_country,no_bailout,n_cell,rate,244,244,-0.17867069353173654,-0.2874052611348139,-0.09665016161812072,1,0.6516393442622951,0.6516393442622951
mutil,unemp,none,fe_country,no_bailout,n_cell,share,248,248,-0.2896105923978608,-0.3955371518262018,-0.0850751225511657,1,0.8387096774193549,0.8387096774193549
mutil,unemp,none,fe_country,no_bailout,n_eff,count,240,240,-0.18330821241634598,-0.2770866475035254,-0.09290467042026664,1,0.65,0.65
mutil,unemp,none,fe_country,no_bailout,n_eff,rate,244,244,-0.18341225163527108,-0.2940004098894743,-0.09290467042026664,1,0.6557377049180327,0.6557377049180327
mutil,unemp,none,fe_country,no_bailout,n_eff,share,248,248,-0.29395180168541235,-0.39712897481682097,-0.08058318009364077,1,0.8387096774193549,0.8387096774193549
mutil,unemp,none,fe_country,no_bailout,none,count,240,240,-0.1942795130144182,-0.3063268594169924,-0.11050266300520444,1,0.7416666666666667,0.7416666666666667
mutil,unemp,none,fe_country,no_bailout,none,rate,244,244,-0.19459797730674128,-0.3063268594169924,-0.11050266300520444,1,0.7459016393442623,0.7459016393442623
mutil,unemp,none,fe_country,no_bailout,none,share,248,248,-0.28726934208226307,-0.3862869677730909,-0.09882062358268978,1,0.8911290322580645,0.8911290322580645
mutil,unemp,none,fe_country,no_bailout,pop,count,240,240,-0.025918132541046073,-0.4286600757442143,0.06574981060684171,0.65,0.15,0.15
mutil,unemp,none,fe_country,no_bailout,pop,rate,244,244,-0.025918132541046073,-0.4286600757442143,0.06574981060684171,0.6475409836065574,0.14754098360655737,0.14754098360655737
mutil,unemp,none,fe_country,no_bailout,pop,share,248,248,-0.1492250172651131,-0.3824702767306264,-0.05140541677690691,1,0.45564516129032256,0.45564516129032256
mutil,unemp,none,fe_country,y2004_2008,n_cell,count,240,192,0.375241742532903,0.3021650001995719,0.4301438755507752,0,1,0
mutil,unemp,none,fe_country,y2004_2008,n_cell,rate,244,196,0.375241742532903,0.3021650001995719,0.46485395466176366,0,1,0
mutil,unemp,none,fe_country,y2004_2008,n_cell,share,248,200,0.14229687716201278,0.0814758800178516,0.2118442833492336,0,0.11,0
mutil,unemp,none,fe_country,y2004_2008,n_eff,count,240,192,0.37446068190718595,0.3021650001995719,0.4301438755507752,0,1,0
mutil,unemp,none,fe_country,y2004_2008,n_eff,rate,244,196,0.37446068190718595,0.3021650001995719,0.4677537416024517,0,1,0
mutil,unemp,none,fe_country,y2004_2008,n_eff,share,248,200,0.14526438615932968,0.08787093739929737,0.2159952320799319,0,0.155,0
mutil,unemp,none,fe_country,y2004_2008,none,count,240,192,0.3575068303274924,0.28915541575921117,0.424690463774302,0,1,0
mutil,unemp,none,fe_country,y2004_2008,none,rate,244,196,0.35807950410520406,0.28915541575921117,0.4569055786948245,0,1,0
mutil,unemp,none,fe_country,y2004_2008,none,share,248,200,0.1652412968012183,0.10536415395071767,0.25166261888811203,0,0.435,0
mutil,unemp,none,fe_country,y2004_2008,pop,count,240,192,0.3292488252804502,0.2707617013558177,0.3899842033144324,0,1,0
mutil,unemp,none,fe_country,y2004_2008,pop,rate,244,196,0.3305485769577856,0.2707617013558177,0.4286491034460483,0,1,0
mutil,unemp,none,fe_country,y2004_2008,pop,share,248,200,0.03526087346872873,-0.03792070086100567,0.10078737879575532,0.18,0,0
mutil,unemp,none,fe_country,y2009_2013,n_cell,count,240,240,-0.3732262482696256,-0.4856000417546206,-0.2755825984605844,1,1,1
mutil,unemp,none,fe_country,y2009_2013,n_cell,rate,244,244,-0.382661380828489,-0.5116164658505542,-0.2755825984605844,1,1,1
mutil,unemp,none,fe_country,y2009_2013,n_cell,share,248,248,-0.3642267523890891,-0.48920306214904197,-0.2572022357515852,1,1,1
mutil,unemp,none,fe_country,y2009_2013,n_eff,count,240,240,-0.3753828865878195,-0.4950325246474586,-0.2755825984605844,1,1,1
mutil,unemp,none,fe_country,y2009_2013,n_eff,rate,244,244,-0.3843665318849575,-0.5221774015411431,-0.2755825984605844,1,1,1
mutil,unemp,none,fe_country,y2009_2013,n_eff,share,248,248,-0.3638701461869407,-0.4962459142815656,-0.2572022357515852,1,1,1
mutil,unemp,none,fe_country,y2009_2013,none,count,240,240,-0.44001108535936784,-0.5663079967749959,-0.29515744742230354,1,1,1
mutil,unemp,none,fe_country,y2009_2013,none,rate,244,244,-0.4572088765631246,-0.5929481776891699,-0.29515744742230354,1,1,1
mutil,unemp,none,fe_country,y2009_2013,none,share,248,248,-0.4300039669261281,-0.5591595010548674,-0.2732024520955526,1,1,1
mutil,unemp,none,fe_country,y2009_2013,pop,count,240,240,-0.46234266687976566,-0.6732425738858765,-0.21579487216539547,1,1,1
mutil,unemp,none,fe_country,y2009_2013,pop,rate,244,244,-0.46234266687976566,-0.7023048965215082,-0.21579487216539547,1,1,1
mutil,unemp,none,fe_country,y2009_2013,pop,share,248,248,-0.33185149213713805,-0.6779768736791523,-0.16234212287480737,1,0.8185483870967742,0.8185483870967742
mutil,unemp,none,fe_twoway,all,n_cell,count,240,240,-0.15032273914650746,-0.36928756118120853,-0.0812940422372668,1,0.6625,0.6625
mutil,unemp,none,fe_twoway,all,n_cell,rate,244,244,-0.1501711010996365,-0.36928756118120853,-0.0788522760662476,1,0.6557377049180327,0.6557377049180327
mutil,unemp,none,fe_twoway,all,n_cell,share,248,248,-0.23160544799800714,-0.326658354529757,-0.15403391540193873,1,1,1
mutil,unemp,none,fe_twoway,all,n_eff,count,240,240,-0.14539762814836085,-0.3687639198995896,-0.07962126421910513,1,0.6083333333333333,0.6083333333333333
mutil,unemp,none,fe_twoway,all,n_eff,rate,244,244,-0.14499531054598624,-0.3687639198995896,-0.0731318644242284,1,0.6024590163934426,0.6024590163934426
mutil,unemp,none,fe_twoway,all,n_eff,share,248,248,-0.22808173268368961,-0.32697324430939795,-0.1548900468877068,1,1,1
mutil,unemp,none,fe_twoway,all,none,count,240,240,-0.12540593553613202,-0.4303717684438411,-0.07071212441039601,1,0.475,0.475
mutil,unemp,none,fe_twoway,all,none,rate,244,244,-0.12496621588955578,-0.4303717684438411,-0.07071212441039601,1,0.4713114754098361,0.4713114754098361
mutil,unemp,none,fe_twoway,all,none,share,248,248,-0.21426904143213504,-0.3796462950931042,-0.1560442749335516,1,1,1
mutil,unemp,none,fe_twoway,all,pop,count,240,240,-0.1481457366834943,-0.5679528618733549,-0.07823195067715646,1,0.7041666666666667,0.7041666666666667
mutil,unemp,none,fe_twoway,all,pop,rate,244,244,-0.14788028634622033,-0.5679528618733549,-0.06597271815353578,1,0.6967213114754098,0.6967213114754098
mutil,unemp,none,fe_twoway,all,pop,share,248,248,-0.25721474877496087,-0.4998695371569064,-0.15409691895960423,1,0.9153225806451613,0.9153225806451613
mutil,unemp,none,fe_twoway,no_GR_ES,n_cell,count,240,240,-0.16427114784436309,-0.32801358928444085,-0.09147780582501472,1,0.6791666666666667,0.6791666666666667
mutil,unemp,none,fe_twoway,no_GR_ES,n_cell,rate,244,244,-0.16337197171465334,-0.32801358928444085,-0.08917155461966422,1,0.6721311475409836,0.6721311475409836
mutil,unemp,none,fe_twoway,no_GR_ES,n_cell,share,248,248,-0.23534868508500661,-0.31658225679007584,-0.1639849271859363,1,0.9475806451612904,0.9475806451612904
mutil,unemp,none,fe_twoway,no_GR_ES,n_eff,count,240,240,-0.1571342951284453,-0.3280012062608711,-0.08767355938429484,1,0.6291666666666667,0.6291666666666667
mutil,unemp,none,fe_twoway,no_GR_ES,n_eff,rate,244,244,-0.15666305802780944,-0.3280012062608711,-0.08191755950298131,1,0.6229508196721312,0.6229508196721312
mutil,unemp,none,fe_twoway,no_GR_ES,n_eff,share,248,248,-0.23109425271505712,-0.31658225679007584,-0.16363973814408386,1,0.9435483870967742,0.9435483870967742
mutil,unemp,none,fe_twoway,no_GR_ES,none,count,240,240,-0.15168718477265158,-0.40583273172013223,-0.09199562489270945,1,0.6666666666666666,0.6666666666666666
mutil,unemp,none,fe_twoway,no_GR_ES,none,rate,244,244,-0.15165246264165427,-0.40583273172013223,-0.09199562489270945,1,0.6598360655737705,0.6598360655737705
mutil,unemp,none,fe_twoway,no_GR_ES,none,share,248,248,-0.23059502394547848,-0.34195106301650824,-0.1756975233420404,1,1,1
mutil,unemp,none,fe_twoway,no_GR_ES,pop,count,240,240,-0.11948804741473869,-0.4507480368246683,-0.05002149884606468,1,0.3958333333333333,0.3958333333333333
mutil,unemp,none,fe_twoway,no_GR_ES,pop,rate,244,244,-0.11899796362566092,-0.4507480368246683,-0.0410965074763546,1,0.39344262295081966,0.39344262295081966
mutil,unemp,none,fe_twoway,no_GR_ES,pop,share,248,248,-0.18654635941553932,-0.29608262396862095,-0.08316513776486997,1,0.7096774193548387,0.7096774193548387
mutil,unemp,none,fe_twoway,no_bailout,n_cell,count,240,240,-0.1675800177649473,-0.24943024818731943,-0.0800005009587506,1,0.5666666666666667,0.5666666666666667
mutil,unemp,none,fe_twoway,no_bailout,n_cell,rate,244,244,-0.1672414102313562,-0.24943024818731943,-0.0800005009587506,1,0.5614754098360656,0.5614754098360656
mutil,unemp,none,fe_twoway,no_bailout,n_cell,share,248,248,-0.1795184377933142,-0.25110290556496545,-0.02395270662662475,1,0.7137096774193549,0.7137096774193549
mutil,unemp,none,fe_twoway,no_bailout,n_eff,count,240,240,-0.1640014716669025,-0.24943024818731943,-0.07659852368203231,1,0.5583333333333333,0.5583333333333333
mutil,unemp,none,fe_twoway,no_bailout,n_eff,rate,244,244,-0.16393818530649903,-0.24943024818731943,-0.07659852368203231,1,0.5532786885245902,0.5532786885245902
mutil,unemp,none,fe_twoway,no_bailout,n_eff,share,248,248,-0.1765141646945072,-0.25110290556496545,-0.01583278868075226,1,0.6975806451612904,0.6975806451612904
mutil,unemp,none,fe_twoway,no_bailout,none,count,240,240,-0.16750180034026843,-0.22439098453057413,-0.08709477286015872,1,0.5583333333333333,0.5583333333333333
mutil,unemp,none,fe_twoway,no_bailout,none,rate,244,244,-0.167356237292204,-0.22439098453057413,-0.08709477286015872,1,0.5491803278688525,0.5491803278688525
mutil,unemp,none,fe_twoway,no_bailout,none,share,248,248,-0.17378439951886965,-0.22586648467345716,-0.03741696786630994,1,0.7137096774193549,0.7137096774193549
mutil,unemp,none,fe_twoway,no_bailout,pop,count,240,240,-0.10669966906722986,-0.43593247001101776,-0.02857948705452856,1,0.36666666666666664,0.36666666666666664
mutil,unemp,none,fe_twoway,no_bailout,pop,rate,244,244,-0.10648639178724767,-0.43593247001101776,-0.021880846561275463,1,0.36475409836065575,0.36475409836065575
mutil,unemp,none,fe_twoway,no_bailout,pop,share,248,248,-0.1493342414867809,-0.2792348942055916,-0.04398435392438436,1,0.3790322580645161,0.3790322580645161
mutil,unemp,none,fe_twoway,y2004_2008,n_cell,count,240,192,0.03945545537746243,-0.02180329163371377,0.09120920756095942,0.08333333333333333,0,0
mutil,unemp,none,fe_twoway,y2004_2008,n_cell,rate,244,196,0.03945545537746243,-0.02180329163371377,0.09120920756095942,0.08163265306122448,0,0
mutil,unemp,none,fe_twoway,y2004_2008,n_cell,share,248,200,-0.04584959035132453,-0.10816946839315796,-0.00179061990854043,1,0,0
mutil,unemp,none,fe_twoway,y2004_2008,n_eff,count,240,192,0.04372864318679143,-0.02036445231493253,0.09552519537079882,0.08333333333333333,0,0
mutil,unemp,none,fe_twoway,y2004_2008,n_eff,rate,244,196,0.04372864318679143,-0.02036445231493253,0.09552519537079882,0.08163265306122448,0,0
mutil,unemp,none,fe_twoway,y2004_2008,n_eff,share,248,200,-0.044521628415971834,-0.10581297654861054,0.00121696873025818,0.99,0,0
mutil,unemp,none,fe_twoway,y2004_2008,none,count,240,192,0.015963619165420564,-0.05173586599238628,0.06077500149084332,0.23958333333333334,0,0
mutil,unemp,none,fe_twoway,y2004_2008,none,rate,244,196,0.015963619165420564,-0.05173586599238628,0.06077500149084332,0.23469387755102042,0,0
mutil,unemp,none,fe_twoway,y2004_2008,none,share,248,200,-0.03079467465418433,-0.09112216153487245,0.00431413048070879,0.98,0,0
mutil,unemp,none,fe_twoway,y2004_2008,pop,count,240,192,0.00489953994906644,-0.05039136603291288,0.07566006839335064,0.4479166666666667,0,0
mutil,unemp,none,fe_twoway,y2004_2008,pop,rate,244,196,0.00509648524917163,-0.05039136603291288,0.07566006839335064,0.4387755102040816,0,0
mutil,unemp,none,fe_twoway,y2004_2008,pop,share,248,200,-0.13651167358998528,-0.2141438502728933,-0.08117643971031961,1,0.03,0.03
mutil,unemp,none,fe_twoway,y2009_2013,n_cell,count,240,240,-0.319527631322001,-0.3771573073736759,-0.25418472038239176,1,1,1
mutil,unemp,none,fe_twoway,y2009_2013,n_cell,rate,244,244,-0.319527631322001,-0.3791718847301142,-0.25418472038239176,1,1,1
mutil,unemp,none,fe_twoway,y2009_2013,n_cell,share,248,248,-0.28022877089273945,-0.35841532819208655,-0.20463377993619483,1,1,1
mutil,unemp,none,fe_twoway,y2009_2013,n_eff,count,240,240,-0.3180569261397603,-0.3771841868800545,-0.25355233743352873,1,1,1
mutil,unemp,none,fe_twoway,y2009_2013,n_eff,rate,244,244,-0.3180569261397603,-0.3852014323057074,-0.25355233743352873,1,1,1
mutil,unemp,none,fe_twoway,y2009_2013,n_eff,share,248,248,-0.27824675964001166,-0.3640107559087275,-0.20463377993619483,1,1,1
mutil,unemp,none,fe_twoway,y2009_2013,none,count,240,240,-0.34883533468189976,-0.4362312807566162,-0.24199023819532992,1,1,1
mutil,unemp,none,fe_twoway,y2009_2013,none,rate,244,244,-0.34883533468189976,-0.4543429245716736,-0.24199023819532992,1,1,1
mutil,unemp,none,fe_twoway,y2009_2013,none,share,248,248,-0.313706187806312,-0.42357282363614007,-0.21185654352072297,1,1,1
mutil,unemp,none,fe_twoway,y2009_2013,pop,count,240,240,-0.4268851776166227,-0.606480969642849,-0.2788795178911654,1,1,1
mutil,unemp,none,fe_twoway,y2009_2013,pop,rate,244,244,-0.4268851776166227,-0.6292709566460893,-0.2788795178911654,1,1,1
mutil,unemp,none,fe_twoway,y2009_2013,pop,share,248,248,-0.2536438360478049,-0.5588929479974873,-0.15895568632573837,1,0.717741935483871,0.717741935483871
mutil,unemp,none,pooled_cl,all,n_cell,count,240,240,-0.1689868336800447,-0.2742840011880297,-0.00714517839987311,1,0.7958333333333333,0.7958333333333333
mutil,unemp,none,pooled_cl,all,n_cell,rate,244,244,-0.169255230582904,-0.2742840011880297,-0.00714517839987311,1,0.7991803278688525,0.7991803278688525
mutil,unemp,none,pooled_cl,all,n_cell,share,248,248,-0.012775638554910144,-0.09269393491736562,0.32006872660616553,0.6290322580645161,0.14516129032258066,0
mutil,unemp,none,pooled_cl,all,n_eff,count,240,240,-0.17452770941485896,-0.2787680073149406,-0.00714517839987311,1,0.8,0.8
mutil,unemp,none,pooled_cl,all,n_eff,rate,244,244,-0.1767748949655477,-0.2787680073149406,-0.00714517839987311,1,0.8032786885245902,0.8032786885245902
mutil,unemp,none,pooled_cl,all,n_eff,share,248,248,-0.01792335105216704,-0.09777610329439848,0.32006872660616553,0.6612903225806451,0.12903225806451613,0
mutil,unemp,none,pooled_cl,all,none,count,240,240,-0.2125138485015689,-0.31878182076914946,-0.0961537370894121,1,0.8625,0.8625
mutil,unemp,none,pooled_cl,all,none,rate,244,244,-0.2128833871252456,-0.31878182076914946,-0.0961537370894121,1,0.8647540983606558,0.8647540983606558
mutil,unemp,none,pooled_cl,all,none,share,248,248,-0.039400302763359533,-0.11918768095276976,0.23108197998970537,0.8064516129032258,0.056451612903225805,0
mutil,unemp,none,pooled_cl,all,pop,count,240,240,-0.0665006952308638,-0.16640253457857274,0.10430094756992649,0.8666666666666667,0.07916666666666666,0.07916666666666666
mutil,unemp,none,pooled_cl,all,pop,rate,244,244,-0.06665911537327107,-0.16640253457857274,0.10430094756992649,0.8688524590163934,0.0778688524590164,0.0778688524590164
mutil,unemp,none,pooled_cl,all,pop,share,248,248,0.030010461458895576,-0.07467503777173845,0.3739831239254759,0.1935483870967742,0.1774193548387097,0
mutil,unemp,none,pooled_cl,no_GR_ES,n_cell,count,240,240,-0.1535838915584842,-0.2696563432177254,-0.00254272406753523,1,0.6833333333333333,0.6833333333333333
mutil,unemp,none,pooled_cl,no_GR_ES,n_cell,rate,244,244,-0.15373647192184875,-0.2696563432177254,-0.00254272406753523,1,0.6885245901639344,0.6885245901639344
mutil,unemp,none,pooled_cl,no_GR_ES,n_cell,share,248,248,6.44907888732266e-4,-0.09145117053403766,0.3483845107721734,0.4838709677419355,0.1774193548387097,0
mutil,unemp,none,pooled_cl,no_GR_ES,n_eff,count,240,240,-0.1599274378758056,-0.27107752386538336,-0.00254272406753523,1,0.7333333333333333,0.7333333333333333
mutil,unemp,none,pooled_cl,no_GR_ES,n_eff,rate,244,244,-0.16012672538502432,-0.2744227545292172,-0.00254272406753523,1,0.7377049180327869,0.7377049180327869
mutil,unemp,none,pooled_cl,no_GR_ES,n_eff,share,248,248,-0.00466041324994739,-0.09204966363524288,0.3483845107721734,0.5645161290322581,0.17338709677419356,0
mutil,unemp,none,pooled_cl,no_GR_ES,none,count,240,240,-0.1924227291488253,-0.3118467631320278,-0.08636152419289764,1,0.8333333333333334,0.8333333333333334
mutil,unemp,none,pooled_cl,no_GR_ES,none,rate,244,244,-0.19325597032551994,-0.3156476553828758,-0.08636152419289764,1,0.8360655737704918,0.8360655737704918
mutil,unemp,none,pooled_cl,no_GR_ES,none,share,248,248,-0.022294039987783343,-0.11552360422795872,0.25199972762533407,0.7741935483870968,0.0967741935483871,0
mutil,unemp,none,pooled_cl,no_GR_ES,pop,count,240,240,-0.0712535648868109,-0.20936776848833,0.05337431545072342,0.8666666666666667,0.17916666666666667,0.17916666666666667
mutil,unemp,none,pooled_cl,no_GR_ES,pop,rate,244,244,-0.07134367867094898,-0.20936776848833,0.05337431545072342,0.8688524590163934,0.18032786885245902,0.18032786885245902
mutil,unemp,none,pooled_cl,no_GR_ES,pop,share,248,248,-0.019039481796819482,-0.17714908945991345,0.3849656506838707,0.7016129032258065,0.25806451612903225,0.06451612903225806
mutil,unemp,none,pooled_cl,no_bailout,n_cell,count,240,240,-0.04304117276463107,-0.16465159170252056,0.0736621330271795,0.8166666666666667,0.05,0.05
mutil,unemp,none,pooled_cl,no_bailout,n_cell,rate,244,244,-0.043925483362208015,-0.16575324739201033,0.0736621330271795,0.819672131147541,0.05327868852459016,0.05327868852459016
mutil,unemp,none,pooled_cl,no_bailout,n_cell,share,248,248,0.09779034330251798,0.00284249355293464,0.3847826116933503,0,0.1774193548387097,0
mutil,unemp,none,pooled_cl,no_bailout,n_eff,count,240,240,-0.04707622611720628,-0.16465159170252056,0.0755721477580354,0.8333333333333334,0.05,0.05
mutil,unemp,none,pooled_cl,no_bailout,n_eff,rate,244,244,-0.047893498456558714,-0.16936245378231024,0.0755721477580354,0.8360655737704918,0.05327868852459016,0.05327868852459016
mutil,unemp,none,pooled_cl,no_bailout,n_eff,share,248,248,0.09910910952181581,0.00284249355293464,0.3903202387327884,0,0.18951612903225806,0
mutil,unemp,none,pooled_cl,no_bailout,none,count,240,240,-0.08191553719154257,-0.21045854176021253,-0.02267131653179813,1,0.12083333333333333,0.12083333333333333
mutil,unemp,none,pooled_cl,no_bailout,none,rate,244,244,-0.08195047764767036,-0.21046428372148293,-0.02267131653179813,1,0.12295081967213115,0.12295081967213115
mutil,unemp,none,pooled_cl,no_bailout,none,share,248,248,0.08501426720968358,-0.01694379761422543,0.2886799195398939,0.08064516129032258,0.10483870967741936,0
mutil,unemp,none,pooled_cl,no_bailout,pop,count,240,240,-0.02471574585423587,-0.168937232812446,0.06043510790794885,0.6416666666666667,0.03333333333333333,0.03333333333333333
mutil,unemp,none,pooled_cl,no_bailout,pop,rate,244,244,-0.02471574585423587,-0.168937232812446,0.06043510790794885,0.639344262295082,0.03278688524590164,0.03278688524590164
mutil,unemp,none,pooled_cl,no_bailout,pop,share,248,248,0.038552472931623664,-0.14172193068364727,0.4129703540937889,0.24193548387096775,0.1774193548387097,0
mutil,unemp,none,pooled_cl,y2004_2008,n_cell,count,240,192,-0.027914202383627483,-0.10023297691280882,0.01681214856481989,0.8229166666666666,0,0
mutil,unemp,none,pooled_cl,y2004_2008,n_cell,rate,244,196,-0.027914202383627483,-0.10023297691280882,0.01681214856481989,0.826530612244898,0,0
mutil,unemp,none,pooled_cl,y2004_2008,n_cell,share,248,200,0.013589215895417865,-0.050356113828150355,0.05180215622744585,0.29,0,0
mutil,unemp,none,pooled_cl,y2004_2008,n_eff,count,240,192,-0.02965085273481987,-0.10023297691280882,0.01072590710400748,0.8645833333333334,0,0
mutil,unemp,none,pooled_cl,y2004_2008,n_eff,rate,244,196,-0.02965085273481987,-0.10023297691280882,0.01072590710400748,0.8673469387755102,0,0
mutil,unemp,none,pooled_cl,y2004_2008,n_eff,share,248,200,0.013707543379100618,-0.048705947887043785,0.05154751229255973,0.29,0,0
mutil,unemp,none,pooled_cl,y2004_2008,none,count,240,192,-0.03765676013153984,-0.1181095885073653,0.00794198351066359,0.9479166666666666,0,0
mutil,unemp,none,pooled_cl,y2004_2008,none,rate,244,196,-0.03802158797518043,-0.1181095885073653,0.00794198351066359,0.9489795918367347,0,0
mutil,unemp,none,pooled_cl,y2004_2008,none,share,248,200,0.04490380906823074,-0.01924688078099121,0.09220194288289373,0.05,0,0
mutil,unemp,none,pooled_cl,y2004_2008,pop,count,240,192,-0.027599118916657707,-0.101126174427353,0.01854111956983096,0.8854166666666666,0,0
mutil,unemp,none,pooled_cl,y2004_2008,pop,rate,244,196,-0.02701803046709111,-0.101126174427353,0.027314708576382674,0.8775510204081632,0,0
mutil,unemp,none,pooled_cl,y2004_2008,pop,share,248,200,-0.066078401202466025,-0.1781611564560973,-0.02494782202385481,1,0.02,0.02
mutil,unemp,none,pooled_cl,y2009_2013,n_cell,count,240,240,-0.10371156152083724,-0.22075487345285696,-0.02063833403645841,1,0.08333333333333333,0.08333333333333333
mutil,unemp,none,pooled_cl,y2009_2013,n_cell,rate,244,244,-0.10388787653295263,-0.22075487345285696,-0.02063833403645841,1,0.08196721311475409,0.08196721311475409
mutil,unemp,none,pooled_cl,y2009_2013,n_cell,share,248,248,0.1345477194200781,0.04590999296848601,0.2967204939721995,0,0.2661290322580645,0
mutil,unemp,none,pooled_cl,y2009_2013,n_eff,count,240,240,-0.10743276938129312,-0.2318329155654459,-0.02063833403645841,1,0.1,0.1
mutil,unemp,none,pooled_cl,y2009_2013,n_eff,rate,244,244,-0.10766564004815332,-0.2318329155654459,-0.02063833403645841,1,0.10245901639344263,0.10245901639344263
mutil,unemp,none,pooled_cl,y2009_2013,n_eff,share,248,248,0.12700370713082326,0.03630213939525998,0.2967204939721995,0,0.23387096774193547,0
mutil,unemp,none,pooled_cl,y2009_2013,none,count,240,240,-0.188859133458303,-0.30275698043735344,-0.1159735482346445,1,0.675,0.675
mutil,unemp,none,pooled_cl,y2009_2013,none,rate,244,244,-0.18947896989762386,-0.30275698043735344,-0.1159735482346445,1,0.680327868852459,0.680327868852459
mutil,unemp,none,pooled_cl,y2009_2013,none,share,248,248,0.07472851053651425,-0.00871686859775344,0.20322598623207988,0.03225806451612903,0.016129032258064516,0
mutil,unemp,none,pooled_cl,y2009_2013,pop,count,240,240,-0.011045866730471685,-0.12790160580092458,0.0901260224467034,0.6,0,0
mutil,unemp,none,pooled_cl,y2009_2013,pop,rate,244,244,-0.0118121576649012,-0.12790160580092458,0.0901260224467034,0.6065573770491803,0,0
mutil,unemp,none,pooled_cl,y2009_2013,pop,share,248,248,0.16675647824478493,0.06481337695739081,0.3576015928908964,0,0.47580645161290325,0
mutil,unemp,none,re,all,none,count,240,240,-0.33780974407994124,-0.4349733750462329,-0.27463523350185765,1,1,1
mutil,unemp,none,re,all,none,rate,244,242,-0.33887449636220224,-0.4349733750462329,-0.27463523350185765,1,1,1
mutil,unemp,none,re,all,none,share,248,246,-0.38839586200716947,-0.492055520646474,-0.2690100918609974,1,1,1
mutil,unemp,none,re,no_GR_ES,none,count,240,240,-0.30515966873123723,-0.3969244237832116,-0.1987493094308088,1,1,1
mutil,unemp,none,re,no_GR_ES,none,rate,244,242,-0.3068683268360131,-0.3969244237832116,-0.1987493094308088,1,1,1
mutil,unemp,none,re,no_GR_ES,none,share,248,246,-0.37405775655295664,-0.45643970569652703,-0.18751678724895648,1,1,1
mutil,unemp,none,re,no_bailout,none,count,240,240,-0.1835549153829949,-0.2787332105825636,-0.10697828539426772,1,0.75,0.75
mutil,unemp,none,re,no_bailout,none,rate,244,242,-0.18392149080928843,-0.2787332105825636,-0.10697828539426772,1,0.7520661157024794,0.7520661157024794
mutil,unemp,none,re,no_bailout,none,share,248,246,-0.250626727640834,-0.3823678875136485,-0.06666286381198223,1,0.8048780487804879,0.8048780487804879
mutil,unemp,none,re,y2004_2008,none,count,240,192,0.27110847280515327,0.22348714221232213,0.33995134268237265,0,1,0
mutil,unemp,none,re,y2004_2008,none,rate,244,194,0.2729562171081572,0.22348714221232213,0.33995134268237265,0,1,0
mutil,unemp,none,re,y2004_2008,none,share,248,198,0.1469905399404014,0.09090972804944056,0.22371915279387333,0,0.41414141414141414,0
mutil,unemp,none,re,y2009_2013,none,count,240,240,-0.3778036151076273,-0.48069839883842425,-0.28564655168067504,1,1,1
mutil,unemp,none,re,y2009_2013,none,rate,244,242,-0.3988641180741285,-0.48069839883842425,-0.28564655168067504,1,1,1
mutil,unemp,none,re,y2009_2013,none,share,248,246,-0.3315128075943651,-0.4129808654356462,-0.264804225372364,1,1,1
mutil,unemp,other,fe_country,all,n_cell,count,240,240,-0.23756036542149417,-0.45472019408430386,-0.16869424541516487,1,1,1
mutil,unemp,other,fe_country,all,n_cell,rate,244,244,-0.23756036542149417,-0.45472019408430386,-0.16869424541516487,1,1,1
mutil,unemp,other,fe_country,all,n_cell,share,248,248,-0.34252735415922864,-0.44746739954422776,-0.2597783863438998,1,1,1
mutil,unemp,other,fe_country,all,n_eff,count,240,240,-0.2408416459062534,-0.461050976942961,-0.17083859594104406,1,1,1
mutil,unemp,other,fe_country,all,n_eff,rate,244,244,-0.2408416459062534,-0.461050976942961,-0.17083859594104406,1,1,1
mutil,unemp,other,fe_country,all,n_eff,share,248,248,-0.3451987197765664,-0.4518449354129342,-0.25933161271431393,1,1,1
mutil,unemp,other,fe_country,all,none,count,240,240,-0.24197634192467504,-0.5548974438335692,-0.16845626997077862,1,1,1
mutil,unemp,other,fe_country,all,none,rate,244,244,-0.24197634192467504,-0.5548974438335692,-0.16845626997077862,1,1,1
mutil,unemp,other,fe_country,all,none,share,248,248,-0.33098272811631513,-0.5195831571695861,-0.25890720320065863,1,1,1
mutil,unemp,other,fe_country,all,pop,count,240,240,-0.12470859032095322,-0.619204323762942,-0.0488763136256643,1,0.49583333333333335,0.49583333333333335
mutil,unemp,other,fe_country,all,pop,rate,244,244,-0.12470859032095322,-0.619204323762942,-0.0488763136256643,1,0.4959016393442623,0.4959016393442623
mutil,unemp,other,fe_country,all,pop,share,248,248,-0.24819230311991852,-0.6152048464973144,-0.14617646541963705,1,0.9919354838709677,0.9919354838709677
mutil,unemp,other,fe_country,no_GR_ES,n_cell,count,240,240,-0.20763121356687758,-0.371756055207473,-0.1262707432072551,1,0.9083333333333333,0.9083333333333333
mutil,unemp,other,fe_country,no_GR_ES,n_cell,rate,244,244,-0.20763121356687758,-0.371756055207473,-0.1262707432072551,1,0.9098360655737705,0.9098360655737705
mutil,unemp,other,fe_country,no_GR_ES,n_cell,share,248,248,-0.3288518383351059,-0.40582593776782744,-0.19629054721296396,1,1,1
mutil,unemp,other,fe_country,no_GR_ES,n_eff,count,240,240,-0.21037250446014322,-0.376384425456144,-0.1271268127671946,1,0.925,0.925
mutil,unemp,other,fe_country,no_GR_ES,n_eff,rate,244,244,-0.2105403017800675,-0.376384425456144,-0.1271268127671946,1,0.9262295081967213,0.9262295081967213
mutil,unemp,other,fe_country,no_GR_ES,n_eff,share,248,248,-0.3317774421425338,-0.40582593776782744,-0.19530436959722375,1,1,1
mutil,unemp,other,fe_country,no_GR_ES,none,count,240,240,-0.22170153997161218,-0.4982799171206721,-0.1225177114606582,1,0.9416666666666667,0.9416666666666667
mutil,unemp,other,fe_country,no_GR_ES,none,rate,244,244,-0.22170153997161218,-0.4982799171206721,-0.1225177114606582,1,0.9426229508196722,0.9426229508196722
mutil,unemp,other,fe_country,no_GR_ES,none,share,248,248,-0.31465452931302396,-0.4676845336221329,-0.2111822708089646,1,1,1
mutil,unemp,other,fe_country,no_GR_ES,pop,count,240,240,-0.02697339235492615,-0.4727960723785122,0.02505360616358425,0.75,0.2,0.2
mutil,unemp,other,fe_country,no_GR_ES,pop,rate,244,244,-0.02697339235492615,-0.4727960723785122,0.02505360616358425,0.7540983606557377,0.19672131147540983,0.19672131147540983
mutil,unemp,other,fe_country,no_GR_ES,pop,share,248,248,-0.1789456922513682,-0.4488760423627437,-0.07833150125393006,1,0.7096774193548387,0.7096774193548387
mutil,unemp,other,fe_country,no_bailout,n_cell,count,240,240,-0.14013788243342223,-0.25252601939861763,-0.07502805021733265,1,0.36666666666666664,0.36666666666666664
mutil,unemp,other,fe_country,no_bailout,n_cell,rate,244,244,-0.14101103200842638,-0.25252601939861763,-0.07502805021733265,1,0.36885245901639346,0.36885245901639346
mutil,unemp,other,fe_country,no_bailout,n_cell,share,248,248,-0.2612312705625503,-0.35993424089983644,-0.08472361623821856,1,0.8387096774193549,0.8387096774193549
mutil,unemp,other,fe_country,no_bailout,n_eff,count,240,240,-0.1401032402773642,-0.25060371941995524,-0.07914188427789982,1,0.38333333333333336,0.38333333333333336
mutil,unemp,other,fe_country,no_bailout,n_eff,rate,244,244,-0.1406823244211478,-0.25060371941995524,-0.07914188427789982,1,0.38524590163934425,0.38524590163934425
mutil,unemp,other,fe_country,no_bailout,n_eff,share,248,248,-0.2640004986913287,-0.3625326406193115,-0.07979445078984927,1,0.8387096774193549,0.8387096774193549
mutil,unemp,other,fe_country,no_bailout,none,count,240,240,-0.14791632062886115,-0.3084656915917313,-0.07237136582277731,1,0.44166666666666665,0.44166666666666665
mutil,unemp,other,fe_country,no_bailout,none,rate,244,244,-0.14791632062886115,-0.3084656915917313,-0.07237136582277731,1,0.4426229508196721,0.4426229508196721
mutil,unemp,other,fe_country,no_bailout,none,share,248,248,-0.24379040922546077,-0.3541416371020392,-0.10192057599909568,1,0.8911290322580645,0.8911290322580645
mutil,unemp,other,fe_country,no_bailout,pop,count,240,240,-0.01285521259816292,-0.445607934857259,0.09605145361554664,0.6,0.175,0.175
mutil,unemp,other,fe_country,no_bailout,pop,rate,244,244,-0.01285521259816292,-0.445607934857259,0.09605145361554664,0.5983606557377049,0.1721311475409836,0.1721311475409836
mutil,unemp,other,fe_country,no_bailout,pop,share,248,248,-0.14261495587834,-0.4284921685468686,-0.04861086417771301,1,0.4596774193548387,0.4596774193548387
mutil,unemp,other,fe_country,y2004_2008,n_cell,count,240,192,0.38597361466347435,0.3220422006150674,0.44186850654008225,0,1,0
mutil,unemp,other,fe_country,y2004_2008,n_cell,rate,244,196,0.39218716847736546,0.3220422006150674,0.5075579645843301,0,1,0
mutil,unemp,other,fe_country,y2004_2008,n_cell,share,248,200,0.1415220238745123,0.07459132982560504,0.2283148158013108,0,0.105,0
mutil,unemp,other,fe_country,y2004_2008,n_eff,count,240,192,0.38745284033143657,0.31924711231972713,0.44186850654008225,0,1,0
mutil,unemp,other,fe_country,y2004_2008,n_eff,rate,244,196,0.39461845838499277,0.31924711231972713,0.5098177090647755,0,1,0
mutil,unemp,other,fe_country,y2004_2008,n_eff,share,248,200,0.14311703880875898,0.08261059882147792,0.23999694836933555,0,0.125,0
mutil,unemp,other,fe_country,y2004_2008,none,count,240,192,0.3800787493011014,0.3095813310312953,0.453772038868354,0,1,0
mutil,unemp,other,fe_country,y2004_2008,none,rate,244,196,0.3814472922021832,0.3095813310312953,0.5124437188408253,0,1,0
mutil,unemp,other,fe_country,y2004_2008,none,share,248,200,0.18392035356426278,0.10890307982122086,0.2880699227136443,0,0.48,0
mutil,unemp,other,fe_country,y2004_2008,pop,count,240,192,0.38253088877018143,0.30627219018051616,0.4294757655414369,0,1,0
mutil,unemp,other,fe_country,y2004_2008,pop,rate,244,196,0.38297586737747336,0.30627219018051616,0.4951913307830934,0,1,0
mutil,unemp,other,fe_country,y2004_2008,pop,share,248,200,0.05161087819240214,-0.02414695061861727,0.12657089309481295,0.07,0,0
mutil,unemp,other,fe_country,y2009_2013,n_cell,count,240,240,-0.387927172585342,-0.5035831919844908,-0.2845078210115007,1,1,1
mutil,unemp,other,fe_country,y2009_2013,n_cell,rate,244,244,-0.4003071911636651,-0.5325471573783309,-0.2845078210115007,1,1,1
mutil,unemp,other,fe_country,y2009_2013,n_cell,share,248,248,-0.3759324025385663,-0.5101144105145271,-0.25830873272812327,1,1,1
mutil,unemp,other,fe_country,y2009_2013,n_eff,count,240,240,-0.3896815706833293,-0.5131600547164648,-0.2845078210115007,1,1,1
mutil,unemp,other,fe_country,y2009_2013,n_eff,rate,244,244,-0.4023371659534403,-0.5440623184972965,-0.2845078210115007,1,1,1
mutil,unemp,other,fe_country,y2009_2013,n_eff,share,248,248,-0.3754711646119375,-0.5177457263057418,-0.25830873272812327,1,1,1
mutil,unemp,other,fe_country,y2009_2013,none,count,240,240,-0.45692354028458565,-0.5914894685489752,-0.29334537237751,1,1,1
mutil,unemp,other,fe_country,y2009_2013,none,rate,244,244,-0.4759376599698184,-0.625982176657358,-0.29334537237751,1,1,1
mutil,unemp,other,fe_country,y2009_2013,none,share,248,248,-0.4458170776513066,-0.5884024076368202,-0.2716789941297792,1,1,1
mutil,unemp,other,fe_country,y2009_2013,pop,count,240,240,-0.49685834763204073,-0.7104966564484507,-0.25295695511592603,1,1,1
mutil,unemp,other,fe_country,y2009_2013,pop,rate,244,244,-0.49685834763204073,-0.7468883174229001,-0.25295695511592603,1,1,1
mutil,unemp,other,fe_country,y2009_2013,pop,share,248,248,-0.3576914661788899,-0.7149226623423274,-0.18051058521558397,1,0.9556451612903226,0.9556451612903226
mutil,unemp,other,fe_twoway,all,n_cell,count,240,240,-0.06677275632292204,-0.305991533609965,-0.01561940995310942,1,0.22083333333333333,0.22083333333333333
mutil,unemp,other,fe_twoway,all,n_cell,rate,244,244,-0.06652925286055035,-0.305991533609965,-0.010831948123652853,1,0.21721311475409835,0.21721311475409835
mutil,unemp,other,fe_twoway,all,n_cell,share,248,248,-0.14033132033353307,-0.26598665774743374,-0.07746737483481084,1,0.5524193548387096,0.5524193548387096
mutil,unemp,other,fe_twoway,all,n_eff,count,240,240,-0.06286077651973998,-0.305991533609965,-0.01060799908243472,1,0.2125,0.2125
mutil,unemp,other,fe_twoway,all,n_eff,rate,244,244,-0.062090829724113145,-0.305991533609965,-0.0036366312370559794,1,0.20901639344262296,0.20901639344262296
mutil,unemp,other,fe_twoway,all,n_eff,share,248,248,-0.1355049471797213,-0.26598665774743374,-0.07646871704758929,1,0.5403225806451613,0.5403225806451613
mutil,unemp,other,fe_twoway,all,none,count,240,240,-0.044506770321280434,-0.34683334001143523,0.00230733330209778,0.9833333333333333,0.2,0.2
mutil,unemp,other,fe_twoway,all,none,rate,244,244,-0.043625891290563726,-0.34683334001143523,0.004755740673311659,0.9754098360655737,0.19672131147540983,0.19672131147540983
mutil,unemp,other,fe_twoway,all,none,share,248,248,-0.11056582978632026,-0.31027113955237334,-0.0616719230775043,1,0.3709677419354839,0.3709677419354839
mutil,unemp,other,fe_twoway,all,pop,count,240,240,-0.034798930831098786,-0.5423720538398398,0.02576118231114017,0.8166666666666667,0.2,0.2
mutil,unemp,other,fe_twoway,all,pop,rate,244,244,-0.0342234612367881,-0.5423720538398398,0.02576118231114017,0.8114754098360656,0.19672131147540983,0.19672131147540983
mutil,unemp,other,fe_twoway,all,pop,share,248,248,-0.1766263011417225,-0.4773839713854902,-0.11044078353622176,1,0.8508064516129032,0.8508064516129032
mutil,unemp,other,fe_twoway,no_GR_ES,n_cell,count,240,240,-0.07846118818551143,-0.2645334670490801,-0.0265272910235804,1,0.13333333333333333,0.13333333333333333
mutil,unemp,other,fe_twoway,no_GR_ES,n_cell,rate,244,244,-0.0782411266725658,-0.2645334670490801,-0.020321345399542147,1,0.13114754098360656,0.13114754098360656
mutil,unemp,other,fe_twoway,no_GR_ES,n_cell,share,248,248,-0.15095444967673394,-0.2327307687699945,-0.08747543271288376,1,0.5,0.5
mutil,unemp,other,fe_twoway,no_GR_ES,n_eff,count,240,240,-0.07578069994529704,-0.2636645242157098,-0.01936426922464077,1,0.11666666666666667,0.11666666666666667
mutil,unemp,other,fe_twoway,no_GR_ES,n_eff,rate,244,244,-0.07498102004772046,-0.2636645242157098,-0.01173171381859178,1,0.11475409836065574,0.11475409836065574
mutil,unemp,other,fe_twoway,no_GR_ES,n_eff,share,248,248,-0.1494868788385012,-0.2327307687699945,-0.08454682407854962,1,0.4798387096774194,0.4798387096774194
mutil,unemp,other,fe_twoway,no_GR_ES,none,count,240,240,-0.05856839807910329,-0.32635787127469246,-0.01594819235808068,1,0.12916666666666668,0.12916666666666668
mutil,unemp,other,fe_twoway,no_GR_ES,none,rate,244,244,-0.05685616929674346,-0.32635787127469246,-0.012969259080057803,1,0.12704918032786885,0.12704918032786885
mutil,unemp,other,fe_twoway,no_GR_ES,none,share,248,248,-0.12272812554151194,-0.26592663316071896,-0.06675963595034189,1,0.375,0.375
mutil,unemp,other,fe_twoway,no_GR_ES,pop,count,240,240,-0.01765849520975507,-0.4377105378484876,0.03651421136019237,0.7333333333333333,0.2,0.2
mutil,unemp,other,fe_twoway,no_GR_ES,pop,rate,244,244,-0.01765849520975507,-0.4377105378484876,0.03651421136019237,0.7295081967213115,0.19672131147540983,0.19672131147540983
mutil,unemp,other,fe_twoway,no_GR_ES,pop,share,248,248,-0.12326160146603511,-0.3533163540351976,-0.04617144758366433,1,0.3387096774193548,0.3387096774193548
mutil,unemp,other,fe_twoway,no_bailout,n_cell,count,240,240,-0.11459280939038113,-0.19737769145505177,-0.05629525412813045,1,0.1125,0.1125
mutil,unemp,other,fe_twoway,no_bailout,n_cell,rate,244,244,-0.11402382983126712,-0.19737769145505177,-0.03204322582364057,1,0.11065573770491803,0.11065573770491803
mutil,unemp,other,fe_twoway,no_bailout,n_cell,share,248,248,-0.10399842966643733,-0.17302132939303666,-0.01342432039369184,1,0.03225806451612903,0.03225806451612903
mutil,unemp,other,fe_twoway,no_bailout,n_eff,count,240,240,-0.1122009232305795,-0.19737769145505177,-0.05421623519670509,1,0.1,0.1
mutil,unemp,other,fe_twoway,no_bailout,n_eff,rate,244,244,-0.11088329890612274,-0.19737769145505177,-0.02564336624006751,1,0.09836065573770492,0.09836065573770492
mutil,unemp,other,fe_twoway,no_bailout,n_eff,share,248,248,-0.1009138126117616,-0.17302132939303666,-0.0053795888666577,1,0.03225806451612903,0.03225806451612903
mutil,unemp,other,fe_twoway,no_bailout,none,count,240,240,-0.10654683443846019,-0.1756089144848705,-0.05501970182956315,1,0.03333333333333333,0.03333333333333333
mutil,unemp,other,fe_twoway,no_bailout,none,rate,244,244,-0.10521056476503002,-0.1756089144848705,-0.02408278781987766,1,0.03278688524590164,0.03278688524590164
mutil,unemp,other,fe_twoway,no_bailout,none,share,248,248,-0.09177414999710726,-0.14357197274307243,-0.018436276445612784,1,0,0
mutil,unemp,other,fe_twoway,no_bailout,pop,count,240,240,-0.05125401416984206,-0.438426551750526,0.03081720228643217,0.85,0.2,0.2
mutil,unemp,other,fe_twoway,no_bailout,pop,rate,244,244,-0.04965818342138353,-0.438426551750526,0.03210818263689264,0.8442622950819673,0.19672131147540983,0.19672131147540983
mutil,unemp,other,fe_twoway,no_bailout,pop,share,248,248,-0.09189173104211304,-0.332917388976199,-0.00817688110902641,1,0.12096774193548387,0.12096774193548387
mutil,unemp,other,fe_twoway,y2004_2008,n_cell,count,240,192,0.06422213764359358,7.118996122660981e-4,0.11472675789315964,0,0,0
mutil,unemp,other,fe_twoway,y2004_2008,n_cell,rate,244,196,0.06462233663682146,7.118996122660981e-4,0.11472675789315964,0,0,0
mutil,unemp,other,fe_twoway,y2004_2008,n_cell,share,248,200,0.012372413505859735,-0.04227605327347687,0.05775252993650195,0.35,0,0
mutil,unemp,other,fe_twoway,y2004_2008,n_eff,count,240,192,0.06798075139421556,0.00412727378961416,0.11860187207083564,0,0,0
mutil,unemp,other,fe_twoway,y2004_2008,n_eff,rate,244,196,0.0684969679096605,0.00412727378961416,0.11860187207083564,0,0,0
mutil,unemp,other,fe_twoway,y2004_2008,n_eff,share,248,200,0.013000203850500885,-0.03708203108578838,0.05872007692272484,0.32,0,0
mutil,unemp,other,fe_twoway,y2004_2008,none,count,240,192,0.03547061240988876,-0.03397260820598694,0.0794616351800844,0.125,0,0
mutil,unemp,other,fe_twoway,y2004_2008,none,rate,244,196,0.035677108588795095,-0.03397260820598694,0.07947194760780078,0.12244897959183673,0,0
mutil,unemp,other,fe_twoway,y2004_2008,none,share,248,200,0.017276007762093405,-0.02999501930136965,0.0576433939197096,0.24,0,0
mutil,unemp,other,fe_twoway,y2004_2008,pop,count,240,192,0.06573233539215807,0.01592628696733877,0.1592942856908596,0,0,0
mutil,unemp,other,fe_twoway,y2004_2008,pop,rate,244,196,0.06604427331680404,0.01592628696733877,0.1592942856908596,0,0,0
mutil,unemp,other,fe_twoway,y2004_2008,pop,share,248,200,-0.09550808746692406,-0.17332034535972368,-0.03978015244039531,1,0,0
mutil,unemp,other,fe_twoway,y2009_2013,n_cell,count,240,240,-0.262298431694605,-0.3110986517597581,-0.22102791515625508,1,1,1
mutil,unemp,other,fe_twoway,y2009_2013,n_cell,rate,244,244,-0.262298431694605,-0.3110986517597581,-0.22102791515625508,1,1,1
mutil,unemp,other,fe_twoway,y2009_2013,n_cell,share,248,248,-0.22154827951745887,-0.2848734810073504,-0.17362546836383388,1,0.907258064516129,0.907258064516129
mutil,unemp,other,fe_twoway,y2009_2013,n_eff,count,240,240,-0.2610247901715146,-0.3110986517597581,-0.2175710517960164,1,1,1
mutil,unemp,other,fe_twoway,y2009_2013,n_eff,rate,244,244,-0.2610247901715146,-0.3110986517597581,-0.2175710517960164,1,1,1
mutil,unemp,other,fe_twoway,y2009_2013,n_eff,share,248,248,-0.22028455002407205,-0.2848734810073504,-0.16510066261453665,1,0.8709677419354839,0.8709677419354839
mutil,unemp,other,fe_twoway,y2009_2013,none,count,240,240,-0.2842993525925175,-0.3526679171730545,-0.22545408642593076,1,1,1
mutil,unemp,other,fe_twoway,y2009_2013,none,rate,244,244,-0.2842993525925175,-0.35979325702719167,-0.22545408642593076,1,1,1
mutil,unemp,other,fe_twoway,y2009_2013,none,share,248,248,-0.2503884185451377,-0.33553820485241337,-0.1916461732381284,1,0.9879032258064516,0.9879032258064516
mutil,unemp,other,fe_twoway,y2009_2013,pop,count,240,240,-0.4200831547260444,-0.5750454887600402,-0.26782737466702533,1,1,1
mutil,unemp,other,fe_twoway,y2009_2013,pop,rate,244,244,-0.4200831547260444,-0.5868713343531886,-0.26530969609243593,1,1,1
mutil,unemp,other,fe_twoway,y2009_2013,pop,share,248,248,-0.24775692054672954,-0.531851545454006,-0.16565707760040996,1,0.7741935483870968,0.7741935483870968
mutil,unemp,other,pooled_cl,all,n_cell,count,240,240,-0.11758754227876003,-0.21957112971377823,-0.02824840211630372,1,0.44583333333333336,0.44583333333333336
mutil,unemp,other,pooled_cl,all,n_cell,rate,244,244,-0.11831060965236723,-0.21957112971377823,-0.02824840211630372,1,0.45081967213114754,0.45081967213114754
mutil,unemp,other,pooled_cl,all,n_cell,share,248,248,0.04732775249595657,-0.03614163983689217,0.29896857668367083,0.0967741935483871,0.11290322580645161,0
mutil,unemp,other,pooled_cl,all,n_eff,count,240,240,-0.1227022320690205,-0.21957112971377823,-0.02824840211630372,1,0.4875,0.4875
mutil,unemp,other,pooled_cl,all,n_eff,rate,244,244,-0.1235383878544571,-0.22094173822251287,-0.02824840211630372,1,0.4959016393442623,0.4959016393442623
mutil,unemp,other,pooled_cl,all,n_eff,share,248,248,0.043355340898038,-0.03614163983689217,0.29896857668367083,0.0967741935483871,0.11290322580645161,0
mutil,unemp,other,pooled_cl,all,none,count,240,240,-0.16437833648562744,-0.254388339458448,-0.10532069769955502,1,0.8791666666666667,0.8791666666666667
mutil,unemp,other,pooled_cl,all,none,rate,244,244,-0.1643786165741839,-0.255453243600141,-0.10532069769955502,1,0.8811475409836066,0.8811475409836066
mutil,unemp,other,pooled_cl,all,none,share,248,248,0.03294695726880743,-0.05118954316171609,0.2064269659339363,0.1693548387096774,0.028225806451612902,0
mutil,unemp,other,pooled_cl,all,pop,count,240,240,-0.02714427973580618,-0.1159809088687371,0.0363948240036934,0.85,0,0
mutil,unemp,other,pooled_cl,all,pop,rate,244,244,-0.02714427973580618,-0.1159809088687371,0.0363948240036934,0.8524590163934426,0,0
mutil,unemp,other,pooled_cl,all,pop,share,248,248,0.06387715179534514,-0.04161740170657866,0.31280115651287355,0.11290322580645161,0.11290322580645161,0
mutil,unemp,other,pooled_cl,no_GR_ES,n_cell,count,240,240,-0.1459166752277748,-0.24960098606775605,-0.00912505891740797,1,0.6583333333333333,0.6583333333333333
mutil,unemp,other,pooled_cl,no_GR_ES,n_cell,rate,244,244,-0.14623292120622713,-0.2529095906851299,-0.00912505891740797,1,0.6639344262295082,0.6639344262295082
mutil,unemp,other,pooled_cl,no_GR_ES,n_cell,share,248,248,0.025829917860473568,-0.06414654169836147,0.34253072002030865,0.21774193548387097,0.1693548387096774,0
mutil,unemp,other,pooled_cl,no_GR_ES,n_eff,count,240,240,-0.15009216103164266,-0.24960098606775605,-0.00912505891740797,1,0.6916666666666667,0.6916666666666667
mutil,unemp,other,pooled_cl,no_GR_ES,n_eff,rate,244,244,-0.15074647863047708,-0.25910420863581335,-0.00912505891740797,1,0.6967213114754098,0.6967213114754098
mutil,unemp,other,pooled_cl,no_GR_ES,n_eff,share,248,248,0.0235550055916708,-0.06414654169836147,0.34253072002030865,0.24193548387096775,0.15725806451612903,0
mutil,unemp,other,pooled_cl,no_GR_ES,none,count,240,240,-0.1697256961658509,-0.2719483113824008,-0.09706014526712152,1,0.8208333333333333,0.8208333333333333
mutil,unemp,other,pooled_cl,no_GR_ES,none,rate,244,244,-0.1700232589567326,-0.27950364389361604,-0.09706014526712152,1,0.8237704918032787,0.8237704918032787
mutil,unemp,other,pooled_cl,no_GR_ES,none,share,248,248,0.022815158226492167,-0.06863221915215618,0.23889368025675753,0.25806451612903225,0.08064516129032258,0
mutil,unemp,other,pooled_cl,no_GR_ES,pop,count,240,240,-0.07786421647943374,-0.21333367036138917,0.03253434457089195,0.9,0.16666666666666666,0.16666666666666666
mutil,unemp,other,pooled_cl,no_GR_ES,pop,rate,244,244,-0.0780265224009124,-0.21333367036138917,0.03253434457089195,0.9016393442622951,0.1680327868852459,0.1680327868852459
mutil,unemp,other,pooled_cl,no_GR_ES,pop,share,248,248,-0.01768100368563531,-0.17511328168832763,0.3733512278444115,0.7016129032258065,0.25806451612903225,0.06451612903225806
mutil,unemp,other,pooled_cl,no_bailout,n_cell,count,240,240,-0.06591505412007366,-0.19241002479048624,0.08153469775210899,0.8333333333333334,0.08333333333333333,0.08333333333333333
mutil,unemp,other,pooled_cl,no_bailout,n_cell,rate,244,244,-0.0660597529593386,-0.19497752966947446,0.08153469775210899,0.8360655737704918,0.0860655737704918,0.0860655737704918
mutil,unemp,other,pooled_cl,no_bailout,n_cell,share,248,248,0.08655611161246181,-0.0105873606783975,0.3960957348520363,0.06451612903225806,0.13709677419354838,0
mutil,unemp,other,pooled_cl,no_bailout,n_eff,count,240,240,-0.07067982688212587,-0.19241002479048624,0.08366564683484654,0.8333333333333334,0.08333333333333333,0.08333333333333333
mutil,unemp,other,pooled_cl,no_bailout,n_eff,rate,244,244,-0.07139339395324984,-0.19746632138467074,0.08366564683484654,0.8360655737704918,0.0860655737704918,0.0860655737704918
mutil,unemp,other,pooled_cl,no_bailout,n_eff,share,248,248,0.08655611161246181,-0.0105873606783975,0.4019809406850331,0.04838709677419355,0.16129032258064516,0
mutil,unemp,other,pooled_cl,no_bailout,none,count,240,240,-0.08582880615536195,-0.2143211727790701,-0.02565344664077635,1,0.13333333333333333,0.13333333333333333
mutil,unemp,other,pooled_cl,no_bailout,none,rate,244,244,-0.08629931940252641,-0.21464403342331229,-0.02565344664077635,1,0.13524590163934427,0.13524590163934427
mutil,unemp,other,pooled_cl,no_bailout,none,share,248,248,0.0863805532604777,-0.01068444845530764,0.28957582623248895,0.056451612903225805,0.10483870967741936,0
mutil,unemp,other,pooled_cl,no_bailout,pop,count,240,240,-0.034310276187334135,-0.19150895658078423,0.03261624219993093,0.8416666666666667,0.041666666666666664,0.041666666666666664
mutil,unemp,other,pooled_cl,no_bailout,pop,rate,244,244,-0.034310276187334135,-0.19150895658078423,0.03261624219993093,0.8360655737704918,0.040983606557377046,0.040983606557377046
mutil,unemp,other,pooled_cl,no_bailout,pop,share,248,248,0.03586024495717097,-0.14731832511836637,0.4160592207168324,0.25806451612903225,0.1975806451612903,0.008064516129032258
mutil,unemp,other,pooled_cl,y2004_2008,n_cell,count,240,192,-0.1012838866987024,-0.18773179267955065,-0.04735171484076764,1,0.03125,0.03125
mutil,unemp,other,pooled_cl,y2004_2008,n_cell,rate,244,196,-0.10188121436115241,-0.18773179267955065,-0.04735171484076764,1,0.030612244897959183,0.030612244897959183
mutil,unemp,other,pooled_cl,y2004_2008,n_cell,share,248,200,-0.04776199636129679,-0.12066907273732808,-0.01856567363691171,1,0,0
mutil,unemp,other,pooled_cl,y2004_2008,n_eff,count,240,192,-0.10202575724304816,-0.18773179267955065,-0.05315460511399055,1,0.03125,0.03125
mutil,unemp,other,pooled_cl,y2004_2008,n_eff,rate,244,196,-0.10234600656009221,-0.18773179267955065,-0.05315460511399055,1,0.030612244897959183,0.030612244897959183
mutil,unemp,other,pooled_cl,y2004_2008,n_eff,share,248,200,-0.04668841617649682,-0.12066907273732808,-0.01637209276687211,1,0,0
mutil,unemp,other,pooled_cl,y2004_2008,none,count,240,192,-0.10259891879944322,-0.1997324408136844,-0.04886488172322181,1,0.052083333333333336,0.052083333333333336
mutil,unemp,other,pooled_cl,y2004_2008,none,rate,244,196,-0.10280050745642644,-0.1997324408136844,-0.04886488172322181,1,0.05102040816326531,0.05102040816326531
mutil,unemp,other,pooled_cl,y2004_2008,none,share,248,200,-0.00186536158798245,-0.08316064149949025,0.0260909162858007,0.54,0,0
mutil,unemp,other,pooled_cl,y2004_2008,pop,count,240,192,-0.13778642337160302,-0.2273622949930809,-0.0897070003293055,1,0.15104166666666666,0.15104166666666666
mutil,unemp,other,pooled_cl,y2004_2008,pop,rate,244,196,-0.13664974117669315,-0.2273622949930809,-0.0897070003293055,1,0.14795918367346939,0.14795918367346939
mutil,unemp,other,pooled_cl,y2004_2008,pop,share,248,200,-0.14554257433916545,-0.273542556096342,-0.07898715525438088,1,0.35,0.35
mutil,unemp,other,pooled_cl,y2009_2013,n_cell,count,240,240,-0.12812345459198562,-0.24980733519945456,-0.04060240490240058,1,0.1875,0.1875
mutil,unemp,other,pooled_cl,y2009_2013,n_cell,rate,244,244,-0.1286306444213567,-0.24980733519945456,-0.04060240490240058,1,0.1885245901639344,0.1885245901639344
mutil,unemp,other,pooled_cl,y2009_2013,n_cell,share,248,248,0.11857597958562,0.03160255482293012,0.2798958026865316,0,0.18951612903225806,0
mutil,unemp,other,pooled_cl,y2009_2013,n_eff,count,240,240,-0.13340828091807466,-0.25991322430131186,-0.04060240490240058,1,0.21666666666666667,0.21666666666666667
mutil,unemp,other,pooled_cl,y2009_2013,n_eff,rate,244,244,-0.13367368479925443,-0.25991322430131186,-0.04060240490240058,1,0.22131147540983606,0.22131147540983606
mutil,unemp,other,pooled_cl,y2009_2013,n_eff,share,248,248,0.11005872935696068,0.0215814451964682,0.2798958026865316,0,0.1693548387096774,0
mutil,unemp,other,pooled_cl,y2009_2013,none,count,240,240,-0.21681979006593793,-0.3374480540152553,-0.13889702096860224,1,0.8791666666666667,0.8791666666666667
mutil,unemp,other,pooled_cl,y2009_2013,none,rate,244,244,-0.21702210728045224,-0.3374480540152553,-0.13889702096860224,1,0.8811475409836066,0.8811475409836066
mutil,unemp,other,pooled_cl,y2009_2013,none,share,248,248,0.05675498789992839,-0.03067028018120942,0.18632304001457511,0.06451612903225806,0.012096774193548387,0
mutil,unemp,other,pooled_cl,y2009_2013,pop,count,240,240,-0.07098445607343856,-0.20368232750414583,0.02212683842884143,0.9666666666666667,0.016666666666666666,0.016666666666666666
mutil,unemp,other,pooled_cl,y2009_2013,pop,rate,244,244,-0.07190525575348682,-0.20368232750414583,0.02212683842884143,0.9672131147540983,0.01639344262295082,0.01639344262295082
mutil,unemp,other,pooled_cl,y2009_2013,pop,share,248,248,0.11509518616261956,0.0258990159155931,0.3059030717482954,0,0.2217741935483871,0
mutil,unemp,other,re,all,none,count,240,240,-0.2354291348675191,-0.4668766061499035,-0.17547301980215488,1,1,1
mutil,unemp,other,re,all,none,rate,244,242,-0.23593254099133304,-0.4668766061499035,-0.17547301980215488,1,1,1
mutil,unemp,other,re,all,none,share,248,246,-0.3031034226963506,-0.4169509967856704,-0.25022069401543734,1,1,1
mutil,unemp,other,re,no_GR_ES,none,count,240,240,-0.2167257821336133,-0.4275922204215976,-0.1356248824520159,1,1,1
mutil,unemp,other,re,no_GR_ES,none,rate,244,242,-0.217480120428203,-0.4275922204215976,-0.1356248824520159,1,1,1
mutil,unemp,other,re,no_GR_ES,none,share,248,246,-0.2842813509454412,-0.36465667689902953,-0.20227813627367563,1,1,1
mutil,unemp,other,re,no_bailout,none,count,240,240,-0.14152983035439637,-0.25792432164920376,-0.07550302458919954,1,0.43333333333333335,0.43333333333333335
mutil,unemp,other,re,no_bailout,none,rate,244,242,-0.14152983035439637,-0.25792432164920376,-0.07550302458919954,1,0.43388429752066116,0.43388429752066116
mutil,unemp,other,re,no_bailout,none,share,248,246,-0.2054600642058863,-0.3382259730266114,-0.07161004004470856,1,0.8130081300813008,0.8130081300813008
mutil,unemp,other,re,y2004_2008,none,count,240,192,0.25546134360589,0.1977060479859552,0.3334117952183229,0,1,0
mutil,unemp,other,re,y2004_2008,none,rate,244,194,0.2558433726732904,0.1977060479859552,0.3797501936796677,0,1,0
mutil,unemp,other,re,y2004_2008,none,share,248,198,0.15170422577026327,0.09506686127792964,0.22979918676738392,0,0.4292929292929293,0
mutil,unemp,other,re,y2009_2013,none,count,240,240,-0.3991759215575861,-0.5132780362471973,-0.29240345603861545,1,1,1
mutil,unemp,other,re,y2009_2013,none,rate,244,242,-0.43563074835415727,-0.5132780362471973,-0.29240345603861545,1,1,1
mutil,unemp,other,re,y2009_2013,none,share,248,246,-0.354755100337901,-0.44563815673259327,-0.2748347810278454,1,1,1
