cell,rows,fitted,derived,has_mi,has_beta,bytes
mcomm__growth__none__fe_country__all__n_cell,148,100,48,FALSE,TRUE,7212
mcomm__growth__none__fe_country__all__n_eff,148,100,48,FALSE,TRUE,7246
mcomm__growth__none__fe_country__all__none,148,100,48,FALSE,TRUE,7215
mcomm__growth__none__fe_country__all__pop,148,100,48,FALSE,TRUE,7176
mcomm__growth__none__fe_country__no_GR_ES__n_cell,148,100,48,FALSE,TRUE,7251
mcomm__growth__none__fe_country__no_GR_ES__n_eff,148,100,48,FALSE,TRUE,7247
mcomm__growth__none__fe_country__no_GR_ES__none,148,100,48,FALSE,TRUE,7321
mcomm__growth__none__fe_country__no_GR_ES__pop,148,100,48,FALSE,TRUE,7274
mcomm__growth__none__fe_country__no_bailout__n_cell,148,100,48,FALSE,TRUE,7190
mcomm__growth__none__fe_country__no_bailout__n_eff,148,100,48,FALSE,TRUE,7170
mcomm__growth__none__fe_country__no_bailout__none,148,100,48,FALSE,TRUE,7266
mcomm__growth__none__fe_country__no_bailout__pop,148,100,48,FALSE,TRUE,7178
mcomm__growth__none__fe_country__y2004_2008__n_cell,148,100,48,FALSE,TRUE,7233
mcomm__growth__none__fe_country__y2004_2008__n_eff,148,100,48,FALSE,TRUE,7193
mcomm__growth__none__fe_country__y2004_2008__none,148,100,48,FALSE,TRUE,7184
mcomm__growth__none__fe_country__y2004_2008__pop,148,100,48,FALSE,TRUE,7177
mcomm__growth__none__fe_country__y2009_2013__n_cell,148,100,48,FALSE,TRUE,7298
mcomm__growth__none__fe_country__y2009_2013__n_eff,148,100,48,FALSE,TRUE,7291
mcomm__growth__none__fe_country__y2009_2013__none,148,100,48,FALSE,TRUE,7187
mcomm__growth__none__fe_country__y2009_2013__pop,148,100,48,FALSE,TRUE,7166
mcomm__growth__none__fe_twoway__all__n_cell,148,100,48,FALSE,TRUE,7110
mcomm__growth__none__fe_twoway__all__n_eff,148,100,48,FALSE,TRUE,7097
mcomm__growth__none__fe_twoway__all__none,148,100,48,FALSE,TRUE,7117
mcomm__growth__none__fe_twoway__all__pop,148,100,48,FALSE,TRUE,7118
mcomm__growth__none__fe_twoway__no_GR_ES__n_cell,148,100,48,FALSE,TRUE,7134
mcomm__growth__none__fe_twoway__no_GR_ES__n_eff,148,100,48,FALSE,TRUE,7157
mcomm__growth__none__fe_twoway__no_GR_ES__none,148,100,48,FALSE,TRUE,7149
mcomm__growth__none__fe_twoway__no_GR_ES__pop,148,100,48,FALSE,TRUE,7158
mcomm__growth__none__fe_twoway__no_bailout__n_cell,148,100,48,FALSE,TRUE,7202
mcomm__growth__none__fe_twoway__no_bailout__n_eff,148,100,48,FALSE,TRUE,7194
mcomm__growth__none__fe_twoway__no_bailout__none,148,100,48,FALSE,TRUE,7224
mcomm__growth__none__fe_twoway__no_bailout__pop,148,100,48,FALSE,TRUE,7062
mcomm__growth__none__fe_twoway__y2004_2008__n_cell,148,100,48,FALSE,TRUE,7256
mcomm__growth__none__fe_twoway__y2004_2008__n_eff,148,100,48,FALSE,TRUE,7269
mcomm__growth__none__fe_twoway__y2004_2008__none,148,100,48,FALSE,TRUE,7156
mcomm__growth__none__fe_twoway__y2004_2008__pop,148,100,48,FALSE,TRUE,7094
mcomm__growth__none__fe_twoway__y2009_2013__n_cell,148,100,48,FALSE,TRUE,7187
mcomm__growth__none__fe_twoway__y2009_2013__n_eff,148,100,48,FALSE,TRUE,7177
mcomm__growth__none__fe_twoway__y2009_2013__none,148,100,48,FALSE,TRUE,7216
mcomm__growth__none__fe_twoway__y2009_2013__pop,148,100,48,FALSE,TRUE,7206
mcomm__growth__none__pooled_cl__all__n_cell,148,100,48,FALSE,TRUE,6999
mcomm__growth__none__pooled_cl__all__n_eff,148,100,48,FALSE,TRUE,7028
mcomm__growth__none__pooled_cl__all__none,148,100,48,FALSE,TRUE,7089
mcomm__growth__none__pooled_cl__all__pop,148,100,48,FALSE,TRUE,7137
mcomm__growth__none__pooled_cl__no_GR_ES__n_cell,148,100,48,FALSE,TRUE,7072
mcomm__growth__none__pooled_cl__no_GR_ES__n_eff,148,100,48,FALSE,TRUE,7099
mcomm__growth__none__pooled_cl__no_GR_ES__none,148,100,48,FALSE,TRUE,7045
mcomm__growth__none__pooled_cl__no_GR_ES__pop,148,100,48,FALSE,TRUE,7163
mcomm__growth__none__pooled_cl__no_bailout__n_cell,148,100,48,FALSE,TRUE,6988
mcomm__growth__none__pooled_cl__no_bailout__n_eff,148,100,48,FALSE,TRUE,7010
mcomm__growth__none__pooled_cl__no_bailout__none,148,100,48,FALSE,TRUE,7025
mcomm__growth__none__pooled_cl__no_bailout__pop,148,100,48,FALSE,TRUE,7178
mcomm__growth__none__pooled_cl__y2004_2008__n_cell,148,100,48,FALSE,TRUE,7151
mcomm__growth__none__pooled_cl__y2004_2008__n_eff,148,100,48,FALSE,TRUE,7149
mcomm__growth__none__pooled_cl__y2004_2008__none,148,100,48,FALSE,TRUE,7116
mcomm__growth__none__pooled_cl__y2004_2008__pop,148,100,48,FALSE,TRUE,7229
mcomm__growth__none__pooled_cl__y2009_2013__n_cell,148,100,48,FALSE,TRUE,7119
mcomm__growth__none__pooled_cl__y2009_2013__n_eff,148,100,48,FALSE,TRUE,7141
mcomm__growth__none__pooled_cl__y2009_2013__none,148,100,48,FALSE,TRUE,7042
mcomm__growth__none__pooled_cl__y2009_2013__pop,148,100,48,FALSE,TRUE,7287
mcomm__growth__none__re__all__none,148,100,48,FALSE,TRUE,7107
mcomm__growth__none__re__no_GR_ES__none,148,100,48,FALSE,TRUE,7091
mcomm__growth__none__re__no_bailout__none,148,100,48,FALSE,TRUE,7051
mcomm__growth__none__re__y2004_2008__none,148,100,48,FALSE,TRUE,6981
mcomm__growth__none__re__y2009_2013__none,148,100,48,FALSE,TRUE,7054
mcomm__growth__other__fe_country__all__n_cell,148,100,48,FALSE,TRUE,7099
mcomm__growth__other__fe_country__all__n_eff,148,100,48,FALSE,TRUE,7118
mcomm__growth__other__fe_country__all__none,148,100,48,FALSE,TRUE,7134
mcomm__growth__other__fe_country__all__pop,148,100,48,FALSE,TRUE,7179
mcomm__growth__other__fe_country__no_GR_ES__n_cell,148,100,48,FALSE,TRUE,7132
mcomm__growth__other__fe_country__no_GR_ES__n_eff,148,100,48,FALSE,TRUE,7123
mcomm__growth__other__fe_country__no_GR_ES__none,148,100,48,FALSE,TRUE,7197
mcomm__growth__other__fe_country__no_GR_ES__pop,148,100,48,FALSE,TRUE,7208
mcomm__growth__other__fe_country__no_bailout__n_cell,148,100,48,FALSE,TRUE,7168
mcomm__growth__other__fe_country__no_bailout__n_eff,148,100,48,FALSE,TRUE,7171
mcomm__growth__other__fe_country__no_bailout__none,148,100,48,FALSE,TRUE,7173
mcomm__growth__other__fe_country__no_bailout__pop,148,100,48,FALSE,TRUE,7174
mcomm__growth__other__fe_country__y2004_2008__n_cell,148,100,48,FALSE,TRUE,7197
mcomm__growth__other__fe_country__y2004_2008__n_eff,148,100,48,FALSE,TRUE,7186
mcomm__growth__other__fe_country__y2004_2008__none,148,100,48,FALSE,TRUE,7172
mcomm__growth__other__fe_country__y2004_2008__pop,148,100,48,FALSE,TRUE,7192
mcomm__growth__other__fe_country__y2009_2013__n_cell,148,100,48,FALSE,TRUE,7360
mcomm__growth__other__fe_country__y2009_2013__n_eff,148,100,48,FALSE,TRUE,7332
mcomm__growth__other__fe_country__y2009_2013__none,148,100,48,FALSE,TRUE,7257
mcomm__growth__other__fe_country__y2009_2013__pop,148,100,48,FALSE,TRUE,7184
mcomm__growth__other__fe_twoway__all__n_cell,148,100,48,FALSE,TRUE,7100
mcomm__growth__other__fe_twoway__all__n_eff,148,100,48,FALSE,TRUE,7083
mcomm__growth__other__fe_twoway__all__none,148,100,48,FALSE,TRUE,7106
mcomm__growth__other__fe_twoway__all__pop,148,100,48,FALSE,TRUE,7098
mcomm__growth__other__fe_twoway__no_GR_ES__n_cell,148,100,48,FALSE,TRUE,7210
mcomm__growth__other__fe_twoway__no_GR_ES__n_eff,148,100,48,FALSE,TRUE,7190
mcomm__growth__other__fe_twoway__no_GR_ES__none,148,100,48,FALSE,TRUE,7146
mcomm__growth__other__fe_twoway__no_GR_ES__pop,148,100,48,FALSE,TRUE,7129
mcomm__growth__other__fe_twoway__no_bailout__n_cell,148,100,48,FALSE,TRUE,7196
mcomm__growth__other__fe_twoway__no_bailout__n_eff,148,100,48,FALSE,TRUE,7217
mcomm__growth__other__fe_twoway__no_bailout__none,148,100,48,FALSE,TRUE,7278
mcomm__growth__other__fe_twoway__no_bailout__pop,148,100,48,FALSE,TRUE,7187
mcomm__growth__other__fe_twoway__y2004_2008__n_cell,148,100,48,FALSE,TRUE,7203
mcomm__growth__other__fe_twoway__y2004_2008__n_eff,148,100,48,FALSE,TRUE,7211
mcomm__growth__other__fe_twoway__y2004_2008__none,148,100,48,FALSE,TRUE,7176
mcomm__growth__other__fe_twoway__y2004_2008__pop,148,100,48,FALSE,TRUE,7067
mcomm__growth__other__fe_twoway__y2009_2013__n_cell,148,100,48,FALSE,TRUE,7299
mcomm__growth__other__fe_twoway__y2009_2013__n_eff,148,100,48,FALSE,TRUE,7281
mcomm__growth__other__fe_twoway__y2009_2013__none,148,100,48,FALSE,TRUE,7254
mcomm__growth__other__fe_twoway__y2009_2013__pop,148,100,48,FALSE,TRUE,7253
mcomm__growth__other__pooled_cl__all__n_cell,148,100,48,FALSE,TRUE,6992
mcomm__growth__other__pooled_cl__all__n_eff,148,100,48,FALSE,TRUE,7011
mcomm__growth__other__pooled_cl__all__none,148,100,48,FALSE,TRUE,6950
mcomm__growth__other__pooled_cl__all__pop,148,100,48,FALSE,TRUE,7063
mcomm__growth__other__pooled_cl__no_GR_ES__n_cell,148,100,48,FALSE,TRUE,7153
mcomm__growth__other__pooled_cl__no_GR_ES__n_eff,148,100,48,FALSE,TRUE,7148
mcomm__growth__other__pooled_cl__no_GR_ES__none,148,100,48,FALSE,TRUE,7114
mcomm__growth__other__pooled_cl__no_GR_ES__pop,148,100,48,FALSE,TRUE,7188
mcomm__growth__other__pooled_cl__no_bailout__n_cell,148,100,48,FALSE,TRUE,7030
mcomm__growth__other__pooled_cl__no_bailout__n_eff,148,100,48,FALSE,TRUE,7076
mcomm__growth__other__pooled_cl__no_bailout__none,148,100,48,FALSE,TRUE,7088
mcomm__growth__other__pooled_cl__no_bailout__pop,148,100,48,FALSE,TRUE,7259
mcomm__growth__other__pooled_cl__y2004_2008__n_cell,148,100,48,FALSE,TRUE,7121
mcomm__growth__other__pooled_cl__y2004_2008__n_eff,148,100,48,FALSE,TRUE,7157
mcomm__growth__other__pooled_cl__y2004_2008__none,148,100,48,FALSE,TRUE,7144
mcomm__growth__other__pooled_cl__y2004_2008__pop,148,100,48,FALSE,TRUE,7223
mcomm__growth__other__pooled_cl__y2009_2013__n_cell,148,100,48,FALSE,TRUE,7022
mcomm__growth__other__pooled_cl__y2009_2013__n_eff,148,100,48,FALSE,TRUE,7059
mcomm__growth__other__pooled_cl__y2009_2013__none,148,100,48,FALSE,TRUE,6941
mcomm__growth__other__pooled_cl__y2009_2013__pop,148,100,48,FALSE,TRUE,7126
mcomm__growth__other__re__all__none,148,100,48,FALSE,TRUE,7004
mcomm__growth__other__re__no_GR_ES__none,148,100,48,FALSE,TRUE,7043
mcomm__growth__other__re__no_bailout__none,148,100,48,FALSE,TRUE,6990
mcomm__growth__other__re__y2004_2008__none,148,100,48,FALSE,TRUE,7033
mcomm__growth__other__re__y2009_2013__none,148,100,48,FALSE,TRUE,7144
mcomm__unemp__none__fe_country__all__n_cell,732,492,240,TRUE,TRUE,41355
mcomm__unemp__none__fe_country__all__n_eff,732,492,240,TRUE,TRUE,41341
mcomm__unemp__none__fe_country__all__none,732,492,240,TRUE,TRUE,41331
mcomm__unemp__none__fe_country__all__pop,732,492,240,TRUE,TRUE,41355
mcomm__unemp__none__fe_country__no_GR_ES__n_cell,732,492,240,TRUE,TRUE,41528
mcomm__unemp__none__fe_country__no_GR_ES__n_eff,732,492,240,TRUE,TRUE,41499
mcomm__unemp__none__fe_country__no_GR_ES__none,732,492,240,TRUE,TRUE,41277
mcomm__unemp__none__fe_country__no_GR_ES__pop,732,492,240,TRUE,TRUE,41723
mcomm__unemp__none__fe_country__no_bailout__n_cell,732,492,240,TRUE,TRUE,41652
mcomm__unemp__none__fe_country__no_bailout__n_eff,732,492,240,TRUE,TRUE,41603
mcomm__unemp__none__fe_country__no_bailout__none,732,492,240,TRUE,TRUE,41394
mcomm__unemp__none__fe_country__no_bailout__pop,732,492,240,TRUE,TRUE,41705
mcomm__unemp__none__fe_country__y2004_2008__n_cell,732,396,240,TRUE,TRUE,34035
mcomm__unemp__none__fe_country__y2004_2008__n_eff,732,396,240,TRUE,TRUE,34081
mcomm__unemp__none__fe_country__y2004_2008__none,732,396,240,TRUE,TRUE,33905
mcomm__unemp__none__fe_country__y2004_2008__pop,732,396,240,TRUE,TRUE,34128
mcomm__unemp__none__fe_country__y2009_2013__n_cell,732,492,240,TRUE,TRUE,41268
mcomm__unemp__none__fe_country__y2009_2013__n_eff,732,492,240,TRUE,TRUE,41249
mcomm__unemp__none__fe_country__y2009_2013__none,732,492,240,TRUE,TRUE,41137
mcomm__unemp__none__fe_country__y2009_2013__pop,732,492,240,TRUE,TRUE,41697
mcomm__unemp__none__fe_twoway__all__n_cell,732,492,240,TRUE,TRUE,41127
mcomm__unemp__none__fe_twoway__all__n_eff,732,492,240,TRUE,TRUE,41248
mcomm__unemp__none__fe_twoway__all__none,732,492,240,TRUE,TRUE,41185
mcomm__unemp__none__fe_twoway__all__pop,732,492,240,TRUE,TRUE,41189
mcomm__unemp__none__fe_twoway__no_GR_ES__n_cell,732,492,240,TRUE,TRUE,41486
mcomm__unemp__none__fe_twoway__no_GR_ES__n_eff,732,492,240,TRUE,TRUE,41456
mcomm__unemp__none__fe_twoway__no_GR_ES__none,732,492,240,TRUE,TRUE,41216
mcomm__unemp__none__fe_twoway__no_GR_ES__pop,732,492,240,TRUE,TRUE,41557
mcomm__unemp__none__fe_twoway__no_bailout__n_cell,732,492,240,TRUE,TRUE,41472
mcomm__unemp__none__fe_twoway__no_bailout__n_eff,732,492,240,TRUE,TRUE,41451
mcomm__unemp__none__fe_twoway__no_bailout__none,732,492,240,TRUE,TRUE,41224
mcomm__unemp__none__fe_twoway__no_bailout__pop,732,492,240,TRUE,TRUE,41701
mcomm__unemp__none__fe_twoway__y2004_2008__n_cell,732,396,240,TRUE,TRUE,33885
mcomm__unemp__none__fe_twoway__y2004_2008__n_eff,732,396,240,TRUE,TRUE,33850
mcomm__unemp__none__fe_twoway__y2004_2008__none,732,396,240,TRUE,TRUE,33493
mcomm__unemp__none__fe_twoway__y2004_2008__pop,732,396,240,TRUE,TRUE,34157
mcomm__unemp__none__fe_twoway__y2009_2013__n_cell,732,492,240,TRUE,TRUE,41202
mcomm__unemp__none__fe_twoway__y2009_2013__n_eff,732,492,240,TRUE,TRUE,41251
mcomm__unemp__none__fe_twoway__y2009_2013__none,732,492,240,TRUE,TRUE,41011
mcomm__unemp__none__fe_twoway__y2009_2013__pop,732,492,240,TRUE,TRUE,41555
mcomm__unemp__none__pooled_cl__all__n_cell,732,492,240,TRUE,TRUE,41362
mcomm__unemp__none__pooled_cl__all__n_eff,732,492,240,TRUE,TRUE,41283
mcomm__unemp__none__pooled_cl__all__none,732,492,240,TRUE,TRUE,41197
mcomm__unemp__none__pooled_cl__all__pop,732,492,240,TRUE,TRUE,41414
mcomm__unemp__none__pooled_cl__no_GR_ES__n_cell,732,492,240,TRUE,TRUE,41270
mcomm__unemp__none__pooled_cl__no_GR_ES__n_eff,732,492,240,TRUE,TRUE,41376
mcomm__unemp__none__pooled_cl__no_GR_ES__none,732,492,240,TRUE,TRUE,41357
mcomm__unemp__none__pooled_cl__no_GR_ES__pop,732,492,240,TRUE,TRUE,41604
mcomm__unemp__none__pooled_cl__no_bailout__n_cell,732,492,240,TRUE,TRUE,41324
mcomm__unemp__none__pooled_cl__no_bailout__n_eff,732,492,240,TRUE,TRUE,41446
mcomm__unemp__none__pooled_cl__no_bailout__none,732,492,240,TRUE,TRUE,41270
mcomm__unemp__none__pooled_cl__no_bailout__pop,732,492,240,TRUE,TRUE,41451
mcomm__unemp__none__pooled_cl__y2004_2008__n_cell,732,396,240,TRUE,TRUE,34163
mcomm__unemp__none__pooled_cl__y2004_2008__n_eff,732,396,240,TRUE,TRUE,34250
mcomm__unemp__none__pooled_cl__y2004_2008__none,732,396,240,TRUE,TRUE,34167
mcomm__unemp__none__pooled_cl__y2004_2008__pop,732,396,240,TRUE,TRUE,34260
mcomm__unemp__none__pooled_cl__y2009_2013__n_cell,732,492,240,TRUE,TRUE,41525
mcomm__unemp__none__pooled_cl__y2009_2013__n_eff,732,492,240,TRUE,TRUE,41602
mcomm__unemp__none__pooled_cl__y2009_2013__none,732,492,240,TRUE,TRUE,41432
mcomm__unemp__none__pooled_cl__y2009_2013__pop,732,492,240,TRUE,TRUE,41488
mcomm__unemp__none__re__all__none,732,492,240,TRUE,TRUE,40979
mcomm__unemp__none__re__no_GR_ES__none,732,492,240,TRUE,TRUE,40982
mcomm__unemp__none__re__no_bailout__none,732,492,240,TRUE,TRUE,40932
mcomm__unemp__none__re__y2004_2008__none,732,396,240,TRUE,TRUE,33654
mcomm__unemp__none__re__y2009_2013__none,732,492,240,TRUE,TRUE,40726
mcomm__unemp__other__fe_country__all__n_cell,732,492,240,TRUE,TRUE,41555
mcomm__unemp__other__fe_country__all__n_eff,732,492,240,TRUE,TRUE,41403
mcomm__unemp__other__fe_country__all__none,732,492,240,TRUE,TRUE,41348
mcomm__unemp__other__fe_country__all__pop,732,492,240,TRUE,TRUE,41502
mcomm__unemp__other__fe_country__no_GR_ES__n_cell,732,492,240,TRUE,TRUE,41610
mcomm__unemp__other__fe_country__no_GR_ES__n_eff,732,492,240,TRUE,TRUE,41465
mcomm__unemp__other__fe_country__no_GR_ES__none,732,492,240,TRUE,TRUE,41410
mcomm__unemp__other__fe_country__no_GR_ES__pop,732,492,240,TRUE,TRUE,41778
mcomm__unemp__other__fe_country__no_bailout__n_cell,732,492,240,TRUE,TRUE,41613
mcomm__unemp__other__fe_country__no_bailout__n_eff,732,492,240,TRUE,TRUE,41530
mcomm__unemp__other__fe_country__no_bailout__none,732,492,240,TRUE,TRUE,41249
mcomm__unemp__other__fe_country__no_bailout__pop,732,492,240,TRUE,TRUE,41757
mcomm__unemp__other__fe_country__y2004_2008__n_cell,732,396,240,TRUE,TRUE,33986
mcomm__unemp__other__fe_country__y2004_2008__n_eff,732,396,240,TRUE,TRUE,34002
mcomm__unemp__other__fe_country__y2004_2008__none,732,396,240,TRUE,TRUE,33959
mcomm__unemp__other__fe_country__y2004_2008__pop,732,396,240,TRUE,TRUE,34180
mcomm__unemp__other__fe_country__y2009_2013__n_cell,732,492,240,TRUE,TRUE,41268
mcomm__unemp__other__fe_country__y2009_2013__n_eff,732,492,240,TRUE,TRUE,41344
mcomm__unemp__other__fe_country__y2009_2013__none,732,492,240,TRUE,TRUE,41262
mcomm__unemp__other__fe_country__y2009_2013__pop,732,492,240,TRUE,TRUE,41738
mcomm__unemp__other__fe_twoway__all__n_cell,732,492,240,TRUE,TRUE,41329
mcomm__unemp__other__fe_twoway__all__n_eff,732,492,240,TRUE,TRUE,41295
mcomm__unemp__other__fe_twoway__all__none,732,492,240,TRUE,TRUE,41140
mcomm__unemp__other__fe_twoway__all__pop,732,492,240,TRUE,TRUE,41253
mcomm__unemp__other__fe_twoway__no_GR_ES__n_cell,732,492,240,TRUE,TRUE,41548
mcomm__unemp__other__fe_twoway__no_GR_ES__n_eff,732,492,240,TRUE,TRUE,41449
mcomm__unemp__other__fe_twoway__no_GR_ES__none,732,492,240,TRUE,TRUE,41239
mcomm__unemp__other__fe_twoway__no_GR_ES__pop,732,492,240,TRUE,TRUE,41588
mcomm__unemp__other__fe_twoway__no_bailout__n_cell,732,492,240,TRUE,TRUE,41385
mcomm__unemp__other__fe_twoway__no_bailout__n_eff,732,492,240,TRUE,TRUE,41498
mcomm__unemp__other__fe_twoway__no_bailout__none,732,492,240,TRUE,TRUE,41113
mcomm__unemp__other__fe_twoway__no_bailout__pop,732,492,240,TRUE,TRUE,41668
mcomm__unemp__other__fe_twoway__y2004_2008__n_cell,732,396,240,TRUE,TRUE,33864
mcomm__unemp__other__fe_twoway__y2004_2008__n_eff,732,396,240,TRUE,TRUE,33850
mcomm__unemp__other__fe_twoway__y2004_2008__none,732,396,240,TRUE,TRUE,33656
mcomm__unemp__other__fe_twoway__y2004_2008__pop,732,396,240,TRUE,TRUE,34238
mcomm__unemp__other__fe_twoway__y2009_2013__n_cell,732,492,240,TRUE,TRUE,41249
mcomm__unemp__other__fe_twoway__y2009_2013__n_eff,732,492,240,TRUE,TRUE,41337
mcomm__unemp__other__fe_twoway__y2009_2013__none,732,492,240,TRUE,TRUE,41167
mcomm__unemp__other__fe_twoway__y2009_2013__pop,732,492,240,TRUE,TRUE,41605
mcomm__unemp__other__pooled_cl__all__n_cell,732,492,240,TRUE,TRUE,41437
mcomm__unemp__other__pooled_cl__all__n_eff,732,492,240,TRUE,TRUE,41407
mcomm__unemp__other__pooled_cl__all__none,732,492,240,TRUE,TRUE,41303
mcomm__unemp__other__pooled_cl__all__pop,732,492,240,TRUE,TRUE,41417
mcomm__unemp__other__pooled_cl__no_GR_ES__n_cell,732,492,240,TRUE,TRUE,41332
mcomm__unemp__other__pooled_cl__no_GR_ES__n_eff,732,492,240,TRUE,TRUE,41428
mcomm__unemp__other__pooled_cl__no_GR_ES__none,732,492,240,TRUE,TRUE,41238
mcomm__unemp__other__pooled_cl__no_GR_ES__pop,732,492,240,TRUE,TRUE,41653
mcomm__unemp__other__pooled_cl__no_bailout__n_cell,732,492,240,TRUE,TRUE,41415
mcomm__unemp__other__pooled_cl__no_bailout__n_eff,732,492,240,TRUE,TRUE,41420
mcomm__unemp__other__pooled_cl__no_bailout__none,732,492,240,TRUE,TRUE,41319
mcomm__unemp__other__pooled_cl__no_bailout__pop,732,492,240,TRUE,TRUE,41547
mcomm__unemp__other__pooled_cl__y2004_2008__n_cell,732,396,240,TRUE,TRUE,34127
mcomm__unemp__other__pooled_cl__y2004_2008__n_eff,732,396,240,TRUE,TRUE,34294
mcomm__unemp__other__pooled_cl__y2004_2008__none,732,396,240,TRUE,TRUE,34177
mcomm__unemp__other__pooled_cl__y2004_2008__pop,732,396,240,TRUE,TRUE,34235
mcomm__unemp__other__pooled_cl__y2009_2013__n_cell,732,492,240,TRUE,TRUE,41360
mcomm__unemp__other__pooled_cl__y2009_2013__n_eff,732,492,240,TRUE,TRUE,41438
mcomm__unemp__other__pooled_cl__y2009_2013__none,732,492,240,TRUE,TRUE,41533
mcomm__unemp__other__pooled_cl__y2009_2013__pop,732,492,240,TRUE,TRUE,41371
mcomm__unemp__other__re__all__none,732,492,240,TRUE,TRUE,40959
mcomm__unemp__other__re__no_GR_ES__none,732,492,240,TRUE,TRUE,40920
mcomm__unemp__other__re__no_bailout__none,732,492,240,TRUE,TRUE,40642
mcomm__unemp__other__re__y2004_2008__none,732,396,240,TRUE,TRUE,33601
mcomm__unemp__other__re__y2009_2013__none,732,492,240,TRUE,TRUE,40875
mcosmo__growth__none__fe_country__all__n_cell,148,100,48,FALSE,TRUE,6743
mcosmo__growth__none__fe_country__all__n_eff,148,100,48,FALSE,TRUE,6748
mcosmo__growth__none__fe_country__all__none,148,100,48,FALSE,TRUE,6707
mcosmo__growth__none__fe_country__all__pop,148,100,48,FALSE,TRUE,6761
mcosmo__growth__none__fe_country__no_GR_ES__n_cell,148,100,48,FALSE,TRUE,6815
mcosmo__growth__none__fe_country__no_GR_ES__n_eff,148,100,48,FALSE,TRUE,6795
mcosmo__growth__none__fe_country__no_GR_ES__none,148,100,48,FALSE,TRUE,6779
mcosmo__growth__none__fe_country__no_GR_ES__pop,148,100,48,FALSE,TRUE,6774
mcosmo__growth__none__fe_country__no_bailout__n_cell,148,100,48,FALSE,TRUE,6760
mcosmo__growth__none__fe_country__no_bailout__n_eff,148,100,48,FALSE,TRUE,6770
mcosmo__growth__none__fe_country__no_bailout__none,148,100,48,FALSE,TRUE,6739
mcosmo__growth__none__fe_country__no_bailout__pop,148,100,48,FALSE,TRUE,6728
mcosmo__growth__none__fe_country__y2004_2008__n_cell,148,100,48,FALSE,TRUE,6667
mcosmo__growth__none__fe_country__y2004_2008__n_eff,148,100,48,FALSE,TRUE,6687
mcosmo__growth__none__fe_country__y2004_2008__none,148,100,48,FALSE,TRUE,6706
mcosmo__growth__none__fe_country__y2004_2008__pop,148,100,48,FALSE,TRUE,6712
mcosmo__growth__none__fe_country__y2009_2013__n_cell,148,100,48,FALSE,TRUE,6833
mcosmo__growth__none__fe_country__y2009_2013__n_eff,148,100,48,FALSE,TRUE,6873
mcosmo__growth__none__fe_country__y2009_2013__none,148,100,48,FALSE,TRUE,6826
mcosmo__growth__none__fe_country__y2009_2013__pop,148,100,48,FALSE,TRUE,6730
mcosmo__growth__none__fe_twoway__all__n_cell,148,100,48,FALSE,TRUE,6707
mcosmo__growth__none__fe_twoway__all__n_eff,148,100,48,FALSE,TRUE,6702
mcosmo__growth__none__fe_twoway__all__none,148,100,48,FALSE,TRUE,6715
mcosmo__growth__none__fe_twoway__all__pop,148,100,48,FALSE,TRUE,6711
mcosmo__growth__none__fe_twoway__no_GR_ES__n_cell,148,100,48,FALSE,TRUE,6881
mcosmo__growth__none__fe_twoway__no_GR_ES__n_eff,148,100,48,FALSE,TRUE,6900
mcosmo__growth__none__fe_twoway__no_GR_ES__none,148,100,48,FALSE,TRUE,6812
mcosmo__growth__none__fe_twoway__no_GR_ES__pop,148,100,48,FALSE,TRUE,6781
mcosmo__growth__none__fe_twoway__no_bailout__n_cell,148,100,48,FALSE,TRUE,6693
mcosmo__growth__none__fe_twoway__no_bailout__n_eff,148,100,48,FALSE,TRUE,6709
mcosmo__growth__none__fe_twoway__no_bailout__none,148,100,48,FALSE,TRUE,6727
mcosmo__growth__none__fe_twoway__no_bailout__pop,148,100,48,FALSE,TRUE,6702
mcosmo__growth__none__fe_twoway__y2004_2008__n_cell,148,100,48,FALSE,TRUE,6666
mcosmo__growth__none__fe_twoway__y2004_2008__n_eff,148,100,48,FALSE,TRUE,6642
mcosmo__growth__none__fe_twoway__y2004_2008__none,148,100,48,FALSE,TRUE,6654
mcosmo__growth__none__fe_twoway__y2004_2008__pop,148,100,48,FALSE,TRUE,6641
mcosmo__growth__none__fe_twoway__y2009_2013__n_cell,148,100,48,FALSE,TRUE,6683
mcosmo__growth__none__fe_twoway__y2009_2013__n_eff,148,100,48,FALSE,TRUE,6677
mcosmo__growth__none__fe_twoway__y2009_2013__none,148,100,48,FALSE,TRUE,6745
mcosmo__growth__none__fe_twoway__y2009_2013__pop,148,100,48,FALSE,TRUE,6729
mcosmo__growth__none__pooled_cl__all__n_cell,148,100,48,FALSE,TRUE,6612
mcosmo__growth__none__pooled_cl__all__n_eff,148,100,48,FALSE,TRUE,6632
mcosmo__growth__none__pooled_cl__all__none,148,100,48,FALSE,TRUE,6666
mcosmo__growth__none__pooled_cl__all__pop,148,100,48,FALSE,TRUE,6693
mcosmo__growth__none__pooled_cl__no_GR_ES__n_cell,148,100,48,FALSE,TRUE,6633
mcosmo__growth__none__pooled_cl__no_GR_ES__n_eff,148,100,48,FALSE,TRUE,6660
mcosmo__growth__none__pooled_cl__no_GR_ES__none,148,100,48,FALSE,TRUE,6636
mcosmo__growth__none__pooled_cl__no_GR_ES__pop,148,100,48,FALSE,TRUE,6713
mcosmo__growth__none__pooled_cl__no_bailout__n_cell,148,100,48,FALSE,TRUE,6629
mcosmo__growth__none__pooled_cl__no_bailout__n_eff,148,100,48,FALSE,TRUE,6658
mcosmo__growth__none__pooled_cl__no_bailout__none,148,100,48,FALSE,TRUE,6662
mcosmo__growth__none__pooled_cl__no_bailout__pop,148,100,48,FALSE,TRUE,6682
mcosmo__growth__none__pooled_cl__y2004_2008__n_cell,148,100,48,FALSE,TRUE,6791
mcosmo__growth__none__pooled_cl__y2004_2008__n_eff,148,100,48,FALSE,TRUE,6815
mcosmo__growth__none__pooled_cl__y2004_2008__none,148,100,48,FALSE,TRUE,6758
mcosmo__growth__none__pooled_cl__y2004_2008__pop,148,100,48,FALSE,TRUE,6758
mcosmo__growth__none__pooled_cl__y2009_2013__n_cell,148,100,48,FALSE,TRUE,6749
mcosmo__growth__none__pooled_cl__y2009_2013__n_eff,148,100,48,FALSE,TRUE,6776
mcosmo__growth__none__pooled_cl__y2009_2013__none,148,100,48,FALSE,TRUE,6738
mcosmo__growth__none__pooled_cl__y2009_2013__pop,148,100,48,FALSE,TRUE,6821
mcosmo__growth__none__re__all__none,148,100,48,FALSE,TRUE,6589
mcosmo__growth__none__re__no_GR_ES__none,148,100,48,FALSE,TRUE,6656
mcosmo__growth__none__re__no_bailout__none,148,100,48,FALSE,TRUE,6569
mcosmo__growth__none__re__y2004_2008__none,148,100,48,FALSE,TRUE,6554
mcosmo__growth__none__re__y2009_2013__none,148,100,48,FALSE,TRUE,6699
mcosmo__growth__other__fe_country__all__n_cell,148,100,48,FALSE,TRUE,6754
mcosmo__growth__other__fe_country__all__n_eff,148,100,48,FALSE,TRUE,6758
mcosmo__growth__other__fe_country__all__none,148,100,48,FALSE,TRUE,6684
mcosmo__growth__other__fe_country__all__pop,148,100,48,FALSE,TRUE,6804
mcosmo__growth__other__fe_country__no_GR_ES__n_cell,148,100,48,FALSE,TRUE,6779
mcosmo__growth__other__fe_country__no_GR_ES__n_eff,148,100,48,FALSE,TRUE,6715
mcosmo__growth__other__fe_country__no_GR_ES__none,148,100,48,FALSE,TRUE,6720
mcosmo__growth__other__fe_country__no_GR_ES__pop,148,100,48,FALSE,TRUE,6820
mcosmo__growth__other__fe_country__no_bailout__n_cell,148,100,48,FALSE,TRUE,6713
mcosmo__growth__other__fe_country__no_bailout__n_eff,148,100,48,FALSE,TRUE,6740
mcosmo__growth__other__fe_country__no_bailout__none,148,100,48,FALSE,TRUE,6737
mcosmo__growth__other__fe_country__no_bailout__pop,148,100,48,FALSE,TRUE,6729
mcosmo__growth__other__fe_country__y2004_2008__n_cell,148,100,48,FALSE,TRUE,6711
mcosmo__growth__other__fe_country__y2004_2008__n_eff,148,100,48,FALSE,TRUE,6736
mcosmo__growth__other__fe_country__y2004_2008__none,148,100,48,FALSE,TRUE,6703
mcosmo__growth__other__fe_country__y2004_2008__pop,148,100,48,FALSE,TRUE,6725
mcosmo__growth__other__fe_country__y2009_2013__n_cell,148,100,48,FALSE,TRUE,6777
mcosmo__growth__other__fe_country__y2009_2013__n_eff,148,100,48,FALSE,TRUE,6799
mcosmo__growth__other__fe_country__y2009_2013__none,148,100,48,FALSE,TRUE,6758
mcosmo__growth__other__fe_country__y2009_2013__pop,148,100,48,FALSE,TRUE,6831
mcosmo__growth__other__fe_twoway__all__n_cell,148,100,48,FALSE,TRUE,6752
mcosmo__growth__other__fe_twoway__all__n_eff,148,100,48,FALSE,TRUE,6769
mcosmo__growth__other__fe_twoway__all__none,148,100,48,FALSE,TRUE,6756
mcosmo__growth__other__fe_twoway__all__pop,148,100,48,FALSE,TRUE,6754
mcosmo__growth__other__fe_twoway__no_GR_ES__n_cell,148,100,48,FALSE,TRUE,6830
mcosmo__growth__other__fe_twoway__no_GR_ES__n_eff,148,100,48,FALSE,TRUE,6813
mcosmo__growth__other__fe_twoway__no_GR_ES__none,148,100,48,FALSE,TRUE,6748
mcosmo__growth__other__fe_twoway__no_GR_ES__pop,148,100,48,FALSE,TRUE,6771
mcosmo__growth__other__fe_twoway__no_bailout__n_cell,148,100,48,FALSE,TRUE,6667
mcosmo__growth__other__fe_twoway__no_bailout__n_eff,148,100,48,FALSE,TRUE,6658
mcosmo__growth__other__fe_twoway__no_bailout__none,148,100,48,FALSE,TRUE,6666
mcosmo__growth__other__fe_twoway__no_bailout__pop,148,100,48,FALSE,TRUE,6778
mcosmo__growth__other__fe_twoway__y2004_2008__n_cell,148,100,48,FALSE,TRUE,6660
mcosmo__growth__other__fe_twoway__y2004_2008__n_eff,148,100,48,FALSE,TRUE,6654
mcosmo__growth__other__fe_twoway__y2004_2008__none,148,100,48,FALSE,TRUE,6673
mcosmo__growth__other__fe_twoway__y2004_2008__pop,148,100,48,FALSE,TRUE,6690
mcosmo__growth__other__fe_twoway__y2009_2013__n_cell,148,100,48,FALSE,TRUE,6760
mcosmo__growth__other__fe_twoway__y2009_2013__n_eff,148,100,48,FALSE,TRUE,6796
mcosmo__growth__other__fe_twoway__y2009_2013__none,148,100,48,FALSE,TRUE,6651
mcosmo__growth__other__fe_twoway__y2009_2013__pop,148,100,48,FALSE,TRUE,6743
mcosmo__growth__other__pooled_cl__all__n_cell,148,100,48,FALSE,TRUE,6653
mcosmo__growth__other__pooled_cl__all__n_eff,148,100,48,FALSE,TRUE,6696
mcosmo__growth__other__pooled_cl__all__none,148,100,48,FALSE,TRUE,6700
mcosmo__growth__other__pooled_cl__all__pop,148,100,48,FALSE,TRUE,6666
mcosmo__growth__other__pooled_cl__no_GR_ES__n_cell,148,100,48,FALSE,TRUE,6689
mcosmo__growth__other__pooled_cl__no_GR_ES__n_eff,148,100,48,FALSE,TRUE,6672
mcosmo__growth__other__pooled_cl__no_GR_ES__none,148,100,48,FALSE,TRUE,6724
mcosmo__growth__other__pooled_cl__no_GR_ES__pop,148,100,48,FALSE,TRUE,6697
mcosmo__growth__other__pooled_cl__no_bailout__n_cell,148,100,48,FALSE,TRUE,6686
mcosmo__growth__other__pooled_cl__no_bailout__n_eff,148,100,48,FALSE,TRUE,6679
mcosmo__growth__other__pooled_cl__no_bailout__none,148,100,48,FALSE,TRUE,6681
mcosmo__growth__other__pooled_cl__no_bailout__pop,148,100,48,FALSE,TRUE,6709
mcosmo__growth__other__pooled_cl__y2004_2008__n_cell,148,100,48,FALSE,TRUE,6792
mcosmo__growth__other__pooled_cl__y2004_2008__n_eff,148,100,48,FALSE,TRUE,6801
mcosmo__growth__other__pooled_cl__y2004_2008__none,148,100,48,FALSE,TRUE,6739
mcosmo__growth__other__pooled_cl__y2004_2008__pop,148,100,48,FALSE,TRUE,6756
mcosmo__growth__other__pooled_cl__y2009_2013__n_cell,148,100,48,FALSE,TRUE,6762
mcosmo__growth__other__pooled_cl__y2009_2013__n_eff,148,100,48,FALSE,TRUE,6778
mcosmo__growth__other__pooled_cl__y2009_2013__none,148,100,48,FALSE,TRUE,6810
mcosmo__growth__other__pooled_cl__y2009_2013__pop,148,100,48,FALSE,TRUE,6742
mcosmo__growth__other__re__all__none,148,100,48,FALSE,TRUE,6615
mcosmo__growth__other__re__no_GR_ES__none,148,100,48,FALSE,TRUE,6622
mcosmo__growth__other__re__no_bailout__none,148,100,48,FALSE,TRUE,6616
mcosmo__growth__other__re__y2004_2008__none,148,100,48,FALSE,TRUE,6543
mcosmo__growth__other__re__y2009_2013__none,148,100,48,FALSE,TRUE,6637
mcosmo__unemp__none__fe_country__all__n_cell,732,492,240,TRUE,TRUE,36467
mcosmo__unemp__none__fe_country__all__n_eff,732,492,240,TRUE,TRUE,36471
mcosmo__unemp__none__fe_country__all__none,732,492,240,TRUE,TRUE,36412
mcosmo__unemp__none__fe_country__all__pop,732,492,240,TRUE,TRUE,37038
mcosmo__unemp__none__fe_country__no_GR_ES__n_cell,732,492,240,TRUE,TRUE,36854
mcosmo__unemp__none__fe_country__no_GR_ES__n_eff,732,492,240,TRUE,TRUE,36900
mcosmo__unemp__none__fe_country__no_GR_ES__none,732,492,240,TRUE,TRUE,36842
mcosmo__unemp__none__fe_country__no_GR_ES__pop,732,492,240,TRUE,TRUE,36944
mcosmo__unemp__none__fe_country__no_bailout__n_cell,732,492,240,TRUE,TRUE,36763
mcosmo__unemp__none__fe_country__no_bailout__n_eff,732,492,240,TRUE,TRUE,36772
mcosmo__unemp__none__fe_country__no_bailout__none,732,492,240,TRUE,TRUE,36528
mcosmo__unemp__none__fe_country__no_bailout__pop,732,492,240,TRUE,TRUE,36821
mcosmo__unemp__none__fe_country__y2004_2008__n_cell,732,396,240,TRUE,TRUE,30139
mcosmo__unemp__none__fe_country__y2004_2008__n_eff,732,396,240,TRUE,TRUE,30078
mcosmo__unemp__none__fe_country__y2004_2008__none,732,396,240,TRUE,TRUE,30246
mcosmo__unemp__none__fe_country__y2004_2008__pop,732,396,240,TRUE,TRUE,30351
mcosmo__unemp__none__fe_country__y2009_2013__n_cell,732,492,240,TRUE,TRUE,36456
mcosmo__unemp__none__fe_country__y2009_2013__n_eff,732,492,240,TRUE,TRUE,36535
mcosmo__unemp__none__fe_country__y2009_2013__none,732,492,240,TRUE,TRUE,36393
mcosmo__unemp__none__fe_country__y2009_2013__pop,732,492,240,TRUE,TRUE,37114
mcosmo__unemp__none__fe_twoway__all__n_cell,732,492,240,TRUE,TRUE,36684
mcosmo__unemp__none__fe_twoway__all__n_eff,732,492,240,TRUE,TRUE,36647
mcosmo__unemp__none__fe_twoway__all__none,732,492,240,TRUE,TRUE,36600
mcosmo__unemp__none__fe_twoway__all__pop,732,492,240,TRUE,TRUE,36818
mcosmo__unemp__none__fe_twoway__no_GR_ES__n_cell,732,492,240,TRUE,TRUE,36657
mcosmo__unemp__none__fe_twoway__no_GR_ES__n_eff,732,492,240,TRUE,TRUE,36695
mcosmo__unemp__none__fe_twoway__no_GR_ES__none,732,492,240,TRUE,TRUE,36871
mcosmo__unemp__none__fe_twoway__no_GR_ES__pop,732,492,240,TRUE,TRUE,36829
mcosmo__unemp__none__fe_twoway__no_bailout__n_cell,732,492,240,TRUE,TRUE,36476
mcosmo__unemp__none__fe_twoway__no_bailout__n_eff,732,492,240,TRUE,TRUE,36478
mcosmo__unemp__none__fe_twoway__no_bailout__none,732,492,240,TRUE,TRUE,36408
mcosmo__unemp__none__fe_twoway__no_bailout__pop,732,492,240,TRUE,TRUE,36903
mcosmo__unemp__none__fe_twoway__y2004_2008__n_cell,732,396,240,TRUE,TRUE,30334
mcosmo__unemp__none__fe_twoway__y2004_2008__n_eff,732,396,240,TRUE,TRUE,30245
mcosmo__unemp__none__fe_twoway__y2004_2008__none,732,396,240,TRUE,TRUE,30279
mcosmo__unemp__none__fe_twoway__y2004_2008__pop,732,396,240,TRUE,TRUE,30288
mcosmo__unemp__none__fe_twoway__y2009_2013__n_cell,732,492,240,TRUE,TRUE,36257
mcosmo__unemp__none__fe_twoway__y2009_2013__n_eff,732,492,240,TRUE,TRUE,36226
mcosmo__unemp__none__fe_twoway__y2009_2013__none,732,492,240,TRUE,TRUE,36517
mcosmo__unemp__none__fe_twoway__y2009_2013__pop,732,492,240,TRUE,TRUE,36710
mcosmo__unemp__none__pooled_cl__all__n_cell,732,492,240,TRUE,TRUE,36636
mcosmo__unemp__none__pooled_cl__all__n_eff,732,492,240,TRUE,TRUE,36743
mcosmo__unemp__none__pooled_cl__all__none,732,492,240,TRUE,TRUE,36687
mcosmo__unemp__none__pooled_cl__all__pop,732,492,240,TRUE,TRUE,36811
mcosmo__unemp__none__pooled_cl__no_GR_ES__n_cell,732,492,240,TRUE,TRUE,36663
mcosmo__unemp__none__pooled_cl__no_GR_ES__n_eff,732,492,240,TRUE,TRUE,36653
mcosmo__unemp__none__pooled_cl__no_GR_ES__none,732,492,240,TRUE,TRUE,36569
mcosmo__unemp__none__pooled_cl__no_GR_ES__pop,732,492,240,TRUE,TRUE,36759
mcosmo__unemp__none__pooled_cl__no_bailout__n_cell,732,492,240,TRUE,TRUE,36844
mcosmo__unemp__none__pooled_cl__no_bailout__n_eff,732,492,240,TRUE,TRUE,36868
mcosmo__unemp__none__pooled_cl__no_bailout__none,732,492,240,TRUE,TRUE,36844
mcosmo__unemp__none__pooled_cl__no_bailout__pop,732,492,240,TRUE,TRUE,36791
mcosmo__unemp__none__pooled_cl__y2004_2008__n_cell,732,396,240,TRUE,TRUE,30320
mcosmo__unemp__none__pooled_cl__y2004_2008__n_eff,732,396,240,TRUE,TRUE,30318
mcosmo__unemp__none__pooled_cl__y2004_2008__none,732,396,240,TRUE,TRUE,30405
mcosmo__unemp__none__pooled_cl__y2004_2008__pop,732,396,240,TRUE,TRUE,30594
mcosmo__unemp__none__pooled_cl__y2009_2013__n_cell,732,492,240,TRUE,TRUE,37038
mcosmo__unemp__none__pooled_cl__y2009_2013__n_eff,732,492,240,TRUE,TRUE,37015
mcosmo__unemp__none__pooled_cl__y2009_2013__none,732,492,240,TRUE,TRUE,36929
mcosmo__unemp__none__pooled_cl__y2009_2013__pop,732,492,240,TRUE,TRUE,37089
mcosmo__unemp__none__re__all__none,732,492,240,TRUE,TRUE,36156
mcosmo__unemp__none__re__no_GR_ES__none,732,492,240,TRUE,TRUE,36135
mcosmo__unemp__none__re__no_bailout__none,732,492,240,TRUE,TRUE,36223
mcosmo__unemp__none__re__y2004_2008__none,732,396,240,TRUE,TRUE,29906
mcosmo__unemp__none__re__y2009_2013__none,732,492,240,TRUE,TRUE,36156
mcosmo__unemp__other__fe_country__all__n_cell,732,492,240,TRUE,TRUE,36740
mcosmo__unemp__other__fe_country__all__n_eff,732,492,240,TRUE,TRUE,36762
mcosmo__unemp__other__fe_country__all__none,732,492,240,TRUE,TRUE,36512
mcosmo__unemp__other__fe_country__all__pop,732,492,240,TRUE,TRUE,37112
mcosmo__unemp__other__fe_country__no_GR_ES__n_cell,732,492,240,TRUE,TRUE,36754
mcosmo__unemp__other__fe_country__no_GR_ES__n_eff,732,492,240,TRUE,TRUE,36714
mcosmo__unemp__other__fe_country__no_GR_ES__none,732,492,240,TRUE,TRUE,36828
mcosmo__unemp__other__fe_country__no_GR_ES__pop,732,492,240,TRUE,TRUE,36932
mcosmo__unemp__other__fe_country__no_bailout__n_cell,732,492,240,TRUE,TRUE,36687
mcosmo__unemp__other__fe_country__no_bailout__n_eff,732,492,240,TRUE,TRUE,36704
mcosmo__unemp__other__fe_country__no_bailout__none,732,492,240,TRUE,TRUE,36709
mcosmo__unemp__other__fe_country__no_bailout__pop,732,492,240,TRUE,TRUE,36874
mcosmo__unemp__other__fe_country__y2004_2008__n_cell,732,396,240,TRUE,TRUE,30179
mcosmo__unemp__other__fe_country__y2004_2008__n_eff,732,396,240,TRUE,TRUE,30213
mcosmo__unemp__other__fe_country__y2004_2008__none,732,396,240,TRUE,TRUE,30304
mcosmo__unemp__other__fe_country__y2004_2008__pop,732,396,240,TRUE,TRUE,30274
mcosmo__unemp__other__fe_country__y2009_2013__n_cell,732,492,240,TRUE,TRUE,36367
mcosmo__unemp__other__fe_country__y2009_2013__n_eff,732,492,240,TRUE,TRUE,36363
mcosmo__unemp__other__fe_country__y2009_2013__none,732,492,240,TRUE,TRUE,36415
mcosmo__unemp__other__fe_country__y2009_2013__pop,732,492,240,TRUE,TRUE,36992
mcosmo__unemp__other__fe_twoway__all__n_cell,732,492,240,TRUE,TRUE,36602
mcosmo__unemp__other__fe_twoway__all__n_eff,732,492,240,TRUE,TRUE,36723
mcosmo__unemp__other__fe_twoway__all__none,732,492,240,TRUE,TRUE,36557
mcosmo__unemp__other__fe_twoway__all__pop,732,492,240,TRUE,TRUE,36795
mcosmo__unemp__other__fe_twoway__no_GR_ES__n_cell,732,492,240,TRUE,TRUE,36627
mcosmo__unemp__other__fe_twoway__no_GR_ES__n_eff,732,492,240,TRUE,TRUE,36533
mcosmo__unemp__other__fe_twoway__no_GR_ES__none,732,492,240,TRUE,TRUE,36764
mcosmo__unemp__other__fe_twoway__no_GR_ES__pop,732,492,240,TRUE,TRUE,36829
mcosmo__unemp__other__fe_twoway__no_bailout__n_cell,732,492,240,TRUE,TRUE,36463
mcosmo__unemp__other__fe_twoway__no_bailout__n_eff,732,492,240,TRUE,TRUE,36420
mcosmo__unemp__other__fe_twoway__no_bailout__none,732,492,240,TRUE,TRUE,36472
mcosmo__unemp__other__fe_twoway__no_bailout__pop,732,492,240,TRUE,TRUE,36966
mcosmo__unemp__other__fe_twoway__y2004_2008__n_cell,732,396,240,TRUE,TRUE,30360
mcosmo__unemp__other__fe_twoway__y2004_2008__n_eff,732,396,240,TRUE,TRUE,30403
mcosmo__unemp__other__fe_twoway__y2004_2008__none,732,396,240,TRUE,TRUE,30236
mcosmo__unemp__other__fe_twoway__y2004_2008__pop,732,396,240,TRUE,TRUE,30344
mcosmo__unemp__other__fe_twoway__y2009_2013__n_cell,732,492,240,TRUE,TRUE,36288
mcosmo__unemp__other__fe_twoway__y2009_2013__n_eff,732,492,240,TRUE,TRUE,36285
mcosmo__unemp__other__fe_twoway__y2009_2013__none,732,492,240,TRUE,TRUE,36388
mcosmo__unemp__other__fe_twoway__y2009_2013__pop,732,492,240,TRUE,TRUE,36880
mcosmo__unemp__other__pooled_cl__all__n_cell,732,492,240,TRUE,TRUE,36654
mcosmo__unemp__other__pooled_cl__all__n_eff,732,492,240,TRUE,TRUE,36672
mcosmo__unemp__other__pooled_cl__all__none,732,492,240,TRUE,TRUE,36721
mcosmo__unemp__other__pooled_cl__all__pop,732,492,240,TRUE,TRUE,36804
mcosmo__unemp__other__pooled_cl__no_GR_ES__n_cell,732,492,240,TRUE,TRUE,36673
mcosmo__unemp__other__pooled_cl__no_GR_ES__n_eff,732,492,240,TRUE,TRUE,36601
mcosmo__unemp__other__pooled_cl__no_GR_ES__none,732,492,240,TRUE,TRUE,36507
mcosmo__unemp__other__pooled_cl__no_GR_ES__pop,732,492,240,TRUE,TRUE,36770
mcosmo__unemp__other__pooled_cl__no_bailout__n_cell,732,492,240,TRUE,TRUE,36823
mcosmo__unemp__other__pooled_cl__no_bailout__n_eff,732,492,240,TRUE,TRUE,36860
mcosmo__unemp__other__pooled_cl__no_bailout__none,732,492,240,TRUE,TRUE,36968
mcosmo__unemp__other__pooled_cl__no_bailout__pop,732,492,240,TRUE,TRUE,36756
mcosmo__unemp__other__pooled_cl__y2004_2008__n_cell,732,396,240,TRUE,TRUE,30332
mcosmo__unemp__other__pooled_cl__y2004_2008__n_eff,732,396,240,TRUE,TRUE,30350
mcosmo__unemp__other__pooled_cl__y2004_2008__none,732,396,240,TRUE,TRUE,30379
mcosmo__unemp__other__pooled_cl__y2004_2008__pop,732,396,240,TRUE,TRUE,30609
mcosmo__unemp__other__pooled_cl__y2009_2013__n_cell,732,492,240,TRUE,TRUE,36912
mcosmo__unemp__other__pooled_cl__y2009_2013__n_eff,732,492,240,TRUE,TRUE,36951
mcosmo__unemp__other__pooled_cl__y2009_2013__none,732,492,240,TRUE,TRUE,36925
mcosmo__unemp__other__pooled_cl__y2009_2013__pop,732,492,240,TRUE,TRUE,37132
mcosmo__unemp__other__re__all__none,732,492,240,TRUE,TRUE,36207
mcosmo__unemp__other__re__no_GR_ES__none,732,492,240,TRUE,TRUE,36368
mcosmo__unemp__other__re__no_bailout__none,732,492,240,TRUE,TRUE,36208
mcosmo__unemp__other__re__y2004_2008__none,732,396,240,TRUE,TRUE,29986
mcosmo__unemp__other__re__y2009_2013__none,732,492,240,TRUE,TRUE,36155
mlib__growth__none__fe_country__all__n_cell,148,100,48,FALSE,TRUE,6573
mlib__growth__none__fe_country__all__n_eff,148,100,48,FALSE,TRUE,6558
mlib__growth__none__fe_country__all__none,148,100,48,FALSE,TRUE,6587
mlib__growth__none__fe_country__all__pop,148,100,48,FALSE,TRUE,6581
mlib__growth__none__fe_country__no_GR_ES__n_cell,148,100,48,FALSE,TRUE,6704
mlib__growth__none__fe_country__no_GR_ES__n_eff,148,100,48,FALSE,TRUE,6695
mlib__growth__none__fe_country__no_GR_ES__none,148,100,48,FALSE,TRUE,6701
mlib__growth__none__fe_country__no_GR_ES__pop,148,100,48,FALSE,TRUE,6623
mlib__growth__none__fe_country__no_bailout__n_cell,148,100,48,FALSE,TRUE,6667
mlib__growth__none__fe_country__no_bailout__n_eff,148,100,48,FALSE,TRUE,6680
mlib__growth__none__fe_country__no_bailout__none,148,100,48,FALSE,TRUE,6652
mlib__growth__none__fe_country__no_bailout__pop,148,100,48,FALSE,TRUE,6731
mlib__growth__none__fe_country__y2004_2008__n_cell,148,100,48,FALSE,TRUE,6627
mlib__growth__none__fe_country__y2004_2008__n_eff,148,100,48,FALSE,TRUE,6630
mlib__growth__none__fe_country__y2004_2008__none,148,100,48,FALSE,TRUE,6608
mlib__growth__none__fe_country__y2004_2008__pop,148,100,48,FALSE,TRUE,6567
mlib__growth__none__fe_country__y2009_2013__n_cell,148,100,48,FALSE,TRUE,6635
mlib__growth__none__fe_country__y2009_2013__n_eff,148,100,48,FALSE,TRUE,6670
mlib__growth__none__fe_country__y2009_2013__none,148,100,48,FALSE,TRUE,6432
mlib__growth__none__fe_country__y2009_2013__pop,148,100,48,FALSE,TRUE,6438
mlib__growth__none__fe_twoway__all__n_cell,148,100,48,FALSE,TRUE,6607
mlib__growth__none__fe_twoway__all__n_eff,148,100,48,FALSE,TRUE,6614
mlib__growth__none__fe_twoway__all__none,148,100,48,FALSE,TRUE,6639
mlib__growth__none__fe_twoway__all__pop,148,100,48,FALSE,TRUE,6659
mlib__growth__none__fe_twoway__no_GR_ES__n_cell,148,100,48,FALSE,TRUE,6699
mlib__growth__none__fe_twoway__no_GR_ES__n_eff,148,100,48,FALSE,TRUE,6657
mlib__growth__none__fe_twoway__no_GR_ES__none,148,100,48,FALSE,TRUE,6682
mlib__growth__none__fe_twoway__no_GR_ES__pop,148,100,48,FALSE,TRUE,6669
mlib__growth__none__fe_twoway__no_bailout__n_cell,148,100,48,FALSE,TRUE,6680
mlib__growth__none__fe_twoway__no_bailout__n_eff,148,100,48,FALSE,TRUE,6685
mlib__growth__none__fe_twoway__no_bailout__none,148,100,48,FALSE,TRUE,6724
mlib__growth__none__fe_twoway__no_bailout__pop,148,100,48,FALSE,TRUE,6505
mlib__growth__none__fe_twoway__y2004_2008__n_cell,148,100,48,FALSE,TRUE,6598
mlib__growth__none__fe_twoway__y2004_2008__n_eff,148,100,48,FALSE,TRUE,6592
mlib__growth__none__fe_twoway__y2004_2008__none,148,100,48,FALSE,TRUE,6670
mlib__growth__none__fe_twoway__y2004_2008__pop,148,100,48,FALSE,TRUE,6659
mlib__growth__none__fe_twoway__y2009_2013__n_cell,148,100,48,FALSE,TRUE,6568
mlib__growth__none__fe_twoway__y2009_2013__n_eff,148,100,48,FALSE,TRUE,6566
mlib__growth__none__fe_twoway__y2009_2013__none,148,100,48,FALSE,TRUE,6554
mlib__growth__none__fe_twoway__y2009_2013__pop,148,100,48,FALSE,TRUE,6561
mlib__growth__none__pooled_cl__all__n_cell,148,100,48,FALSE,TRUE,6426
mlib__growth__none__pooled_cl__all__n_eff,148,100,48,FALSE,TRUE,6449
mlib__growth__none__pooled_cl__all__none,148,100,48,FALSE,TRUE,6396
mlib__growth__none__pooled_cl__all__pop,148,100,48,FALSE,TRUE,6508
mlib__growth__none__pooled_cl__no_GR_ES__n_cell,148,100,48,FALSE,TRUE,6445
mlib__growth__none__pooled_cl__no_GR_ES__n_eff,148,100,48,FALSE,TRUE,6456
mlib__growth__none__pooled_cl__no_GR_ES__none,148,100,48,FALSE,TRUE,6433
mlib__growth__none__pooled_cl__no_GR_ES__pop,148,100,48,FALSE,TRUE,6545
mlib__growth__none__pooled_cl__no_bailout__n_cell,148,100,48,FALSE,TRUE,6492
mlib__growth__none__pooled_cl__no_bailout__n_eff,148,100,48,FALSE,TRUE,6506
mlib__growth__none__pooled_cl__no_bailout__none,148,100,48,FALSE,TRUE,6478
mlib__growth__none__pooled_cl__no_bailout__pop,148,100,48,FALSE,TRUE,6696
mlib__growth__none__pooled_cl__y2004_2008__n_cell,148,100,48,FALSE,TRUE,6539
mlib__growth__none__pooled_cl__y2004_2008__n_eff,148,100,48,FALSE,TRUE,6571
mlib__growth__none__pooled_cl__y2004_2008__none,148,100,48,FALSE,TRUE,6520
mlib__growth__none__pooled_cl__y2004_2008__pop,148,100,48,FALSE,TRUE,6574
mlib__growth__none__pooled_cl__y2009_2013__n_cell,148,100,48,FALSE,TRUE,6461
mlib__growth__none__pooled_cl__y2009_2013__n_eff,148,100,48,FALSE,TRUE,6457
mlib__growth__none__pooled_cl__y2009_2013__none,148,100,48,FALSE,TRUE,6462
mlib__growth__none__pooled_cl__y2009_2013__pop,148,100,48,FALSE,TRUE,6414
mlib__growth__none__re__all__none,148,100,48,FALSE,TRUE,6469
mlib__growth__none__re__no_GR_ES__none,148,100,48,FALSE,TRUE,6542
mlib__growth__none__re__no_bailout__none,148,100,48,FALSE,TRUE,6467
mlib__growth__none__re__y2004_2008__none,148,100,48,FALSE,TRUE,6447
mlib__growth__none__re__y2009_2013__none,148,100,48,FALSE,TRUE,6347
mlib__growth__other__fe_country__all__n_cell,148,100,48,FALSE,TRUE,6634
mlib__growth__other__fe_country__all__n_eff,148,100,48,FALSE,TRUE,6627
mlib__growth__other__fe_country__all__none,148,100,48,FALSE,TRUE,6536
mlib__growth__other__fe_country__all__pop,148,100,48,FALSE,TRUE,6661
mlib__growth__other__fe_country__no_GR_ES__n_cell,148,100,48,FALSE,TRUE,6702
mlib__growth__other__fe_country__no_GR_ES__n_eff,148,100,48,FALSE,TRUE,6705
mlib__growth__other__fe_country__no_GR_ES__none,148,100,48,FALSE,TRUE,6635
mlib__growth__other__fe_country__no_GR_ES__pop,148,100,48,FALSE,TRUE,6673
mlib__growth__other__fe_country__no_bailout__n_cell,148,100,48,FALSE,TRUE,6658
mlib__growth__other__fe_country__no_bailout__n_eff,148,100,48,FALSE,TRUE,6644
mlib__growth__other__fe_country__no_bailout__none,148,100,48,FALSE,TRUE,6656
mlib__growth__other__fe_country__no_bailout__pop,148,100,48,FALSE,TRUE,6730
mlib__growth__other__fe_country__y2004_2008__n_cell,148,100,48,FALSE,TRUE,6711
mlib__growth__other__fe_country__y2004_2008__n_eff,148,100,48,FALSE,TRUE,6690
mlib__growth__other__fe_country__y2004_2008__none,148,100,48,FALSE,TRUE,6628
mlib__growth__other__fe_country__y2004_2008__pop,148,100,48,FALSE,TRUE,6553
mlib__growth__other__fe_country__y2009_2013__n_cell,148,100,48,FALSE,TRUE,6651
mlib__growth__other__fe_country__y2009_2013__n_eff,148,100,48,FALSE,TRUE,6674
mlib__growth__other__fe_country__y2009_2013__none,148,100,48,FALSE,TRUE,6528
mlib__growth__other__fe_country__y2009_2013__pop,148,100,48,FALSE,TRUE,6586
mlib__growth__other__fe_twoway__all__n_cell,148,100,48,FALSE,TRUE,6627
mlib__growth__other__fe_twoway__all__n_eff,148,100,48,FALSE,TRUE,6617
mlib__growth__other__fe_twoway__all__none,148,100,48,FALSE,TRUE,6680
mlib__growth__other__fe_twoway__all__pop,148,100,48,FALSE,TRUE,6561
mlib__growth__other__fe_twoway__no_GR_ES__n_cell,148,100,48,FALSE,TRUE,6691
mlib__growth__other__fe_twoway__no_GR_ES__n_eff,148,100,48,FALSE,TRUE,6662
mlib__growth__other__fe_twoway__no_GR_ES__none,148,100,48,FALSE,TRUE,6643
mlib__growth__other__fe_twoway__no_GR_ES__pop,148,100,48,FALSE,TRUE,6630
mlib__growth__other__fe_twoway__no_bailout__n_cell,148,100,48,FALSE,TRUE,6719
mlib__growth__other__fe_twoway__no_bailout__n_eff,148,100,48,FALSE,TRUE,6734
mlib__growth__other__fe_twoway__no_bailout__none,148,100,48,FALSE,TRUE,6741
mlib__growth__other__fe_twoway__no_bailout__pop,148,100,48,FALSE,TRUE,6494
mlib__growth__other__fe_twoway__y2004_2008__n_cell,148,100,48,FALSE,TRUE,6526
mlib__growth__other__fe_twoway__y2004_2008__n_eff,148,100,48,FALSE,TRUE,6551
mlib__growth__other__fe_twoway__y2004_2008__none,148,100,48,FALSE,TRUE,6551
mlib__growth__other__fe_twoway__y2004_2008__pop,148,100,48,FALSE,TRUE,6444
mlib__growth__other__fe_twoway__y2009_2013__n_cell,148,100,48,FALSE,TRUE,6591
mlib__growth__other__fe_twoway__y2009_2013__n_eff,148,100,48,FALSE,TRUE,6632
mlib__growth__other__fe_twoway__y2009_2013__none,148,100,48,FALSE,TRUE,6604
mlib__growth__other__fe_twoway__y2009_2013__pop,148,100,48,FALSE,TRUE,6608
mlib__growth__other__pooled_cl__all__n_cell,148,100,48,FALSE,TRUE,6319
mlib__growth__other__pooled_cl__all__n_eff,148,100,48,FALSE,TRUE,6364
mlib__growth__other__pooled_cl__all__none,148,100,48,FALSE,TRUE,6375
mlib__growth__other__pooled_cl__all__pop,148,100,48,FALSE,TRUE,6453
mlib__growth__other__pooled_cl__no_GR_ES__n_cell,148,100,48,FALSE,TRUE,6448
mlib__growth__other__pooled_cl__no_GR_ES__n_eff,148,100,48,FALSE,TRUE,6446
mlib__growth__other__pooled_cl__no_GR_ES__none,148,100,48,FALSE,TRUE,6402
mlib__growth__other__pooled_cl__no_GR_ES__pop,148,100,48,FALSE,TRUE,6550
mlib__growth__other__pooled_cl__no_bailout__n_cell,148,100,48,FALSE,TRUE,6512
mlib__growth__other__pooled_cl__no_bailout__n_eff,148,100,48,FALSE,TRUE,6516
mlib__growth__other__pooled_cl__no_bailout__none,148,100,48,FALSE,TRUE,6447
mlib__growth__other__pooled_cl__no_bailout__pop,148,100,48,FALSE,TRUE,6534
mlib__growth__other__pooled_cl__y2004_2008__n_cell,148,100,48,FALSE,TRUE,6537
mlib__growth__other__pooled_cl__y2004_2008__n_eff,148,100,48,FALSE,TRUE,6543
mlib__growth__other__pooled_cl__y2004_2008__none,148,100,48,FALSE,TRUE,6517
mlib__growth__other__pooled_cl__y2004_2008__pop,148,100,48,FALSE,TRUE,6553
mlib__growth__other__pooled_cl__y2009_2013__n_cell,148,100,48,FALSE,TRUE,6577
mlib__growth__other__pooled_cl__y2009_2013__n_eff,148,100,48,FALSE,TRUE,6592
mlib__growth__other__pooled_cl__y2009_2013__none,148,100,48,FALSE,TRUE,6546
mlib__growth__other__pooled_cl__y2009_2013__pop,148,100,48,FALSE,TRUE,6387
mlib__growth__other__re__all__none,148,100,48,FALSE,TRUE,6438
mlib__growth__other__re__no_GR_ES__none,148,100,48,FALSE,TRUE,6473
mlib__growth__other__re__no_bailout__none,148,100,48,FALSE,TRUE,6475
mlib__growth__other__re__y2004_2008__none,148,100,48,FALSE,TRUE,6476
mlib__growth__other__re__y2009_2013__none,148,100,48,FALSE,TRUE,6397
mlib__unemp__none__fe_country__all__n_cell,732,492,240,TRUE,TRUE,37043
mlib__unemp__none__fe_country__all__n_eff,732,492,240,TRUE,TRUE,37088
mlib__unemp__none__fe_country__all__none,732,492,240,TRUE,TRUE,37105
mlib__unemp__none__fe_country__all__pop,732,492,240,TRUE,TRUE,37607
mlib__unemp__none__fe_country__no_GR_ES__n_cell,732,492,240,TRUE,TRUE,37382
mlib__unemp__none__fe_country__no_GR_ES__n_eff,732,492,240,TRUE,TRUE,37330
mlib__unemp__none__fe_country__no_GR_ES__none,732,492,240,TRUE,TRUE,37135
mlib__unemp__none__fe_country__no_GR_ES__pop,732,492,240,TRUE,TRUE,37308
mlib__unemp__none__fe_country__no_bailout__n_cell,732,492,240,TRUE,TRUE,37184
mlib__unemp__none__fe_country__no_bailout__n_eff,732,492,240,TRUE,TRUE,37151
mlib__unemp__none__fe_country__no_bailout__none,732,492,240,TRUE,TRUE,37178
mlib__unemp__none__fe_country__no_bailout__pop,732,492,240,TRUE,TRUE,37277
mlib__unemp__none__fe_country__y2004_2008__n_cell,732,396,240,TRUE,TRUE,30794
mlib__unemp__none__fe_country__y2004_2008__n_eff,732,396,240,TRUE,TRUE,30882
mlib__unemp__none__fe_country__y2004_2008__none,732,396,240,TRUE,TRUE,30753
mlib__unemp__none__fe_country__y2004_2008__pop,732,396,240,TRUE,TRUE,30917
mlib__unemp__none__fe_country__y2009_2013__n_cell,732,492,240,TRUE,TRUE,37021
mlib__unemp__none__fe_country__y2009_2013__n_eff,732,492,240,TRUE,TRUE,37038
mlib__unemp__none__fe_country__y2009_2013__none,732,492,240,TRUE,TRUE,36939
mlib__unemp__none__fe_country__y2009_2013__pop,732,492,240,TRUE,TRUE,37548
mlib__unemp__none__fe_twoway__all__n_cell,732,492,240,TRUE,TRUE,37169
mlib__unemp__none__fe_twoway__all__n_eff,732,492,240,TRUE,TRUE,37139
mlib__unemp__none__fe_twoway__all__none,732,492,240,TRUE,TRUE,37029
mlib__unemp__none__fe_twoway__all__pop,732,492,240,TRUE,TRUE,37441
mlib__unemp__none__fe_twoway__no_GR_ES__n_cell,732,492,240,TRUE,TRUE,37197
mlib__unemp__none__fe_twoway__no_GR_ES__n_eff,732,492,240,TRUE,TRUE,37277
mlib__unemp__none__fe_twoway__no_GR_ES__none,732,492,240,TRUE,TRUE,37345
mlib__unemp__none__fe_twoway__no_GR_ES__pop,732,492,240,TRUE,TRUE,37534
mlib__unemp__none__fe_twoway__no_bailout__n_cell,732,492,240,TRUE,TRUE,37151
mlib__unemp__none__fe_twoway__no_bailout__n_eff,732,492,240,TRUE,TRUE,37123
mlib__unemp__none__fe_twoway__no_bailout__none,732,492,240,TRUE,TRUE,37029
mlib__unemp__none__fe_twoway__no_bailout__pop,732,492,240,TRUE,TRUE,37409
mlib__unemp__none__fe_twoway__y2004_2008__n_cell,732,396,240,TRUE,TRUE,30180
mlib__unemp__none__fe_twoway__y2004_2008__n_eff,732,396,240,TRUE,TRUE,30172
mlib__unemp__none__fe_twoway__y2004_2008__none,732,396,240,TRUE,TRUE,30010
mlib__unemp__none__fe_twoway__y2004_2008__pop,732,396,240,TRUE,TRUE,30806
mlib__unemp__none__fe_twoway__y2009_2013__n_cell,732,492,240,TRUE,TRUE,37025
mlib__unemp__none__fe_twoway__y2009_2013__n_eff,732,492,240,TRUE,TRUE,37134
mlib__unemp__none__fe_twoway__y2009_2013__none,732,492,240,TRUE,TRUE,37078
mlib__unemp__none__fe_twoway__y2009_2013__pop,732,492,240,TRUE,TRUE,37270
mlib__unemp__none__pooled_cl__all__n_cell,732,492,240,TRUE,TRUE,37078
mlib__unemp__none__pooled_cl__all__n_eff,732,492,240,TRUE,TRUE,37131
mlib__unemp__none__pooled_cl__all__none,732,492,240,TRUE,TRUE,37273
mlib__unemp__none__pooled_cl__all__pop,732,492,240,TRUE,TRUE,37373
mlib__unemp__none__pooled_cl__no_GR_ES__n_cell,732,492,240,TRUE,TRUE,37150
mlib__unemp__none__pooled_cl__no_GR_ES__n_eff,732,492,240,TRUE,TRUE,37137
mlib__unemp__none__pooled_cl__no_GR_ES__none,732,492,240,TRUE,TRUE,37312
mlib__unemp__none__pooled_cl__no_GR_ES__pop,732,492,240,TRUE,TRUE,37379
mlib__unemp__none__pooled_cl__no_bailout__n_cell,732,492,240,TRUE,TRUE,37240
mlib__unemp__none__pooled_cl__no_bailout__n_eff,732,492,240,TRUE,TRUE,37209
mlib__unemp__none__pooled_cl__no_bailout__none,732,492,240,TRUE,TRUE,37177
mlib__unemp__none__pooled_cl__no_bailout__pop,732,492,240,TRUE,TRUE,37509
mlib__unemp__none__pooled_cl__y2004_2008__n_cell,732,396,240,TRUE,TRUE,30646
mlib__unemp__none__pooled_cl__y2004_2008__n_eff,732,396,240,TRUE,TRUE,30676
mlib__unemp__none__pooled_cl__y2004_2008__none,732,396,240,TRUE,TRUE,30650
mlib__unemp__none__pooled_cl__y2004_2008__pop,732,396,240,TRUE,TRUE,30961
mlib__unemp__none__pooled_cl__y2009_2013__n_cell,732,492,240,TRUE,TRUE,37208
mlib__unemp__none__pooled_cl__y2009_2013__n_eff,732,492,240,TRUE,TRUE,37170
mlib__unemp__none__pooled_cl__y2009_2013__none,732,492,240,TRUE,TRUE,37084
mlib__unemp__none__pooled_cl__y2009_2013__pop,732,492,240,TRUE,TRUE,37645
mlib__unemp__none__re__all__none,732,492,240,TRUE,TRUE,37030
mlib__unemp__none__re__no_GR_ES__none,732,492,240,TRUE,TRUE,36869
mlib__unemp__none__re__no_bailout__none,732,492,240,TRUE,TRUE,36798
mlib__unemp__none__re__y2004_2008__none,732,396,240,TRUE,TRUE,30350
mlib__unemp__none__re__y2009_2013__none,732,492,240,TRUE,TRUE,36345
mlib__unemp__other__fe_country__all__n_cell,732,492,240,TRUE,TRUE,37186
mlib__unemp__other__fe_country__all__n_eff,732,492,240,TRUE,TRUE,37174
mlib__unemp__other__fe_country__all__none,732,492,240,TRUE,TRUE,37191
mlib__unemp__other__fe_country__all__pop,732,492,240,TRUE,TRUE,37631
mlib__unemp__other__fe_country__no_GR_ES__n_cell,732,492,240,TRUE,TRUE,37361
mlib__unemp__other__fe_country__no_GR_ES__n_eff,732,492,240,TRUE,TRUE,37325
mlib__unemp__other__fe_country__no_GR_ES__none,732,492,240,TRUE,TRUE,36992
mlib__unemp__other__fe_country__no_GR_ES__pop,732,492,240,TRUE,TRUE,37390
mlib__unemp__other__fe_country__no_bailout__n_cell,732,492,240,TRUE,TRUE,37207
mlib__unemp__other__fe_country__no_bailout__n_eff,732,492,240,TRUE,TRUE,37207
mlib__unemp__other__fe_country__no_bailout__none,732,492,240,TRUE,TRUE,37007
mlib__unemp__other__fe_country__no_bailout__pop,732,492,240,TRUE,TRUE,37366
mlib__unemp__other__fe_country__y2004_2008__n_cell,732,396,240,TRUE,TRUE,30833
mlib__unemp__other__fe_country__y2004_2008__n_eff,732,396,240,TRUE,TRUE,30874
mlib__unemp__other__fe_country__y2004_2008__none,732,396,240,TRUE,TRUE,30759
mlib__unemp__other__fe_country__y2004_2008__pop,732,396,240,TRUE,TRUE,30924
mlib__unemp__other__fe_country__y2009_2013__n_cell,732,492,240,TRUE,TRUE,37129
mlib__unemp__other__fe_country__y2009_2013__n_eff,732,492,240,TRUE,TRUE,37057
mlib__unemp__other__fe_country__y2009_2013__none,732,492,240,TRUE,TRUE,37086
mlib__unemp__other__fe_country__y2009_2013__pop,732,492,240,TRUE,TRUE,37662
mlib__unemp__other__fe_twoway__all__n_cell,732,492,240,TRUE,TRUE,37322
mlib__unemp__other__fe_twoway__all__n_eff,732,492,240,TRUE,TRUE,37260
mlib__unemp__other__fe_twoway__all__none,732,492,240,TRUE,TRUE,37005
mlib__unemp__other__fe_twoway__all__pop,732,492,240,TRUE,TRUE,37425
mlib__unemp__other__fe_twoway__no_GR_ES__n_cell,732,492,240,TRUE,TRUE,37123
mlib__unemp__other__fe_twoway__no_GR_ES__n_eff,732,492,240,TRUE,TRUE,37142
mlib__unemp__other__fe_twoway__no_GR_ES__none,732,492,240,TRUE,TRUE,37393
mlib__unemp__other__fe_twoway__no_GR_ES__pop,732,492,240,TRUE,TRUE,37565
mlib__unemp__other__fe_twoway__no_bailout__n_cell,732,492,240,TRUE,TRUE,37127
mlib__unemp__other__fe_twoway__no_bailout__n_eff,732,492,240,TRUE,TRUE,37138
mlib__unemp__other__fe_twoway__no_bailout__none,732,492,240,TRUE,TRUE,36881
mlib__unemp__other__fe_twoway__no_bailout__pop,732,492,240,TRUE,TRUE,37476
mlib__unemp__other__fe_twoway__y2004_2008__n_cell,732,396,240,TRUE,TRUE,30378
mlib__unemp__other__fe_twoway__y2004_2008__n_eff,732,396,240,TRUE,TRUE,30443
mlib__unemp__other__fe_twoway__y2004_2008__none,732,396,240,TRUE,TRUE,30429
mlib__unemp__other__fe_twoway__y2004_2008__pop,732,396,240,TRUE,TRUE,30725
mlib__unemp__other__fe_twoway__y2009_2013__n_cell,732,492,240,TRUE,TRUE,37132
mlib__unemp__other__fe_twoway__y2009_2013__n_eff,732,492,240,TRUE,TRUE,37101
mlib__unemp__other__fe_twoway__y2009_2013__none,732,492,240,TRUE,TRUE,37074
mlib__unemp__other__fe_twoway__y2009_2013__pop,732,492,240,TRUE,TRUE,37307
mlib__unemp__other__pooled_cl__all__n_cell,732,492,240,TRUE,TRUE,37084
mlib__unemp__other__pooled_cl__all__n_eff,732,492,240,TRUE,TRUE,37111
mlib__unemp__other__pooled_cl__all__none,732,492,240,TRUE,TRUE,37101
mlib__unemp__other__pooled_cl__all__pop,732,492,240,TRUE,TRUE,37314
mlib__unemp__other__pooled_cl__no_GR_ES__n_cell,732,492,240,TRUE,TRUE,37214
mlib__unemp__other__pooled_cl__no_GR_ES__n_eff,732,492,240,TRUE,TRUE,37215
mlib__unemp__other__pooled_cl__no_GR_ES__none,732,492,240,TRUE,TRUE,37203
mlib__unemp__other__pooled_cl__no_GR_ES__pop,732,492,240,TRUE,TRUE,37465
mlib__unemp__other__pooled_cl__no_bailout__n_cell,732,492,240,TRUE,TRUE,37192
mlib__unemp__other__pooled_cl__no_bailout__n_eff,732,492,240,TRUE,TRUE,37176
mlib__unemp__other__pooled_cl__no_bailout__none,732,492,240,TRUE,TRUE,37269
mlib__unemp__other__pooled_cl__no_bailout__pop,732,492,240,TRUE,TRUE,37532
mlib__unemp__other__pooled_cl__y2004_2008__n_cell,732,396,240,TRUE,TRUE,30655
mlib__unemp__other__pooled_cl__y2004_2008__n_eff,732,396,240,TRUE,TRUE,30636
mlib__unemp__other__pooled_cl__y2004_2008__none,732,396,240,TRUE,TRUE,30720
mlib__unemp__other__pooled_cl__y2004_2008__pop,732,396,240,TRUE,TRUE,31032
mlib__unemp__other__pooled_cl__y2009_2013__n_cell,732,492,240,TRUE,TRUE,37165
mlib__unemp__other__pooled_cl__y2009_2013__n_eff,732,492,240,TRUE,TRUE,37229
mlib__unemp__other__pooled_cl__y2009_2013__none,732,492,240,TRUE,TRUE,37186
mlib__unemp__other__pooled_cl__y2009_2013__pop,732,492,240,TRUE,TRUE,37611
mlib__unemp__other__re__all__none,732,492,240,TRUE,TRUE,36868
mlib__unemp__other__re__no_GR_ES__none,732,492,240,TRUE,TRUE,36690
mlib__unemp__other__re__no_bailout__none,732,492,240,TRUE,TRUE,36529
mlib__unemp__other__re__y2004_2008__none,732,396,240,TRUE,TRUE,30324
mlib__unemp__other__re__y2009_2013__none,732,492,240,TRUE,TRUE,36365
mneg__growth__none__fe_country__all__n_cell,148,100,48,FALSE,TRUE,7248
mneg__growth__none__fe_country__all__n_eff,148,100,48,FALSE,TRUE,7204
mneg__growth__none__fe_country__all__none,148,100,48,FALSE,TRUE,7243
mneg__growth__none__fe_country__all__pop,148,100,48,FALSE,TRUE,7185
mneg__growth__none__fe_country__no_GR_ES__n_cell,148,100,48,FALSE,TRUE,7294
mneg__growth__none__fe_country__no_GR_ES__n_eff,148,100,48,FALSE,TRUE,7286
mneg__growth__none__fe_country__no_GR_ES__none,148,100,48,FALSE,TRUE,7267
mneg__growth__none__fe_country__no_GR_ES__pop,148,100,48,FALSE,TRUE,7203
mneg__growth__none__fe_country__no_bailout__n_cell,148,100,48,FALSE,TRUE,7235
mneg__growth__none__fe_country__no_bailout__n_eff,148,100,48,FALSE,TRUE,7258
mneg__growth__none__fe_country__no_bailout__none,148,100,48,FALSE,TRUE,7239
mneg__growth__none__fe_country__no_bailout__pop,148,100,48,FALSE,TRUE,7136
mneg__growth__none__fe_country__y2004_2008__n_cell,148,100,48,FALSE,TRUE,7168
mneg__growth__none__fe_country__y2004_2008__n_eff,148,100,48,FALSE,TRUE,7154
mneg__growth__none__fe_country__y2004_2008__none,148,100,48,FALSE,TRUE,7128
mneg__growth__none__fe_country__y2004_2008__pop,148,100,48,FALSE,TRUE,7110
mneg__growth__none__fe_country__y2009_2013__n_cell,148,100,48,FALSE,TRUE,7269
mneg__growth__none__fe_country__y2009_2013__n_eff,148,100,48,FALSE,TRUE,7272
mneg__growth__none__fe_country__y2009_2013__none,148,100,48,FALSE,TRUE,7097
mneg__growth__none__fe_country__y2009_2013__pop,148,100,48,FALSE,TRUE,7021
mneg__growth__none__fe_twoway__all__n_cell,148,100,48,FALSE,TRUE,7153
mneg__growth__none__fe_twoway__all__n_eff,148,100,48,FALSE,TRUE,7160
mneg__growth__none__fe_twoway__all__none,148,100,48,FALSE,TRUE,7137
mneg__growth__none__fe_twoway__all__pop,148,100,48,FALSE,TRUE,7093
mneg__growth__none__fe_twoway__no_GR_ES__n_cell,148,100,48,FALSE,TRUE,7222
mneg__growth__none__fe_twoway__no_GR_ES__n_eff,148,100,48,FALSE,TRUE,7204
mneg__growth__none__fe_twoway__no_GR_ES__none,148,100,48,FALSE,TRUE,7193
mneg__growth__none__fe_twoway__no_GR_ES__pop,148,100,48,FALSE,TRUE,7153
mneg__growth__none__fe_twoway__no_bailout__n_cell,148,100,48,FALSE,TRUE,7257
mneg__growth__none__fe_twoway__no_bailout__n_eff,148,100,48,FALSE,TRUE,7295
mneg__growth__none__fe_twoway__no_bailout__none,148,100,48,FALSE,TRUE,7278
mneg__growth__none__fe_twoway__no_bailout__pop,148,100,48,FALSE,TRUE,7180
mneg__growth__none__fe_twoway__y2004_2008__n_cell,148,100,48,FALSE,TRUE,7163
mneg__growth__none__fe_twoway__y2004_2008__n_eff,148,100,48,FALSE,TRUE,7183
mneg__growth__none__fe_twoway__y2004_2008__none,148,100,48,FALSE,TRUE,7227
mneg__growth__none__fe_twoway__y2004_2008__pop,148,100,48,FALSE,TRUE,7105
mneg__growth__none__fe_twoway__y2009_2013__n_cell,148,100,48,FALSE,TRUE,7160
mneg__growth__none__fe_twoway__y2009_2013__n_eff,148,100,48,FALSE,TRUE,7158
mneg__growth__none__fe_twoway__y2009_2013__none,148,100,48,FALSE,TRUE,7103
mneg__growth__none__fe_twoway__y2009_2013__pop,148,100,48,FALSE,TRUE,7162
mneg__growth__none__pooled_cl__all__n_cell,148,100,48,FALSE,TRUE,6956
mneg__growth__none__pooled_cl__all__n_eff,148,100,48,FALSE,TRUE,6969
mneg__growth__none__pooled_cl__all__none,148,100,48,FALSE,TRUE,6930
mneg__growth__none__pooled_cl__all__pop,148,100,48,FALSE,TRUE,7159
mneg__growth__none__pooled_cl__no_GR_ES__n_cell,148,100,48,FALSE,TRUE,7005
mneg__growth__none__pooled_cl__no_GR_ES__n_eff,148,100,48,FALSE,TRUE,7027
mneg__growth__none__pooled_cl__no_GR_ES__none,148,100,48,FALSE,TRUE,7036
mneg__growth__none__pooled_cl__no_GR_ES__pop,148,100,48,FALSE,TRUE,7135
mneg__growth__none__pooled_cl__no_bailout__n_cell,148,100,48,FALSE,TRUE,7098
mneg__growth__none__pooled_cl__no_bailout__n_eff,148,100,48,FALSE,TRUE,7075
mneg__growth__none__pooled_cl__no_bailout__none,148,100,48,FALSE,TRUE,7075
mneg__growth__none__pooled_cl__no_bailout__pop,148,100,48,FALSE,TRUE,7247
mneg__growth__none__pooled_cl__y2004_2008__n_cell,148,100,48,FALSE,TRUE,7148
mneg__growth__none__pooled_cl__y2004_2008__n_eff,148,100,48,FALSE,TRUE,7133
mneg__growth__none__pooled_cl__y2004_2008__none,148,100,48,FALSE,TRUE,7076
mneg__growth__none__pooled_cl__y2004_2008__pop,148,100,48,FALSE,TRUE,7145
mneg__growth__none__pooled_cl__y2009_2013__n_cell,148,100,48,FALSE,TRUE,7233
mneg__growth__none__pooled_cl__y2009_2013__n_eff,148,100,48,FALSE,TRUE,7262
mneg__growth__none__pooled_cl__y2009_2013__none,148,100,48,FALSE,TRUE,7257
mneg__growth__none__pooled_cl__y2009_2013__pop,148,100,48,FALSE,TRUE,7054
mneg__growth__none__re__all__none,148,100,48,FALSE,TRUE,7106
mneg__growth__none__re__no_GR_ES__none,148,100,48,FALSE,TRUE,7117
mneg__growth__none__re__no_bailout__none,148,100,48,FALSE,TRUE,7030
mneg__growth__none__re__y2004_2008__none,148,100,48,FALSE,TRUE,6964
mneg__growth__none__re__y2009_2013__none,148,100,48,FALSE,TRUE,6933
mneg__growth__other__fe_country__all__n_cell,148,100,48,FALSE,TRUE,7084
mneg__growth__other__fe_country__all__n_eff,148,100,48,FALSE,TRUE,7080
mneg__growth__other__fe_country__all__none,148,100,48,FALSE,TRUE,7172
mneg__growth__other__fe_country__all__pop,148,100,48,FALSE,TRUE,7186
mneg__growth__other__fe_country__no_GR_ES__n_cell,148,100,48,FALSE,TRUE,7196
mneg__growth__other__fe_country__no_GR_ES__n_eff,148,100,48,FALSE,TRUE,7166
mneg__growth__other__fe_country__no_GR_ES__none,148,100,48,FALSE,TRUE,7180
mneg__growth__other__fe_country__no_GR_ES__pop,148,100,48,FALSE,TRUE,7230
mneg__growth__other__fe_country__no_bailout__n_cell,148,100,48,FALSE,TRUE,7241
mneg__growth__other__fe_country__no_bailout__n_eff,148,100,48,FALSE,TRUE,7278
mneg__growth__other__fe_country__no_bailout__none,148,100,48,FALSE,TRUE,7209
mneg__growth__other__fe_country__no_bailout__pop,148,100,48,FALSE,TRUE,7205
mneg__growth__other__fe_country__y2004_2008__n_cell,148,100,48,FALSE,TRUE,7184
mneg__growth__other__fe_country__y2004_2008__n_eff,148,100,48,FALSE,TRUE,7197
mneg__growth__other__fe_country__y2004_2008__none,148,100,48,FALSE,TRUE,7191
mneg__growth__other__fe_country__y2004_2008__pop,148,100,48,FALSE,TRUE,7106
mneg__growth__other__fe_country__y2009_2013__n_cell,148,100,48,FALSE,TRUE,7237
mneg__growth__other__fe_country__y2009_2013__n_eff,148,100,48,FALSE,TRUE,7287
mneg__growth__other__fe_country__y2009_2013__none,148,100,48,FALSE,TRUE,7078
mneg__growth__other__fe_country__y2009_2013__pop,148,100,48,FALSE,TRUE,7129
mneg__growth__other__fe_twoway__all__n_cell,148,100,48,FALSE,TRUE,7068
mneg__growth__other__fe_twoway__all__n_eff,148,100,48,FALSE,TRUE,7048
mneg__growth__other__fe_twoway__all__none,148,100,48,FALSE,TRUE,7049
mneg__growth__other__fe_twoway__all__pop,148,100,48,FALSE,TRUE,7078
mneg__growth__other__fe_twoway__no_GR_ES__n_cell,148,100,48,FALSE,TRUE,7156
mneg__growth__other__fe_twoway__no_GR_ES__n_eff,148,100,48,FALSE,TRUE,7147
mneg__growth__other__fe_twoway__no_GR_ES__none,148,100,48,FALSE,TRUE,7070
mneg__growth__other__fe_twoway__no_GR_ES__pop,148,100,48,FALSE,TRUE,7196
mneg__growth__other__fe_twoway__no_bailout__n_cell,148,100,48,FALSE,TRUE,7276
mneg__growth__other__fe_twoway__no_bailout__n_eff,148,100,48,FALSE,TRUE,7253
mneg__growth__other__fe_twoway__no_bailout__none,148,100,48,FALSE,TRUE,7332
mneg__growth__other__fe_twoway__no_bailout__pop,148,100,48,FALSE,TRUE,7206
mneg__growth__other__fe_twoway__y2004_2008__n_cell,148,100,48,FALSE,TRUE,7123
mneg__growth__other__fe_twoway__y2004_2008__n_eff,148,100,48,FALSE,TRUE,7089
mneg__growth__other__fe_twoway__y2004_2008__none,148,100,48,FALSE,TRUE,7042
mneg__growth__other__fe_twoway__y2004_2008__pop,148,100,48,FALSE,TRUE,7125
mneg__growth__other__fe_twoway__y2009_2013__n_cell,148,100,48,FALSE,TRUE,7198
mneg__growth__other__fe_twoway__y2009_2013__n_eff,148,100,48,FALSE,TRUE,7203
mneg__growth__other__fe_twoway__y2009_2013__none,148,100,48,FALSE,TRUE,7209
mneg__growth__other__fe_twoway__y2009_2013__pop,148,100,48,FALSE,TRUE,7176
mneg__growth__other__pooled_cl__all__n_cell,148,100,48,FALSE,TRUE,6980
mneg__growth__other__pooled_cl__all__n_eff,148,100,48,FALSE,TRUE,7002
mneg__growth__other__pooled_cl__all__none,148,100,48,FALSE,TRUE,6922
mneg__growth__other__pooled_cl__all__pop,148,100,48,FALSE,TRUE,7091
mneg__growth__other__pooled_cl__no_GR_ES__n_cell,148,100,48,FALSE,TRUE,7094
mneg__growth__other__pooled_cl__no_GR_ES__n_eff,148,100,48,FALSE,TRUE,7124
mneg__growth__other__pooled_cl__no_GR_ES__none,148,100,48,FALSE,TRUE,7050
mneg__growth__other__pooled_cl__no_GR_ES__pop,148,100,48,FALSE,TRUE,7199
mneg__growth__other__pooled_cl__no_bailout__n_cell,148,100,48,FALSE,TRUE,7105
mneg__growth__other__pooled_cl__no_bailout__n_eff,148,100,48,FALSE,TRUE,7092
mneg__growth__other__pooled_cl__no_bailout__none,148,100,48,FALSE,TRUE,7067
mneg__growth__other__pooled_cl__no_bailout__pop,148,100,48,FALSE,TRUE,7135
mneg__growth__other__pooled_cl__y2004_2008__n_cell,148,100,48,FALSE,TRUE,7179
mneg__growth__other__pooled_cl__y2004_2008__n_eff,148,100,48,FALSE,TRUE,7164
mneg__growth__other__pooled_cl__y2004_2008__none,148,100,48,FALSE,TRUE,7093
mneg__growth__other__pooled_cl__y2004_2008__pop,148,100,48,FALSE,TRUE,7133
mneg__growth__other__pooled_cl__y2009_2013__n_cell,148,100,48,FALSE,TRUE,7109
mneg__growth__other__pooled_cl__y2009_2013__n_eff,148,100,48,FALSE,TRUE,7103
mneg__growth__other__pooled_cl__y2009_2013__none,148,100,48,FALSE,TRUE,7134
mneg__growth__other__pooled_cl__y2009_2013__pop,148,100,48,FALSE,TRUE,7075
mneg__growth__other__re__all__none,148,100,48,FALSE,TRUE,7025
mneg__growth__other__re__no_GR_ES__none,148,100,48,FALSE,TRUE,6999
mneg__growth__other__re__no_bailout__none,148,100,48,FALSE,TRUE,7064
mneg__growth__other__re__y2004_2008__none,148,100,48,FALSE,TRUE,7021
mneg__growth__other__re__y2009_2013__none,148,100,48,FALSE,TRUE,6983
mneg__unemp__none__fe_country__all__n_cell,732,492,240,TRUE,TRUE,41033
mneg__unemp__none__fe_country__all__n_eff,732,492,240,TRUE,TRUE,41047
mneg__unemp__none__fe_country__all__none,732,492,240,TRUE,TRUE,41152
mneg__unemp__none__fe_country__all__pop,732,492,240,TRUE,TRUE,41516
mneg__unemp__none__fe_country__no_GR_ES__n_cell,732,492,240,TRUE,TRUE,41223
mneg__unemp__none__fe_country__no_GR_ES__n_eff,732,492,240,TRUE,TRUE,41189
mneg__unemp__none__fe_country__no_GR_ES__none,732,492,240,TRUE,TRUE,41151
mneg__unemp__none__fe_country__no_GR_ES__pop,732,492,240,TRUE,TRUE,41531
mneg__unemp__none__fe_country__no_bailout__n_cell,732,492,240,TRUE,TRUE,41382
mneg__unemp__none__fe_country__no_bailout__n_eff,732,492,240,TRUE,TRUE,41306
mneg__unemp__none__fe_country__no_bailout__none,732,492,240,TRUE,TRUE,40998
mneg__unemp__none__fe_country__no_bailout__pop,732,492,240,TRUE,TRUE,41525
mneg__unemp__none__fe_country__y2004_2008__n_cell,732,396,240,TRUE,TRUE,34060
mneg__unemp__none__fe_country__y2004_2008__n_eff,732,396,240,TRUE,TRUE,34073
mneg__unemp__none__fe_country__y2004_2008__none,732,396,240,TRUE,TRUE,33989
mneg__unemp__none__fe_country__y2004_2008__pop,732,396,240,TRUE,TRUE,34072
mneg__unemp__none__fe_country__y2009_2013__n_cell,732,492,240,TRUE,TRUE,41163
mneg__unemp__none__fe_country__y2009_2013__n_eff,732,492,240,TRUE,TRUE,41116
mneg__unemp__none__fe_country__y2009_2013__none,732,492,240,TRUE,TRUE,41150
mneg__unemp__none__fe_country__y2009_2013__pop,732,492,240,TRUE,TRUE,41747
mneg__unemp__none__fe_twoway__all__n_cell,732,492,240,TRUE,TRUE,41135
mneg__unemp__none__fe_twoway__all__n_eff,732,492,240,TRUE,TRUE,41090
mneg__unemp__none__fe_twoway__all__none,732,492,240,TRUE,TRUE,40838
mneg__unemp__none__fe_twoway__all__pop,732,492,240,TRUE,TRUE,41404
mneg__unemp__none__fe_twoway__no_GR_ES__n_cell,732,492,240,TRUE,TRUE,41183
mneg__unemp__none__fe_twoway__no_GR_ES__n_eff,732,492,240,TRUE,TRUE,41212
mneg__unemp__none__fe_twoway__no_GR_ES__none,732,492,240,TRUE,TRUE,41158
mneg__unemp__none__fe_twoway__no_GR_ES__pop,732,492,240,TRUE,TRUE,41247
mneg__unemp__none__fe_twoway__no_bailout__n_cell,732,492,240,TRUE,TRUE,40991
mneg__unemp__none__fe_twoway__no_bailout__n_eff,732,492,240,TRUE,TRUE,41070
mneg__unemp__none__fe_twoway__no_bailout__none,732,492,240,TRUE,TRUE,40902
mneg__unemp__none__fe_twoway__no_bailout__pop,732,492,240,TRUE,TRUE,41348
mneg__unemp__none__fe_twoway__y2004_2008__n_cell,732,396,240,TRUE,TRUE,33797
mneg__unemp__none__fe_twoway__y2004_2008__n_eff,732,396,240,TRUE,TRUE,33817
mneg__unemp__none__fe_twoway__y2004_2008__none,732,396,240,TRUE,TRUE,33541
mneg__unemp__none__fe_twoway__y2004_2008__pop,732,396,240,TRUE,TRUE,33995
mneg__unemp__none__fe_twoway__y2009_2013__n_cell,732,492,240,TRUE,TRUE,40855
mneg__unemp__none__fe_twoway__y2009_2013__n_eff,732,492,240,TRUE,TRUE,40985
mneg__unemp__none__fe_twoway__y2009_2013__none,732,492,240,TRUE,TRUE,40746
mneg__unemp__none__fe_twoway__y2009_2013__pop,732,492,240,TRUE,TRUE,41672
mneg__unemp__none__pooled_cl__all__n_cell,732,492,240,TRUE,TRUE,41236
mneg__unemp__none__pooled_cl__all__n_eff,732,492,240,TRUE,TRUE,41336
mneg__unemp__none__pooled_cl__all__none,732,492,240,TRUE,TRUE,41265
mneg__unemp__none__pooled_cl__all__pop,732,492,240,TRUE,TRUE,41189
mneg__unemp__none__pooled_cl__no_GR_ES__n_cell,732,492,240,TRUE,TRUE,41234
mneg__unemp__none__pooled_cl__no_GR_ES__n_eff,732,492,240,TRUE,TRUE,41341
mneg__unemp__none__pooled_cl__no_GR_ES__none,732,492,240,TRUE,TRUE,41318
mneg__unemp__none__pooled_cl__no_GR_ES__pop,732,492,240,TRUE,TRUE,41497
mneg__unemp__none__pooled_cl__no_bailout__n_cell,732,492,240,TRUE,TRUE,41374
mneg__unemp__none__pooled_cl__no_bailout__n_eff,732,492,240,TRUE,TRUE,41418
mneg__unemp__none__pooled_cl__no_bailout__none,732,492,240,TRUE,TRUE,41242
mneg__unemp__none__pooled_cl__no_bailout__pop,732,492,240,TRUE,TRUE,41606
mneg__unemp__none__pooled_cl__y2004_2008__n_cell,732,396,240,TRUE,TRUE,33964
mneg__unemp__none__pooled_cl__y2004_2008__n_eff,732,396,240,TRUE,TRUE,33981
mneg__unemp__none__pooled_cl__y2004_2008__none,732,396,240,TRUE,TRUE,34013
mneg__unemp__none__pooled_cl__y2004_2008__pop,732,396,240,TRUE,TRUE,34322
mneg__unemp__none__pooled_cl__y2009_2013__n_cell,732,492,240,TRUE,TRUE,41278
mneg__unemp__none__pooled_cl__y2009_2013__n_eff,732,492,240,TRUE,TRUE,41362
mneg__unemp__none__pooled_cl__y2009_2013__none,732,492,240,TRUE,TRUE,41415
mneg__unemp__none__pooled_cl__y2009_2013__pop,732,492,240,TRUE,TRUE,41315
mneg__unemp__none__re__all__none,732,492,240,TRUE,TRUE,40808
mneg__unemp__none__re__no_GR_ES__none,732,492,240,TRUE,TRUE,40845
mneg__unemp__none__re__no_bailout__none,732,492,240,TRUE,TRUE,40686
mneg__unemp__none__re__y2004_2008__none,732,396,240,TRUE,TRUE,33653
mneg__unemp__none__re__y2009_2013__none,732,492,240,TRUE,TRUE,40708
mneg__unemp__other__fe_country__all__n_cell,732,492,240,TRUE,TRUE,41042
mneg__unemp__other__fe_country__all__n_eff,732,492,240,TRUE,TRUE,40998
mneg__unemp__other__fe_country__all__none,732,492,240,TRUE,TRUE,41037
mneg__unemp__other__fe_country__all__pop,732,492,240,TRUE,TRUE,41424
mneg__unemp__other__fe_country__no_GR_ES__n_cell,732,492,240,TRUE,TRUE,41300
mneg__unemp__other__fe_country__no_GR_ES__n_eff,732,492,240,TRUE,TRUE,41251
mneg__unemp__other__fe_country__no_GR_ES__none,732,492,240,TRUE,TRUE,41155
mneg__unemp__other__fe_country__no_GR_ES__pop,732,492,240,TRUE,TRUE,41620
mneg__unemp__other__fe_country__no_bailout__n_cell,732,492,240,TRUE,TRUE,41211
mneg__unemp__other__fe_country__no_bailout__n_eff,732,492,240,TRUE,TRUE,41188
mneg__unemp__other__fe_country__no_bailout__none,732,492,240,TRUE,TRUE,41185
mneg__unemp__other__fe_country__no_bailout__pop,732,492,240,TRUE,TRUE,41528
mneg__unemp__other__fe_country__y2004_2008__n_cell,732,396,240,TRUE,TRUE,34113
mneg__unemp__other__fe_country__y2004_2008__n_eff,732,396,240,TRUE,TRUE,34071
mneg__unemp__other__fe_country__y2004_2008__none,732,396,240,TRUE,TRUE,33953
mneg__unemp__other__fe_country__y2004_2008__pop,732,396,240,TRUE,TRUE,34072
mneg__unemp__other__fe_country__y2009_2013__n_cell,732,492,240,TRUE,TRUE,41215
mneg__unemp__other__fe_country__y2009_2013__n_eff,732,492,240,TRUE,TRUE,41249
mneg__unemp__other__fe_country__y2009_2013__none,732,492,240,TRUE,TRUE,41209
mneg__unemp__other__fe_country__y2009_2013__pop,732,492,240,TRUE,TRUE,41783
mneg__unemp__other__fe_twoway__all__n_cell,732,492,240,TRUE,TRUE,40970
mneg__unemp__other__fe_twoway__all__n_eff,732,492,240,TRUE,TRUE,41028
mneg__unemp__other__fe_twoway__all__none,732,492,240,TRUE,TRUE,40999
mneg__unemp__other__fe_twoway__all__pop,732,492,240,TRUE,TRUE,41320
mneg__unemp__other__fe_twoway__no_GR_ES__n_cell,732,492,240,TRUE,TRUE,41191
mneg__unemp__other__fe_twoway__no_GR_ES__n_eff,732,492,240,TRUE,TRUE,41168
mneg__unemp__other__fe_twoway__no_GR_ES__none,732,492,240,TRUE,TRUE,40988
mneg__unemp__other__fe_twoway__no_GR_ES__pop,732,492,240,TRUE,TRUE,41437
mneg__unemp__other__fe_twoway__no_bailout__n_cell,732,492,240,TRUE,TRUE,40966
mneg__unemp__other__fe_twoway__no_bailout__n_eff,732,492,240,TRUE,TRUE,41055
mneg__unemp__other__fe_twoway__no_bailout__none,732,492,240,TRUE,TRUE,40913
mneg__unemp__other__fe_twoway__no_bailout__pop,732,492,240,TRUE,TRUE,41390
mneg__unemp__other__fe_twoway__y2004_2008__n_cell,732,396,240,TRUE,TRUE,33882
mneg__unemp__other__fe_twoway__y2004_2008__n_eff,732,396,240,TRUE,TRUE,33814
mneg__unemp__other__fe_twoway__y2004_2008__none,732,396,240,TRUE,TRUE,33603
mneg__unemp__other__fe_twoway__y2004_2008__pop,732,396,240,TRUE,TRUE,33889
mneg__unemp__other__fe_twoway__y2009_2013__n_cell,732,492,240,TRUE,TRUE,41029
mneg__unemp__other__fe_twoway__y2009_2013__n_eff,732,492,240,TRUE,TRUE,40999
mneg__unemp__other__fe_twoway__y2009_2013__none,732,492,240,TRUE,TRUE,40833
mneg__unemp__other__fe_twoway__y2009_2013__pop,732,492,240,TRUE,TRUE,41506
mneg__unemp__other__pooled_cl__all__n_cell,732,492,240,TRUE,TRUE,41293
mneg__unemp__other__pooled_cl__all__n_eff,732,492,240,TRUE,TRUE,41249
mneg__unemp__other__pooled_cl__all__none,732,492,240,TRUE,TRUE,41259
mneg__unemp__other__pooled_cl__all__pop,732,492,240,TRUE,TRUE,41245
mneg__unemp__other__pooled_cl__no_GR_ES__n_cell,732,492,240,TRUE,TRUE,41323
mneg__unemp__other__pooled_cl__no_GR_ES__n_eff,732,492,240,TRUE,TRUE,41361
mneg__unemp__other__pooled_cl__no_GR_ES__none,732,492,240,TRUE,TRUE,41264
mneg__unemp__other__pooled_cl__no_GR_ES__pop,732,492,240,TRUE,TRUE,41530
mneg__unemp__other__pooled_cl__no_bailout__n_cell,732,492,240,TRUE,TRUE,41395
mneg__unemp__other__pooled_cl__no_bailout__n_eff,732,492,240,TRUE,TRUE,41464
mneg__unemp__other__pooled_cl__no_bailout__none,732,492,240,TRUE,TRUE,41333
mneg__unemp__other__pooled_cl__no_bailout__pop,732,492,240,TRUE,TRUE,41604
mneg__unemp__other__pooled_cl__y2004_2008__n_cell,732,396,240,TRUE,TRUE,34031
mneg__unemp__other__pooled_cl__y2004_2008__n_eff,732,396,240,TRUE,TRUE,34099
mneg__unemp__other__pooled_cl__y2004_2008__none,732,396,240,TRUE,TRUE,34066
mneg__unemp__other__pooled_cl__y2004_2008__pop,732,396,240,TRUE,TRUE,34202
mneg__unemp__other__pooled_cl__y2009_2013__n_cell,732,492,240,TRUE,TRUE,41330
mneg__unemp__other__pooled_cl__y2009_2013__n_eff,732,492,240,TRUE,TRUE,41393
mneg__unemp__other__pooled_cl__y2009_2013__none,732,492,240,TRUE,TRUE,41435
mneg__unemp__other__pooled_cl__y2009_2013__pop,732,492,240,TRUE,TRUE,41208
mneg__unemp__other__re__all__none,732,492,240,TRUE,TRUE,40813
mneg__unemp__other__re__no_GR_ES__none,732,492,240,TRUE,TRUE,40841
mneg__unemp__other__re__no_bailout__none,732,492,240,TRUE,TRUE,40759
mneg__unemp__other__re__y2004_2008__none,732,396,240,TRUE,TRUE,33675
mneg__unemp__other__re__y2009_2013__none,732,492,240,TRUE,TRUE,40719
mpos__growth__none__fe_country__all__n_cell,148,100,48,FALSE,TRUE,6710
mpos__growth__none__fe_country__all__n_eff,148,100,48,FALSE,TRUE,6710
mpos__growth__none__fe_country__all__none,148,100,48,FALSE,TRUE,6751
mpos__growth__none__fe_country__all__pop,148,100,48,FALSE,TRUE,6674
mpos__growth__none__fe_country__no_GR_ES__n_cell,148,100,48,FALSE,TRUE,6741
mpos__growth__none__fe_country__no_GR_ES__n_eff,148,100,48,FALSE,TRUE,6735
mpos__growth__none__fe_country__no_GR_ES__none,148,100,48,FALSE,TRUE,6716
mpos__growth__none__fe_country__no_GR_ES__pop,148,100,48,FALSE,TRUE,6748
mpos__growth__none__fe_country__no_bailout__n_cell,148,100,48,FALSE,TRUE,6829
mpos__growth__none__fe_country__no_bailout__n_eff,148,100,48,FALSE,TRUE,6795
mpos__growth__none__fe_country__no_bailout__none,148,100,48,FALSE,TRUE,6754
mpos__growth__none__fe_country__no_bailout__pop,148,100,48,FALSE,TRUE,6689
mpos__growth__none__fe_country__y2004_2008__n_cell,148,100,48,FALSE,TRUE,6709
mpos__growth__none__fe_country__y2004_2008__n_eff,148,100,48,FALSE,TRUE,6715
mpos__growth__none__fe_country__y2004_2008__none,148,100,48,FALSE,TRUE,6667
mpos__growth__none__fe_country__y2004_2008__pop,148,100,48,FALSE,TRUE,6688
mpos__growth__none__fe_country__y2009_2013__n_cell,148,100,48,FALSE,TRUE,6830
mpos__growth__none__fe_country__y2009_2013__n_eff,148,100,48,FALSE,TRUE,6863
mpos__growth__none__fe_country__y2009_2013__none,148,100,48,FALSE,TRUE,6692
mpos__growth__none__fe_country__y2009_2013__pop,148,100,48,FALSE,TRUE,6703
mpos__growth__none__fe_twoway__all__n_cell,148,100,48,FALSE,TRUE,6774
mpos__growth__none__fe_twoway__all__n_eff,148,100,48,FALSE,TRUE,6736
mpos__growth__none__fe_twoway__all__none,148,100,48,FALSE,TRUE,6740
mpos__growth__none__fe_twoway__all__pop,148,100,48,FALSE,TRUE,6721
mpos__growth__none__fe_twoway__no_GR_ES__n_cell,148,100,48,FALSE,TRUE,6778
mpos__growth__none__fe_twoway__no_GR_ES__n_eff,148,100,48,FALSE,TRUE,6755
mpos__growth__none__fe_twoway__no_GR_ES__none,148,100,48,FALSE,TRUE,6723
mpos__growth__none__fe_twoway__no_GR_ES__pop,148,100,48,FALSE,TRUE,6733
mpos__growth__none__fe_twoway__no_bailout__n_cell,148,100,48,FALSE,TRUE,6832
mpos__growth__none__fe_twoway__no_bailout__n_eff,148,100,48,FALSE,TRUE,6816
mpos__growth__none__fe_twoway__no_bailout__none,148,100,48,FALSE,TRUE,6851
mpos__growth__none__fe_twoway__no_bailout__pop,148,100,48,FALSE,TRUE,6780
mpos__growth__none__fe_twoway__y2004_2008__n_cell,148,100,48,FALSE,TRUE,6697
mpos__growth__none__fe_twoway__y2004_2008__n_eff,148,100,48,FALSE,TRUE,6688
mpos__growth__none__fe_twoway__y2004_2008__none,148,100,48,FALSE,TRUE,6781
mpos__growth__none__fe_twoway__y2004_2008__pop,148,100,48,FALSE,TRUE,6624
mpos__growth__none__fe_twoway__y2009_2013__n_cell,148,100,48,FALSE,TRUE,6637
mpos__growth__none__fe_twoway__y2009_2013__n_eff,148,100,48,FALSE,TRUE,6663
mpos__growth__none__fe_twoway__y2009_2013__none,148,100,48,FALSE,TRUE,6696
mpos__growth__none__fe_twoway__y2009_2013__pop,148,100,48,FALSE,TRUE,6721
mpos__growth__none__pooled_cl__all__n_cell,148,100,48,FALSE,TRUE,6679
mpos__growth__none__pooled_cl__all__n_eff,148,100,48,FALSE,TRUE,6674
mpos__growth__none__pooled_cl__all__none,148,100,48,FALSE,TRUE,6645
mpos__growth__none__pooled_cl__all__pop,148,100,48,FALSE,TRUE,6754
mpos__growth__none__pooled_cl__no_GR_ES__n_cell,148,100,48,FALSE,TRUE,6702
mpos__growth__none__pooled_cl__no_GR_ES__n_eff,148,100,48,FALSE,TRUE,6710
mpos__growth__none__pooled_cl__no_GR_ES__none,148,100,48,FALSE,TRUE,6674
mpos__growth__none__pooled_cl__no_GR_ES__pop,148,100,48,FALSE,TRUE,6732
mpos__growth__none__pooled_cl__no_bailout__n_cell,148,100,48,FALSE,TRUE,6655
mpos__growth__none__pooled_cl__no_bailout__n_eff,148,100,48,FALSE,TRUE,6644
mpos__growth__none__pooled_cl__no_bailout__none,148,100,48,FALSE,TRUE,6644
mpos__growth__none__pooled_cl__no_bailout__pop,148,100,48,FALSE,TRUE,6722
mpos__growth__none__pooled_cl__y2004_2008__n_cell,148,100,48,FALSE,TRUE,6765
mpos__growth__none__pooled_cl__y2004_2008__n_eff,148,100,48,FALSE,TRUE,6772
mpos__growth__none__pooled_cl__y2004_2008__none,148,100,48,FALSE,TRUE,6730
mpos__growth__none__pooled_cl__y2004_2008__pop,148,100,48,FALSE,TRUE,6713
mpos__growth__none__pooled_cl__y2009_2013__n_cell,148,100,48,FALSE,TRUE,6840
mpos__growth__none__pooled_cl__y2009_2013__n_eff,148,100,48,FALSE,TRUE,6819
mpos__growth__none__pooled_cl__y2009_2013__none,148,100,48,FALSE,TRUE,6876
mpos__growth__none__pooled_cl__y2009_2013__pop,148,100,48,FALSE,TRUE,6777
mpos__growth__none__re__all__none,148,100,48,FALSE,TRUE,6592
mpos__growth__none__re__no_GR_ES__none,148,100,48,FALSE,TRUE,6600
mpos__growth__none__re__no_bailout__none,148,100,48,FALSE,TRUE,6601
mpos__growth__none__re__y2004_2008__none,148,100,48,FALSE,TRUE,6502
mpos__growth__none__re__y2009_2013__none,148,100,48,FALSE,TRUE,6577
mpos__growth__other__fe_country__all__n_cell,148,100,48,FALSE,TRUE,6696
mpos__growth__other__fe_country__all__n_eff,148,100,48,FALSE,TRUE,6677
mpos__growth__other__fe_country__all__none,148,100,48,FALSE,TRUE,6699
mpos__growth__other__fe_country__all__pop,148,100,48,FALSE,TRUE,6719
mpos__growth__other__fe_country__no_GR_ES__n_cell,148,100,48,FALSE,TRUE,6765
mpos__growth__other__fe_country__no_GR_ES__n_eff,148,100,48,FALSE,TRUE,6733
mpos__growth__other__fe_country__no_GR_ES__none,148,100,48,FALSE,TRUE,6747
mpos__growth__other__fe_country__no_GR_ES__pop,148,100,48,FALSE,TRUE,6742
mpos__growth__other__fe_country__no_bailout__n_cell,148,100,48,FALSE,TRUE,6802
mpos__growth__other__fe_country__no_bailout__n_eff,148,100,48,FALSE,TRUE,6828
mpos__growth__other__fe_country__no_bailout__none,148,100,48,FALSE,TRUE,6825
mpos__growth__other__fe_country__no_bailout__pop,148,100,48,FALSE,TRUE,6700
mpos__growth__other__fe_country__y2004_2008__n_cell,148,100,48,FALSE,TRUE,6735
mpos__growth__other__fe_country__y2004_2008__n_eff,148,100,48,FALSE,TRUE,6761
mpos__growth__other__fe_country__y2004_2008__none,148,100,48,FALSE,TRUE,6752
mpos__growth__other__fe_country__y2004_2008__pop,148,100,48,FALSE,TRUE,6636
mpos__growth__other__fe_country__y2009_2013__n_cell,148,100,48,FALSE,TRUE,6794
mpos__growth__other__fe_country__y2009_2013__n_eff,148,100,48,FALSE,TRUE,6820
mpos__growth__other__fe_country__y2009_2013__none,148,100,48,FALSE,TRUE,6741
mpos__growth__other__fe_country__y2009_2013__pop,148,100,48,FALSE,TRUE,6764
mpos__growth__other__fe_twoway__all__n_cell,148,100,48,FALSE,TRUE,6670
mpos__growth__other__fe_twoway__all__n_eff,148,100,48,FALSE,TRUE,6700
mpos__growth__other__fe_twoway__all__none,148,100,48,FALSE,TRUE,6671
mpos__growth__other__fe_twoway__all__pop,148,100,48,FALSE,TRUE,6701
mpos__growth__other__fe_twoway__no_GR_ES__n_cell,148,100,48,FALSE,TRUE,6740
mpos__growth__other__fe_twoway__no_GR_ES__n_eff,148,100,48,FALSE,TRUE,6696
mpos__growth__other__fe_twoway__no_GR_ES__none,148,100,48,FALSE,TRUE,6670
mpos__growth__other__fe_twoway__no_GR_ES__pop,148,100,48,FALSE,TRUE,6748
mpos__growth__other__fe_twoway__no_bailout__n_cell,148,100,48,FALSE,TRUE,6839
mpos__growth__other__fe_twoway__no_bailout__n_eff,148,100,48,FALSE,TRUE,6806
mpos__growth__other__fe_twoway__no_bailout__none,148,100,48,FALSE,TRUE,6863
mpos__growth__other__fe_twoway__no_bailout__pop,148,100,48,FALSE,TRUE,6771
mpos__growth__other__fe_twoway__y2004_2008__n_cell,148,100,48,FALSE,TRUE,6681
mpos__growth__other__fe_twoway__y2004_2008__n_eff,148,100,48,FALSE,TRUE,6665
mpos__growth__other__fe_twoway__y2004_2008__none,148,100,48,FALSE,TRUE,6682
mpos__growth__other__fe_twoway__y2004_2008__pop,148,100,48,FALSE,TRUE,6598
mpos__growth__other__fe_twoway__y2009_2013__n_cell,148,100,48,FALSE,TRUE,6707
mpos__growth__other__fe_twoway__y2009_2013__n_eff,148,100,48,FALSE,TRUE,6732
mpos__growth__other__fe_twoway__y2009_2013__none,148,100,48,FALSE,TRUE,6564
mpos__growth__other__fe_twoway__y2009_2013__pop,148,100,48,FALSE,TRUE,6716
mpos__growth__other__pooled_cl__all__n_cell,148,100,48,FALSE,TRUE,6721
mpos__growth__other__pooled_cl__all__n_eff,148,100,48,FALSE,TRUE,6718
mpos__growth__other__pooled_cl__all__none,148,100,48,FALSE,TRUE,6697
mpos__growth__other__pooled_cl__all__pop,148,100,48,FALSE,TRUE,6703
mpos__growth__other__pooled_cl__no_GR_ES__n_cell,148,100,48,FALSE,TRUE,6746
mpos__growth__other__pooled_cl__no_GR_ES__n_eff,148,100,48,FALSE,TRUE,6734
mpos__growth__other__pooled_cl__no_GR_ES__none,148,100,48,FALSE,TRUE,6742
mpos__growth__other__pooled_cl__no_GR_ES__pop,148,100,48,FALSE,TRUE,6724
mpos__growth__other__pooled_cl__no_bailout__n_cell,148,100,48,FALSE,TRUE,6690
mpos__growth__other__pooled_cl__no_bailout__n_eff,148,100,48,FALSE,TRUE,6673
mpos__growth__other__pooled_cl__no_bailout__none,148,100,48,FALSE,TRUE,6666
mpos__growth__other__pooled_cl__no_bailout__pop,148,100,48,FALSE,TRUE,6743
mpos__growth__other__pooled_cl__y2004_2008__n_cell,148,100,48,FALSE,TRUE,6777
mpos__growth__other__pooled_cl__y2004_2008__n_eff,148,100,48,FALSE,TRUE,6794
mpos__growth__other__pooled_cl__y2004_2008__none,148,100,48,FALSE,TRUE,6714
mpos__growth__other__pooled_cl__y2004_2008__pop,148,100,48,FALSE,TRUE,6717
mpos__growth__other__pooled_cl__y2009_2013__n_cell,148,100,48,FALSE,TRUE,6774
mpos__growth__other__pooled_cl__y2009_2013__n_eff,148,100,48,FALSE,TRUE,6781
mpos__growth__other__pooled_cl__y2009_2013__none,148,100,48,FALSE,TRUE,6819
mpos__growth__other__pooled_cl__y2009_2013__pop,148,100,48,FALSE,TRUE,6706
mpos__growth__other__re__all__none,148,100,48,FALSE,TRUE,6625
mpos__growth__other__re__no_GR_ES__none,148,100,48,FALSE,TRUE,6649
mpos__growth__other__re__no_bailout__none,148,100,48,FALSE,TRUE,6688
mpos__growth__other__re__y2004_2008__none,148,100,48,FALSE,TRUE,6523
mpos__growth__other__re__y2009_2013__none,148,100,48,FALSE,TRUE,6583
mpos__unemp__none__fe_country__all__n_cell,732,492,240,TRUE,TRUE,36544
mpos__unemp__none__fe_country__all__n_eff,732,492,240,TRUE,TRUE,36655
mpos__unemp__none__fe_country__all__none,732,492,240,TRUE,TRUE,36565
mpos__unemp__none__fe_country__all__pop,732,492,240,TRUE,TRUE,37135
mpos__unemp__none__fe_country__no_GR_ES__n_cell,732,492,240,TRUE,TRUE,36946
mpos__unemp__none__fe_country__no_GR_ES__n_eff,732,492,240,TRUE,TRUE,36891
mpos__unemp__none__fe_country__no_GR_ES__none,732,492,240,TRUE,TRUE,36697
mpos__unemp__none__fe_country__no_GR_ES__pop,732,492,240,TRUE,TRUE,37008
mpos__unemp__none__fe_country__no_bailout__n_cell,732,492,240,TRUE,TRUE,36763
mpos__unemp__none__fe_country__no_bailout__n_eff,732,492,240,TRUE,TRUE,36836
mpos__unemp__none__fe_country__no_bailout__none,732,492,240,TRUE,TRUE,36762
mpos__unemp__none__fe_country__no_bailout__pop,732,492,240,TRUE,TRUE,36945
mpos__unemp__none__fe_country__y2004_2008__n_cell,732,396,240,TRUE,TRUE,30187
mpos__unemp__none__fe_country__y2004_2008__n_eff,732,396,240,TRUE,TRUE,30150
mpos__unemp__none__fe_country__y2004_2008__none,732,396,240,TRUE,TRUE,29870
mpos__unemp__none__fe_country__y2004_2008__pop,732,396,240,TRUE,TRUE,30408
mpos__unemp__none__fe_country__y2009_2013__n_cell,732,492,240,TRUE,TRUE,36451
mpos__unemp__none__fe_country__y2009_2013__n_eff,732,492,240,TRUE,TRUE,36535
mpos__unemp__none__fe_country__y2009_2013__none,732,492,240,TRUE,TRUE,36461
mpos__unemp__none__fe_country__y2009_2013__pop,732,492,240,TRUE,TRUE,37110
mpos__unemp__none__fe_twoway__all__n_cell,732,492,240,TRUE,TRUE,36589
mpos__unemp__none__fe_twoway__all__n_eff,732,492,240,TRUE,TRUE,36541
mpos__unemp__none__fe_twoway__all__none,732,492,240,TRUE,TRUE,36685
mpos__unemp__none__fe_twoway__all__pop,732,492,240,TRUE,TRUE,36756
mpos__unemp__none__fe_twoway__no_GR_ES__n_cell,732,492,240,TRUE,TRUE,36971
mpos__unemp__none__fe_twoway__no_GR_ES__n_eff,732,492,240,TRUE,TRUE,36947
mpos__unemp__none__fe_twoway__no_GR_ES__none,732,492,240,TRUE,TRUE,36801
mpos__unemp__none__fe_twoway__no_GR_ES__pop,732,492,240,TRUE,TRUE,36819
mpos__unemp__none__fe_twoway__no_bailout__n_cell,732,492,240,TRUE,TRUE,36735
mpos__unemp__none__fe_twoway__no_bailout__n_eff,732,492,240,TRUE,TRUE,36725
mpos__unemp__none__fe_twoway__no_bailout__none,732,492,240,TRUE,TRUE,36684
mpos__unemp__none__fe_twoway__no_bailout__pop,732,492,240,TRUE,TRUE,36837
mpos__unemp__none__fe_twoway__y2004_2008__n_cell,732,396,240,TRUE,TRUE,30495
mpos__unemp__none__fe_twoway__y2004_2008__n_eff,732,396,240,TRUE,TRUE,30410
mpos__unemp__none__fe_twoway__y2004_2008__none,732,396,240,TRUE,TRUE,30432
mpos__unemp__none__fe_twoway__y2004_2008__pop,732,396,240,TRUE,TRUE,30315
mpos__unemp__none__fe_twoway__y2009_2013__n_cell,732,492,240,TRUE,TRUE,36369
mpos__unemp__none__fe_twoway__y2009_2013__n_eff,732,492,240,TRUE,TRUE,36407
mpos__unemp__none__fe_twoway__y2009_2013__none,732,492,240,TRUE,TRUE,36543
mpos__unemp__none__fe_twoway__y2009_2013__pop,732,492,240,TRUE,TRUE,36631
mpos__unemp__none__pooled_cl__all__n_cell,732,492,240,TRUE,TRUE,36734
mpos__unemp__none__pooled_cl__all__n_eff,732,492,240,TRUE,TRUE,36801
mpos__unemp__none__pooled_cl__all__none,732,492,240,TRUE,TRUE,36701
mpos__unemp__none__pooled_cl__all__pop,732,492,240,TRUE,TRUE,36844
mpos__unemp__none__pooled_cl__no_GR_ES__n_cell,732,492,240,TRUE,TRUE,36765
mpos__unemp__none__pooled_cl__no_GR_ES__n_eff,732,492,240,TRUE,TRUE,36677
mpos__unemp__none__pooled_cl__no_GR_ES__none,732,492,240,TRUE,TRUE,36693
mpos__unemp__none__pooled_cl__no_GR_ES__pop,732,492,240,TRUE,TRUE,36876
mpos__unemp__none__pooled_cl__no_bailout__n_cell,732,492,240,TRUE,TRUE,36865
mpos__unemp__none__pooled_cl__no_bailout__n_eff,732,492,240,TRUE,TRUE,36853
mpos__unemp__none__pooled_cl__no_bailout__none,732,492,240,TRUE,TRUE,36868
mpos__unemp__none__pooled_cl__no_bailout__pop,732,492,240,TRUE,TRUE,36862
mpos__unemp__none__pooled_cl__y2004_2008__n_cell,732,396,240,TRUE,TRUE,30493
mpos__unemp__none__pooled_cl__y2004_2008__n_eff,732,396,240,TRUE,TRUE,30417
mpos__unemp__none__pooled_cl__y2004_2008__none,732,396,240,TRUE,TRUE,30366
mpos__unemp__none__pooled_cl__y2004_2008__pop,732,396,240,TRUE,TRUE,30432
mpos__unemp__none__pooled_cl__y2009_2013__n_cell,732,492,240,TRUE,TRUE,36974
mpos__unemp__none__pooled_cl__y2009_2013__n_eff,732,492,240,TRUE,TRUE,36939
mpos__unemp__none__pooled_cl__y2009_2013__none,732,492,240,TRUE,TRUE,36981
mpos__unemp__none__pooled_cl__y2009_2013__pop,732,492,240,TRUE,TRUE,37083
mpos__unemp__none__re__all__none,732,492,240,TRUE,TRUE,36307
mpos__unemp__none__re__no_GR_ES__none,732,492,240,TRUE,TRUE,36299
mpos__unemp__none__re__no_bailout__none,732,492,240,TRUE,TRUE,36251
mpos__unemp__none__re__y2004_2008__none,732,396,240,TRUE,TRUE,29913
mpos__unemp__none__re__y2009_2013__none,732,492,240,TRUE,TRUE,36155
mpos__unemp__other__fe_country__all__n_cell,732,492,240,TRUE,TRUE,36661
mpos__unemp__other__fe_country__all__n_eff,732,492,240,TRUE,TRUE,36628
mpos__unemp__other__fe_country__all__none,732,492,240,TRUE,TRUE,36558
mpos__unemp__other__fe_country__all__pop,732,492,240,TRUE,TRUE,36994
mpos__unemp__other__fe_country__no_GR_ES__n_cell,732,492,240,TRUE,TRUE,36858
mpos__unemp__other__fe_country__no_GR_ES__n_eff,732,492,240,TRUE,TRUE,36977
mpos__unemp__other__fe_country__no_GR_ES__none,732,492,240,TRUE,TRUE,36946
mpos__unemp__other__fe_country__no_GR_ES__pop,732,492,240,TRUE,TRUE,36941
mpos__unemp__other__fe_country__no_bailout__n_cell,732,492,240,TRUE,TRUE,36812
mpos__unemp__other__fe_country__no_bailout__n_eff,732,492,240,TRUE,TRUE,36753
mpos__unemp__other__fe_country__no_bailout__none,732,492,240,TRUE,TRUE,36729
mpos__unemp__other__fe_country__no_bailout__pop,732,492,240,TRUE,TRUE,36934
mpos__unemp__other__fe_country__y2004_2008__n_cell,732,396,240,TRUE,TRUE,30239
mpos__unemp__other__fe_country__y2004_2008__n_eff,732,396,240,TRUE,TRUE,30214
mpos__unemp__other__fe_country__y2004_2008__none,732,396,240,TRUE,TRUE,30117
mpos__unemp__other__fe_country__y2004_2008__pop,732,396,240,TRUE,TRUE,30235
mpos__unemp__other__fe_country__y2009_2013__n_cell,732,492,240,TRUE,TRUE,36442
mpos__unemp__other__fe_country__y2009_2013__n_eff,732,492,240,TRUE,TRUE,36558
mpos__unemp__other__fe_country__y2009_2013__none,732,492,240,TRUE,TRUE,36506
mpos__unemp__other__fe_country__y2009_2013__pop,732,492,240,TRUE,TRUE,37025
mpos__unemp__other__fe_twoway__all__n_cell,732,492,240,TRUE,TRUE,36563
mpos__unemp__other__fe_twoway__all__n_eff,732,492,240,TRUE,TRUE,36519
mpos__unemp__other__fe_twoway__all__none,732,492,240,TRUE,TRUE,36515
mpos__unemp__other__fe_twoway__all__pop,732,492,240,TRUE,TRUE,37019
mpos__unemp__other__fe_twoway__no_GR_ES__n_cell,732,492,240,TRUE,TRUE,36792
mpos__unemp__other__fe_twoway__no_GR_ES__n_eff,732,492,240,TRUE,TRUE,36762
mpos__unemp__other__fe_twoway__no_GR_ES__none,732,492,240,TRUE,TRUE,36844
mpos__unemp__other__fe_twoway__no_GR_ES__pop,732,492,240,TRUE,TRUE,36790
mpos__unemp__other__fe_twoway__no_bailout__n_cell,732,492,240,TRUE,TRUE,36837
mpos__unemp__other__fe_twoway__no_bailout__n_eff,732,492,240,TRUE,TRUE,36735
mpos__unemp__other__fe_twoway__no_bailout__none,732,492,240,TRUE,TRUE,36727
mpos__unemp__other__fe_twoway__no_bailout__pop,732,492,240,TRUE,TRUE,36807
mpos__unemp__other__fe_twoway__y2004_2008__n_cell,732,396,240,TRUE,TRUE,30432
mpos__unemp__other__fe_twoway__y2004_2008__n_eff,732,396,240,TRUE,TRUE,30498
mpos__unemp__other__fe_twoway__y2004_2008__none,732,396,240,TRUE,TRUE,30416
mpos__unemp__other__fe_twoway__y2004_2008__pop,732,396,240,TRUE,TRUE,30346
mpos__unemp__other__fe_twoway__y2009_2013__n_cell,732,492,240,TRUE,TRUE,36168
mpos__unemp__other__fe_twoway__y2009_2013__n_eff,732,492,240,TRUE,TRUE,36168
mpos__unemp__other__fe_twoway__y2009_2013__none,732,492,240,TRUE,TRUE,36460
mpos__unemp__other__fe_twoway__y2009_2013__pop,732,492,240,TRUE,TRUE,36608
mpos__unemp__other__pooled_cl__all__n_cell,732,492,240,TRUE,TRUE,36600
mpos__unemp__other__pooled_cl__all__n_eff,732,492,240,TRUE,TRUE,36565
mpos__unemp__other__pooled_cl__all__none,732,492,240,TRUE,TRUE,36747
mpos__unemp__other__pooled_cl__all__pop,732,492,240,TRUE,TRUE,36783
mpos__unemp__other__pooled_cl__no_GR_ES__n_cell,732,492,240,TRUE,TRUE,36721
mpos__unemp__other__pooled_cl__no_GR_ES__n_eff,732,492,240,TRUE,TRUE,36727
mpos__unemp__other__pooled_cl__no_GR_ES__none,732,492,240,TRUE,TRUE,36755
mpos__unemp__other__pooled_cl__no_GR_ES__pop,732,492,240,TRUE,TRUE,36831
mpos__unemp__other__pooled_cl__no_bailout__n_cell,732,492,240,TRUE,TRUE,36896
mpos__unemp__other__pooled_cl__no_bailout__n_eff,732,492,240,TRUE,TRUE,36922
mpos__unemp__other__pooled_cl__no_bailout__none,732,492,240,TRUE,TRUE,36863
mpos__unemp__other__pooled_cl__no_bailout__pop,732,492,240,TRUE,TRUE,36875
mpos__unemp__other__pooled_cl__y2004_2008__n_cell,732,396,240,TRUE,TRUE,30450
mpos__unemp__other__pooled_cl__y2004_2008__n_eff,732,396,240,TRUE,TRUE,30480
mpos__unemp__other__pooled_cl__y2004_2008__none,732,396,240,TRUE,TRUE,30382
mpos__unemp__other__pooled_cl__y2004_2008__pop,732,396,240,TRUE,TRUE,30415
mpos__unemp__other__pooled_cl__y2009_2013__n_cell,732,492,240,TRUE,TRUE,36895
mpos__unemp__other__pooled_cl__y2009_2013__n_eff,732,492,240,TRUE,TRUE,36856
mpos__unemp__other__pooled_cl__y2009_2013__none,732,492,240,TRUE,TRUE,36900
mpos__unemp__other__pooled_cl__y2009_2013__pop,732,492,240,TRUE,TRUE,37097
mpos__unemp__other__re__all__none,732,492,240,TRUE,TRUE,36316
mpos__unemp__other__re__no_GR_ES__none,732,492,240,TRUE,TRUE,36354
mpos__unemp__other__re__no_bailout__none,732,492,240,TRUE,TRUE,36248
mpos__unemp__other__re__y2004_2008__none,732,396,240,TRUE,TRUE,29811
mpos__unemp__other__re__y2009_2013__none,732,492,240,TRUE,TRUE,36134
mutil__growth__none__fe_country__all__n_cell,148,100,48,FALSE,TRUE,6628
mutil__growth__none__fe_country__all__n_eff,148,100,48,FALSE,TRUE,6671
mutil__growth__none__fe_country__all__none,148,100,48,FALSE,TRUE,6644
mutil__growth__none__fe_country__all__pop,148,100,48,FALSE,TRUE,6683
mutil__growth__none__fe_country__no_GR_ES__n_cell,148,100,48,FALSE,TRUE,6693
mutil__growth__none__fe_country__no_GR_ES__n_eff,148,100,48,FALSE,TRUE,6704
mutil__growth__none__fe_country__no_GR_ES__none,148,100,48,FALSE,TRUE,6681
mutil__growth__none__fe_country__no_GR_ES__pop,148,100,48,FALSE,TRUE,6666
mutil__growth__none__fe_country__no_bailout__n_cell,148,100,48,FALSE,TRUE,6687
mutil__growth__none__fe_country__no_bailout__n_eff,148,100,48,FALSE,TRUE,6677
mutil__growth__none__fe_country__no_bailout__none,148,100,48,FALSE,TRUE,6689
mutil__growth__none__fe_country__no_bailout__pop,148,100,48,FALSE,TRUE,6756
mutil__growth__none__fe_country__y2004_2008__n_cell,148,100,48,FALSE,TRUE,6708
mutil__growth__none__fe_country__y2004_2008__n_eff,148,100,48,FALSE,TRUE,6740
mutil__growth__none__fe_country__y2004_2008__none,148,100,48,FALSE,TRUE,6640
mutil__growth__none__fe_country__y2004_2008__pop,148,100,48,FALSE,TRUE,6630
mutil__growth__none__fe_country__y2009_2013__n_cell,148,100,48,FALSE,TRUE,6828
mutil__growth__none__fe_country__y2009_2013__n_eff,148,100,48,FALSE,TRUE,6842
mutil__growth__none__fe_country__y2009_2013__none,148,100,48,FALSE,TRUE,6687
mutil__growth__none__fe_country__y2009_2013__pop,148,100,48,FALSE,TRUE,6632
mutil__growth__none__fe_twoway__all__n_cell,148,100,48,FALSE,TRUE,6654
mutil__growth__none__fe_twoway__all__n_eff,148,100,48,FALSE,TRUE,6661
mutil__growth__none__fe_twoway__all__none,148,100,48,FALSE,TRUE,6654
mutil__growth__none__fe_twoway__all__pop,148,100,48,FALSE,TRUE,6693
mutil__growth__none__fe_twoway__no_GR_ES__n_cell,148,100,48,FALSE,TRUE,6685
mutil__growth__none__fe_twoway__no_GR_ES__n_eff,148,100,48,FALSE,TRUE,6668
mutil__growth__none__fe_twoway__no_GR_ES__none,148,100,48,FALSE,TRUE,6689
mutil__growth__none__fe_twoway__no_GR_ES__pop,148,100,48,FALSE,TRUE,6692
mutil__growth__none__fe_twoway__no_bailout__n_cell,148,100,48,FALSE,TRUE,6668
mutil__growth__none__fe_twoway__no_bailout__n_eff,148,100,48,FALSE,TRUE,6633
mutil__growth__none__fe_twoway__no_bailout__none,148,100,48,FALSE,TRUE,6649
mutil__growth__none__fe_twoway__no_bailout__pop,148,100,48,FALSE,TRUE,6644
mutil__growth__none__fe_twoway__y2004_2008__n_cell,148,100,48,FALSE,TRUE,6682
mutil__growth__none__fe_twoway__y2004_2008__n_eff,148,100,48,FALSE,TRUE,6688
mutil__growth__none__fe_twoway__y2004_2008__none,148,100,48,FALSE,TRUE,6677
mutil__growth__none__fe_twoway__y2004_2008__pop,148,100,48,FALSE,TRUE,6575
mutil__growth__none__fe_twoway__y2009_2013__n_cell,148,100,48,FALSE,TRUE,6655
mutil__growth__none__fe_twoway__y2009_2013__n_eff,148,100,48,FALSE,TRUE,6653
mutil__growth__none__fe_twoway__y2009_2013__none,148,100,48,FALSE,TRUE,6571
mutil__growth__none__fe_twoway__y2009_2013__pop,148,100,48,FALSE,TRUE,6626
mutil__growth__none__pooled_cl__all__n_cell,148,100,48,FALSE,TRUE,6629
mutil__growth__none__pooled_cl__all__n_eff,148,100,48,FALSE,TRUE,6600
mutil__growth__none__pooled_cl__all__none,148,100,48,FALSE,TRUE,6615
mutil__growth__none__pooled_cl__all__pop,148,100,48,FALSE,TRUE,6605
mutil__growth__none__pooled_cl__no_GR_ES__n_cell,148,100,48,FALSE,TRUE,6648
mutil__growth__none__pooled_cl__no_GR_ES__n_eff,148,100,48,FALSE,TRUE,6632
mutil__growth__none__pooled_cl__no_GR_ES__none,148,100,48,FALSE,TRUE,6629
mutil__growth__none__pooled_cl__no_GR_ES__pop,148,100,48,FALSE,TRUE,6645
mutil__growth__none__pooled_cl__no_bailout__n_cell,148,100,48,FALSE,TRUE,6653
mutil__growth__none__pooled_cl__no_bailout__n_eff,148,100,48,FALSE,TRUE,6634
mutil__growth__none__pooled_cl__no_bailout__none,148,100,48,FALSE,TRUE,6597
mutil__growth__none__pooled_cl__no_bailout__pop,148,100,48,FALSE,TRUE,6691
mutil__growth__none__pooled_cl__y2004_2008__n_cell,148,100,48,FALSE,TRUE,6619
mutil__growth__none__pooled_cl__y2004_2008__n_eff,148,100,48,FALSE,TRUE,6595
mutil__growth__none__pooled_cl__y2004_2008__none,148,100,48,FALSE,TRUE,6601
mutil__growth__none__pooled_cl__y2004_2008__pop,148,100,48,FALSE,TRUE,6695
mutil__growth__none__pooled_cl__y2009_2013__n_cell,148,100,48,FALSE,TRUE,6778
mutil__growth__none__pooled_cl__y2009_2013__n_eff,148,100,48,FALSE,TRUE,6810
mutil__growth__none__pooled_cl__y2009_2013__none,148,100,48,FALSE,TRUE,6775
mutil__growth__none__pooled_cl__y2009_2013__pop,148,100,48,FALSE,TRUE,6615
mutil__growth__none__re__all__none,148,100,48,FALSE,TRUE,6569
mutil__growth__none__re__no_GR_ES__none,148,100,48,FALSE,TRUE,6555
mutil__growth__none__re__no_bailout__none,148,100,48,FALSE,TRUE,6537
mutil__growth__none__re__y2004_2008__none,148,100,48,FALSE,TRUE,6518
mutil__growth__none__re__y2009_2013__none,148,100,48,FALSE,TRUE,6493
mutil__growth__other__fe_country__all__n_cell,148,100,48,FALSE,TRUE,6636
mutil__growth__other__fe_country__all__n_eff,148,100,48,FALSE,TRUE,6652
mutil__growth__other__fe_country__all__none,148,100,48,FALSE,TRUE,6629
mutil__growth__other__fe_country__all__pop,148,100,48,FALSE,TRUE,6699
mutil__growth__other__fe_country__no_GR_ES__n_cell,148,100,48,FALSE,TRUE,6733
mutil__growth__other__fe_country__no_GR_ES__n_eff,148,100,48,FALSE,TRUE,6730
mutil__growth__other__fe_country__no_GR_ES__none,148,100,48,FALSE,TRUE,6700
mutil__growth__other__fe_country__no_GR_ES__pop,148,100,48,FALSE,TRUE,6714
mutil__growth__other__fe_country__no_bailout__n_cell,148,100,48,FALSE,TRUE,6681
mutil__growth__other__fe_country__no_bailout__n_eff,148,100,48,FALSE,TRUE,6685
mutil__growth__other__fe_country__no_bailout__none,148,100,48,FALSE,TRUE,6666
mutil__growth__other__fe_country__no_bailout__pop,148,100,48,FALSE,TRUE,6737
mutil__growth__other__fe_country__y2004_2008__n_cell,148,100,48,FALSE,TRUE,6592
mutil__growth__other__fe_country__y2004_2008__n_eff,148,100,48,FALSE,TRUE,6614
mutil__growth__other__fe_country__y2004_2008__none,148,100,48,FALSE,TRUE,6619
mutil__growth__other__fe_country__y2004_2008__pop,148,100,48,FALSE,TRUE,6702
mutil__growth__other__fe_country__y2009_2013__n_cell,148,100,48,FALSE,TRUE,6799
mutil__growth__other__fe_country__y2009_2013__n_eff,148,100,48,FALSE,TRUE,6811
mutil__growth__other__fe_country__y2009_2013__none,148,100,48,FALSE,TRUE,6740
mutil__growth__other__fe_country__y2009_2013__pop,148,100,48,FALSE,TRUE,6654
mutil__growth__other__fe_twoway__all__n_cell,148,100,48,FALSE,TRUE,6684
mutil__growth__other__fe_twoway__all__n_eff,148,100,48,FALSE,TRUE,6649
mutil__growth__other__fe_twoway__all__none,148,100,48,FALSE,TRUE,6664
mutil__growth__other__fe_twoway__all__pop,148,100,48,FALSE,TRUE,6637
mutil__growth__other__fe_twoway__no_GR_ES__n_cell,148,100,48,FALSE,TRUE,6719
mutil__growth__other__fe_twoway__no_GR_ES__n_eff,148,100,48,FALSE,TRUE,6723
mutil__growth__other__fe_twoway__no_GR_ES__none,148,100,48,FALSE,TRUE,6683
mutil__growth__other__fe_twoway__no_GR_ES__pop,148,100,48,FALSE,TRUE,6654
mutil__growth__other__fe_twoway__no_bailout__n_cell,148,100,48,FALSE,TRUE,6689
mutil__growth__other__fe_twoway__no_bailout__n_eff,148,100,48,FALSE,TRUE,6688
mutil__growth__other__fe_twoway__no_bailout__none,148,100,48,FALSE,TRUE,6725
mutil__growth__other__fe_twoway__no_bailout__pop,148,100,48,FALSE,TRUE,6641
mutil__growth__other__fe_twoway__y2004_2008__n_cell,148,100,48,FALSE,TRUE,6664
mutil__growth__other__fe_twoway__y2004_2008__n_eff,148,100,48,FALSE,TRUE,6640
mutil__growth__other__fe_twoway__y2004_2008__none,148,100,48,FALSE,TRUE,6731
mutil__growth__other__fe_twoway__y2004_2008__pop,148,100,48,FALSE,TRUE,6582
mutil__growth__other__fe_twoway__y2009_2013__n_cell,148,100,48,FALSE,TRUE,6779
mutil__growth__other__fe_twoway__y2009_2013__n_eff,148,100,48,FALSE,TRUE,6789
mutil__growth__other__fe_twoway__y2009_2013__none,148,100,48,FALSE,TRUE,6734
mutil__growth__other__fe_twoway__y2009_2013__pop,148,100,48,FALSE,TRUE,6699
mutil__growth__other__pooled_cl__all__n_cell,148,100,48,FALSE,TRUE,6615
mutil__growth__other__pooled_cl__all__n_eff,148,100,48,FALSE,TRUE,6601
mutil__growth__other__pooled_cl__all__none,148,100,48,FALSE,TRUE,6642
mutil__growth__other__pooled_cl__all__pop,148,100,48,FALSE,TRUE,6643
mutil__growth__other__pooled_cl__no_GR_ES__n_cell,148,100,48,FALSE,TRUE,6655
mutil__growth__other__pooled_cl__no_GR_ES__n_eff,148,100,48,FALSE,TRUE,6632
mutil__growth__other__pooled_cl__no_GR_ES__none,148,100,48,FALSE,TRUE,6650
mutil__growth__other__pooled_cl__no_GR_ES__pop,148,100,48,FALSE,TRUE,6670
mutil__growth__other__pooled_cl__no_bailout__n_cell,148,100,48,FALSE,TRUE,6651
mutil__growth__other__pooled_cl__no_bailout__n_eff,148,100,48,FALSE,TRUE,6686
mutil__growth__other__pooled_cl__no_bailout__none,148,100,48,FALSE,TRUE,6607
mutil__growth__other__pooled_cl__no_bailout__pop,148,100,48,FALSE,TRUE,6710
mutil__growth__other__pooled_cl__y2004_2008__n_cell,148,100,48,FALSE,TRUE,6599
mutil__growth__other__pooled_cl__y2004_2008__n_eff,148,100,48,FALSE,TRUE,6617
mutil__growth__other__pooled_cl__y2004_2008__none,148,100,48,FALSE,TRUE,6601
mutil__growth__other__pooled_cl__y2004_2008__pop,148,100,48,FALSE,TRUE,6642
mutil__growth__other__pooled_cl__y2009_2013__n_cell,148,100,48,FALSE,TRUE,6781
mutil__growth__other__pooled_cl__y2009_2013__n_eff,148,100,48,FALSE,TRUE,6803
mutil__growth__other__pooled_cl__y2009_2013__none,148,100,48,FALSE,TRUE,6789
mutil__growth__other__pooled_cl__y2009_2013__pop,148,100,48,FALSE,TRUE,6579
mutil__growth__other__re__all__none,148,100,48,FALSE,TRUE,6507
mutil__growth__other__re__no_GR_ES__none,148,100,48,FALSE,TRUE,6566
mutil__growth__other__re__no_bailout__none,148,100,48,FALSE,TRUE,6505
mutil__growth__other__re__y2004_2008__none,148,100,48,FALSE,TRUE,6495
mutil__growth__other__re__y2009_2013__none,148,100,48,FALSE,TRUE,6591
mutil__unemp__none__fe_country__all__n_cell,732,492,240,TRUE,TRUE,36341
mutil__unemp__none__fe_country__all__n_eff,732,492,240,TRUE,TRUE,36353
mutil__unemp__none__fe_country__all__none,732,492,240,TRUE,TRUE,36295
mutil__unemp__none__fe_country__all__pop,732,492,240,TRUE,TRUE,36921
mutil__unemp__none__fe_country__no_GR_ES__n_cell,732,492,240,TRUE,TRUE,36639
mutil__unemp__none__fe_country__no_GR_ES__n_eff,732,492,240,TRUE,TRUE,36618
mutil__unemp__none__fe_country__no_GR_ES__none,732,492,240,TRUE,TRUE,36511
mutil__unemp__none__fe_country__no_GR_ES__pop,732,492,240,TRUE,TRUE,36810
mutil__unemp__none__fe_country__no_bailout__n_cell,732,492,240,TRUE,TRUE,36666
mutil__unemp__none__fe_country__no_bailout__n_eff,732,492,240,TRUE,TRUE,36625
mutil__unemp__none__fe_country__no_bailout__none,732,492,240,TRUE,TRUE,36413
mutil__unemp__none__fe_country__no_bailout__pop,732,492,240,TRUE,TRUE,36872
mutil__unemp__none__fe_country__y2004_2008__n_cell,732,396,240,TRUE,TRUE,30075
mutil__unemp__none__fe_country__y2004_2008__n_eff,732,396,240,TRUE,TRUE,30075
mutil__unemp__none__fe_country__y2004_2008__none,732,396,240,TRUE,TRUE,30126
mutil__unemp__none__fe_country__y2004_2008__pop,732,396,240,TRUE,TRUE,30160
mutil__unemp__none__fe_country__y2009_2013__n_cell,732,492,240,TRUE,TRUE,36144
mutil__unemp__none__fe_country__y2009_2013__n_eff,732,492,240,TRUE,TRUE,36200
mutil__unemp__none__fe_country__y2009_2013__none,732,492,240,TRUE,TRUE,36390
mutil__unemp__none__fe_country__y2009_2013__pop,732,492,240,TRUE,TRUE,36796
mutil__unemp__none__fe_twoway__all__n_cell,732,492,240,TRUE,TRUE,36419
mutil__unemp__none__fe_twoway__all__n_eff,732,492,240,TRUE,TRUE,36462
mutil__unemp__none__fe_twoway__all__none,732,492,240,TRUE,TRUE,36432
mutil__unemp__none__fe_twoway__all__pop,732,492,240,TRUE,TRUE,36557
mutil__unemp__none__fe_twoway__no_GR_ES__n_cell,732,492,240,TRUE,TRUE,36532
mutil__unemp__none__fe_twoway__no_GR_ES__n_eff,732,492,240,TRUE,TRUE,36586
mutil__unemp__none__fe_twoway__no_GR_ES__none,732,492,240,TRUE,TRUE,36447
mutil__unemp__none__fe_twoway__no_GR_ES__pop,732,492,240,TRUE,TRUE,36720
mutil__unemp__none__fe_twoway__no_bailout__n_cell,732,492,240,TRUE,TRUE,36460
mutil__unemp__none__fe_twoway__no_bailout__n_eff,732,492,240,TRUE,TRUE,36437
mutil__unemp__none__fe_twoway__no_bailout__none,732,492,240,TRUE,TRUE,36241
mutil__unemp__none__fe_twoway__no_bailout__pop,732,492,240,TRUE,TRUE,36799
mutil__unemp__none__fe_twoway__y2004_2008__n_cell,732,396,240,TRUE,TRUE,30079
mutil__unemp__none__fe_twoway__y2004_2008__n_eff,732,396,240,TRUE,TRUE,30076
mutil__unemp__none__fe_twoway__y2004_2008__none,732,396,240,TRUE,TRUE,30161
mutil__unemp__none__fe_twoway__y2004_2008__pop,732,396,240,TRUE,TRUE,30361
mutil__unemp__none__fe_twoway__y2009_2013__n_cell,732,492,240,TRUE,TRUE,35894
mutil__unemp__none__fe_twoway__y2009_2013__n_eff,732,492,240,TRUE,TRUE,35881
mutil__unemp__none__fe_twoway__y2009_2013__none,732,492,240,TRUE,TRUE,36165
mutil__unemp__none__fe_twoway__y2009_2013__pop,732,492,240,TRUE,TRUE,36446
mutil__unemp__none__pooled_cl__all__n_cell,732,492,240,TRUE,TRUE,36581
mutil__unemp__none__pooled_cl__all__n_eff,732,492,240,TRUE,TRUE,36652
mutil__unemp__none__pooled_cl__all__none,732,492,240,TRUE,TRUE,36542
mutil__unemp__none__pooled_cl__all__pop,732,492,240,TRUE,TRUE,36520
mutil__unemp__none__pooled_cl__no_GR_ES__n_cell,732,492,240,TRUE,TRUE,36908
mutil__unemp__none__pooled_cl__no_GR_ES__n_eff,732,492,240,TRUE,TRUE,36795
mutil__unemp__none__pooled_cl__no_GR_ES__none,732,492,240,TRUE,TRUE,36729
mutil__unemp__none__pooled_cl__no_GR_ES__pop,732,492,240,TRUE,TRUE,36677
mutil__unemp__none__pooled_cl__no_bailout__n_cell,732,492,240,TRUE,TRUE,36673
mutil__unemp__none__pooled_cl__no_bailout__n_eff,732,492,240,TRUE,TRUE,36610
mutil__unemp__none__pooled_cl__no_bailout__none,732,492,240,TRUE,TRUE,36631
mutil__unemp__none__pooled_cl__no_bailout__pop,732,492,240,TRUE,TRUE,36773
mutil__unemp__none__pooled_cl__y2004_2008__n_cell,732,396,240,TRUE,TRUE,30434
mutil__unemp__none__pooled_cl__y2004_2008__n_eff,732,396,240,TRUE,TRUE,30508
mutil__unemp__none__pooled_cl__y2004_2008__none,732,396,240,TRUE,TRUE,30336
mutil__unemp__none__pooled_cl__y2004_2008__pop,732,396,240,TRUE,TRUE,30400
mutil__unemp__none__pooled_cl__y2009_2013__n_cell,732,492,240,TRUE,TRUE,36740
mutil__unemp__none__pooled_cl__y2009_2013__n_eff,732,492,240,TRUE,TRUE,36881
mutil__unemp__none__pooled_cl__y2009_2013__none,732,492,240,TRUE,TRUE,36640
mutil__unemp__none__pooled_cl__y2009_2013__pop,732,492,240,TRUE,TRUE,36782
mutil__unemp__none__re__all__none,732,492,240,TRUE,TRUE,36037
mutil__unemp__none__re__no_GR_ES__none,732,492,240,TRUE,TRUE,36127
mutil__unemp__none__re__no_bailout__none,732,492,240,TRUE,TRUE,36200
mutil__unemp__none__re__y2004_2008__none,732,396,240,TRUE,TRUE,29701
mutil__unemp__none__re__y2009_2013__none,732,492,240,TRUE,TRUE,35923
mutil__unemp__other__fe_country__all__n_cell,732,492,240,TRUE,TRUE,36448
mutil__unemp__other__fe_country__all__n_eff,732,492,240,TRUE,TRUE,36456
mutil__unemp__other__fe_country__all__none,732,492,240,TRUE,TRUE,36258
mutil__unemp__other__fe_country__all__pop,732,492,240,TRUE,TRUE,36664
mutil__unemp__other__fe_country__no_GR_ES__n_cell,732,492,240,TRUE,TRUE,36639
mutil__unemp__other__fe_country__no_GR_ES__n_eff,732,492,240,TRUE,TRUE,36546
mutil__unemp__other__fe_country__no_GR_ES__none,732,492,240,TRUE,TRUE,36584
mutil__unemp__other__fe_country__no_GR_ES__pop,732,492,240,TRUE,TRUE,37001
mutil__unemp__other__fe_country__no_bailout__n_cell,732,492,240,TRUE,TRUE,36718
mutil__unemp__other__fe_country__no_bailout__n_eff,732,492,240,TRUE,TRUE,36688
mutil__unemp__other__fe_country__no_bailout__none,732,492,240,TRUE,TRUE,36513
mutil__unemp__other__fe_country__no_bailout__pop,732,492,240,TRUE,TRUE,36875
mutil__unemp__other__fe_country__y2004_2008__n_cell,732,396,240,TRUE,TRUE,30192
mutil__unemp__other__fe_country__y2004_2008__n_eff,732,396,240,TRUE,TRUE,30138
mutil__unemp__other__fe_country__y2004_2008__none,732,396,240,TRUE,TRUE,30244
mutil__unemp__other__fe_country__y2004_2008__pop,732,396,240,TRUE,TRUE,30206
mutil__unemp__other__fe_country__y2009_2013__n_cell,732,492,240,TRUE,TRUE,36212
mutil__unemp__other__fe_country__y2009_2013__n_eff,732,492,240,TRUE,TRUE,36275
mutil__unemp__other__fe_country__y2009_2013__none,732,492,240,TRUE,TRUE,36395
mutil__unemp__other__fe_country__y2009_2013__pop,732,492,240,TRUE,TRUE,36675
mutil__unemp__other__fe_twoway__all__n_cell,732,492,240,TRUE,TRUE,36577
mutil__unemp__other__fe_twoway__all__n_eff,732,492,240,TRUE,TRUE,36623
mutil__unemp__other__fe_twoway__all__none,732,492,240,TRUE,TRUE,36803
mutil__unemp__other__fe_twoway__all__pop,732,492,240,TRUE,TRUE,36680
mutil__unemp__other__fe_twoway__no_GR_ES__n_cell,732,492,240,TRUE,TRUE,36603
mutil__unemp__other__fe_twoway__no_GR_ES__n_eff,732,492,240,TRUE,TRUE,36652
mutil__unemp__other__fe_twoway__no_GR_ES__none,732,492,240,TRUE,TRUE,36541
mutil__unemp__other__fe_twoway__no_GR_ES__pop,732,492,240,TRUE,TRUE,36883
mutil__unemp__other__fe_twoway__no_bailout__n_cell,732,492,240,TRUE,TRUE,36560
mutil__unemp__other__fe_twoway__no_bailout__n_eff,732,492,240,TRUE,TRUE,36550
mutil__unemp__other__fe_twoway__no_bailout__none,732,492,240,TRUE,TRUE,36396
mutil__unemp__other__fe_twoway__no_bailout__pop,732,492,240,TRUE,TRUE,36997
mutil__unemp__other__fe_twoway__y2004_2008__n_cell,732,396,240,TRUE,TRUE,30029
mutil__unemp__other__fe_twoway__y2004_2008__n_eff,732,396,240,TRUE,TRUE,30015
mutil__unemp__other__fe_twoway__y2004_2008__none,732,396,240,TRUE,TRUE,30070
mutil__unemp__other__fe_twoway__y2004_2008__pop,732,396,240,TRUE,TRUE,30192
mutil__unemp__other__fe_twoway__y2009_2013__n_cell,732,492,240,TRUE,TRUE,35651
mutil__unemp__other__fe_twoway__y2009_2013__n_eff,732,492,240,TRUE,TRUE,35752
mutil__unemp__other__fe_twoway__y2009_2013__none,732,492,240,TRUE,TRUE,35995
mutil__unemp__other__fe_twoway__y2009_2013__pop,732,492,240,TRUE,TRUE,36400
mutil__unemp__other__pooled_cl__all__n_cell,732,492,240,TRUE,TRUE,36599
mutil__unemp__other__pooled_cl__all__n_eff,732,492,240,TRUE,TRUE,36562
mutil__unemp__other__pooled_cl__all__none,732,492,240,TRUE,TRUE,36347
mutil__unemp__other__pooled_cl__all__pop,732,492,240,TRUE,TRUE,36642
mutil__unemp__other__pooled_cl__no_GR_ES__n_cell,732,492,240,TRUE,TRUE,36728
mutil__unemp__other__pooled_cl__no_GR_ES__n_eff,732,492,240,TRUE,TRUE,36750
mutil__unemp__other__pooled_cl__no_GR_ES__none,732,492,240,TRUE,TRUE,36529
mutil__unemp__other__pooled_cl__no_GR_ES__pop,732,492,240,TRUE,TRUE,36715
mutil__unemp__other__pooled_cl__no_bailout__n_cell,732,492,240,TRUE,TRUE,36590
mutil__unemp__other__pooled_cl__no_bailout__n_eff,732,492,240,TRUE,TRUE,36535
mutil__unemp__other__pooled_cl__no_bailout__none,732,492,240,TRUE,TRUE,36645
mutil__unemp__other__pooled_cl__no_bailout__pop,732,492,240,TRUE,TRUE,36841
mutil__unemp__other__pooled_cl__y2004_2008__n_cell,732,396,240,TRUE,TRUE,30330
mutil__unemp__other__pooled_cl__y2004_2008__n_eff,732,396,240,TRUE,TRUE,30336
mutil__unemp__other__pooled_cl__y2004_2008__none,732,396,240,TRUE,TRUE,30394
mutil__unemp__other__pooled_cl__y2004_2008__pop,732,396,240,TRUE,TRUE,30268
mutil__unemp__other__pooled_cl__y2009_2013__n_cell,732,492,240,TRUE,TRUE,36728
mutil__unemp__other__pooled_cl__y2009_2013__n_eff,732,492,240,TRUE,TRUE,36831
mutil__unemp__other__pooled_cl__y2009_2013__none,732,492,240,TRUE,TRUE,36563
mutil__unemp__other__pooled_cl__y2009_2013__pop,732,492,240,TRUE,TRUE,36814
mutil__unemp__other__re__all__none,732,492,240,TRUE,TRUE,36042
mutil__unemp__other__re__no_GR_ES__none,732,492,240,TRUE,TRUE,36018
mutil__unemp__other__re__no_bailout__none,732,492,240,TRUE,TRUE,36026
mutil__unemp__other__re__y2004_2008__none,732,396,240,TRUE,TRUE,29652
mutil__unemp__other__re__y2009_2013__none,732,492,240,TRUE,TRUE,36011
