cntry,year,edu3,mcosmo,mutil,mcomm,mlib,mpos,mneg,n,growth,unemp,bailout
AT,2004,high,0.4710875216194365,0.07944123777457111,0.24566229672612652,0.182532348135185,0.5505287593940076,0.42819464486131154,423,2.735120222,5.829999924,0
AT,2004,low,0.2902630132238615,0.06331409210691429,0.3647855678850785,0.21312182923112777,0.3535771053307758,0.5779073971162062,613,2.735120222,5.829999924,0
AT,2004,mid,0.36400360168724516,0.07445985834820311,0.303186393538989,0.20937854995151764,0.4384634600354483,0.5125649434905066,1021,2.735120222,5.829999924,0
AT,2005,high,0.52715789002851,0.10390417459150612,0.1788754895897753,0.1711945212619067,0.6310620646200161,0.350070010851682,371,2.2440653250000002,5.6300001140000004,0
AT,2005,low,0.2526532168041602,0.061257453238585315,0.4196847177979253,0.23896035829998094,0.31391067004274553,0.6586450760979062,583,2.2440653250000002,5.6300001140000004,0
AT,2005,mid,0.3850753067070432,0.08390813001591445,0.3402626011158945,0.17578390228090826,0.46898343672295767,0.5160465033968028,1002,2.2440653250000002,5.6300001140000004,0
AT,2006,high,0.5046953701434833,0.08783352391842958,0.22752933649160065,0.16107384491818455,0.5925288940619129,0.38860318140978517,212,3.454041836,5.239999771,0
AT,2006,low,0.2579531115095969,0.08821312346416949,0.37885202895663145,0.2373248323039118,0.34616623497376636,0.6161768612605433,239,3.454041836,5.239999771,0
AT,2006,mid,0.3579674094208978,0.08310716522925825,0.34226665883642626,0.20115489054442542,0.44107457465015604,0.5434215493808517,516,3.454041836,5.239999771,0
AT,2007,high,0.5112256810749273,0.08087479243258137,0.22788201469105993,0.1649421349170093,0.5921004735075087,0.3928241496080692,199,3.727415301,4.860000134,0
AT,2007,low,0.27153822055137844,0.06324143692564745,0.40989452798663323,0.22023809523809523,0.33477965747702587,0.6301326232247285,228,3.727415301,4.860000134,0
AT,2007,mid,0.4084760211855184,0.09708537892895434,0.29324550372036406,0.19188210920054496,0.5055614001144727,0.485127612920909,537,3.727415301,4.860000134,0
AT,2008,high,0.48882525183338194,0.10068456836749519,0.2213802232094915,0.16471971268719235,0.589509820200877,0.38609993589668384,369,1.460423676,4.1300001140000004,0
AT,2008,low,0.3064994327706192,0.05488622723792215,0.3450889976313705,0.25962703727534236,0.3613856600085414,0.6047160349067129,472,1.460423676,4.1300001140000004,0
AT,2008,mid,0.38159323933296535,0.07632788064294914,0.3053374378031912,0.2148236340017162,0.4579211199759145,0.5201610718049074,1095,1.460423676,4.1300001140000004,0
AT,2009,high,0.49333079117561873,0.060622774415877864,0.2877977705563912,0.1525015374153305,0.5539535655914967,0.4402993079717218,174,-3.764578178,5.300000191,0
AT,2009,low,0.34132610644956324,0.06150170131651613,0.3640737177774215,0.22075279544415347,0.40282780776607935,0.584826513221575,243,-3.764578178,5.300000191,0
AT,2009,mid,0.38529205758563556,0.09258037069963676,0.3114198594473824,0.1941939507994554,0.4778724282852723,0.5056138102468377,545,-3.764578178,5.300000191,0
AT,2010,high,0.461869067440496,0.09641837527551814,0.23153918303918303,0.19588765995908852,0.5582874427160142,0.42742684299827155,350,1.837093677,4.820000172,0
AT,2010,low,0.27242425705914547,0.03258314820180946,0.42881692907047875,0.25603367783895165,0.30500740526095493,0.6848506069094304,493,1.837093677,4.820000172,0
AT,2010,mid,0.3531215417579054,0.08033242010514738,0.3410051412182094,0.21512423025207117,0.4334539618630528,0.5561293714702805,1056,1.837093677,4.820000172,0
AT,2011,high,0.455575528616281,0.09751860817691539,0.23679831140646188,0.18502918189438566,0.5530941367931963,0.4218274933008475,319,2.922797284,4.559999943,0
AT,2011,low,0.2990731240279977,0.06624680473958452,0.3769885199036824,0.24686122641898814,0.3653199287675822,0.6238497463226705,554,2.922797284,4.559999943,0
AT,2011,mid,0.3730516090601318,0.07057268541643541,0.3194001863035954,0.21803612528044347,0.4436242944765672,0.5374363115840388,1056,2.922797284,4.559999943,0
AT,2012,high,0.4481274819285023,0.1160932675601043,0.23515205033062175,0.18532107773179202,0.5642207494886067,0.42047312806241377,392,0.680445577,4.8699998859999996,0
AT,2012,low,0.30502610206557573,0.051604596670386145,0.3695851236969658,0.26281926528637056,0.35663069873596187,0.6324043889833364,456,0.680445577,4.8699998859999996,0
AT,2012,mid,0.35124663090279135,0.08249969016444661,0.3306558770742152,0.22795692315749622,0.433746321067238,0.5586128002317114,1047,0.680445577,4.8699998859999996,0
AT,2013,high,0.5103136090285623,0.09859955724441706,0.2008206098159369,0.171574635126037,0.6089131662729793,0.3723952449419739,214,0.025504712,5.340000153,0
AT,2013,low,0.3181043056043056,0.058713096213096214,0.3449178074178074,0.2422287547287547,0.3768174018174018,0.5871465621465621,222,0.025504712,5.340000153,0
AT,2013,mid,0.37156689632131673,0.08213953150102463,0.3267525914382496,0.2097177980282106,0.4537064278223414,0.5364703894664602,509,0.025504712,5.340000153,0
BE,2004,high,0.5606887739453529,0.10345867582709688,0.18825179571890097,0.1173375966139124,0.6641474497724498,0.3055893923328134,760,3.571204343,7.360000134,0
BE,2004,low,0.37519598974822854,0.07993388038164158,0.2939530701471,0.1434543731558657,0.4551298701298701,0.4374074433029657,335,3.571204343,7.360000134,0
BE,2004,mid,0.46233762184940635,0.09133591810359487,0.2734708395482806,0.11000489098132196,0.5536735399530013,0.3834757305296026,891,3.571204343,7.360000134,0
BE,2005,high,0.5956618792604105,0.11094992658640149,0.16582304204703224,0.11532525002537242,0.7066118058468119,0.28114829207240466,817,2.321737054,8.43999958,0
BE,2005,low,0.38964017118222727,0.07951915685560546,0.3401240936287665,0.1315265471807528,0.4691593280378327,0.4716506408095193,321,2.321737054,8.43999958,0
BE,2005,mid,0.4822875564754915,0.08891331342027398,0.27233840856230646,0.125138215741464,0.5712008698957655,0.39747662430377045,862,2.321737054,8.43999958,0
BE,2006,high,0.6261260786139426,0.10175398361077972,0.14020538522965706,0.11006989235144575,0.7278800622247225,0.2502752775811028,412,2.552349944,8.25,0
BE,2006,low,0.3705157636975819,0.08639052866325593,0.3265953911408457,0.12558922558922558,0.4569062923608378,0.45218461673007126,165,2.552349944,8.25,0
BE,2006,mid,0.4759669951085264,0.1024568689881915,0.2725866554172819,0.11882706749296076,0.578423864096718,0.3914137229102426,431,2.552349944,8.25,0
BE,2007,high,0.5985168190982144,0.13543786962391613,0.14292740205530904,0.10916442085046736,0.7339546887221305,0.2520918229057764,430,3.676881136,7.4600000380000004,0
BE,2007,low,0.40776542153787665,0.1077725501378196,0.30379954376960366,0.12078224503374203,0.5155379716756963,0.4245817888033457,167,3.676881136,7.4600000380000004,0
BE,2007,mid,0.4960840537908207,0.11681491023596287,0.23349374796743216,0.10097570905841582,0.6128989640267836,0.334469457025848,399,3.676881136,7.4600000380000004,0
BE,2008,high,0.6548023815265195,0.13234461898255,0.10987977539701678,0.09368940446526654,0.7871470005090695,0.20356917986228332,754,0.446928735,6.980000019,0
BE,2008,low,0.4248806514299472,0.15102022390754785,0.24094498615625376,0.14935132160484274,0.575900875337495,0.3902963077610965,355,0.446928735,6.980000019,0
BE,2008,mid,0.4819800307909028,0.14879778268792992,0.20920094125077138,0.12151614900765524,0.6307778134788328,0.3307170902584266,883,0.446928735,6.980000019,0
BE,2009,high,0.5711833984252462,0.09211711446765794,0.1698508767802246,0.13967469728339293,0.6633005128929041,0.3095255740636175,368,-2.020743062,7.909999847,0
BE,2009,low,0.33094488641933895,0.10256069964099161,0.3154046278133869,0.16349854525037005,0.43350558606033057,0.478903173063757,137,-2.020743062,7.909999847,0
BE,2009,mid,0.45016571656699045,0.10350409203912389,0.22448703690741906,0.16664145597266616,0.5536698086061144,0.3911284928800852,471,-2.020743062,7.909999847,0
BE,2010,high,0.5694284715982829,0.10516907620681205,0.16175823826767222,0.13722911958761017,0.674597547805095,0.29898735785528235,795,2.864292708,8.289999962,0
BE,2010,low,0.3558420115238297,0.07891161868434596,0.3262184784912058,0.16909782137054863,0.43475363020817565,0.4953162998617544,286,2.864292708,8.289999962,0
BE,2010,mid,0.4280804869288015,0.09639165453772196,0.2635467216927891,0.16816091212158626,0.5244721414665234,0.4317076338143754,890,2.864292708,8.289999962,0
BE,2011,high,0.5542842035621819,0.1022837972296456,0.16684053010767813,0.1501173415433343,0.6565680007918275,0.31695787165101247,831,1.694513899,7.139999866,0
BE,2011,low,0.35309820898056193,0.0966306665268603,0.2858190156633063,0.20562857941750676,0.44972887550742224,0.4914475950808131,289,1.694513899,7.139999866,0
BE,2011,mid,0.4391062385254863,0.10006718637802708,0.2462678791218614,0.17252329774453667,0.5391734249035134,0.4187911768663981,904,1.694513899,7.139999866,0
BE,2012,high,0.5069718421889914,0.08793659631632905,0.19671580584720896,0.16160515431116768,0.5949084385053205,0.3583209601583766,898,0.739217283,7.5399999619999996,0
BE,2012,low,0.3163164381914382,0.08180131339853562,0.33381533589866924,0.20788172732617177,0.3981177515899738,0.541697063224841,216,0.739217283,7.5399999619999996,0
BE,2012,mid,0.3841954017909432,0.08894620359588512,0.28556742856105916,0.18184298303725055,0.4731416053868283,0.4674104115983097,942,0.739217283,7.5399999619999996,0
BE,2013,high,0.5515824112723338,0.09382376882376882,0.17280708811716564,0.14561102119241653,0.6454061800961026,0.3184181093095822,387,0.459242193,8.430000305,0
BE,2013,low,0.3257936507936508,0.09887387387387388,0.2797940797940798,0.22346632346632347,0.42466752466752467,0.5032604032604032,111,0.459242193,8.430000305,0
BE,2013,mid,0.35986681212584826,0.09412186987488193,0.28049521317593606,0.17515465904020122,0.45398868200073017,0.4556498722161373,498,0.459242193,8.430000305,0
BG,2004,high,0.5595891868880375,0.2618880374627501,0.10500364896916621,0.04286778568387764,0.8214772243507875,0.14787143465304384,261,6.510426379,12.03999996,0
BG,2004,low,0.3970746845746846,0.2072903947903948,0.12646011396011395,0.0384055759055759,0.6043650793650793,0.16486568986568986,234,6.510426379,12.03999996,0
BG,2004,mid,0.5134391534391535,0.26293249959916626,0.10377104377104376,0.0572310405643739,0.7763716530383197,0.16100208433541766,495,6.510426379,12.03999996,0
BG,2005,high,0.5514697687547603,0.22929153009254188,0.1312363577962229,0.05764821182190491,0.7807612988473022,0.1888845696181278,593,7.056347526,10.07999992,0
BG,2005,low,0.42565704177379304,0.24940192351359863,0.09558181525186601,0.03646581844551387,0.6750589652873917,0.1320476336973799,394,7.056347526,10.07999992,0
BG,2005,mid,0.5099534266613475,0.25056081432319055,0.1303134406847278,0.05372677377627873,0.760514240984538,0.18404021446100655,1010,7.056347526,10.07999992,0
BG,2006,high,0.5610036997255042,0.2730964315550782,0.09272287862513426,0.04686120062059912,0.8341001312805824,0.13958407924573338,266,6.802589382,8.949999809,0
BG,2006,low,0.4021085050935797,0.21082681828950486,0.15371949774934848,0.044290452499407724,0.6129353233830845,0.19800995024875623,201,6.802589382,8.949999809,0
BG,2006,mid,0.5071717031347381,0.25529081813128507,0.13821672814863475,0.04679156770596459,0.7624625212660232,0.18500829585459935,514,6.802589382,8.949999809,0
BG,2007,high,0.6601609657947686,0.19439134808853117,0.07781410686340264,0.0429856919293539,0.8545523138832998,0.12079979879275654,284,6.591380837,6.8800001140000004,0
BG,2007,low,0.5676503465235859,0.2043371339145987,0.09420970266040689,0.02112676056338028,0.7719874804381847,0.11533646322378717,213,6.591380837,6.8800001140000004,0
BG,2007,mid,0.6175565416547381,0.18266055921366542,0.10212090848363393,0.05357381429525718,0.8002171008684035,0.15569472277889113,499,6.591380837,6.8800001140000004,0
BG,2008,high,0.6573707773707773,0.21836792836792837,0.05897232397232397,0.0311009361009361,0.8757387057387057,0.09007326007326007,585,6.116017964,5.610000134,0
BG,2008,low,0.4853303747534517,0.17440828402366865,0.10189842209072979,0.049013806706114396,0.6597386587771203,0.15091222879684418,338,6.116017964,5.610000134,0
BG,2008,mid,0.6043650793650793,0.19256706581267985,0.06325071939107027,0.05892044927132646,0.7969321451777592,0.12217116866239673,1026,6.116017964,5.610000134,0
BG,2009,high,0.6878186628186628,0.18051547218213884,0.08273208273208273,0.03546576879910213,0.8683341350008017,0.11819785153118487,297,-3.271854279,6.820000172,0
BG,2009,low,0.38817716333845365,0.234905273937532,0.1629390681003584,0.05913978494623656,0.6230824372759857,0.22207885304659497,155,-3.271854279,6.820000172,0
BG,2009,mid,0.6324426883389147,0.2039945955511993,0.07683227150208283,0.047107803098369136,0.8364372838901141,0.12394007460045196,530,-3.271854279,6.820000172,0
BG,2010,high,0.6676383002299232,0.17506163605640046,0.08688675586581346,0.059942103659381143,0.8426999362863237,0.14682885952519462,573,1.541801443,10.27999973,0
BG,2010,low,0.5079757698132257,0.17252229513713613,0.15418980312973246,0.05577149587750294,0.6804980649503618,0.2099612990072354,283,1.541801443,10.27999973,0
BG,2010,mid,0.5877224627224628,0.1668448554812191,0.14266255629891994,0.07246709519436792,0.7545673182036818,0.21512965149328786,1089,1.541801443,10.27999973,0
BG,2011,high,0.6691198304718713,0.17739849908217256,0.0712962962962963,0.06177721088435374,0.8465183295540438,0.13307350718065003,588,2.10120575,11.26000023,0
BG,2011,low,0.544500710732054,0.15692963752665245,0.16206467661691543,0.07307213930348258,0.7014303482587064,0.235136815920398,268,2.10120575,11.26000023,0
BG,2011,mid,0.6153067314660868,0.159962910858166,0.11453723835102528,0.06543036193886687,0.7752696423242529,0.17996760028989214,1117,2.10120575,11.26000023,0
BG,2012,high,0.6908547109123715,0.16519180983760884,0.06713932690044716,0.06528202714364165,0.8560465207499803,0.1324213540440888,607,0.754930386,12.27000046,0
BG,2012,low,0.5422988505747126,0.13298850574712642,0.11011494252873563,0.08356321839080459,0.6752873563218391,0.19367816091954024,290,0.754930386,12.27000046,0
BG,2012,mid,0.6108798600502636,0.16031308004402176,0.10947625618029205,0.08166264229044498,0.7711929400942854,0.19113889847073703,1115,0.754930386,12.27000046,0
BG,2013,high,0.6886260236578707,0.1502274795268426,0.0709660297239915,0.06470276008492569,0.8388535031847134,0.1356687898089172,314,-0.560493966,12.93999958,0
BG,2013,low,0.5595238095238095,0.12023809523809524,0.1156084656084656,0.06177248677248677,0.6797619047619048,0.1773809523809524,126,-0.560493966,12.93999958,0
BG,2013,mid,0.6103915157612341,0.12756120053655265,0.10050581265369998,0.08231611893583725,0.7379527162977867,0.18282193158953722,568,-0.560493966,12.93999958,0
CY,2004,high,0.6205459130692775,0.1791017653167186,0.14856475300400535,0.033095979824951785,0.7996476783859962,0.18166073282895712,107,5.026343926,4.329999924,0
CY,2004,low,0.5599953063662741,0.12426821983273596,0.1916730670762929,0.054170933606417476,0.6842635261990101,0.24584400068271037,186,5.026343926,4.329999924,0
CY,2004,mid,0.598456186861984,0.10017995960024946,0.1809057153260052,0.09147263096538459,0.6986361464622334,0.27237834629138974,207,5.026343926,4.329999924,0
CY,2005,high,0.5873952585325976,0.13706996389399823,0.2058450848150419,0.05681415627767559,0.7244652224265958,0.2626592410927175,233,4.853003838,5.300000191,0
CY,2005,low,0.5578191370444892,0.09657053431701319,0.26740442655935615,0.05567069081153588,0.6543896713615024,0.323075117370892,355,4.853003838,5.300000191,0
CY,2005,mid,0.5840809896433369,0.11132373467336792,0.2422956627724354,0.05985462513579873,0.6954047243167047,0.3021502879082341,409,4.853003838,5.300000191,0
CY,2006,high,0.6132554945054945,0.14853479853479853,0.17941849816849817,0.049175824175824175,0.761790293040293,0.22859432234432234,104,4.713828666,4.5399999619999996,0
CY,2006,low,0.5778753577933906,0.11157298985167838,0.20814467863648192,0.04776216497527973,0.6894483476450689,0.25590684361176164,183,4.713828666,4.5399999619999996,0
CY,2006,mid,0.5996464646464646,0.0957972582972583,0.2352849927849928,0.06472582972582973,0.6954437229437229,0.3000108225108225,220,4.713828666,4.5399999619999996,0
CY,2007,high,0.5906914893617021,0.15068389057750758,0.19254474839581223,0.05544157379263762,0.7413753799392098,0.24798632218844985,94,5.098068453,3.920000076,0
CY,2007,low,0.4885907335907336,0.08662805662805663,0.32193908193908194,0.0595988845988846,0.5752187902187902,0.3815379665379665,185,5.098068453,3.920000076,0
CY,2007,mid,0.5278479329170573,0.13568702163172208,0.2683625258510051,0.06349422466933988,0.6635349545487794,0.33185675052034497,217,5.098068453,3.920000076,0
CY,2008,high,0.5809694887014475,0.15665231103375432,0.19381722229660373,0.0427877820919058,0.7376217997352018,0.23660500438850954,194,3.646811991,3.6500000950000002,0
CY,2008,low,0.5569111255078557,0.08190159825037209,0.2654834871456125,0.060281445771908984,0.6388127237582278,0.32576493291752145,367,3.646811991,3.6500000950000002,0
CY,2008,mid,0.5712939901296066,0.1227731489717791,0.23345407763215983,0.0633463631751303,0.6940671391013856,0.2968004408072901,438,3.646811991,3.6500000950000002,0
CY,2009,high,0.5233623966018333,0.14038955957970042,0.26751900290632685,0.06872904091213951,0.6637519561815336,0.33624804381846635,142,-2.015262359,5.360000134,0
CY,2009,low,0.48147341406835076,0.09074241510950372,0.375322392094544,0.046132664803550875,0.5722158291778545,0.42145505689809487,158,-2.015262359,5.360000134,0
CY,2009,mid,0.5251596100376588,0.12253422729032484,0.2951881181149474,0.052239995776581144,0.6476938373279837,0.3474281138915285,205,-2.015262359,5.360000134,0
CY,2010,high,0.5249730136358043,0.12500936832332182,0.2863593017662785,0.05590637829009922,0.6499823819591262,0.34226568005637775,258,2.014695707,6.260000229,0
CY,2010,low,0.41552904510102956,0.07692806544946623,0.4079015882517828,0.08407709886309107,0.49245711055049574,0.49197868711487386,257,2.014695707,6.260000229,0
CY,2010,mid,0.47028492482574114,0.08415004496637149,0.35645702370192167,0.08298555752637385,0.5544349697921126,0.4394425812282955,490,2.014695707,6.260000229,0
CY,2011,high,0.5499011920698668,0.11758940524000765,0.2737760566073819,0.05471728182571556,0.6674905973098744,0.32849333843309747,249,0.401437941,7.860000134,0
CY,2011,low,0.37345571095571095,0.08662726162726163,0.44447358197358194,0.06747141747141747,0.4600829725829726,0.5119449994449995,286,0.401437941,7.860000134,0
CY,2011,mid,0.46683756158005085,0.11209788066011242,0.3462043976528955,0.06627646911981676,0.5789354422401632,0.4124808667727123,466,0.401437941,7.860000134,0
CY,2012,high,0.4690934997143051,0.09678302681658386,0.356011335793215,0.06804502358193633,0.5658765265308889,0.4240563593751513,298,-3.446822086,11.80000019,0
CY,2012,low,0.310836267061948,0.07631554567352232,0.5075350503366067,0.08585788400963498,0.38715181273547034,0.5933929343462417,257,-3.446822086,11.80000019,0
CY,2012,mid,0.34990145946521783,0.06623521891978268,0.4630233301374241,0.10965430915095345,0.4161366783850005,0.5726776392883776,447,-3.446822086,11.80000019,0
CY,2013,high,0.42251858549326904,0.0632861161342174,0.42513813542294554,0.06374070725336548,0.48580470162748646,0.48887884267631104,158,-6.553078255,15.86999989,1
CY,2013,low,0.29936036186036186,0.04422105672105672,0.5657148407148407,0.08312798312798313,0.34358141858141855,0.6488428238428239,132,-6.553078255,15.86999989,1
CY,2013,mid,0.37119492656875835,0.050667556742323094,0.4385699451120012,0.10218439400682391,0.42186248331108145,0.5407543391188251,214,-6.553078255,15.86999989,1
CZ,2004,high,0.565862154571832,0.11446570156247575,0.1789500224984096,0.13534577728126115,0.6803278561343078,0.31429579977967076,186,4.814261001,8.210000038,0
CZ,2004,low,0.4118119559651818,0.0743247567844342,0.2841749871991807,0.14904313876088068,0.48613671274961595,0.43321812596006143,124,4.814261001,8.210000038,0
CZ,2004,mid,0.4904730315797509,0.1071595693137195,0.23876660596028185,0.1491080395230593,0.5976326008934705,0.3878746454833411,759,4.814261001,8.210000038,0
CZ,2005,high,0.5864565925031041,0.12751115809255345,0.13380801369173462,0.13129400315446826,0.7139677505956575,0.2651020168462029,430,6.60161753,7.929999828,0
CZ,2005,low,0.45269926152279094,0.08466598760716408,0.24591927680162973,0.12580638315932433,0.537365249129955,0.3717256599609541,187,6.60161753,7.929999828,0
CZ,2005,mid,0.4855039124912942,0.1079759970138519,0.2113872842894925,0.1673725538394308,0.5934799095051461,0.3787598381289233,1585,6.60161753,7.929999828,0
CZ,2006,high,0.5781848306332842,0.1393163966617575,0.1516507118311242,0.12569342169857634,0.7175012272950417,0.27734413352970055,194,6.766932681,7.150000095,0
CZ,2006,low,0.42684240362811793,0.0703798185941043,0.23883219954648527,0.13299319727891157,0.49722222222222223,0.37182539682539684,84,6.766932681,7.150000095,0
CZ,2006,mid,0.513044967298214,0.10554168774947996,0.18999241018721538,0.15245989580405164,0.6185866550476941,0.342452305991267,770,6.766932681,7.150000095,0
CZ,2007,high,0.5273744824016563,0.12497412008281573,0.16838121118012422,0.1575310559006211,0.652348602484472,0.32591226708074533,184,5.570338859,5.320000172,0
CZ,2007,low,0.48430232558139535,0.07054263565891472,0.2593023255813953,0.150968992248062,0.5548449612403101,0.41027131782945736,86,5.570338859,5.320000172,0
CZ,2007,mid,0.5395236441262932,0.0937211574297667,0.1905275188387771,0.15636012993628887,0.6332448015560598,0.346887648775066,755,5.570338859,5.320000172,0
CZ,2008,high,0.5668728232209908,0.12367155096212688,0.16563956694846746,0.11240244630296986,0.6905443741831176,0.27804201325143735,382,2.686411951,4.389999866,0
CZ,2008,low,0.4103455541508639,0.08171091445427729,0.23558786346396965,0.19270965023177414,0.4920564686051412,0.42829751369574376,113,2.686411951,4.389999866,0
CZ,2008,mid,0.5092365737189891,0.08701255612337232,0.2043890655536309,0.15224833413287295,0.5962491298423614,0.3566373996865039,1507,2.686411951,4.389999866,0
CZ,2009,high,0.5345238095238095,0.12713808656431608,0.15678289530748546,0.17062624685575506,0.6616618960881256,0.3274091421632405,183,-4.657331092,6.659999847,0
CZ,2009,low,0.4368884540117417,0.07697325505544683,0.2423026744944553,0.18904109589041096,0.5138617090671885,0.43134377038486627,73,-4.657331092,6.659999847,0
CZ,2009,mid,0.5169312791563762,0.08221071367901898,0.21593527214484523,0.15646219168211406,0.5991419928353952,0.3723974638269593,773,-4.657331092,6.659999847,0
CZ,2010,high,0.546806635849457,0.06937616679430281,0.1696937193788579,0.18641566941315052,0.6161828026437598,0.35610938879200843,397,2.434902159,7.28000021,0
CZ,2010,low,0.3748389124626748,0.03815810152443816,0.3155979883702656,0.2020980669495521,0.41299701398711297,0.5176960553198177,101,2.434902159,7.28000021,0
CZ,2010,mid,0.4572935192173669,0.06449223603532221,0.24966795061985442,0.1978181712149648,0.5217857552526891,0.44748612183481923,1497,2.434902159,7.28000021,0
CZ,2011,high,0.5190838939453898,0.06416589719913819,0.18954843248472056,0.21612144396077915,0.583249791144528,0.40566987644549973,361,1.760359624,6.7100000380000004,0
CZ,2011,low,0.2799012158054711,0.06256332320162107,0.2803951367781155,0.270757345491388,0.3424645390070922,0.5511524822695035,94,1.760359624,6.7100000380000004,0
CZ,2011,mid,0.42024555464922436,0.05591149785120952,0.2645628308636172,0.22454879291379948,0.4761570525004339,0.4891116237774167,1526,1.760359624,6.7100000380000004,0
CZ,2012,high,0.5375396825396825,0.05833234126984127,0.1556359126984127,0.21099206349206348,0.5958720238095238,0.3666279761904762,400,-0.785004299,6.980000019,0
CZ,2012,low,0.26228070175438595,0.019517543859649124,0.26359649122807016,0.32302631578947366,0.2817982456140351,0.5866228070175439,76,-0.785004299,6.980000019,0
CZ,2012,mid,0.4167745799560959,0.045764205504896995,0.2275735604525498,0.2547014838736913,0.4625387854609929,0.48227504432624113,1504,-0.785004299,6.980000019,0
CZ,2013,high,0.5443337912087912,0.07269917582417583,0.12242826617826617,0.23169261294261295,0.6170329670329671,0.35412087912087914,208,-0.045903674,6.949999809,0
CZ,2013,low,0.4375968992248062,0.022093023255813953,0.1864341085271318,0.30736434108527133,0.4596899224806202,0.4937984496124031,43,-0.045903674,6.949999809,0
CZ,2013,mid,0.4304071641571642,0.044896368646368645,0.22787500787500786,0.24547010797010796,0.4753035328035328,0.47334511584511585,740,-0.045903674,6.949999809,0
DE,2004,high,0.5786036505226646,0.051392614948952975,0.20103237268730226,0.15371314587863882,0.6299962654716176,0.3547455185659411,852,1.175088132,10.72999954,0
DE,2004,low,0.3911198411198411,0.03695095216834347,0.3316718990632034,0.18502816546294806,0.4280707932881846,0.5167000645261515,851,1.175088132,10.72999954,0
DE,2004,mid,0.4279622011118074,0.04622642449414103,0.32083888406723055,0.17505123048430135,0.47418862560594843,0.49589011455153187,1905,1.175088132,10.72999954,0
DE,2005,high,0.5860136434210508,0.05576459548681771,0.19402139698435994,0.1567929567003641,0.6417782389078686,0.3508143536847241,810,0.731707164,11.17000008,0
DE,2005,low,0.41283061439911634,0.05180519437881794,0.3139933938589508,0.19064096381637996,0.46463580877793426,0.5046343576753308,781,0.731707164,11.17000008,0
DE,2005,mid,0.479200119391507,0.05662100108443239,0.2890466998635146,0.15941105867626715,0.5358211204759393,0.44845775853978176,1463,0.731707164,11.17000008,0
DE,2006,high,0.6127061087061088,0.05465329485329485,0.17126224146224145,0.15604502164502165,0.6673594035594036,0.3273072631072631,375,3.816441913,10.25,0
DE,2006,low,0.44165784444234807,0.04122005247913238,0.2906363007452596,0.2071153422848338,0.4828778969214805,0.4977516430300934,413,3.816441913,10.25,0
DE,2006,mid,0.486035125669272,0.03996178467723183,0.28422236450691735,0.1681005083444108,0.5259969103465039,0.4523228728513281,738,3.816441913,10.25,0
DE,2007,high,0.6071444116898662,0.060274614820069364,0.1330429807702535,0.18970998289180108,0.6674190265099356,0.3227529636620546,407,2.976455131,8.659999847,0
DE,2007,low,0.4392609799113864,0.034187206951434596,0.2824687056394373,0.20885275519421861,0.47344818686282103,0.49132146083365597,369,2.976455131,8.659999847,0
DE,2007,mid,0.48958328431833864,0.04758689378254596,0.2520750007842399,0.1944504732887885,0.5371701781008846,0.4465254740730284,736,2.976455131,8.659999847,0
DE,2008,high,0.5814794979233482,0.06024220506172378,0.15037986003895096,0.19319255462303592,0.6417217029850719,0.34357241466198685,748,0.959879134,7.519999981,0
DE,2008,low,0.4053926600318353,0.03343314403237083,0.27383932290504454,0.23321116169054312,0.4388258040642061,0.5070504845955877,776,0.959879134,7.519999981,0
DE,2008,mid,0.4797943208517621,0.05324253459044582,0.25522201906013914,0.19346436309556414,0.5330368554422079,0.4486863821557033,1532,0.959879134,7.519999981,0
DE,2009,high,0.5853656932386214,0.054235727440147326,0.1397669472945716,0.1847200298167149,0.6396014206787688,0.3244869771112865,362,-5.693836336,7.739999771,0
DE,2009,low,0.4616944616944617,0.0515984390984391,0.21323802323802324,0.24373934623934623,0.5132929007929008,0.4569773694773695,370,-5.693836336,7.739999771,0
DE,2009,mid,0.5122183728409659,0.058422072863664645,0.2103785175030361,0.18432121650991998,0.5706404457046306,0.3946997340129561,779,-5.693836336,7.739999771,0
DE,2010,high,0.5583431525739218,0.054108754493369875,0.13367312175004484,0.23020633212940905,0.6124519070672917,0.36387945387945386,845,4.179882499,6.96999979,0
DE,2010,low,0.36415058305469267,0.043869942842545584,0.2508986751452505,0.29313559347805923,0.4080205258972382,0.5440342686233097,730,4.179882499,6.96999979,0
DE,2010,mid,0.43786900621852076,0.03705114554629118,0.24122200884336806,0.25408437660864847,0.47492015176481195,0.4953063854520165,1545,4.179882499,6.96999979,0
DE,2011,high,0.5684907260317096,0.05665173320911026,0.1191516831680766,0.23931241496815267,0.6251424592408199,0.35846409813622926,915,3.925192705,5.820000172,0
DE,2011,low,0.35989520310507966,0.04160294057413399,0.2508670113608385,0.3119695500353937,0.40149814367921366,0.5628365613962322,729,3.925192705,5.820000172,0
DE,2011,mid,0.41092419943014763,0.050528003991964804,0.23167803349748767,0.2739796301202879,0.46145220342211246,0.5056576636177755,1429,3.925192705,5.820000172,0
DE,2012,high,0.5505418317456332,0.04847511985843559,0.14955076602383888,0.23559278923587265,0.5990169516040688,0.38514355525971156,947,0.418497594,5.3800001140000004,0
DE,2012,low,0.3677440578994983,0.04857033199002111,0.2623111823889026,0.27992365051950546,0.4163143898895194,0.542234832908408,579,0.418497594,5.3800001140000004,0
DE,2012,mid,0.43261555486848075,0.04530614234775483,0.22774796905161013,0.27287389680107493,0.47792169721623556,0.5006218658526851,1538,0.418497594,5.3800001140000004,0
DE,2013,high,0.5164188002602637,0.04771008688691616,0.165137160716429,0.2626038708355781,0.5641288871471798,0.42774103155200716,492,0.437591303,5.230000019,0
DE,2013,low,0.3744401810310901,0.04021306134942498,0.2619879531243168,0.26881334994971356,0.4146532423805151,0.5308013030740304,330,0.437591303,5.230000019,0
DE,2013,mid,0.41797461039264316,0.04468344724492265,0.2327790606479131,0.2731421166871987,0.46265805763756584,0.5059211773351118,732,0.437591303,5.230000019,0
DK,2004,high,0.4956489268452019,0.10802829771311147,0.18563616620565043,0.18776397313288432,0.6036772245583134,0.3734001393385348,1396,2.668219267,5.199999809,0
DK,2004,low,0.3586237741849987,0.08722888506051771,0.2693905159466384,0.19292009011396766,0.44585265924551637,0.46231060606060603,196,2.668219267,5.199999809,0
DK,2004,mid,0.4485009254030993,0.09754542709705753,0.2320393374741201,0.18930561437354915,0.5460463525001569,0.42134495184766924,368,2.668219267,5.199999809,0
DK,2005,high,0.5214718759792486,0.11327974788095431,0.19078362618912217,0.15301702877105022,0.6347516238602029,0.34380065496017237,1492,2.336641308,4.829999924,0
DK,2005,low,0.3708416840361285,0.11621539468761691,0.2644193255304366,0.15593100315322536,0.4870570787237454,0.420350328683662,108,2.336641308,4.829999924,0
DK,2005,mid,0.45577574525745257,0.11637267711962834,0.24742426442121565,0.1438419473480449,0.5721484223770809,0.3912662117692605,328,2.336641308,4.829999924,0
DK,2006,high,0.5270648398106264,0.11934711278110155,0.1583715363911993,0.16853111775864585,0.6464119525917279,0.32690265414984515,712,3.913007978,3.9000000950000002,0
DK,2006,low,0.46449096880131363,0.13386699507389163,0.1759031198686371,0.10504926108374384,0.5983579638752052,0.28095238095238095,58,3.913007978,3.9000000950000002,0
DK,2006,mid,0.4600041344423367,0.1245433873242862,0.24568437180796732,0.14167821878496037,0.5845475217666228,0.38736259059292766,178,3.913007978,3.9000000950000002,0
DK,2007,high,0.5617803947211754,0.1134285372172317,0.15944628124978058,0.14381046648879758,0.675208931938407,0.30325674773857814,743,0.909238928,3.799999952,0
DK,2007,low,0.4551286676286676,0.1183411495911496,0.24977693602693601,0.11008658008658008,0.5734698172198172,0.35986351611351614,60,0.909238928,3.799999952,0
DK,2007,mid,0.5429424328430951,0.12896347581778045,0.20282030331699205,0.11202875490954961,0.6719059086608755,0.3148490582265417,151,0.909238928,3.799999952,0
DK,2008,high,0.5510145900937125,0.09314793694780396,0.18377385948862013,0.15876574112943795,0.6441625270415164,0.34253960061805805,1504,-0.512016745,3.680000067,0
DK,2008,low,0.38333692451339507,0.1065700639230051,0.2924118365294836,0.11473999856352797,0.4899069884364002,0.40715183509301156,136,-0.512016745,3.680000067,0
DK,2008,mid,0.5100617875785661,0.09240438904868435,0.2515726536699691,0.11911553211888783,0.6024661766272504,0.3706881857888569,298,-0.512016745,3.680000067,0
DK,2009,high,0.5142236221183589,0.09026733500417711,0.21386066517645463,0.1645786764207817,0.6044909571225361,0.37843934159723636,703,-4.90654773,6.409999847,0
DK,2009,low,0.3679464568353457,0.07838375616153394,0.35767874101207436,0.14660832994166328,0.44633021299687964,0.5042870709537376,81,-4.90654773,6.409999847,0
DK,2009,mid,0.4535698600915992,0.1012398833051007,0.2383807014241797,0.14883854068636676,0.5548097433967,0.3872192421105465,138,-4.90654773,6.409999847,0
DK,2010,high,0.5231606040497878,0.07099579068723064,0.24245196298945468,0.14414811208109152,0.5941563947370185,0.3866000750705462,1507,1.870991147,7.75,0
DK,2010,low,0.37008281573498963,0.0754399585921325,0.30885955831608003,0.14416839199447895,0.4455227743271222,0.453027950310559,138,1.870991147,7.75,0
DK,2010,mid,0.4655524317911025,0.09699068973993445,0.2961296424287361,0.12017919978645054,0.5625431215310369,0.4163088422151866,331,1.870991147,7.75,0
DK,2011,high,0.54634067581363,0.07356830255581989,0.19768170841333116,0.17270057535314123,0.6199089783694499,0.37038228376647236,1442,1.336777767,7.769999981,0
DK,2011,low,0.40964798617859843,0.06306284418529316,0.2888591944714394,0.12958643774970305,0.4727108303638916,0.41844563222114245,147,1.336777767,7.769999981,0
DK,2011,mid,0.45752520495377635,0.10137833594976452,0.2382215245072388,0.16573207744636315,0.5589035409035409,0.40395360195360197,350,1.336777767,7.769999981,0
DK,2012,high,0.545348939861135,0.05803280620353791,0.19629780056609325,0.18581814618399983,0.6033817460646729,0.3821159467500931,1517,0.226499792,7.800000191,0
DK,2012,low,0.4444486531986532,0.04355218855218855,0.2597895622895623,0.1355429292929293,0.48800084175084174,0.39533249158249156,120,0.226499792,7.800000191,0
DK,2012,mid,0.46166900266578725,0.0771075030721333,0.2544969946095348,0.15849498839852538,0.5387765057379206,0.41299198300806017,311,0.226499792,7.800000191,0
DK,2013,high,0.5375730549643593,0.06249278097104184,0.2223316940708245,0.1644272394272394,0.6000658359354012,0.38675893349806395,759,0.933340972,7.3800001140000004,0
DK,2013,low,0.3740403052046888,0.07026082745260827,0.3428694973215521,0.15803484947320565,0.44430113265729704,0.5009043467947577,73,0.933340972,7.3800001140000004,0
DK,2013,mid,0.4791253306878307,0.08375496031746031,0.27455357142857145,0.15562169312169313,0.562880291005291,0.43017526455026456,144,0.933340972,7.3800001140000004,0
EE,2004,high,0.45057937704996526,0.09605474668499879,0.18499331356474213,0.22915687642578397,0.5466341237349641,0.4141501899905261,357,6.804007771,10.25,0
EE,2004,low,0.3941744730679157,0.16767174082747854,0.1715359094457455,0.20104410616705698,0.5618462138953942,0.3725800156128025,122,6.804007771,10.25,0
EE,2004,mid,0.435572132069253,0.12116392884147202,0.18960921249788812,0.1999119242881239,0.556736060910725,0.389521136786012,521,6.804007771,10.25,0
EE,2005,high,0.4440511994271393,0.0978672872657835,0.1898454469507101,0.23064208139396108,0.5419184866929228,0.4204875283446712,665,9.526426972,8.029999733,0
EE,2005,low,0.404799834122264,0.10809075400196895,0.15446740435058193,0.18310929724481126,0.5128905881242329,0.33757670159539316,214,9.526426972,8.029999733,0
EE,2005,mid,0.4133678002779636,0.10219462680896438,0.18630878599118164,0.22371862358250744,0.515562427086928,0.41002740957368905,1102,9.526426972,8.029999733,0
EE,2006,high,0.444333936106088,0.10347724532851114,0.16545484227446253,0.23610106489853325,0.5478111814345992,0.4015559071729958,316,9.76558337,5.909999847,0
EE,2006,low,0.39635547201336674,0.10216861598440545,0.2303049289891395,0.12204817599554442,0.4985240879977722,0.3523531049846839,114,9.76558337,5.909999847,0
EE,2006,mid,0.4302510138670853,0.09505505407291122,0.16745421245421246,0.21438257674864816,0.5253060679399965,0.3818367892028606,560,9.76558337,5.909999847,0
EE,2007,high,0.6265050086789217,0.08281824455737499,0.09382008490704143,0.13598709663927055,0.7093232532362967,0.22980718154631197,345,7.57914052,4.590000153,0
EE,2007,low,0.5714346764346764,0.08209401709401709,0.13927350427350427,0.07642857142857143,0.6535286935286936,0.2157020757020757,130,7.57914052,4.590000153,0
EE,2007,mid,0.6164166779401155,0.09978390207882396,0.10837849758748196,0.10315529739357865,0.7162005800189394,0.2115337949810606,512,7.57914052,4.590000153,0
EE,2008,high,0.6606139074359413,0.07256814513170445,0.10249508808830843,0.11206297233839607,0.7331820525676458,0.2145580604267045,708,-5.132000958,5.449999809,0
EE,2008,low,0.4815436507936508,0.08828174603174603,0.15687301587301586,0.1183015873015873,0.5698253968253968,0.2751746031746032,200,-5.132000958,5.449999809,0
EE,2008,mid,0.5861573741489472,0.0798924857913622,0.12739529769024152,0.111985553979936,0.6660498599403094,0.2393808516701775,1068,-5.132000958,5.449999809,0
EE,2009,high,0.651368363437329,0.0798050608395436,0.10870910698496905,0.12298219022356953,0.7311734242768726,0.2316912972085386,377,-14.62905503,13.55000019,0
EE,2009,low,0.47422305764411027,0.0506390977443609,0.13739348370927318,0.13774436090225564,0.5248621553884711,0.2751378446115288,95,-14.62905503,13.55000019,0
EE,2009,mid,0.6041453810131971,0.077811986863711,0.1538207747977863,0.10675059295748951,0.6819573678769081,0.2605713677552758,522,-14.62905503,13.55000019,0
EE,2010,high,0.6157140819528496,0.07496586995945147,0.12284573221672067,0.13512643397110663,0.690679951912301,0.2579721661878273,779,2.444265118,16.70999908,0
EE,2010,low,0.45376984126984127,0.05548469387755102,0.19888038548752834,0.05972222222222222,0.5092545351473923,0.2586026077097506,168,2.444265118,16.70999908,0
EE,2010,mid,0.5833724529750045,0.0635291297950768,0.15341222402066368,0.1231405602357516,0.6469015827700813,0.2765527842564153,1019,2.444265118,16.70999908,0
EE,2011,high,0.5721078312277292,0.06483438613540654,0.14811103012633625,0.15117124230644638,0.6369422173631357,0.29928227243278266,784,7.263084581,12.32999992,0
EE,2011,low,0.4488009592326139,0.05373415553271668,0.19516957862281603,0.15841041452552243,0.5025351147653306,0.3535799931483385,139,7.263084581,12.32999992,0
EE,2011,mid,0.5162095882840564,0.05046744036105738,0.1664087685364281,0.16439969604863222,0.5666770286451137,0.3308084645850603,1034,7.263084581,12.32999992,0
EE,2012,high,0.6070585949118924,0.05346284491641154,0.1117276509941382,0.1752610033902093,0.6605214398283039,0.2869886543843475,743,3.228200494,10.02000046,0
EE,2012,low,0.4521933621933622,0.06656565656565656,0.1576911976911977,0.14779220779220778,0.5187590187590188,0.30548340548340547,165,3.228200494,10.02000046,0
EE,2012,mid,0.540639212674317,0.05100411132194813,0.14102587271467726,0.18194180898165718,0.5916433239962652,0.32296768169633444,1054,3.228200494,10.02000046,0
EE,2013,high,0.6161582024113993,0.043283400316648395,0.09222993545244185,0.19462002192181221,0.6594416027280477,0.28684995737425406,391,1.458428636,8.630000114,0
EE,2013,low,0.37929782082324454,0.019774011299435026,0.19778046811945116,0.16585956416464892,0.3990718321226796,0.3636400322841001,59,1.458428636,8.630000114,0
EE,2013,mid,0.5168071492657128,0.04603663678249314,0.13095120042633854,0.1772915696948846,0.562843786048206,0.30824277012122314,543,1.458428636,8.630000114,0
ES,2004,high,0.6194699756049449,0.17235724398301086,0.07270001073682056,0.0720780866486388,0.7918272195879558,0.14477809738545935,489,3.122795242,11.09000015,0
ES,2004,low,0.500413701431801,0.14609673885691984,0.11545408148914936,0.08645176781488999,0.6465104402887208,0.20190584930403935,884,3.122795242,11.09000015,0
ES,2004,mid,0.5968027194313368,0.15535598288813723,0.09458178477471083,0.056796490397776574,0.752158702319474,0.1513782751724874,622,3.122795242,11.09000015,0
ES,2005,high,0.6218354585701524,0.1455597438590636,0.065552512491288,0.0786169109298361,0.767395202429216,0.1441694234211241,441,3.652032674,9.149999619,0
ES,2005,low,0.4413568760477203,0.08998366542956317,0.11346100721843885,0.06863483655992574,0.5313405414772835,0.18209584377836457,841,3.652032674,9.149999619,0
ES,2005,mid,0.5587485133913705,0.12985957164528594,0.09701992892469083,0.07945135111801778,0.6886080850366565,0.17647128004270862,630,3.652032674,9.149999619,0
ES,2006,high,0.6251026895558146,0.15485878415565915,0.07740899147149147,0.06971286815036815,0.7799614737114737,0.1471218596218596,192,4.102727115,8.449999809,0
ES,2006,low,0.40370447188629005,0.11280584007856735,0.08326136053408781,0.043962971235698506,0.5165103119648574,0.12722433176978631,407,4.102727115,8.449999809,0
ES,2006,mid,0.5687046140993509,0.1516652207441681,0.07591032870638134,0.07543036276588908,0.720369834843519,0.15134069147227042,304,4.102727115,8.449999809,0
ES,2007,high,0.6146031746031746,0.15587301587301586,0.08967032967032967,0.07831501831501832,0.7704761904761904,0.16798534798534798,195,3.604687971,8.229999542,0
ES,2007,low,0.4713216957605985,0.12182044887780548,0.10798004987531172,0.06446384039900249,0.593142144638404,0.17244389027431423,401,3.604687971,8.229999542,0
ES,2007,mid,0.5559511131396115,0.13220624778132764,0.12068816877123587,0.0697487195091029,0.6881573609209392,0.19043688828033875,313,3.604687971,8.229999542,0
ES,2008,high,0.6543945953036862,0.13853469762560672,0.08760330578512397,0.06161616161616162,0.7929292929292929,0.14921946740128558,363,0.887145182,11.25,0
ES,2008,low,0.4445927946796002,0.06592996766607878,0.1531539351851852,0.08400848765432099,0.5105227623456791,0.23716242283950617,864,0.887145182,11.25,0
ES,2008,mid,0.5333976833976833,0.11995868048499628,0.14761114497956604,0.06958725642936169,0.6533563638826797,0.2171984014089277,703,0.887145182,11.25,0
ES,2009,high,0.6682024718284261,0.17705379861868412,0.034178480552526355,0.06713013449654671,0.8452562704471102,0.10130861504907307,262,-3.763231927,17.86000061,0
ES,2009,low,0.533534494130062,0.18590885107505606,0.06660730774304181,0.06436485951721409,0.7194433452051181,0.1309721672602559,361,-3.763231927,17.86000061,0
ES,2009,mid,0.6369981325863678,0.19204014939309058,0.0546218487394958,0.07992530345471521,0.8290382819794585,0.134547152194211,357,-3.763231927,17.86000061,0
ES,2010,high,0.5784951790633609,0.13801160960251868,0.10742571822117276,0.1347451790633609,0.7165067886658796,0.24217089728453364,484,0.163010231,19.86000061,0
ES,2010,low,0.3725457613252889,0.07813720254665137,0.19704482962356978,0.14098611726564483,0.45068296387194023,0.3380309468892146,762,0.163010231,19.86000061,0
ES,2010,mid,0.49929143981120555,0.10582408481383591,0.1491105892643228,0.13889248054694614,0.6051155246250415,0.28800306981126894,683,0.163010231,19.86000061,0
ES,2011,high,0.5450553106241729,0.1169975068178661,0.11917940675425705,0.14491548039452232,0.662052817442039,0.2640948871487794,501,-0.814373455,21.38999939,0
ES,2011,low,0.37140758547008546,0.06617891564700075,0.2158394464577975,0.1431166056166056,0.43758650111708625,0.3589560520744031,752,-0.814373455,21.38999939,0
ES,2011,mid,0.4941161563803073,0.09310364687723179,0.15534303222982468,0.15438926901191052,0.5872198032575391,0.3097323012417352,689,-0.814373455,21.38999939,0
ES,2012,high,0.5065068598498831,0.10447582133628645,0.0936338747385259,0.18491832779623477,0.6109826811861696,0.27855220253476065,516,-2.959441302,24.79000092,1
ES,2012,low,0.354802937047835,0.06307634164777022,0.17311197494870964,0.2103692905733722,0.4178792786956052,0.38348126552208184,735,-2.959441302,24.79000092,1
ES,2012,mid,0.4446097411860607,0.09360097819441614,0.16604001086882683,0.18305312139120983,0.5382107193804768,0.3490931322600367,701,-2.959441302,24.79000092,1
ES,2013,high,0.5019454989454989,0.08364890664890665,0.13011599511599511,0.2151986901986902,0.5855944055944056,0.3453146853146853,275,-1.435394259,26.09000015,1
ES,2013,low,0.3062960174858192,0.03999245953920175,0.21580303549142077,0.22827675943823253,0.3462884770250209,0.44407979492965327,353,-1.435394259,26.09000015,1
ES,2013,mid,0.4095101934023217,0.05582823396234475,0.20726593620179626,0.19328484926152564,0.4653384273646664,0.4005507854633219,343,-1.435394259,26.09000015,1
FI,2004,high,0.5122838744588745,0.048336976911976914,0.1846433621933622,0.23373578643578644,0.5606208513708514,0.4183791486291486,1000,3.99209129,10.35999966,0
FI,2004,low,0.3854810004810005,0.054166019166019166,0.2338935138935139,0.23415177415177416,0.43964701964701963,0.46804528804528805,390,3.99209129,10.35999966,0
FI,2004,mid,0.48887774558601393,0.06678429041923582,0.1906538642498081,0.21468253968253967,0.5556620360052498,0.40533640393234777,641,3.99209129,10.35999966,0
FI,2005,high,0.5149877453197372,0.05224476786348014,0.17274430242237082,0.24795074978676587,0.5672325131832174,0.4206950522091367,994,2.779850556,8.380000114,0
FI,2005,low,0.36995981562910696,0.05112201883855427,0.2479820704230153,0.2731933129570925,0.42108183446766123,0.5211753833801078,381,2.779850556,8.380000114,0
FI,2005,mid,0.45686152912343386,0.05685631828488971,0.22818994938042556,0.22158426670331433,0.5137178474083236,0.4497742160837399,630,2.779850556,8.380000114,0
FI,2006,high,0.5196347031963471,0.05442487497282018,0.15702171279470692,0.24543534308700649,0.5740595781691672,0.40245705588171343,511,4.027409658,7.71999979,0
FI,2006,low,0.3670861678004535,0.03807256235827664,0.2436938775510204,0.28829024943310655,0.40515873015873016,0.531984126984127,175,4.027409658,7.71999979,0
FI,2006,mid,0.4040496942670856,0.06827146283668023,0.21648387844040018,0.2610277403755665,0.4723211571037658,0.47751161881596665,299,4.027409658,7.71999979,0
FI,2007,high,0.5225336840162421,0.06163021410114433,0.12111018826135105,0.25984219269102987,0.5841638981173864,0.38095238095238093,516,5.299336507,6.849999905,0
FI,2007,low,0.4261323028338735,0.04378999418266434,0.1842537189395828,0.2568187484417851,0.46992229701653787,0.4410724673813679,191,5.299336507,6.849999905,0
FI,2007,mid,0.4863971346114203,0.0573399814471243,0.1625141723356009,0.24504741290455576,0.5437371160585446,0.4075615852401567,308,5.299336507,6.849999905,0
FI,2008,high,0.5167546328876378,0.07322816482915005,0.12897998279771677,0.24753968253968253,0.5899827977167879,0.37651966533739933,1015,0.783995061,6.3699998859999996,0
FI,2008,low,0.3797480620155039,0.0621608527131783,0.16080426356589148,0.23449612403100775,0.44190891472868216,0.3953003875968992,344,0.783995061,6.3699998859999996,0
FI,2008,mid,0.48551075268817206,0.05235407066052227,0.17883640552995392,0.2349116743471582,0.5378648233486943,0.41374807987711215,620,0.783995061,6.3699998859999996,0
FI,2009,high,0.5339357354663478,0.07945908966317129,0.12338721369333613,0.22796749735525246,0.613394825129519,0.3513547110485886,539,-8.074447432,8.25,0
FI,2009,low,0.4033491107286288,0.05522805507745267,0.16960699942627652,0.2874784853700516,0.4585771658060815,0.45708548479632816,166,-8.074447432,8.25,0
FI,2009,mid,0.4556288819875776,0.05762594893029675,0.176432022084196,0.2740812629399586,0.5132548309178744,0.4505132850241546,276,-8.074447432,8.25,0
FI,2010,high,0.5245837574523775,0.05548905253536633,0.13628866407694384,0.2581186771640458,0.5800728099877438,0.39440734124098964,1058,3.185958654,8.390000343,0
FI,2010,low,0.3268271411128554,0.05317460317460317,0.21402407116692831,0.3070730856445142,0.3800017442874586,0.5210971568114425,273,3.185958654,8.390000343,0
FI,2010,mid,0.4346783913505495,0.06854946261865537,0.17214531761483987,0.28673555988218263,0.5032278539692049,0.45888087749702244,607,3.185958654,8.390000343,0
FI,2011,high,0.537172897555279,0.062443338096774686,0.13544999154873308,0.24363658015642525,0.5996162356520537,0.37908657170515836,1033,2.547664838,7.78000021,0
FI,2011,low,0.39420289855072466,0.06695652173913043,0.2110144927536232,0.26260869565217393,0.46115942028985507,0.4736231884057971,230,2.547664838,7.78000021,0
FI,2011,mid,0.4275723735678825,0.07127749994516462,0.169344278476015,0.27641662645405163,0.49884987351304716,0.4457609049300666,668,2.547664838,7.78000021,0
FI,2012,high,0.5101000526592944,0.05538290829760024,0.12815993379974422,0.2798168208831716,0.5654829609568947,0.40797675468291583,1055,-1.397545728,7.690000057,0
FI,2012,low,0.30432692307692305,0.07541858017604286,0.19946900114810562,0.31630788365862994,0.3797455032529659,0.5157768848067356,268,-1.397545728,7.690000057,0
FI,2012,mid,0.41208320017044847,0.07618248641738574,0.18275806967082134,0.2853520826675189,0.48826568658783426,0.46811015233834025,596,-1.397545728,7.690000057,0
FI,2013,high,0.5160361377752682,0.04886834180312441,0.13700592885375493,0.2743741765480896,0.5649044795783926,0.41138010540184455,506,-0.901696316,8.18999958,0
FI,2013,low,0.2854563492063492,0.09583333333333333,0.2172420634920635,0.29313492063492064,0.38128968253968254,0.5103769841269842,120,-0.901696316,8.18999958,0
FI,2013,mid,0.45411500099000096,0.08266755766755766,0.15169022044022043,0.27098668036168033,0.5367825586575586,0.4226769008019008,296,-0.901696316,8.18999958,0
FR,2004,high,0.6245383066100197,0.08452500723417058,0.15687327649479044,0.11281506968757965,0.7090633138441903,0.2696883461823701,753,2.829752929,8.909999847,0
FR,2004,low,0.44924412189118074,0.06492784992784993,0.313143408878703,0.13150814871403108,0.5141719718190306,0.44465155759273406,340,2.829752929,8.909999847,0
FR,2004,mid,0.5238006969389948,0.06768467348254582,0.24622083294955635,0.1218682647140094,0.5914853704215406,0.36808909766356573,940,2.829752929,8.909999847,0
FR,2005,high,0.6642537156077447,0.05678218376368971,0.15985197468024417,0.10590208631820257,0.7210358993714344,0.26575406099844673,757,1.66321998,8.489999771,0
FR,2005,low,0.45697735650342286,0.04252614157827428,0.31189159708117054,0.14595087640111337,0.49950349808169714,0.4578424734822839,422,1.66321998,8.489999771,0
FR,2005,mid,0.5001149308050035,0.05981767761428778,0.2911465585799726,0.12955037295231,0.5599326084192913,0.4206969315322826,826,1.66321998,8.489999771,0
FR,2006,high,0.6962492924509499,0.05775912240000638,0.14034604131289213,0.10288311289692505,0.7540084148509563,0.2432291542098172,362,2.449323601,8.449999809,0
FR,2006,low,0.40444480684206713,0.05262919475248242,0.3010418931651808,0.17795716460100022,0.45707400159454953,0.47899905776618107,219,2.449323601,8.449999809,0
FR,2006,mid,0.5375017995667648,0.042740296568602835,0.2510102684116605,0.14554577930448,0.5802420961353676,0.3965560477161405,431,2.449323601,8.449999809,0
FR,2007,high,0.6725144655563374,0.05430545781531003,0.14514719680975838,0.10832844632105716,0.7268199233716475,0.25347564313081555,406,2.424736243,7.659999847,0
FR,2007,low,0.4183368219082505,0.06090397697540555,0.2909079016221873,0.1694117390545962,0.479240798883656,0.46031964067678355,182,2.424736243,7.659999847,0
FR,2007,mid,0.5325587458881298,0.057511643175150284,0.2581418449901862,0.13993942471430623,0.59007038906328,0.3980812697044924,422,2.424736243,7.659999847,0
FR,2008,high,0.6853884431265383,0.056190524642905595,0.12953587417873133,0.11301214217880884,0.741578967769444,0.24254801635754017,756,0.25494596,7.059999943,0
FR,2008,low,0.4609102934102934,0.050995670995671,0.2298430735930736,0.17769540644540643,0.5119059644059644,0.40753848003848003,360,0.25494596,7.059999943,0
FR,2008,mid,0.5458305464206752,0.05130543633762518,0.21800504276362645,0.14837828778279422,0.5971359827583004,0.3663833305464207,932,0.25494596,7.059999943,0
FR,2009,high,0.658327852319565,0.06319280014031395,0.1181136543014996,0.13274138384635623,0.721520652459879,0.2508550381478558,362,-2.873313828,8.739999771,0
FR,2009,low,0.4243295739348371,0.05952380952380952,0.2657644110275689,0.2293295739348371,0.4838533834586466,0.49509398496240603,190,-2.873313828,8.739999771,0
FR,2009,mid,0.5276908882439356,0.046063993693790536,0.2144362033752553,0.17569153319717654,0.5737548819377262,0.3901277365724318,443,-2.873313828,8.739999771,0
FR,2010,high,0.6435303002938907,0.038093596247831395,0.12616425223884137,0.15807784363410154,0.6816238965417221,0.2842420958729429,791,1.949437623,8.869999886,0
FR,2010,low,0.4075195049771321,0.05267881163764941,0.2762433221876321,0.19576175102809484,0.4601983166147815,0.472005073215727,413,1.949437623,8.869999886,0
FR,2010,mid,0.5219870530521418,0.04760340579867207,0.2219227879287051,0.17771752245125025,0.5695904588508138,0.39964031037995534,845,1.949437623,8.869999886,0
FR,2011,high,0.6069715007215007,0.042119726678550205,0.13845174433409727,0.17636077158135982,0.6490912274000509,0.3148125159154571,748,2.192700633,8.81000042,0
FR,2011,low,0.3694101867335563,0.05200644011785316,0.306717331581462,0.20393125895843286,0.42141662685140946,0.5106485905398949,368,2.192700633,8.81000042,0
FR,2011,mid,0.47400664811379095,0.055315484779770496,0.22048546691403834,0.21988936988936988,0.5293221328935614,0.4403748368034082,924,2.192700633,8.81000042,0
FR,2012,high,0.64115220528264,0.05453813497291758,0.13885542798586276,0.15623157036200513,0.6956903402555576,0.2950869983478679,759,0.313134751,9.399999619,0
FR,2012,low,0.4059841330795088,0.05166149682045636,0.28062637426799275,0.20970487444475883,0.45764562989996516,0.4903312487127516,346,0.313134751,9.399999619,0
FR,2012,mid,0.47647642212859603,0.05345733171820128,0.23826970131317957,0.20169621039186256,0.5299337538467973,0.4399659117050421,897,0.313134751,9.399999619,0
FR,2013,high,0.5999348958333334,0.0449280753968254,0.15613219246031745,0.1599423363095238,0.6448629712301587,0.31607452876984127,384,0.576326675,9.9200000760000009,0
FR,2013,low,0.41626322751322753,0.04989858906525573,0.26200396825396827,0.21627865961199294,0.46616181657848327,0.4782826278659612,180,0.576326675,9.9200000760000009,0
FR,2013,mid,0.430798466528555,0.04697269912977878,0.25870966545745305,0.2082094343709388,0.4777711656583338,0.46691909982839186,452,0.576326675,9.9200000760000009,0
GB,2004,high,0.5207481794691097,0.10931071512466861,0.16066143159166416,0.16699637571730594,0.6300588945937783,0.3276578073089701,473,2.355629762,4.590000153,0
GB,2004,low,0.28388569352181214,0.07292579388266719,0.2528639038409928,0.2164701613151748,0.3568114874044793,0.4693340651561676,742,2.355629762,4.590000153,0
GB,2004,mid,0.3830767430976199,0.07763498969135713,0.21436477965705522,0.1739144409290547,0.46071173278897704,0.3882792205861099,1437,2.355629762,4.590000153,0
GB,2005,high,0.4827398516386612,0.11399808855165998,0.162824691842549,0.18091355844332035,0.5967379401903211,0.34373825028586935,504,2.59328001,4.75,0
GB,2005,low,0.2560378247410666,0.049637253159697046,0.256532560678446,0.2308098177798926,0.3056750779007637,0.48734237845833855,802,2.59328001,4.75,0
GB,2005,mid,0.3796449936011207,0.06994562212035738,0.22007696245593372,0.18661078793453983,0.44959061572147807,0.40668775039047356,1322,2.59328001,4.75,0
GB,2006,high,0.5243112014453478,0.120050974319267,0.13850658149438638,0.16428571428571428,0.6443621757646147,0.30279229578010064,246,2.584104677,5.349999905,0
GB,2006,low,0.26747305506564767,0.03891534391534392,0.26899372917891434,0.26659318048206937,0.30638839898099157,0.5355869096609838,405,2.584104677,5.349999905,0
GB,2006,mid,0.39486336163403246,0.07895146108874658,0.19415073572639874,0.18538857571618883,0.47381482272277903,0.37953931144258757,641,2.584104677,5.349999905,0
GB,2007,high,0.5297340830551163,0.11266180518948046,0.1552348737773092,0.16915890587477303,0.6423958882445967,0.3243937796520822,271,2.269486875,5.260000229,0
GB,2007,low,0.2485021905724085,0.04007365381457391,0.2794677343103493,0.21888136076998063,0.2885758443869824,0.49834909508032993,413,2.269486875,5.260000229,0
GB,2007,mid,0.3925836519180675,0.07235890912838965,0.2327318289574783,0.16596197363242818,0.46494256104645715,0.3986938025899065,616,2.269486875,5.260000229,0
GB,2008,high,0.4858995257854179,0.12142116182572614,0.1484818547059211,0.16328459461239545,0.607320687611144,0.31176644931831654,482,-0.239638085,5.6199998859999996,0
GB,2008,low,0.23674228690091634,0.050054936603159954,0.27817579346767163,0.2243670845510947,0.28679722350407627,0.5025428780187663,788,-0.239638085,5.6199998859999996,0
GB,2008,mid,0.33215678996929,0.05901092648777834,0.22711036819833116,0.19807994003595855,0.3911677164570683,0.4251903082342897,1296,-0.239638085,5.6199998859999996,0
GB,2009,high,0.5003003003003003,0.0983765015015015,0.1396986271986272,0.18054348991848992,0.5986768018018018,0.32024211711711714,296,-4.247356266,7.5399999619999996,0
GB,2009,low,0.2812957580662963,0.04685033254438353,0.24015938421037572,0.2645557149806442,0.32814609061067984,0.5047150991910199,353,-4.247356266,7.5399999619999996,0
GB,2009,mid,0.328680932521294,0.050585492151757214,0.22585065536872764,0.21566605248834164,0.37926642467305116,0.4415167078570693,664,-4.247356266,7.5399999619999996,0
GB,2010,high,0.48690424453136316,0.07349723722605078,0.16471171954222802,0.19861561225968005,0.560401481757414,0.36332733180190807,590,2.131438198,7.7899999619999996,0
GB,2010,low,0.19828173775542196,0.03155596839807366,0.25280898438793176,0.2906326616852933,0.22983770615349564,0.543441646073225,741,2.131438198,7.7899999619999996,0
GB,2010,mid,0.31702156938044035,0.05536578341013825,0.24124935995903737,0.24120199692780336,0.3723873527905786,0.48245135688684077,1240,2.131438198,7.7899999619999996,0
GB,2011,high,0.43876223845167944,0.08190771012975982,0.16437553561000764,0.22489240400731084,0.5206699485814392,0.3892679396173185,644,1.457563391,8.039999962,0
GB,2011,low,0.19077708006279434,0.04839759655549129,0.2603343982667291,0.32605483488942133,0.23917467661828565,0.5863892331561504,665,1.457563391,8.039999962,0
GB,2011,mid,0.2899878781855526,0.048984211309792705,0.235680678064399,0.2579053719751394,0.3389720894953453,0.4935860500395384,1290,1.457563391,8.039999962,0
GB,2012,high,0.4472312095569935,0.0656676898401637,0.1831093412974946,0.2273367070405398,0.5128988993971573,0.4104460483380344,574,1.469887521,7.8800001140000004,0
GB,2012,low,0.19388095238095238,0.04131972789115646,0.290656462585034,0.28985714285714287,0.23520068027210883,0.5805136054421769,700,1.469887521,7.8800001140000004,0
GB,2012,mid,0.2935001972817099,0.05213833785262357,0.2325637481099666,0.24532712852040583,0.34563853513433346,0.47789087663037244,1309,1.469887521,7.8800001140000004,0
GB,2013,high,0.5065860615079365,0.07574156746031746,0.15038318452380953,0.1985391865079365,0.582327628968254,0.348922371031746,320,1.890018342,7.519999981,0
GB,2013,low,0.18753200822166338,0.03893577686681135,0.2757779576745094,0.29712729798936693,0.22646778508847473,0.5729052556638764,319,1.890018342,7.519999981,0
GB,2013,mid,0.3203154935926758,0.06053208744632941,0.24064651105233034,0.24068048677543316,0.38084758103900523,0.4813269978277635,653,1.890018342,7.519999981,0
GR,2004,high,0.6026643952688969,0.15078577638867027,0.18841825823337077,0.038838965607454354,0.7534501716575671,0.2272572238408251,622,5.060992902,10.31000042,0
GR,2004,low,0.5113018277244219,0.1392983740264075,0.23077730033796978,0.054466291495580195,0.6506002017508293,0.28524359183354997,717,5.060992902,10.31000042,0
GR,2004,mid,0.5552144427144428,0.13744223744223744,0.2058512641845975,0.05494550911217578,0.6926566801566801,0.2607967732967733,666,5.060992902,10.31000042,0
GR,2005,high,0.6130843713593276,0.11142877360040232,0.20952336727292944,0.06421217428222682,0.7245131449597298,0.2737355415551563,571,0.59914188,9.989999771,0
GR,2005,low,0.5051869986345793,0.09012043437446664,0.2969384707287933,0.07549603174603174,0.5953074330090459,0.37243450247482507,744,0.59914188,9.989999771,0
GR,2005,mid,0.5547642774100173,0.12099674947208579,0.25105404892400407,0.06720585095024557,0.6757610268821032,0.31825989987424963,669,0.59914188,9.989999771,0
GR,2006,high,0.594954051796157,0.1037719298245614,0.21453634085213033,0.07270258980785296,0.6987259816207184,0.2872389306599833,285,5.652433708,9.010000229,0
GR,2006,low,0.515214432298865,0.07310172969803577,0.3184654688612472,0.07474871214976755,0.5883161619969007,0.3932141810110148,379,5.652433708,9.010000229,0
GR,2006,mid,0.5838789682539682,0.07288005479969765,0.26358064058956915,0.0707317649281935,0.656759023053666,0.33431240551776265,336,5.652433708,9.010000229,0
GR,2007,high,0.5994742063492063,0.1309608843537415,0.21045068027210884,0.055542800453514736,0.7304350907029479,0.26599348072562357,280,3.273746933,8.399999619,0
GR,2007,low,0.5628607964925101,0.07732614785044452,0.2547740835464621,0.08202106929728413,0.6401869443429545,0.33679515284374617,391,3.273746933,8.399999619,0
GR,2007,mid,0.613655462184874,0.0727922748046587,0.24849624060150374,0.06196004717676544,0.6864477369895327,0.3104562877782692,323,3.273746933,8.399999619,0
GR,2008,high,0.578019808474354,0.11835510953692771,0.21678151646333466,0.06866174734356552,0.6963749180112816,0.28544326380690016,550,-0.335172558,7.760000229,0
GR,2008,low,0.5018831168831169,0.08882928033934745,0.301740898922107,0.0820433481507307,0.5907123972224644,0.38378424707283765,745,-0.335172558,7.760000229,0
GR,2008,mid,0.5638154448771379,0.11410068092277562,0.2404272278016898,0.06587472387328916,0.6779161257999134,0.3063019516749789,697,-0.335172558,7.760000229,0
GR,2009,high,0.6102830783336198,0.12567331385020916,0.19568935877600138,0.05752392413042232,0.735956392183829,0.2532132829064237,277,-4.300733458,9.619999886,0
GR,2009,low,0.5244594231286247,0.11708818220225065,0.2343315007763677,0.0784935174669015,0.6415476053308753,0.3128250182432692,263,-4.300733458,9.619999886,0
GR,2009,mid,0.5426549455009276,0.11853411345598845,0.227738562280973,0.08205452161925376,0.661189058956916,0.30979308390022675,448,-4.300733458,9.619999886,0
GR,2010,high,0.5321571058106067,0.10237596534724003,0.24557151406343505,0.09117010059559431,0.6345330711578467,0.33674161465902935,557,-5.478627432,12.71000004,1
GR,2010,low,0.40331939081939083,0.06987947769197769,0.36038985413985414,0.10391127734877735,0.4731988685113685,0.4643011314886315,592,-5.478627432,12.71000004,1
GR,2010,mid,0.46711715528441505,0.08007211583724039,0.29187472933024533,0.10755521662994973,0.5471892711216555,0.39942994596019504,843,-5.478627432,12.71000004,1
GR,2011,high,0.5030992660221983,0.11098728965270319,0.27397735409953455,0.08186090225563909,0.6140865556749016,0.35583825635517363,532,-10.14931483,17.86000061,1
GR,2011,low,0.3453473659995399,0.0860305958132045,0.4051644812514378,0.11031746031746031,0.4313779618127444,0.515481941568898,621,-10.14931483,17.86000061,1
GR,2011,mid,0.4490745568300313,0.08713600200826478,0.34751091028463293,0.09803035569458927,0.536210558838296,0.44554126597922217,822,-10.14931483,17.86000061,1
GR,2012,high,0.4687268358765943,0.0765125373821026,0.33534749380160006,0.07271426015387368,0.545239373258697,0.4080617539554738,621,-7.086696786,24.44000053,1
GR,2012,low,0.37442726945344745,0.06162082052134408,0.39196861408903294,0.09344926452256296,0.43604808997479155,0.4854178786115959,573,-7.086696786,24.44000053,1
GR,2012,mid,0.39955096073517127,0.06461192664200183,0.3818748259537733,0.09255877789712376,0.4641628873771731,0.47443360385089706,798,-7.086696786,24.44000053,1
GR,2013,high,0.44121537960247637,0.08190499464693013,0.3574862682120747,0.0871352930223898,0.5231203742494065,0.44462156123446445,310,-2.515997222,27.46999931,1
GR,2013,low,0.3611125436937711,0.07354592860008022,0.3905521173571715,0.09175691937424789,0.43465847229385135,0.4823090367314194,277,-2.515997222,27.46999931,1
GR,2013,mid,0.37908740005514197,0.06726830517153097,0.3868269723108433,0.10726397258655324,0.44635570522667295,0.4940909448973965,403,-2.515997222,27.46999931,1
HU,2004,high,0.5674706246134817,0.16615388579674295,0.18865182436611008,0.05174963924963925,0.7336245104102247,0.24040146361574932,154,5.000448324,5.829999924,0
HU,2004,low,0.45698416025391503,0.15350730105498497,0.23224491221766425,0.06462057470231856,0.6104914613089,0.2968654869199828,367,5.000448324,5.829999924,0
HU,2004,mid,0.549933998239953,0.14056908184218245,0.19940190997685864,0.08134757667611876,0.6905030800821356,0.2807494866529774,487,5.000448324,5.829999924,0
HU,2005,high,0.6397223549397463,0.13105855497159843,0.15971757710888146,0.04943462334766682,0.7707809099113447,0.20915220045654828,299,4.295278477,7.190000057,0
HU,2005,low,0.4507318969854993,0.12451054389094734,0.22564498421847123,0.09392525502035588,0.5752424408764466,0.31957023923882716,694,4.295278477,7.190000057,0
HU,2005,mid,0.5306968852355757,0.12821554547745023,0.2091820987654321,0.08230229591836735,0.658912430713026,0.29148439468379944,1008,4.295278477,7.190000057,0
HU,2006,high,0.5791532768526634,0.138173142467621,0.15388304606096018,0.07971078001752849,0.7173264193202844,0.23359382607848866,163,3.947769723,7.489999771,0
HU,2006,low,0.4533898305084746,0.11643126177024482,0.20089453860640302,0.09934086629001883,0.5698210922787194,0.30023540489642186,354,3.947769723,7.489999771,0
HU,2006,mid,0.5918848415860368,0.1299445076835515,0.1550464807436919,0.0673472775564409,0.7218293492695883,0.2223937583001328,502,3.947769723,7.489999771,0
HU,2007,high,0.591253750246556,0.1179601773126953,0.2047800720462591,0.05722902197722342,0.7092139275592513,0.2620090940234825,139,0.276980757,7.409999847,0
HU,2007,low,0.47164694280078895,0.08126232741617356,0.2680473372781065,0.1287475345167653,0.5529092702169626,0.3967948717948718,338,0.276980757,7.409999847,0
HU,2007,mid,0.5771209372637944,0.08587679516250944,0.20979667422524564,0.10625321239606954,0.6629977324263039,0.31604988662131517,525,0.276980757,7.409999847,0
HU,2008,high,0.6168293936279547,0.08260106200753682,0.16303956834532374,0.09796163069544364,0.6994304556354916,0.2610011990407674,278,1.006464779,7.820000172,1
HU,2008,low,0.45146753246753246,0.07516450216450217,0.24115584415584415,0.11403030303030302,0.5266320346320347,0.35518614718614716,550,1.006464779,7.820000172,1
HU,2008,mid,0.557518922377413,0.0856373710147295,0.2024929211249966,0.10031991069726919,0.6431562933921424,0.30281283182226576,1166,1.006464779,7.820000172,1
HU,2009,high,0.5581222559945964,0.12213779128672746,0.19326241134751773,0.0768321513002364,0.6802600472813238,0.2700945626477541,141,-6.595474129,10.02999973,1
HU,2009,low,0.4151833607006021,0.049912424740010945,0.29312260536398466,0.1314367816091954,0.46509578544061303,0.4245593869731801,290,-6.595474129,10.02999973,1
HU,2009,mid,0.5143467643467643,0.09287342287342287,0.22147334147334147,0.10122100122100122,0.6072201872201872,0.3226943426943427,585,-6.595474129,10.02999973,1
HU,2010,high,0.6352185448959643,0.07610668900991481,0.15709398128752966,0.09345761765116603,0.7113252339058791,0.2505515989386957,341,1.083118668,11.17000008,1
HU,2010,low,0.4524277264771561,0.06462671253545778,0.27798901563160117,0.08708582292232482,0.5170544390126139,0.36507483855392603,526,1.083118668,11.17000008,1
HU,2010,mid,0.5471856546941871,0.09186304783574407,0.21348732325694783,0.0954161926431551,0.6390487025299312,0.30890351590010295,1172,1.083118668,11.17000008,1
HU,2011,high,0.602862480274761,0.11847442680776014,0.15085282651072124,0.08395061728395062,0.7213369070825211,0.23480344379467186,342,1.860155072,11.02999973,0
HU,2011,low,0.378019373365908,0.0689126055462689,0.28276070464189274,0.13565385109939565,0.44693197891217695,0.4184145557412884,505,1.860155072,11.02999973,0
HU,2011,mid,0.4929622966487373,0.10409600286718931,0.2169298686247839,0.11821522168979796,0.5970582995159266,0.33514509031458184,1180,1.860155072,11.02999973,0
HU,2012,high,0.5528222308960014,0.10842223956978055,0.16218991239483044,0.11372408708474283,0.6612444704657819,0.27591399947957324,366,-1.257749507,11,0
HU,2012,low,0.38618598382749325,0.0821035489667565,0.2892014824797844,0.11750898472596585,0.4682895327942498,0.4067104672057502,424,-1.257749507,11,0
HU,2012,mid,0.4943581780538302,0.08199539044493925,0.215264919202573,0.14357429326666407,0.5763535684987695,0.35883921246923706,1219,-1.257749507,11,0
HU,2013,high,0.5768262737875998,0.13403928790669123,0.1481890730509515,0.09674647022713322,0.7108655616942909,0.2449355432780847,181,1.806363928,10.18000031,0
HU,2013,low,0.5104973297730308,0.06845794392523365,0.22590676457498887,0.08766132621272808,0.5789552736982644,0.31356809078771697,214,1.806363928,10.18000031,0
HU,2013,mid,0.514651718292495,0.10610070889197103,0.18400369856680537,0.12566458622283866,0.620752427184466,0.30966828478964403,618,1.806363928,10.18000031,0
IE,2004,high,0.5700247291568535,0.23796486328869748,0.10309871475674584,0.05782360989614876,0.807989592445551,0.1609223246528946,386,6.785872817,4.489999771,0
IE,2004,low,0.3743674898709224,0.1681996493209308,0.1822939265158945,0.11724419745014711,0.5425671391918532,0.29953812396604157,437,6.785872817,4.489999771,0
IE,2004,mid,0.48526113532501947,0.19257766887664673,0.13512285792950188,0.07119506700000737,0.6778388042016662,0.20631792492950926,1174,6.785872817,4.489999771,0
IE,2005,high,0.5681860670194003,0.22220723104056436,0.09488007054673721,0.09250440917107583,0.7903932980599647,0.18738447971781305,450,5.73621145,4.340000153,0
IE,2005,low,0.37935051248059376,0.18732436638940703,0.1891838438586406,0.08966973255591142,0.5666748788700008,0.278853576414552,369,5.73621145,4.340000153,0
IE,2005,mid,0.5048146250547623,0.19034732896225176,0.16279454060328846,0.07514813659753625,0.6951619540170141,0.2379426772008247,1166,5.73621145,4.340000153,0
IE,2006,high,0.5934822306503722,0.22049445146790278,0.10237744065177694,0.043822868380390505,0.813976682118275,0.14620030903216744,226,4.980502016,4.409999847,0
IE,2006,low,0.42760009476427385,0.1845889599620943,0.22665837479270315,0.076575456053068,0.6121890547263682,0.30323383084577116,201,4.980502016,4.409999847,0
IE,2006,mid,0.5542568542568542,0.18931207681207682,0.164514652014652,0.042965367965367963,0.7435689310689311,0.20748001998001997,572,4.980502016,4.409999847,0
IE,2007,high,0.5722382232462877,0.20905177931387608,0.12096454173067075,0.061455133128520224,0.7812900025601639,0.18241967485919097,248,5.30546835,4.980000019,0
IE,2007,low,0.40935344469375884,0.14130931604753594,0.28371977063076537,0.08184783512008643,0.5506627607412947,0.36556760575085184,191,5.30546835,4.980000019,0
IE,2007,mid,0.5261096681096681,0.1736002886002886,0.1713867243867244,0.05981240981240981,0.6997099567099567,0.2311991341991342,550,5.30546835,4.980000019,0
IE,2008,high,0.5967293769756297,0.20713011114510044,0.0950927908636688,0.07535178953808504,0.80385948812073,0.17044458040175384,467,-4.486599314,6.769999981,0
IE,2008,low,0.3815136367622555,0.14337674296237832,0.2138121546961326,0.0845018854687363,0.5248903797246338,0.2983140401648689,362,-4.486599314,6.769999981,0
IE,2008,mid,0.5162890267728978,0.14164801584156422,0.18180047454241002,0.07656588301749592,0.657937042614462,0.25836635755990595,1147,-4.486599314,6.769999981,0
IE,2009,high,0.5983540372670807,0.1860351966873706,0.14748447204968945,0.05943064182194617,0.7843892339544514,0.2069151138716356,230,-5.100471121,12.60999966,0
IE,2009,low,0.4211196911196911,0.11558558558558558,0.24604247104247104,0.0767117117117117,0.5367052767052767,0.3227541827541828,185,-5.100471121,12.60999966,0
IE,2009,mid,0.5137092228233625,0.15615159967800513,0.16931761216258662,0.07734626720998102,0.6698608225013677,0.24666387937256762,587,-5.100471121,12.60999966,0
IE,2010,high,0.5807276165674603,0.17238963293650794,0.12270972842261904,0.0890167720734127,0.7531172495039683,0.21172650049603176,512,1.755080743,14.52999973,1
IE,2010,low,0.34443132624950806,0.10638856093401548,0.25842844024662204,0.11995277449822904,0.45081988718352356,0.3783812147448511,363,1.755080743,14.52999973,1
IE,2010,mid,0.4861338274128972,0.1525037623874833,0.1890599710367152,0.09537936223982736,0.6386375898003805,0.2844393332765426,1118,1.755080743,14.52999973,1
IE,2011,high,0.5983582766439909,0.11392743764172336,0.14143990929705216,0.10627437641723356,0.7122857142857143,0.24771428571428572,525,1.068526654,15.350000380000001,1
IE,2011,low,0.34596329097676803,0.09343152355281735,0.28327878321139777,0.11829675266332948,0.4393948145295854,0.4015755358747272,371,1.068526654,15.350000380000001,1
IE,2011,mid,0.4408198664081017,0.12759965524671407,0.20481900452488688,0.1317388493859082,0.5684195216548158,0.33655785391079507,1105,1.068526654,15.350000380000001,1
IE,2012,high,0.5346493170911776,0.14410114433370247,0.1453156146179402,0.12942229605020303,0.67875046142488,0.27473791066814324,645,-0.052354785,15.44999981,1
IE,2012,low,0.28731153903567697,0.09017763845350052,0.2648231079265562,0.1539259590983729,0.3774891774891775,0.4187490670249291,319,-0.052354785,15.44999981,1
IE,2012,mid,0.41734119094954086,0.13031730253400234,0.2275631922749219,0.1373031651361671,0.5476584934835432,0.364866357411089,1006,-0.052354785,15.44999981,1
IE,2013,high,0.4981453634085213,0.1075438596491228,0.14803258145363407,0.17785714285714285,0.605689223057644,0.32588972431077695,380,1.267014661,13.72999954,1
IE,2013,low,0.34049217002237137,0.08892617449664429,0.23970917225950783,0.17651006711409395,0.42941834451901567,0.4162192393736018,149,1.267014661,13.72999954,1
IE,2013,mid,0.3913193197506923,0.10945438004261533,0.2446375701277662,0.15654951439265163,0.5007736997933077,0.40118708452041785,459,1.267014661,13.72999954,1
IT,2004,high,0.6724612650657666,0.11312641895439322,0.11650625633744605,0.06414400176458054,0.7855876840201599,0.1806502581020266,622,1.423594158,7.8699998859999996,0
IT,2004,low,0.48274276743664496,0.09857591388203633,0.18336884204231144,0.10501420348359124,0.5813186813186814,0.28838304552590266,637,1.423594158,7.8699998859999996,0
IT,2004,mid,0.6340877457289671,0.11325207871009398,0.11856517104608708,0.061575920545386194,0.7473398244390611,0.18014109159147326,786,1.423594158,7.8699998859999996,0
IT,2005,high,0.6376764062810575,0.14631569980407189,0.12504472271914133,0.058762813413976205,0.7839921060851294,0.18380753613311754,559,0.817848974,7.730000019,0
IT,2005,low,0.4727335415040333,0.11972027062190997,0.21277842831121518,0.09476775956284153,0.5924538121259433,0.30754618787405674,610,0.817848974,7.730000019,0
IT,2005,mid,0.5872085351924061,0.11889893260861002,0.15908661231241877,0.07525257001063453,0.7061074678010162,0.23433918232305329,806,0.817848974,7.730000019,0
IT,2006,high,0.6696145124716554,0.13875489589775303,0.07943722943722943,0.0386002886002886,0.8083694083694084,0.11803751803751804,231,1.790639681,6.78000021,0
IT,2006,low,0.4590670859538784,0.1279874213836478,0.18684486373165618,0.0720125786163522,0.5870545073375262,0.2588574423480084,318,1.790639681,6.78000021,0
IT,2006,mid,0.6233110616184113,0.1038233110616184,0.1253155159613957,0.06737193763919821,0.7271343726800297,0.19268745360059392,449,1.790639681,6.78000021,0
IT,2007,high,0.6362385321100917,0.13356269113149846,0.14403669724770643,0.026529051987767584,0.7698012232415902,0.17056574923547402,218,1.48707298,6.079999924,0
IT,2007,low,0.4888157894736842,0.1162280701754386,0.23194444444444445,0.06652046783625731,0.6050438596491228,0.29846491228070177,342,1.48707298,6.079999924,0
IT,2007,mid,0.6035365853658536,0.1296109175377468,0.15814750290360047,0.04772938443670151,0.7331475029036004,0.20587688734030196,410,1.48707298,6.079999924,0
IT,2008,high,0.5997336742303185,0.13397251518056888,0.13020134228187918,0.06002982848620433,0.7337061894108874,0.19023117076808352,447,-0.962012841,6.71999979,0
IT,2008,low,0.4078389495333017,0.11491061540895428,0.23310393925011866,0.08135579813320677,0.522749564942256,0.31445973738332544,602,-0.962012841,6.71999979,0
IT,2008,mid,0.5352874597719959,0.11997627229585993,0.18789750722740414,0.07780096001745486,0.6552637320678558,0.265698467244859,873,-0.962012841,6.71999979,0
IT,2009,high,0.6339259721355791,0.15889997920565607,0.12398627573300063,0.06135371179039301,0.7928259513412352,0.18533998752339365,229,-5.280937208,7.75,0
IT,2009,low,0.5088522588522588,0.13876678876678877,0.21666666666666667,0.08443223443223444,0.6476190476190476,0.3010989010989011,273,-5.280937208,7.75,0
IT,2009,mid,0.58373603141045,0.10853216550890969,0.18119987247894223,0.08213446759958387,0.6922681969193597,0.26333434007852613,473,-5.280937208,7.75,0
IT,2010,high,0.6221412374473599,0.112477054313789,0.13896447467876039,0.05839002267573696,0.7346182917611489,0.19735449735449737,441,1.713295839,8.359999657,0
IT,2010,low,0.4657967032967033,0.0989278083028083,0.22127213064713064,0.10022130647130648,0.5647245115995116,0.32149343711843714,624,1.713295839,8.359999657,0
IT,2010,mid,0.5534066567803592,0.11604328005712089,0.18771351677926074,0.07017218652166748,0.6694499368374801,0.2578857033009282,867,1.713295839,8.359999657,0
IT,2011,high,0.5533011767925561,0.15806308155446086,0.15843425013683635,0.07847735358511221,0.711364258347017,0.23691160372194855,464,0.707333347,8.359999657,0
IT,2011,low,0.3625526932084309,0.09793911007025762,0.2421272443403591,0.1400039032006245,0.46049180327868855,0.3821311475409836,610,0.707333347,8.359999657,0
IT,2011,mid,0.5061886685259788,0.1290698274971594,0.20463407705815514,0.09936989980373928,0.6352584960231381,0.30400397686189445,922,0.707333347,8.359999657,0
IT,2012,high,0.4888539750664214,0.11123543838136113,0.17880134886572654,0.13098048232168405,0.6000894134477825,0.3097818311874106,466,-2.980905768,10.649999619999999,0
IT,2012,low,0.3784965437788018,0.0821505376344086,0.24618663594470047,0.17058563748079877,0.4606470814132104,0.4167722734254992,620,-2.980905768,10.649999619999999,0
IT,2012,mid,0.44850352733686066,0.11356701940035273,0.2113231922398589,0.13438403880070546,0.5620705467372134,0.3457072310405644,900,-2.980905768,10.649999619999999,0
IT,2013,high,0.51182539682539685,0.11563492063492063,0.18087301587301588,0.11547619047619048,0.6274603174603175,0.29634920634920636,210,-1.841065451,12.149999619999999,0
IT,2013,low,0.3803609341825902,0.10376857749469215,0.2393312101910828,0.13959660297239915,0.48412951167728235,0.37892781316348195,314,-1.841065451,12.149999619999999,0
IT,2013,mid,0.49542473399616255,0.11463980463980464,0.23116692830978544,0.0950322693179836,0.6100645386359672,0.32619919762776906,455,-1.841065451,12.149999619999999,0
LT,2004,high,0.5773476702508961,0.23015873015873015,0.09442908346134153,0.06580645161290323,0.8075064004096262,0.16023553507424476,310,6.569490118,10.68000031,0
LT,2004,low,0.4203071083505866,0.2412621731462311,0.11871788973238248,0.06512345679012346,0.6615692814968177,0.18384134652250594,207,6.569490118,10.68000031,0
LT,2004,mid,0.530527447089947,0.242146164021164,0.10471643518518518,0.049693287037037036,0.7726736111111111,0.1544097222222222,480,6.569490118,10.68000031,0
LT,2005,high,0.579071051373483,0.1876297714443611,0.11222455777926903,0.0830806984302425,0.7667008228178441,0.19530525620951153,658,7.732367604,8.319999695,0
LT,2005,low,0.37792386185243326,0.15893511250654108,0.1539835164835165,0.09761904761904762,0.5368589743589743,0.2516025641025641,364,7.732367604,8.319999695,0
LT,2005,mid,0.537501909854851,0.1871954842543078,0.11781427722604193,0.07406586877175113,0.7246973941091588,0.19188014599779304,935,7.732367604,8.319999695,0
LT,2006,high,0.5980418335558523,0.1754079513425308,0.10973025762745389,0.06386045591653068,0.773449784898383,0.17359071354398456,321,7.414121335,5.78000021,0
LT,2006,low,0.43795761078998074,0.13911368015414258,0.11483622350674373,0.1,0.5770712909441233,0.21483622350674375,173,7.414121335,5.78000021,0
LT,2006,mid,0.5522781602600879,0.20458181934085548,0.08086154140371007,0.07994916172627016,0.7568599796009434,0.16081070312998025,498,7.414121335,5.78000021,0
LT,2007,high,0.6271113887731964,0.20441251330464158,0.08571775649035124,0.0623501781665047,0.8315239020778379,0.14806793465685594,343,11.10748014,4.25,0
LT,2007,low,0.5444862155388471,0.14974937343358397,0.10651629072681704,0.07142857142857142,0.6942355889724311,0.17794486215538846,133,11.10748014,4.25,0
LT,2007,mid,0.603059319907146,0.16689644896166636,0.09990040153083632,0.07876043039086517,0.7699557688688123,0.17866083192170149,506,11.10748014,4.25,0
LT,2008,high,0.6722641773302567,0.12865184252849451,0.09740577581987274,0.06203062722886511,0.8009160198587512,0.15943640304873785,681,2.614423033,5.829999924,0
LT,2008,low,0.539029909484455,0.14211924439197166,0.10124950806768988,0.08536993309720582,0.6811491538764266,0.1866194411648957,242,2.614423033,5.829999924,0
LT,2008,mid,0.5846063995469347,0.15850008652288136,0.10183625151415042,0.09460136548838234,0.7431064860698161,0.19643761700253276,1009,2.614423033,5.829999924,0
LT,2009,high,0.6423037323037323,0.13009652509652508,0.09171814671814672,0.09534105534105534,0.7724002574002574,0.18705920205920207,370,-14.83860837,13.78999996,0
LT,2009,low,0.48802083333333335,0.13919270833333333,0.11822916666666666,0.11393229166666667,0.6272135416666667,0.23216145833333332,128,-14.83860837,13.78999996,0
LT,2009,mid,0.5461321771506956,0.14706055261610818,0.12241083676268862,0.11032235939643346,0.6931927297668038,0.23273319615912208,486,-14.83860837,13.78999996,0
LT,2010,high,0.6288663027793463,0.1224616768095029,0.10536629232281405,0.0945573749921576,0.7513279795888491,0.19992366731497166,759,1.651240653,17.80999947,0
LT,2010,low,0.447608024691358,0.12029320987654321,0.14814814814814814,0.10802469135802469,0.5679012345679012,0.2561728395061728,216,1.651240653,17.80999947,0
LT,2010,mid,0.5862103174603175,0.12163055555555555,0.10464087301587302,0.11651825396825397,0.7078408730158731,0.22115912698412699,1000,1.651240653,17.80999947,0
LT,2011,high,0.6035543931377265,0.12885050905884238,0.09050875821709155,0.1190055315055315,0.7324049021965688,0.20951428972262306,792,6.03900816,15.39000034,0
LT,2011,low,0.44835858585858585,0.14728535353535355,0.1348800505050505,0.09902146464646465,0.5956439393939394,0.23390151515151514,176,6.03900816,15.39000034,0
LT,2011,mid,0.5549172346640701,0.1508253350025502,0.0997333889738953,0.12831177261557009,0.7057425696666203,0.2280451615894654,1027,6.03900816,15.39000034,0
LT,2012,high,0.6314963349989057,0.10622730240339495,0.08942004510770578,0.118871741654518,0.7377236374023006,0.2082917867622238,778,3.843864749,13.35999966,0
LT,2012,low,0.5386705017577501,0.1156599552572707,0.1292106104186641,0.06880792585490572,0.6543304570150208,0.19801853627356983,149,3.843864749,13.35999966,0
LT,2012,mid,0.550656656105065,0.12772879643660742,0.13141387702622032,0.1207696193231391,0.6783854525416724,0.25218349634935944,1037,3.843864749,13.35999966,0
LT,2013,high,0.6398009442803632,0.10800539250902447,0.09387792057283582,0.1147322075288177,0.7478063367893877,0.20861012810165352,413,3.550072843,11.77000046,0
LT,2013,low,0.5983606557377049,0.05573770491803279,0.13497267759562842,0.07978142076502732,0.6540983606557377,0.21475409836065573,61,3.550072843,11.77000046,0
LT,2013,mid,0.5623475847444414,0.11310537312501949,0.13225668132347895,0.10781098949075374,0.6754529578694608,0.2400676708142327,509,3.550072843,11.77000046,0
LU,2004,high,0.5440970666597408,0.13272520577534505,0.20826243549084775,0.0898456541910581,0.6768222724350857,0.29810808968190583,359,4.231891307,5.110000134,0
LU,2004,low,0.4899583790094739,0.09680422983342692,0.3051250857820201,0.0716159550101156,0.5867626088429008,0.37674104079213566,274,4.231891307,5.110000134,0
LU,2004,mid,0.5146723779408205,0.11653594015274343,0.27886839936020263,0.06738229893967598,0.631208318093564,0.34625069829987865,488,4.231891307,5.110000134,0
LU,2005,high,0.5936832182367897,0.12983416220023364,0.18994150690579262,0.08356492218099361,0.7235173804370233,0.27350642908678624,336,2.482874748,4.489999771,0
LU,2005,low,0.46696988356471114,0.11611061352440663,0.29946136239239685,0.07435469224262328,0.5830804970891178,0.37381605463502016,232,2.482874748,4.489999771,0
LU,2005,mid,0.5240404455984166,0.11704678172069476,0.26043879630836153,0.0839812227493387,0.6410872273191114,0.3444200190577002,414,2.482874748,4.489999771,0
LU,2006,high,0.5709580080413413,0.1290063794230461,0.17940906315906316,0.11507099382099382,0.6999643874643875,0.29448005698005697,180,6.016715044,4.730000019,0
LU,2006,low,0.4356914835688421,0.10688931089874486,0.3094206893735196,0.1008287048381388,0.5425807944675869,0.41024939421165835,106,6.016715044,4.730000019,0
LU,2006,mid,0.4906817604837407,0.10551630712521802,0.30048352362708797,0.08846692361543847,0.5961980676089587,0.3889504472425264,202,6.016715044,4.730000019,0
LU,2007,high,0.5956535637474863,0.13744023011978812,0.17347433107101615,0.08790701318325628,0.7330937938672746,0.26138134425427245,181,8.098667607,4.070000172,0
LU,2007,low,0.5122569854388036,0.09318345795618523,0.2890666404302768,0.069129279811098,0.6054404433949888,0.3581959202413748,110,8.098667607,4.070000172,0
LU,2007,mid,0.5328907203907204,0.08062028316882686,0.26045882380833835,0.09204959010784254,0.6135110035595472,0.35250841391618093,206,8.098667607,4.070000172,0
LU,2008,high,0.6061527436527436,0.1144776676026676,0.15738441363441363,0.09495814808314808,0.7206304112554113,0.2523425617175617,296,-0.300176194,5.059999943,0
LU,2008,low,0.5343132937288781,0.09187827564450941,0.24670889476084282,0.08813849690473068,0.6261915693733876,0.3348473916655735,231,-0.300176194,5.059999943,0
LU,2008,mid,0.5273747461247461,0.1055960055960056,0.2411970161970162,0.0965529528029528,0.6329707517207517,0.337749968999969,444,-0.300176194,5.059999943,0
LU,2009,high,0.7198240912526627,0.11938088366659795,0.10708702672988388,0.05370799835085549,0.8392049749192606,0.16079502508073937,210,-3.238954027,5.1199998859999996,0
LU,2009,low,0.5952757916241063,0.11084439904664624,0.18299568720917037,0.07717625695153785,0.7061201906707525,0.2601719441607082,89,-3.238954027,5.1199998859999996,0
LU,2009,mid,0.6326861047449283,0.09349376114081996,0.19917239623121977,0.0693001443001443,0.7261798658857482,0.26847254053136405,187,-3.238954027,5.1199998859999996,0
LU,2010,high,0.6569132315927187,0.08979509925022745,0.13028279294304934,0.1101883633934916,0.7467083308429462,0.24047115633654095,468,3.760413593,4.360000134,0
LU,2010,low,0.4786601772712884,0.07987382987382988,0.2522888120110342,0.10275742775742776,0.5585340071451182,0.355046239768462,162,3.760413593,4.360000134,0
LU,2010,mid,0.5593455564043799,0.08578006960359902,0.2366649690179102,0.0941452338511162,0.645125626007979,0.3308102028690264,374,3.760413593,4.360000134,0
LU,2011,high,0.6506313905455536,0.0868657451275477,0.11405254259331513,0.13557478525289685,0.7374971356731014,0.24962732784621197,466,1.044298695,4.900000095,0
LU,2011,low,0.5424657909140668,0.09053639846743294,0.20353311439518335,0.10139573070607553,0.6330021893814998,0.3049288451012589,145,1.044298695,4.900000095,0
LU,2011,mid,0.5756999500035712,0.08042699331000167,0.1964665789178324,0.12512235520592066,0.6561269433135728,0.32158893412375306,359,1.044298695,4.900000095,0
LU,2012,high,0.6543532841303542,0.07228962356350892,0.13900010110201194,0.11949499545040947,0.7266429076938631,0.25849509655242137,471,1.64990203,5.139999866,0
LU,2012,low,0.5113070122563793,0.07567560779586095,0.2357770745428973,0.10762005224030541,0.5869826200522403,0.3433971267832027,158,1.64990203,5.139999866,0
LU,2012,mid,0.5499525681615234,0.06270687852777405,0.2173104424596962,0.1252539914480213,0.6126594466892974,0.3425644339077175,335,1.64990203,5.139999866,0
LU,2013,high,0.5608895889358074,0.0870532478725756,0.18110202122807165,0.1457450579299319,0.647942836808383,0.32684707915800354,238,3.171790499,5.849999905,0
LU,2013,low,0.377634604978355,0.0486133658008658,0.3253246753246753,0.1546773538961039,0.4262479707792208,0.4800020292207792,64,3.171790499,5.849999905,0
LU,2013,mid,0.5137716995046838,0.08711094025230151,0.23126803388583492,0.1312001116974939,0.6008826397569853,0.36246814558332885,191,3.171790499,5.849999905,0
LV,2004,high,0.4083915425440849,0.11926614816445325,0.20802626751779293,0.21007875363807568,0.5276576907085382,0.4181050211558686,295,8.281972087,11.71000004,0
LV,2004,low,0.2797008328504392,0.14052675233777595,0.18210592994057562,0.21656412266648487,0.4202275851882151,0.39867005260706045,127,8.281972087,11.71000004,0
LV,2004,mid,0.4095991153881377,0.11392719154297198,0.2008635732477928,0.19670788997547145,0.5235263069311097,0.39757146322326425,583,8.281972087,11.71000004,0
LV,2005,high,0.5045285092074083,0.1325288931252234,0.14756609343765306,0.1584957702847611,0.6370574023326316,0.3060618637224142,545,10.71522829,10.02999973,0
LV,2005,low,0.436826458565589,0.12946329033285556,0.1847494293146467,0.11852603917821308,0.5662897488984445,0.3032754684928598,299,10.71522829,10.02999973,0
LV,2005,mid,0.4539164785011961,0.11712491550531418,0.18658191430201396,0.16347303720642592,0.5710413940065103,0.3500549515084399,1204,10.71522829,10.02999973,0
LV,2006,high,0.5971553578696436,0.10218326646898075,0.1261875690447119,0.1305177626606198,0.6993386243386244,0.2567053317053317,273,11.96520396,7.03000021,0
LV,2006,low,0.5326504245108896,0.07715023994093761,0.21135105204872645,0.10132890365448505,0.6098006644518272,0.3126799557032115,129,11.96520396,7.03000021,0
LV,2006,mid,0.5507741027445461,0.10799319727891156,0.1367483775119243,0.12566658847447024,0.6587673000234576,0.2624149659863946,609,11.96520396,7.03000021,0
LV,2007,high,0.6153359422381162,0.10579592508940334,0.07815186021707761,0.12100612752786666,0.7211318673275195,0.19915798774494425,276,9.943002121,6.050000191,0
LV,2007,low,0.5136846971798428,0.07614424410540915,0.09105409153952843,0.11523347202958853,0.589828941285252,0.20628756356911696,103,9.943002121,6.050000191,0
LV,2007,mid,0.5794197473695043,0.08267924673921433,0.10641545110750945,0.12775784003498752,0.6620989941087185,0.23417329114249696,617,9.943002121,6.050000191,0
LV,2008,high,0.5414465408805031,0.08618598382749326,0.13858490566037734,0.20736747529200358,0.6276325247079964,0.34595238095238096,530,-3.242799942,7.739999771,1
LV,2008,low,0.42075320512820513,0.07852564102564102,0.15689102564102564,0.2092147435897436,0.49927884615384616,0.3661057692307692,208,-3.242799942,7.739999771,1
LV,2008,mid,0.4792472072896412,0.0947195851919631,0.14164093179305348,0.21233462960844865,0.5739667924816043,0.35397556140150216,1249,-3.242799942,7.739999771,1
LV,2009,high,0.5939085256095565,0.10423007691048929,0.13366879397807233,0.13726476845033547,0.6981386025200458,0.27093356242840777,291,-14.24828338,17.51000023,1
LV,2009,low,0.3972042014210689,0.10727525486561632,0.21153846153846154,0.15145196169292555,0.5044794562866852,0.3629904232313871,83,-14.24828338,17.51000023,1
LV,2009,mid,0.5284081962481962,0.08012848484848485,0.16835705627705627,0.1655062626262626,0.6085366810966811,0.3338633189033189,625,-14.24828338,17.51000023,1
LV,2010,high,0.5670557867159809,0.07178494375096317,0.14457928802588996,0.15670943134535367,0.638840730466944,0.30128871937124363,618,-4.470941885,19.47999954,1
LV,2010,low,0.5369822485207101,0.10745280360664976,0.12261200338123415,0.1382783882783883,0.6444350521273599,0.2608903916596224,169,-4.470941885,19.47999954,1
LV,2010,mid,0.5545460766493512,0.06831917033428368,0.15651559467680373,0.15260908277281074,0.6228652469836349,0.30912467744961447,1191,-4.470941885,19.47999954,1
LV,2011,high,0.5796174383731988,0.0709311681661912,0.12226245336844416,0.17035330261136714,0.65054860653939,0.29261575597981127,651,2.564422968,16.20999908,1
LV,2011,low,0.5218279569892473,0.0934715821812596,0.11500768049155145,0.19227342549923196,0.615299539170507,0.3072811059907834,155,2.564422968,16.20999908,1
LV,2011,mid,0.5244021712066825,0.08276043088073164,0.13009165020443217,0.16834307435811194,0.6071626020874141,0.2984347245625441,1197,2.564422968,16.20999908,1
LV,2012,high,0.6101525458668315,0.09125609839895554,0.0946540232254518,0.13323026180169037,0.7014086442657871,0.22788428502714217,693,7.037317185,15.05000019,0
LV,2012,low,0.46697746697746695,0.10341880341880341,0.10167055167055167,0.1601010101010101,0.5703962703962704,0.26177156177156174,143,7.037317185,15.05000019,0
LV,2012,mid,0.5562144482366326,0.07724280838615309,0.12196286364375102,0.15498943604745652,0.6334572566227856,0.27695229969120755,1172,7.037317185,15.05000019,0
LV,2013,high,0.5986934929917386,0.08818110090039914,0.12093892137751787,0.1337069525666017,0.6868745938921378,0.2546458739441196,342,2.010744815,11.86999989,0
LV,2013,low,0.5436853002070393,0.07936507936507936,0.07125603864734299,0.13178053830227743,0.6230503795721187,0.20303657694962043,69,2.010744815,11.86999989,0
LV,2013,mid,0.5287981859410431,0.09417719468739877,0.12282555879494655,0.1368521218011014,0.6229753806284418,0.25967768059604796,588,2.010744815,11.86999989,0
MT,2004,high,0.6506944444444445,0.221187641723356,0.0542375283446712,0.05602324263038549,0.8718820861678005,0.11026077097505668,56,0.140268127,7.320000172,0
MT,2004,low,0.4962132725430598,0.11153748733535968,0.2054922323539345,0.13356551840594394,0.6077507598784194,0.33905775075987843,188,0.140268127,7.320000172,0
MT,2004,mid,0.6128134199134199,0.13157171717171717,0.130197113997114,0.09741774891774892,0.7443851370851371,0.2276148629148629,250,0.140268127,7.320000172,0
MT,2005,high,0.6678032879818594,0.19537131519274376,0.06834467120181406,0.06848072562358276,0.86317460317460315,0.13682539682539682,140,3.383593576,6.920000076,0
MT,2005,low,0.46040706605222737,0.1206989247311828,0.20832181259600613,0.0976689708141321,0.5811059907834102,0.30599078341013825,310,3.383593576,6.920000076,0
MT,2005,mid,0.552702978126707,0.15475395602514247,0.1515936198139588,0.09010198840707315,0.7074569341518494,0.24169560822103195,531,3.383593576,6.920000076,0
MT,2006,high,0.6037566137566137,0.23843915343915342,0.06574074074074074,0.09206349206349206,0.8421957671957672,0.1578042328042328,45,2.510142345,6.800000191,0
MT,2006,low,0.4768961708394698,0.14187530682376043,0.19955203730976925,0.09920225822287677,0.6187714776632303,0.29875429553264604,194,2.510142345,6.800000191,0
MT,2006,mid,0.5344218583349019,0.1280679465462074,0.18085670368279064,0.09736495388669301,0.6624898048811092,0.27822165756948364,253,2.510142345,6.800000191,0
MT,2007,high,0.6836545729402872,0.166156462585034,0.05676492819349962,0.07755102040816327,0.8498110355253212,0.13431594860166288,63,4.7747056,6.46999979,0
MT,2007,low,0.5438456842302997,0.1024819197896121,0.1615948154409693,0.07965154503616043,0.6463276040199117,0.24124636047712972,169,4.7747056,6.46999979,0
MT,2007,mid,0.597182232065953,0.12314661006521471,0.14291405192567982,0.07861757105943153,0.7203288421311677,0.22153162298511136,258,4.7747056,6.46999979,0
MT,2008,high,0.6846584467120181,0.20695861678004535,0.06770833333333333,0.013888888888888888,0.8916170634920635,0.08159722222222222,112,3.826359416,5.980000019,0
MT,2008,low,0.5157704517704518,0.0963113553113553,0.17462759462759464,0.08098290598290599,0.612081807081807,0.2556105006105006,325,3.826359416,5.980000019,0
MT,2008,mid,0.5948723508832798,0.13673634602596352,0.12739107178997888,0.05721152456125134,0.73160869690924335,0.18460259635123022,549,3.826359416,5.980000019,0
MT,2009,high,0.6599371693121693,0.18394510582010581,0.0669973544973545,0.08912037037037036,0.8438822751322751,0.15611772486772488,48,-1.133873468,6.889999866,0
MT,2009,low,0.4379270186335404,0.08287612146307799,0.23162957211870255,0.07365424430641822,0.5208031400966183,0.30528381642512076,184,-1.133873468,6.889999866,0
MT,2009,mid,0.5957937815080672,0.12159385016527874,0.15074549003120433,0.08553483196340339,0.717387631673346,0.23628032199460772,259,-1.133873468,6.889999866,0
MT,2010,high,0.6793650793650794,0.16744096012388696,0.07383533359143116,0.0468383017163505,0.8468060394889663,0.12067363530778165,123,5.543639385,6.849999905,0
MT,2010,low,0.4650561552188771,0.09999259451922174,0.1567805304491695,0.14503462513817544,0.5650487497380988,0.30181515558734495,338,5.543639385,6.849999905,0
MT,2010,mid,0.5710491972442259,0.12290509575404412,0.1374199520471031,0.11508847005978937,0.69395429299827,0.25250842210689245,523,5.543639385,6.849999905,0
MT,2011,high,0.6503874515685539,0.1704474440694913,0.08192100987376578,0.065748031496063,0.8208348956380452,0.14766904136982878,127,0.467050856,6.3800001140000004,0
MT,2011,low,0.45475618181000615,0.053604335544845456,0.1461727759178184,0.16699645176982286,0.5083605173548517,0.31316922768764127,353,0.467050856,6.3800001140000004,0
MT,2011,mid,0.557667321827478,0.11546369212384837,0.14466119275689587,0.10017654329177766,0.6731310139513265,0.24483773604867354,512,0.467050856,6.3800001140000004,0
MT,2012,high,0.6856894841269842,0.13483072916666666,0.08039434523809523,0.06783544146825397,0.8205202132936508,0.1482297867063492,128,4.117707299,6.199999809,0
MT,2012,low,0.4850548382618353,0.0979348882410107,0.14512240270257762,0.1581852468878708,0.5829897265028461,0.3033076495904484,343,4.117707299,6.199999809,0
MT,2012,mid,0.5688161021984551,0.10555725320431203,0.12209553518377048,0.12706052117816824,0.6743733554027672,0.24915605636193872,510,4.117707299,6.199999809,0
MT,2013,high,0.6367604617604617,0.1572562358276644,0.09132137703566275,0.07570088641517213,0.7940166975881262,0.16702226345083487,77,5.473355695,6.110000134,0
MT,2013,low,0.48197074010327023,0.11282271944922548,0.13465289730349972,0.11995123350545037,0.5947934595524957,0.25460413080895006,166,5.473355695,6.110000134,0
MT,2013,mid,0.5431055493063367,0.14271028621422321,0.11770247469066367,0.0901824771903512,0.6858158355205599,0.20788495188101488,254,5.473355695,6.110000134,0
NL,2004,high,0.5505611042189035,0.10968520932245236,0.16581002632997796,0.14250472421572785,0.6602463135413559,0.3083147505457058,827,1.984945714,4.650000095,0
NL,2004,low,0.3844404552595679,0.09623920826992499,0.24722394594408245,0.15264246561174888,0.4806796635294929,0.39986641155583136,293,1.984945714,4.650000095,0
NL,2004,mid,0.4581862909033327,0.09269413746905708,0.2429342599760606,0.147235686785526,0.5508804283723898,0.3901699467615866,933,1.984945714,4.650000095,0
NL,2005,high,0.5500941315449087,0.11393053406006774,0.1475017009472968,0.15945808940627593,0.6640246656049765,0.30695979035357274,965,2.050876108,5.8699998859999996,0
NL,2005,low,0.39333534051579166,0.0648725439138973,0.28886312100597816,0.17022222764703968,0.45820788442968896,0.4590853486530178,266,2.050876108,5.8699998859999996,0
NL,2005,mid,0.49123914387889545,0.09313731816837406,0.22852379159832575,0.1535593736835973,0.5843764620472695,0.38208316528192304,805,2.050876108,5.8699998859999996,0
NL,2006,high,0.5698644076230283,0.11545255510772752,0.13153745998573585,0.15326051981224395,0.6853169627307558,0.28479797979797977,435,3.460988954,5,0
NL,2006,low,0.403323624965416,0.1114647582931165,0.2442932067932068,0.12151542487363383,0.5147883832585325,0.36580863166684063,134,3.460988954,5,0
NL,2006,mid,0.47577682174456365,0.0946009315824984,0.23109786398956905,0.15474558084005088,0.5703777533270621,0.38584344482961996,434,3.460988954,5,0
NL,2007,high,0.5631751295914386,0.12537871046454738,0.12194120852919135,0.15946203295988703,0.688553840055986,0.2814032414890784,466,3.772842521,4.150000095,0
NL,2007,low,0.39684444444444444,0.10213968253968254,0.20517460317460318,0.12784126984126984,0.498984126984127,0.333015873015873,125,3.772842521,4.150000095,0
NL,2007,mid,0.4701961960395695,0.11515351449086389,0.19232340617882787,0.15485700377266642,0.5853497105304334,0.3471804099514943,415,3.772842521,4.150000095,0
NL,2008,high,0.5974528368700148,0.12779341767071828,0.11422960985844421,0.13291677363763252,0.7252462545407331,0.24714638349607673,978,2.170324851,3.6500000950000002,0
NL,2008,low,0.4070407313581375,0.09735477832747458,0.2514649457482222,0.1417504660678722,0.5043955096856121,0.39321541181609443,293,2.170324851,3.6500000950000002,0
NL,2008,mid,0.5152663892078587,0.11916977100663277,0.18195816913127,0.12756582009384002,0.6344361602144915,0.30952398922511004,803,2.170324851,3.6500000950000002,0
NL,2009,high,0.6001916053621811,0.11225351289317174,0.12377329493534184,0.12966644821655482,0.7124451182553528,0.25343974315189666,469,-3.666883937,4.349999905,0
NL,2009,low,0.4077593537414966,0.09725765306122448,0.2550807823129252,0.14168792517006804,0.5050170068027211,0.3967687074829932,112,-3.666883937,4.349999905,0
NL,2009,mid,0.5092813782594804,0.12445966442316807,0.1797247764401049,0.14760474048795216,0.6337410426826485,0.32732951692805706,411,-3.666883937,4.349999905,0
NL,2010,high,0.5736549707602339,0.11833029543555859,0.10997759550391129,0.16550125313283207,0.6919852661957925,0.2754788486367434,1045,1.342739336,4.989999771,0
NL,2010,low,0.4344331641285956,0.09789702683103699,0.19346144549190233,0.19806623156876962,0.5323301909596326,0.391527677060672,197,1.342739336,4.989999771,0
NL,2010,mid,0.48855176449634885,0.079340181229349993,0.20554369713689613,0.18248375260339997,0.5678919457256989,0.38802744974029607,794,1.342739336,4.989999771,0
NL,2011,high,0.5503415517694756,0.10850177071845249,0.12391503429581399,0.18913647549186988,0.6588433224879281,0.31305150978768387,1103,1.551189312,4.980000019,0
NL,2011,low,0.3722891816416996,0.10651245237576172,0.20339235105422154,0.23147507967651854,0.47880163401746134,0.4348674307307401,139,1.551189312,4.980000019,0
NL,2011,mid,0.42729225626512446,0.09985388212132398,0.20498697756449694,0.21101933882941634,0.5271461383864484,0.4160063163939133,774,1.551189312,4.980000019,0
NL,2012,high,0.5780826991938103,0.1071478624256402,0.10171144955867178,0.19176169252558142,0.6852305616194505,0.2934731420842532,1080,-1.030353991,5.820000172,0
NL,2012,low,0.3612157287157287,0.09106721981721981,0.2112329645662979,0.24203964245630913,0.45228294853294854,0.453272607022607,180,-1.030353991,5.820000172,0
NL,2012,mid,0.46697496146315043,0.0853424571928509,0.1761186101737283,0.2348185643461234,0.5523174186560014,0.4109371745198517,762,-1.030353991,5.820000172,0
NL,2013,high,0.5209071810542398,0.08991235888294712,0.1380682879212291,0.21973962312197606,0.610819539937187,0.35780791104320514,510,-0.130175288,7.239999771,0
NL,2013,low,0.27859759288330715,0.05460927960927961,0.28834815977673123,0.2905328798185941,0.3332068724925868,0.5788810395953253,91,-0.130175288,7.239999771,0
NL,2013,mid,0.41912155879547186,0.057489893359458574,0.22643761901008277,0.23414899646783705,0.4766114521549304,0.46058661547791985,414,-0.130175288,7.239999771,0
PL,2004,high,0.6506396984657854,0.11952805648457822,0.10598954185910707,0.11380925837447577,0.7701677549503636,0.21979880023358284,299,4.982825593,19.06999969,0
PL,2004,low,0.4508119658119658,0.08726495726495727,0.18427350427350428,0.12893162393162394,0.5380769230769231,0.3132051282051282,195,4.982825593,19.06999969,0
PL,2004,mid,0.6158761528326746,0.10846508563899868,0.13503199698851873,0.10307735742518351,0.7243412384716732,0.23810935441370223,506,4.982825593,19.06999969,0
PL,2005,high,0.6412244897959184,0.11487767036639217,0.10573457453156701,0.11560687432867883,0.7561021601623106,0.22134144886024584,665,3.506849729,17.75,0
PL,2005,low,0.4698282397536129,0.07760838663823738,0.16683013503909025,0.1245392087183132,0.5474366263918503,0.2913693437574035,335,3.506849729,17.75,0
PL,2005,mid,0.6039023713273972,0.1004042866245555,0.14456516710911746,0.11079725456664444,0.7043066579519527,0.2553624216757619,967,3.506849729,17.75,0
PL,2006,high,0.7020578231292517,0.11732653061224489,0.07561224489795919,0.0792891156462585,0.8193843537414965,0.1549013605442177,350,6.131138073,13.84000015,0
PL,2006,low,0.47164750957854407,0.06331417624521073,0.2289272030651341,0.1096743295019157,0.5349616858237548,0.3386015325670498,174,6.131138073,13.84000015,0
PL,2006,mid,0.6487505476358979,0.07097782495871668,0.14313433087318436,0.09679759377211607,0.7197283725946146,0.23993192464530044,471,6.131138073,13.84000015,0
PL,2007,high,0.6998135550516503,0.14004787100025196,0.07513983371126227,0.06595112118921642,0.8398614260519023,0.1410909549004787,315,7.061543459,9.600000381,0
PL,2007,low,0.5825086459164671,0.08204309656823623,0.1668262835860601,0.08482309124767225,0.6645517424847034,0.2516493748337324,179,7.061543459,9.600000381,0
PL,2007,mid,0.6700358422939068,0.11553251408090118,0.10547619047619047,0.0788479262672811,0.785568356374808,0.18432411674347157,465,7.061543459,9.600000381,0
PL,2008,high,0.6879722222222222,0.1257222222222222,0.07306944444444444,0.06656944444444444,0.8136944444444444,0.1396388888888889,600,4.19996859,7.1199998859999996,0
PL,2008,low,0.4999500998003992,0.08023952095808383,0.12739520958083833,0.124750499001996,0.580189620758483,0.2521457085828343,334,4.19996859,7.1199998859999996,0
PL,2008,mid,0.659772383876785,0.08460544913973778,0.09595701125895599,0.07982892235706975,0.7443778330165228,0.17578593361602574,977,4.19996859,7.1199998859999996,0
PL,2009,high,0.6547662495655197,0.10922836287799792,0.0820385818561001,0.11747045533541883,0.7639946124435175,0.19950903719151894,274,2.832178037,8.1700000760000009,0
PL,2009,low,0.4480506822612086,0.05009746588693957,0.13957115009746587,0.14005847953216374,0.4981481481481482,0.2796296296296296,171,2.832178037,8.1700000760000009,0
PL,2009,mid,0.5997864412940749,0.08214740094511087,0.10600236277717194,0.11473555070883315,0.6819338422391857,0.22073791348600508,524,2.832178037,8.1700000760000009,0
PL,2010,high,0.6415136906516217,0.09142732837314117,0.08045350471458845,0.11763995901926937,0.7329410190247628,0.19809346373385783,609,3.740521281,9.640000343,0
PL,2010,low,0.468557496143703,0.06535054983330846,0.13796586555207244,0.11809474050853361,0.5339080459770115,0.25606060606060604,319,3.740521281,9.640000343,0
PL,2010,mid,0.6127034897568778,0.07727029131033238,0.11338889264967293,0.11552849671432834,0.6899737810672102,0.22891738936400127,974,3.740521281,9.640000343,0
PL,2011,high,0.6168264110756123,0.09439943709113038,0.09241974745169633,0.13405408489274304,0.7112258481667427,0.22647383234443938,626,4.757635638,9.630000114,0
PL,2011,low,0.4468652037617555,0.08269144648454993,0.13307956411404687,0.17121958501268847,0.5295566502463054,0.30429914912673534,319,4.757635638,9.630000114,0
PL,2011,mid,0.5640799419833336,0.08055188502259417,0.13232816344327136,0.1305425789238739,0.6446318270059277,0.26287074236714525,973,4.757635638,9.630000114,0
PL,2012,high,0.5931919642857143,0.0853811553030303,0.11486742424242424,0.154002637987013,0.6785731195887446,0.2688700622294372,704,1.324896305,10.09000015,0
PL,2012,low,0.455078125,0.043619791666666664,0.1662109375,0.17102864583333333,0.4986979166666667,0.3372395833333333,256,1.324896305,10.09000015,0
PL,2012,mid,0.542087417087417,0.08603686103686103,0.12862917862917864,0.15177045177045176,0.6281242781242781,0.2803996303996304,962,1.324896305,10.09000015,0
PL,2013,high,0.6047467394601153,0.07469163886361338,0.10321251642907693,0.1632089778586594,0.6794383783237287,0.2664214942877363,314,1.125763386,10.32999992,0
PL,2013,low,0.4774216524216524,0.035897435897435895,0.17236467236467237,0.16901709401709403,0.5133190883190883,0.34138176638176637,117,1.125763386,10.32999992,0
PL,2013,mid,0.5742751452807844,0.07481925968768074,0.12877609545842628,0.14506183040017626,0.6490944049684652,0.27383792585860256,532,1.125763386,10.32999992,0
PT,2004,high,0.4817144165358451,0.1315018315018315,0.1738487702773417,0.04260531135531136,0.6132162480376766,0.21645408163265306,364,1.788735682,6.320000172,0
PT,2004,low,0.40407690854119427,0.11787199006586761,0.2497567082388511,0.05057330471871288,0.5219488986070618,0.30033001295756395,1176,1.788735682,6.320000172,0
PT,2004,mid,0.5389978198130372,0.1492789698224481,0.20124168705690446,0.058307610264132004,0.6882767896354853,0.25954929732103643,460,1.788735682,6.320000172,0
PT,2005,high,0.6345798666430637,0.16445683601817432,0.1532822918510651,0.032811117011860506,0.7990367026612379,0.18609340886292558,269,0.781848216,7.579999924,0
PT,2005,low,0.451489211695533,0.10064007059178262,0.2761582018605724,0.052309530777485125,0.5521292822873156,0.3284677326380575,1139,0.781848216,7.579999924,0
PT,2005,mid,0.519962454882026,0.11891502152896255,0.23820201246474704,0.05053445214303123,0.6388774764109885,0.2887364646077783,373,0.781848216,7.579999924,0
PT,2006,high,0.5691263282172373,0.16011412829594648,0.18252656434474615,0.046910665092483275,0.7292404565131838,0.22943722943722944,121,1.625034176,7.650000095,0
PT,2006,low,0.35363558171439946,0.062207223537272795,0.30406617192331475,0.08304668784964352,0.4158428052516722,0.3871128597729583,609,1.625034176,7.650000095,0
PT,2006,mid,0.527296082209377,0.12482337829158638,0.2308285163776493,0.05346820809248555,0.6521194605009634,0.2842967244701349,173,1.625034176,7.650000095,0
PT,2007,high,0.6877690802348336,0.09957599478147423,0.11847684279191129,0.046232876712328765,0.7873450750163079,0.16470971950424004,146,2.506579646,7.96999979,0
PT,2007,low,0.4520113287250384,0.05764928955453149,0.26560579877112134,0.06344326036866359,0.5096606182795699,0.32904905913978494,496,2.506579646,7.96999979,0
PT,2007,mid,0.5737058237929318,0.09290277086444333,0.22882030861124938,0.04882196781151485,0.6666085946573751,0.27764227642276423,287,2.506579646,7.96999979,0
PT,2008,high,0.5952994908655286,0.11874213836477987,0.19741689128481582,0.04325846061695118,0.71404162923030845,0.240675351901767,265,0.319247925,7.550000191,0
PT,2008,low,0.4065028643036162,0.10465896885069817,0.2756534192624418,0.07784640171858218,0.5111618331543144,0.353499820981024,1064,0.319247925,7.550000191,0
PT,2008,mid,0.5285323965651835,0.12267271662763465,0.21982825917252147,0.06134367681498829,0.6512051131928182,0.2811719359875098,488,0.319247925,7.550000191,0
PT,2009,high,0.6420390959959306,0.1582225128987719,0.14434815783736646,0.026613254850664923,0.8002616088947024,0.1709614126880314,139,-3.12207942,9.430000305,0
PT,2009,low,0.4084630513013641,0.10829567327809858,0.29338438363042935,0.08089379864423801,0.5167587245794627,0.37427818227466736,569,-3.12207942,9.430000305,0
PT,2009,mid,0.541302501796329,0.135371350186165,0.2411310340322686,0.057503755960546084,0.676673851982494,0.2986347899928147,243,-3.12207942,9.430000305,0
PT,2010,high,0.5212952865624622,0.13738943414515933,0.18938870713679873,0.06414031261359505,0.6586847207076215,0.25352901975039377,262,1.737625476,10.77000046,0
PT,2010,low,0.3678381121542756,0.07993846739406242,0.3331070794214666,0.09211811722912966,0.447776579548338,0.42522519665059627,1126,1.737625476,10.77000046,0
PT,2010,mid,0.48149006729128435,0.11557519559547957,0.25710583083808236,0.0829485817315432,0.5970652628867639,0.34005441256962554,493,1.737625476,10.77000046,0
PT,2011,high,0.5157988238176917,0.10565915216858612,0.23233480356121866,0.08960344686759782,0.6214579759862778,0.32193825042881646,265,-1.696164781,12.68000031,1
PT,2011,low,0.33324242298545437,0.07419839887174381,0.34574760798628396,0.11266522869310326,0.40744082185719815,0.4584128366793872,1148,-1.696164781,12.68000031,1
PT,2011,mid,0.41801840258015555,0.09069199392904573,0.3135434452665528,0.10005691519635743,0.5087103965092012,0.41360036046291027,502,-1.696164781,12.68000031,1
PT,2012,high,0.46489280971352687,0.08160690571049137,0.2287326882944413,0.09727755644090305,0.5464997154240182,0.32601024473534435,251,-4.057293608,15.52999973,1
PT,2012,low,0.324905935186309,0.06597281223449447,0.34138244932637457,0.11990532831654327,0.3908787474208035,0.46128777764291784,1177,-4.057293608,15.52999973,1
PT,2012,mid,0.3970489250552542,0.08536015672091621,0.31198094568347734,0.09590533119014132,0.48240908177617037,0.40788627687361867,474,-4.057293608,15.52999973,1
PT,2013,high,0.4602089756766016,0.1,0.28090099349092157,0.072559095580678315,0.5602089756766016,0.35346008907159987,139,-0.922644675,16.19000053,1
PT,2013,low,0.3082138431580811,0.05180120375287661,0.3661267480970083,0.12515932023366969,0.3600150469109577,0.491286068330678,538,-0.922644675,16.19000053,1
PT,2013,mid,0.4307716049382716,0.08062610229276895,0.27977072310405643,0.14216490299823634,0.5113977072310406,0.4219356261022928,270,-0.922644675,16.19000053,1
RO,2004,high,0.627796823604277,0.24881467738610596,0.07045768241420415,0.03429727622274206,0.876611500990383,0.10475495863694621,322,10.42811302,7.71999979,0
RO,2004,low,0.6064914798060865,0.21775297112375763,0.06486656290027076,0.026619323248536733,0.8242444509298442,0.0914858861488075,178,10.42811302,7.71999979,0
RO,2004,mid,0.608782416959987,0.26551285552453774,0.07897634556513061,0.023363895969036156,0.8742952724845248,0.10234024153416676,428,10.42811302,7.71999979,0
RO,2005,high,0.6031329541692236,0.2448040493377281,0.09506701799447913,0.03454347418077988,0.8479370035069517,0.12961049217525902,579,4.668148051,7.170000076,0
RO,2005,low,0.5179533429533429,0.18000620645781937,0.10766567363341557,0.06534251889090599,0.6979595494111623,0.17300819252432156,465,4.668148051,7.170000076,0
RO,2005,mid,0.5787631852849244,0.2374051874051874,0.10974733800820757,0.03840981884460145,0.8161683726901118,0.14815715685280903,897,4.668148051,7.170000076,0
RO,2006,high,0.6129073472823473,0.26864929052429054,0.08586008898508898,0.02500751563251563,0.8815566378066378,0.11086760461760461,264,8.028811076,7.269999981,0
RO,2006,low,0.5118932038834951,0.19279935275080906,0.09668284789644013,0.04813915857605178,0.7046925566343042,0.1448220064724919,206,8.028811076,7.269999981,0
RO,2006,mid,0.5765600856861919,0.2412759867958983,0.11424971906166596,0.030303588987217304,0.8178360724820902,0.14455330804888328,452,8.028811076,7.269999981,0
RO,2007,high,0.6388060352346067,0.25034013605442174,0.05519797662654805,0.030014826443397872,0.8891461712890284,0.08521280306994593,273,7.233807744,6.409999847,0
RO,2007,low,0.5420825702075702,0.1663642780830281,0.08163728632478633,0.04845753205128205,0.7084468482905983,0.13009481837606837,192,7.233807744,6.409999847,0
RO,2007,mid,0.6107218424158315,0.20916759318398662,0.08760457817834867,0.0487901392272977,0.8198894355998181,0.13639471740564638,549,7.233807744,6.409999847,0
RO,2008,high,0.6158119537989668,0.20892094517635643,0.09792899100258408,0.06002209270607539,0.8247328989753232,0.15795108370865946,693,9.307467171,5.7899999619999996,0
RO,2008,low,0.5129753758786016,0.16640366801657125,0.09955546245868827,0.0803030303030303,0.6793790438951729,0.17985849276171856,341,9.307467171,5.7899999619999996,0
RO,2008,mid,0.5848461809193517,0.20056402405182894,0.103765256423793,0.0610684410440508,0.7854102049711805,0.16483369746784382,1025,9.307467171,5.7899999619999996,0
RO,2009,high,0.5791545189504373,0.21636702299967606,0.10396015549076773,0.052899254940071264,0.7955215419501134,0.156859410430839,294,-5.517394408,6.860000134,1
RO,2009,low,0.5540489642184557,0.19693301049233253,0.08037395749260155,0.06694915254237288,0.7509819747107883,0.14732311003497445,177,-5.517394408,6.860000134,1
RO,2009,mid,0.5672546897546897,0.21077561327561328,0.10866450216450216,0.0423961038961039,0.7780303030303031,0.15106060606060606,550,-5.517394408,6.860000134,1
RO,2010,high,0.6120451330847371,0.1565102938865315,0.12833378575952833,0.06515699188966516,0.7685554269712686,0.19349077764919348,606,-3.90123628,6.9600000380000004,1
RO,2010,low,0.5153474903474904,0.14175112612612611,0.14679054054054053,0.07786759974259974,0.6570986164736164,0.22465814028314027,296,-3.90123628,6.9600000380000004,1
RO,2010,mid,0.561247564609478,0.1454486848891181,0.15371540312876053,0.06828870838347373,0.7066962494985961,0.22200411151223426,1108,-3.90123628,6.9600000380000004,1
RO,2011,high,0.6232480821083151,0.17610851895377685,0.09884759352313428,0.06519014817683703,0.7993566010620919,0.16403774169997132,601,1.906067707,7.179999828,1
RO,2011,low,0.4927129356897398,0.15346404025527738,0.12812142038946162,0.06848510882016036,0.6461769759450172,0.196606529209622,388,1.906067707,7.179999828,1
RO,2011,mid,0.5617411345863843,0.1789177277179236,0.12162678979525209,0.06327752125989149,0.740658862304308,0.18490431105514357,1021,1.906067707,7.179999828,1
RO,2012,high,0.6134307421185637,0.1181688856217158,0.14735476549370202,0.0764486942445776,0.7315996277402795,0.22380345973827964,583,2.040665131,6.7899999619999996,1
RO,2012,low,0.5078998778998779,0.13548229548229548,0.13548229548229548,0.07652014652014652,0.6433821733821734,0.212002442002442,325,2.040665131,6.7899999619999996,1
RO,2012,mid,0.5687566321154107,0.16877367519861158,0.1239627891663515,0.08083090691233184,0.7375303073140224,0.20479369607868336,1179,2.040665131,6.7899999619999996,1
RO,2013,high,0.5872042810470111,0.15562278143880517,0.1293631525085531,0.09813619450117966,0.7428270624858162,0.22749934700973276,337,3.770962304,7.099999905,1
RO,2013,low,0.574672187715666,0.13982056590752243,0.10652173913043478,0.06718426501035196,0.7144927536231884,0.17370600414078674,161,3.770962304,7.099999905,1
RO,2013,mid,0.5632184892942208,0.13964031760933654,0.1493424533011452,0.09616362791922173,0.7028588069035573,0.24550608122036693,581,3.770962304,7.099999905,1
SE,2004,high,0.5040242511569526,0.04254340446283574,0.19216551747357435,0.25557962311516813,0.5465676556197884,0.4477451405887425,1055,4.336856154,6.690000057,0
SE,2004,low,0.40921583324410177,0.03275167117923301,0.2590502450043086,0.2813144060493884,0.4419675044233348,0.540364651053697,283,4.336856154,6.690000057,0
SE,2004,mid,0.46346384605109947,0.047125909834559304,0.23379449331649635,0.23588889192075838,0.5105897558856588,0.4696833852372547,659,4.336856154,6.690000057,0
SE,2005,high,0.5192161571067822,0.04498815624734742,0.19219744716068246,0.23808353360283507,0.5642043133541296,0.4302809807635175,1088,2.85880324,7.489999771,0
SE,2005,low,0.42403403474832047,0.04245331388188531,0.2798117226688655,0.23904891404891404,0.46648734863020574,0.5188606367177796,273,2.85880324,7.489999771,0
SE,2005,mid,0.48583756591739174,0.04943026655653651,0.2388618839634805,0.21135649546389748,0.5352678324739283,0.45021837942737797,689,2.85880324,7.489999771,0
SE,2006,high,0.5749249213088499,0.05043725619618477,0.15881862185433615,0.2051049149263435,0.6253621775050346,0.3639235367806796,560,4.662773552,7.070000172,0
SE,2006,low,0.45818696330991415,0.047700364298724957,0.2435727296383034,0.21775305750715587,0.5058873276086391,0.4613257871454593,122,4.662773552,7.070000172,0
SE,2006,mid,0.503391599982509,0.05114248546066728,0.21226944772399317,0.21501464865101227,0.5545340854431764,0.4272840963750055,330,4.662773552,7.070000172,0
SE,2007,high,0.5785961209572321,0.05511643192198748,0.13472413902969457,0.22415590068367847,0.6337125528792196,0.35888003971337307,540,3.439221776,6.159999847,0
SE,2007,low,0.3983495670995671,0.04313071188071188,0.2376142376142376,0.27545093795093795,0.441480278980279,0.5130651755651756,132,3.439221776,6.159999847,0
SE,2007,mid,0.5278788341288341,0.057660742035742035,0.17760503385503384,0.21762462074962075,0.5855395761645762,0.3952296546046546,312,3.439221776,6.159999847,0
SE,2008,high,0.5795828038174977,0.05499564447268529,0.14408520428928592,0.20517988483549707,0.634578448290183,0.349265089124783,1176,-0.450559257,6.230000019,0
SE,2008,low,0.5029388324367404,0.06468420003984858,0.19607491532177723,0.19027694759912334,0.567623032476589,0.38635186292090057,239,-0.450559257,6.230000019,0
SE,2008,mid,0.5440770896729445,0.06038736738218604,0.17710954848260546,0.19079214299421554,0.6044644570551306,0.367901691476821,579,-0.450559257,6.230000019,0
SE,2009,high,0.618928783634666,0.05227509185492379,0.12361247529314756,0.19846096014163242,0.6712038754895898,0.32207343543477995,595,-4.339790575,8.350000381,0
SE,2009,low,0.46692016634764727,0.0679749004176485,0.21655933125398774,0.18747689969064016,0.5348950667652957,0.40403623094462787,131,-4.339790575,8.350000381,0
SE,2009,mid,0.556837503362927,0.07734328759752489,0.1560842076943772,0.19617567931127253,0.634180790960452,0.3522598870056497,295,-4.339790575,8.350000381,0
SE,2010,high,0.5785259757805515,0.045333583499140906,0.1204174269066116,0.24074797221635824,0.6238595592796924,0.36116539912296985,1202,5.952107008,8.609999657,0
SE,2010,low,0.4887860206541525,0.02815816661970508,0.19720679198701177,0.2199149548050647,0.5169441872738576,0.4171217467920765,273,5.952107008,8.609999657,0
SE,2010,mid,0.5096941592057045,0.046101436554367284,0.17276534891987821,0.2394674745029985,0.5557955957600718,0.4122328234228767,563,5.952107008,8.609999657,0
SE,2011,high,0.5906865926654328,0.03666589853893929,0.11602716771212068,0.24564855424965143,0.6273524912043721,0.3616757219617721,1276,3.195333235,7.800000191,0
SE,2011,low,0.44917431845682965,0.054393551142430066,0.20151790163000924,0.2411025695779059,0.5035678695992597,0.44262047120791514,223,3.195333235,7.800000191,0
SE,2011,mid,0.548226825783644,0.04856141333414061,0.15440909574432302,0.22796933180455908,0.5967882391177846,0.38237842754888207,528,3.195333235,7.800000191,0
SE,2012,high,0.5600230548506411,0.02824556456740365,0.12483717857281075,0.26773711388653915,0.5882686194180446,0.39257429245934994,1305,-0.588304569,7.980000019,0
SE,2012,low,0.4204317153592516,0.04864274212100299,0.18473659995399125,0.268894256575416,0.46907445748025456,0.45363085652940727,207,-0.588304569,7.980000019,0
SE,2012,mid,0.48966122529952316,0.04380253316423529,0.17958335990250884,0.25213663405152764,0.5334637584637585,0.4317199939540365,517,-0.588304569,7.980000019,0
SE,2013,high,0.5476483550012962,0.027673108555461495,0.1253269694446165,0.27709401532930944,0.5753214635567576,0.40242098477392596,629,1.187775716,8.050000191,0
SE,2013,low,0.4418384879725086,0.03530927835051546,0.22310996563573882,0.2481958762886598,0.477147766323024,0.4713058419243986,97,1.187775716,8.050000191,0
SE,2013,mid,0.469040737040737,0.04776578976578977,0.18936563436563436,0.26473692973692975,0.5168065268065268,0.4541025641025641,275,1.187775716,8.050000191,0
SI,2004,high,0.5675680676519602,0.15778013001167362,0.14649242442866603,0.09795803562582087,0.7253481976636339,0.2444504600544869,298,4.359192778,6.010000229,0
SI,2004,low,0.4769692909303299,0.12447449135760824,0.19752347219879687,0.13176867624919572,0.6014437822879382,0.3292921484479926,231,4.359192778,6.010000229,0
SI,2004,mid,0.5486685230315803,0.13144197746108574,0.17985032778026408,0.1124383224701696,0.6801105004926661,0.2922886502504337,471,4.359192778,6.010000229,0
SI,2005,high,0.583995153049806,0.12183701330673266,0.1691240320486997,0.09845591385473217,0.7058321663565386,0.26757994590343187,677,3.797972642,6.510000229,0
SI,2005,low,0.42589672940438245,0.09153057826527214,0.2514821558826661,0.12139665889665889,0.5174273076696546,0.372878814779325,392,3.797972642,6.510000229,0
SI,2005,mid,0.489386351362858,0.10206033893470053,0.2337288123294252,0.12273052393072822,0.5914466902975585,0.3564593362601534,979,3.797972642,6.510000229,0
SI,2006,high,0.5819476766008558,0.12539484439773457,0.15870398868953783,0.11083210302863482,0.7073425209985904,0.26953609171817267,346,5.746396901,5.949999809,0
SI,2006,low,0.4261885865457294,0.08481481481481482,0.2092233560090703,0.12263038548752835,0.5110034013605442,0.33185374149659863,210,5.746396901,5.949999809,0
SI,2006,mid,0.511312832000605,0.11940931460582116,0.2026677410411035,0.12075858396819096,0.6307221466064261,0.3234263250092944,458,5.746396901,5.949999809,0
SI,2007,high,0.6281574747091988,0.10901464435947195,0.13257001619070585,0.10517949483466725,0.7371721190686708,0.2377495110253731,319,6.980160755,4.820000172,0
SI,2007,low,0.42063492063492064,0.07451209992193598,0.29030705178246163,0.1380431954202446,0.4951470205568566,0.4283502472027062,183,6.980160755,4.820000172,0
SI,2007,mid,0.5157347187959432,0.1393988437865989,0.19080934938077795,0.11324076150606763,0.6551335625825422,0.3040501108868456,490,6.980160755,4.820000172,0
SI,2008,high,0.5518079078343464,0.13752708325025587,0.1740272342138594,0.10708878558800798,0.6893349910846023,0.2811160198018674,643,3.509841517,4.3699998859999996,0
SI,2008,low,0.4368252200657546,0.09463357726163962,0.25430586488492946,0.14519302152932442,0.5314587973273942,0.3994988864142539,449,3.509841517,4.3699998859999996,0
SI,2008,mid,0.5143278711768001,0.11611714728963883,0.2165178614445807,0.12372483147567702,0.630445018466439,0.3402426929202577,887,3.509841517,4.3699998859999996,0
SI,2009,high,0.5896600905114837,0.09983581949526221,0.17539157608817052,0.11034471204749842,0.6894959100067459,0.2857362881356689,323,-7.548437791,5.860000134,0
SI,2009,low,0.3987258792405851,0.043257858699035166,0.29283769063180826,0.19655112044817927,0.4419837379396203,0.48938881107998755,204,-7.548437791,5.860000134,0
SI,2009,mid,0.4987843044446818,0.07503483588389248,0.2342164706944581,0.15842141203776425,0.5738191403285743,0.39263788273222233,477,-7.548437791,5.860000134,0
SI,2010,high,0.5607148373203419,0.09814533495726156,0.16556439228457576,0.14346534369470149,0.6588601722776035,0.30902973597927724,654,1.343748472,7.239999771,0
SI,2010,low,0.34702933494072735,0.06445147679324895,0.31725537472372917,0.20544102873216796,0.41148081173397627,0.5226964034558971,395,1.343748472,7.239999771,0
SI,2010,mid,0.4888128915198979,0.08028099524914811,0.22373707620522906,0.17001404764143618,0.569093886769046,0.3937511238466652,942,1.343748472,7.239999771,0
SI,2011,high,0.5717113855411727,0.08599757216778493,0.15394693958523745,0.14742757242757243,0.6577089577089577,0.3013745120128099,611,0.861327733,8.1700000760000009,0
SI,2011,low,0.3722647022255377,0.04898980479920428,0.2891220108583033,0.24784802519789464,0.421254507024742,0.536970036056198,383,0.861327733,8.1700000760000009,0
SI,2011,mid,0.4771277238742992,0.07428126070493976,0.21520917384420318,0.20011373981530536,0.5514089845792389,0.4153229136595086,1022,0.861327733,8.1700000760000009,0
SI,2012,high,0.5414829884786966,0.07849205317016476,0.171261821154525,0.16870591259003276,0.6199750416488614,0.3399677337445578,699,-2.639438757,8.840000153,0
SI,2012,low,0.36517146107589793,0.05159271899886234,0.2879408418657565,0.19631886884446612,0.4167641800747603,0.48425971071022267,293,-2.639438757,8.840000153,0
SI,2012,mid,0.45717338217338216,0.06702021607084899,0.2206484443826216,0.18699826896029428,0.5241935982442312,0.40764671334291586,1027,-2.639438757,8.840000153,0
SI,2013,high,0.511536384391414,0.06861168909985478,0.17907789120806872,0.19935391695746726,0.5801480734912687,0.37843180816553595,338,-1.029282772,10.100000380000001,0
SI,2013,low,0.4209564860426929,0.04601578179164386,0.29994298485677795,0.1468778507571611,0.4669722678343368,0.44682083561393904,174,-1.029282772,10.100000380000001,0
SI,2013,mid,0.4142271392271392,0.06636059136059136,0.2641000891000891,0.2054161304161304,0.4805877305877306,0.4695162195162195,481,-1.029282772,10.100000380000001,0
SK,2004,high,0.5946636002886003,0.16617496392496392,0.15491107503607504,0.06925036075036074,0.7608385642135642,0.2241614357864358,200,5.278879546,18.60000038,0
SK,2004,low,0.4141025641025641,0.09752747252747253,0.26434676434676435,0.12145909645909646,0.5116300366300366,0.3858058608058608,156,5.278879546,18.60000038,0
SK,2004,mid,0.5096532960503549,0.16728712464006582,0.2219633307868602,0.07734059241412182,0.6769404206904207,0.29930392320098204,884,5.278879546,18.60000038,0
SK,2005,high,0.5633184762148822,0.15657953744634506,0.18152622571227223,0.09011910100705027,0.7198980136612272,0.2716453267193225,473,6.623462407,16.26000023,0
SK,2005,low,0.4314067172762825,0.1145330112721417,0.2847193466758684,0.11136991028295376,0.5459397285484242,0.3960892569588222,207,6.623462407,16.26000023,0
SK,2005,mid,0.5012489397104781,0.14279800818262356,0.22678675755598832,0.10491127029588568,0.6440469478931017,0.331698027851874,1443,6.623462407,16.26000023,0
SK,2006,high,0.5954651162790697,0.15531007751937984,0.1668050941306755,0.07776854928017718,0.7507751937984496,0.24457364341085272,215,8.49317632,13.36999989,0
SK,2006,low,0.5293463317085364,0.061982877140357454,0.21704786901637294,0.12075678040244969,0.5913292088488938,0.33780464941882266,127,8.49317632,13.36999989,0
SK,2006,mid,0.539467022207608,0.14657572011128497,0.20484422984422984,0.088192525744827,0.686042742318893,0.29303675558905684,717,8.49317632,13.36999989,0
SK,2007,high,0.5932945736434109,0.183250276854928,0.15960686600221483,0.0638482834994463,0.7765448504983389,0.22345514950166112,215,10.83202895,11.14000034,0
SK,2007,low,0.5411096548711227,0.1218872870249017,0.22782874617737003,0.044954128440366975,0.6629969418960244,0.272782874617737,109,10.83202895,11.14000034,0
SK,2007,mid,0.5715380405035577,0.155283461748979,0.1870668603427224,0.07417529788219443,0.7268215022525367,0.26124215822491687,754,10.83202895,11.14000034,0
SK,2008,high,0.5683648150095518,0.15004935123356175,0.15910749338380917,0.07247834037307721,0.7184141662431136,0.23158583375688638,380,5.574887267,9.510000229,0
SK,2008,low,0.5030190249441586,0.09985543274313327,0.22311912686244237,0.09914010528983791,0.6028744576872919,0.32225923215228025,187,5.574887267,9.510000229,0
SK,2008,mid,0.5383688224080786,0.14738135104870642,0.18757800586312984,0.09499137990873528,0.685750173456785,0.28256938577186513,1452,5.574887267,9.510000229,0
SK,2009,high,0.6038417396556931,0.15674636732776268,0.13747927782811503,0.06007215007215007,0.7605881069834558,0.19755142790026511,215,-5.455533722,12.02999973,0
SK,2009,low,0.37163072776280326,0.013252470799640611,0.34099281221922734,0.16091644204851752,0.38488319856244385,0.5019092542677448,53,-5.455533722,12.02999973,0
SK,2009,mid,0.5711282269317983,0.11980147828362114,0.18786302982731554,0.08686660561660561,0.6909297052154195,0.27472963544392115,728,-5.455533722,12.02999973,0
SK,2010,high,0.6127511936236768,0.11094348728576917,0.14864464394665736,0.10528931049065277,0.723694680909446,0.25393395443731015,447,6.293285967,14.38000011,0
SK,2010,low,0.37723896898208825,0.04418960244648318,0.21738750546089997,0.16852337265181302,0.42142857142857143,0.38591087811271296,109,6.293285967,14.38000011,0
SK,2010,mid,0.520590344789936,0.10404385010992641,0.22105756036273747,0.11411750904257716,0.6246341948998625,0.3351750694053146,1468,6.293285967,14.38000011,0
SK,2011,high,0.5724103277674706,0.08607317012489427,0.17846506941334528,0.12856867407360018,0.6584834978923649,0.30703374348694545,406,2.637398428,13.61999989,0
SK,2011,low,0.3672663780663781,0.047213564213564214,0.2664430014430014,0.16707705627705627,0.4144799422799423,0.4335200577200577,125,2.637398428,13.61999989,0
SK,2011,mid,0.48516883713164705,0.07380308893738646,0.22632054011186242,0.17407392500367708,0.5589719260690335,0.4003944651155395,1452,2.637398428,13.61999989,0
SK,2012,high,0.575691681941682,0.07157457782457782,0.1744516432016432,0.15801182676182676,0.6472662597662597,0.33246346996347,444,1.358226806,13.96000004,0
SK,2012,low,0.38275555555555557,0.03186666666666667,0.264,0.14537777777777777,0.4146222222222222,0.4093777777777778,125,1.358226806,13.96000004,0
SK,2012,mid,0.45655375664272463,0.06310079995133376,0.22619877552261894,0.20005414119293122,0.5196545565940583,0.42625291671555016,1405,1.358226806,13.96000004,0
SK,2013,high,0.5849097131207223,0.05058613659531091,0.15749781564001747,0.1611347750109218,0.6354958497160332,0.3186325906509393,218,0.654765294,14.22000027,0
SK,2013,low,0.3393081761006289,0.014150943396226415,0.37484276729559746,0.17735849056603772,0.3534591194968553,0.5522012578616352,53,0.654765294,14.22000027,0
SK,2013,mid,0.45664435189751645,0.062363183776685885,0.23633573021758675,0.19121088319400556,0.5190075356742023,0.42754661341159234,711,0.654765294,14.22000027,0
