"outcome","pred_form","copredictor","estimator","sample","weights","family","predictor","estimate","se","statistic","df","n","r","conf_low","conf_high","positive_outcome","sig","supports_claim","baseline"
"mcosmo","raw","none","fe_twoway","all","none","gaussian","unemp",-0.00347298532133785,0.000913049241965656,-3.80372181664709,233,270,-0.241795915508855,-0.00527187274560227,-0.00167409789707343,TRUE,TRUE,TRUE,TRUE
"mcosmo","raw","none","fe_twoway","all","n_cy","gaussian","unemp",-0.00263198653882703,0.000865789971169866,-3.03998270535597,233,270,-0.195320057732152,-0.0043377638612404,-0.000926209216413676,TRUE,TRUE,TRUE,FALSE
"mcosmo","raw","none","fe_twoway","y2004_2008","none","gaussian","unemp",-0.00685632228103366,0.00206101918602657,-3.32666591728916,103,135,-0.311479693287982,-0.0109438677343704,-0.00276877682769698,TRUE,TRUE,TRUE,FALSE
"mcosmo","raw","none","fe_twoway","y2004_2008","n_cy","gaussian","unemp",-0.00579221008373617,0.00196550564130873,-2.94693129442225,103,135,-0.278851988064307,-0.00969032694849375,-0.0018940932189786,TRUE,TRUE,TRUE,FALSE
"mcosmo","raw","none","fe_twoway","y2009_2013","none","gaussian","unemp",-0.00596195769651928,0.00113081609637085,-5.27226108264033,103,135,-0.460997376291117,-0.00820466471478428,-0.00371925067825429,TRUE,TRUE,TRUE,FALSE
"mcosmo","raw","none","fe_twoway","y2009_2013","n_cy","gaussian","unemp",-0.00496908993246153,0.00112460513171213,-4.418519702908,103,135,-0.399178759501356,-0.00719947896721444,-0.00273870089770861,TRUE,TRUE,TRUE,FALSE
"mcosmo","raw","none","fe_twoway","no_bailout","none","gaussian","unemp",0.00193819950650146,0.00140184374403712,1.38260738027742,161,190,0.108323544437672,-0.000830172862594666,0.00470657187559759,TRUE,FALSE,FALSE,FALSE
"mcosmo","raw","none","fe_twoway","no_bailout","n_cy","gaussian","unemp",0.00218394230273701,0.00132123894129255,1.65295029875556,161,190,0.129179228776318,-0.00042525104966509,0.00479313565513911,TRUE,FALSE,FALSE,FALSE
"mcosmo","raw","none","fe_twoway","no_GR_ES","none","gaussian","unemp",-0.00181067467924072,0.00112240896913616,-1.61320403616719,215,250,-0.109359730727014,-0.00402300911662118,0.000401659758139747,TRUE,FALSE,TRUE,FALSE
"mcosmo","raw","none","fe_twoway","no_GR_ES","n_cy","gaussian","unemp",-0.000396174362278718,0.0010445852965083,-0.379264731758137,215,250,-0.0258569918993196,-0.00245511373980809,0.00166276501525066,TRUE,FALSE,TRUE,FALSE
"mcosmo","raw","none","fe_country","all","none","gaussian","unemp",-0.00564494113650914,0.000821797971198258,-6.86901322995272,242,270,-0.403931494200778,-0.00726373121737726,-0.00402615105564101,TRUE,TRUE,TRUE,FALSE
"mcosmo","raw","none","fe_country","all","n_cy","gaussian","unemp",-0.00480784646175823,0.000787542411329783,-6.10487307425143,242,270,-0.365312812636264,-0.00635915942236915,-0.00325653350114731,TRUE,TRUE,TRUE,FALSE
"mcosmo","raw","none","fe_country","y2004_2008","none","gaussian","unemp",-0.00965119895962002,0.00170944502528578,-5.64580832776797,107,135,-0.479086415774325,-0.0130399743499761,-0.00626242356926391,TRUE,TRUE,TRUE,FALSE
"mcosmo","raw","none","fe_country","y2004_2008","n_cy","gaussian","unemp",-0.00858153880984302,0.00164610237859947,-5.21324731766944,107,135,-0.450057243778836,-0.0118447447907853,-0.00531833282890076,TRUE,TRUE,TRUE,FALSE
"mcosmo","raw","none","fe_country","y2009_2013","none","gaussian","unemp",-0.00848954792731053,0.00127833553841427,-6.64109513675999,107,135,-0.540258381750928,-0.0110236990401676,-0.00595539681445348,TRUE,TRUE,TRUE,FALSE
"mcosmo","raw","none","fe_country","y2009_2013","n_cy","gaussian","unemp",-0.00701826294648301,0.00130698964771682,-5.36979229999504,107,135,-0.460736026838057,-0.00960921748910862,-0.0044273084038574,TRUE,TRUE,TRUE,FALSE
"mcosmo","raw","none","fe_country","no_bailout","none","gaussian","unemp",-0.00205098378542486,0.00134418074205857,-1.52582440831866,170,190,-0.116232199856969,-0.00470441902832429,0.000602451457474555,TRUE,FALSE,TRUE,FALSE
"mcosmo","raw","none","fe_country","no_bailout","n_cy","gaussian","unemp",-0.00156988058531672,0.00126880280550637,-1.23729280744315,170,190,-0.0944716092757511,-0.00407451852207534,0.000934757351441901,TRUE,FALSE,TRUE,FALSE
"mcosmo","raw","none","fe_country","no_GR_ES","none","gaussian","unemp",-0.00450021475303364,0.00102608337870538,-4.38581780626015,224,250,-0.281214168181522,-0.00652222590611542,-0.00247820359995187,TRUE,TRUE,TRUE,FALSE
"mcosmo","raw","none","fe_country","no_GR_ES","n_cy","gaussian","unemp",-0.00313153435063207,0.00097145442994639,-3.22355249417607,224,250,-0.210554249834063,-0.00504589309849587,-0.00121717560276827,TRUE,TRUE,TRUE,FALSE
"mcosmo","raw","none","re","all","none","gaussian","unemp",-0.00525043801639775,0.000812121060807304,-6.46509279192742,268,270,-0.367312629271566,-0.00684938676837926,-0.00365148926441624,TRUE,TRUE,TRUE,FALSE
"mcosmo","raw","none","re","y2004_2008","none","gaussian","unemp",-0.00724474201467167,0.00167056743048258,-4.33669535421198,133,135,-0.351976056190418,-0.0105490596813464,-0.00394042434799693,TRUE,TRUE,TRUE,FALSE
"mcosmo","raw","none","re","y2009_2013","none","gaussian","unemp",-0.00732821284756865,0.00121542219845134,-6.02935577193343,133,135,-0.46331279682142,-0.00973227087571499,-0.00492415481942232,TRUE,TRUE,TRUE,FALSE
"mcosmo","raw","none","re","no_bailout","none","gaussian","unemp",-0.0013452140064871,0.00132721225486997,-1.0135635815229,188,190,-0.0737205758838483,-0.00396335610654036,0.00127292809356616,TRUE,FALSE,TRUE,FALSE
"mcosmo","raw","none","re","no_GR_ES","none","gaussian","unemp",-0.0040387534532215,0.00101586158081494,-3.97569268244352,248,250,-0.24477686210224,-0.00603956969024874,-0.00203793721619426,TRUE,TRUE,TRUE,FALSE
"mcosmo","raw","none","pooled_cl","all","none","gaussian","unemp",-0.00109756688838125,0.00219532750977191,-0.499955876057548,268,270,-0.0305254340115491,-0.00541984881325963,0.00322471503649713,TRUE,FALSE,TRUE,FALSE
"mcosmo","raw","none","pooled_cl","all","n_cy","gaussian","unemp",0.000173297579338261,0.0023844440716123,0.0726783997164927,268,270,0.00443949610509466,-0.00452132746669147,0.00486792262536799,TRUE,FALSE,FALSE,FALSE
"mcosmo","raw","none","pooled_cl","y2004_2008","none","gaussian","unemp",0.0028031290863793,0.0032137585413226,0.872227658156824,133,135,0.0754163406709394,-0.00355356082074494,0.00915981899350356,TRUE,FALSE,FALSE,FALSE
"mcosmo","raw","none","pooled_cl","y2004_2008","n_cy","gaussian","unemp",0.00389391539118511,0.00343187942456394,1.13463059433677,133,135,0.0979122157591782,-0.00289420917389655,0.0106820399562668,TRUE,FALSE,FALSE,FALSE
"mcosmo","raw","none","pooled_cl","y2009_2013","none","gaussian","unemp",-0.00133222152877562,0.00251955302127617,-0.528753123084049,133,135,-0.0458005969012804,-0.00631579980787664,0.00365135675032538,TRUE,FALSE,TRUE,FALSE
"mcosmo","raw","none","pooled_cl","y2009_2013","n_cy","gaussian","unemp",0.000175610123395259,0.00274842598133293,0.0638947981819366,133,135,0.00554029661908305,-0.00526067000511342,0.00561189025190394,TRUE,FALSE,FALSE,FALSE
"mcosmo","raw","none","pooled_cl","no_bailout","none","gaussian","unemp",0.00597275046312717,0.00315336154151127,1.89408996859418,188,190,0.136841218194676,-0.00024776820540209,0.0121932691316564,TRUE,FALSE,FALSE,FALSE
"mcosmo","raw","none","pooled_cl","no_bailout","n_cy","gaussian","unemp",0.00739082806154745,0.00314298507224555,2.35153139186466,188,190,0.169035128923551,0.00119077866681729,0.0135908774562776,TRUE,TRUE,FALSE,FALSE
"mcosmo","raw","none","pooled_cl","no_GR_ES","none","gaussian","unemp",0.00115780907692042,0.00292303802121869,0.396097850426764,248,250,0.0251442863327148,-0.0045993354442953,0.00691495359813615,TRUE,FALSE,FALSE,FALSE
"mcosmo","raw","none","pooled_cl","no_GR_ES","n_cy","gaussian","unemp",0.00297345830549261,0.00290201594012866,1.0246181850265,248,250,0.0649260413278751,-0.00274228163661964,0.00868919824760487,TRUE,FALSE,FALSE,FALSE
"mcosmo","raw","growth","fe_twoway","all","none","gaussian","unemp",-0.003560929397102,0.000983458981985486,-3.62082147026906,232,270,-0.231273721305104,-0.0054985815259439,-0.00162327726826009,TRUE,TRUE,TRUE,FALSE
"mcosmo","raw","growth","fe_twoway","all","n_cy","gaussian","unemp",-0.00269722930974059,0.000923804371307163,-2.91969749604462,232,270,-0.188260009667028,-0.00451734742293629,-0.000877111196544901,TRUE,TRUE,TRUE,FALSE
"mcosmo","raw","growth","fe_twoway","y2004_2008","none","gaussian","unemp",-0.008076383226124,0.00210652492883458,-3.83398416775072,102,135,-0.354908122805409,-0.0122546654345119,-0.0038981010177361,TRUE,TRUE,TRUE,FALSE
"mcosmo","raw","growth","fe_twoway","y2004_2008","n_cy","gaussian","unemp",-0.00726777934364099,0.00197037454516508,-3.68852681408959,102,135,-0.34305535568367,-0.0111760079115689,-0.00335955077571305,TRUE,TRUE,TRUE,FALSE
"mcosmo","raw","growth","fe_twoway","y2009_2013","none","gaussian","unemp",-0.00502938885627265,0.00119369672109404,-4.21328865816363,102,135,-0.385017249217701,-0.00739708064272474,-0.00266169706982055,TRUE,TRUE,TRUE,FALSE
"mcosmo","raw","growth","fe_twoway","y2009_2013","n_cy","gaussian","unemp",-0.00416517808383234,0.00116225763940309,-3.58369602627131,102,135,-0.334409905304576,-0.00647051060081686,-0.00185984556684782,TRUE,TRUE,TRUE,FALSE
"mcosmo","raw","growth","fe_twoway","no_bailout","none","gaussian","unemp",0.00090332675295698,0.00145760752059764,0.619732500135975,160,190,0.0489354582098635,-0.0019753046133402,0.00378195811925416,TRUE,FALSE,FALSE,FALSE
"mcosmo","raw","growth","fe_twoway","no_bailout","n_cy","gaussian","unemp",0.00127360971876974,0.00136174726714594,0.935276133462765,160,190,0.0737387754407947,-0.00141570708344359,0.00396292652098307,TRUE,FALSE,FALSE,FALSE
"mcosmo","raw","growth","fe_twoway","no_GR_ES","none","gaussian","unemp",-0.00219015321152816,0.00121160402574928,-1.80764768437752,214,250,-0.122635530892104,-0.00457835954651153,0.00019805312345521,TRUE,FALSE,TRUE,FALSE
"mcosmo","raw","growth","fe_twoway","no_GR_ES","n_cy","gaussian","unemp",-0.00075502511688159,0.00110362684647038,-0.68413079955087,214,250,-0.0467151617034057,-0.0029303964182177,0.00142034618445453,TRUE,FALSE,TRUE,FALSE
"mcosmo","raw","growth","fe_country","all","none","gaussian","unemp",-0.00619353553818512,0.000884375900794102,-7.00328393460723,241,270,-0.411214390696596,-0.00793562890063466,-0.00445144217573559,TRUE,TRUE,TRUE,FALSE
"mcosmo","raw","growth","fe_country","all","n_cy","gaussian","unemp",-0.00513168258607803,0.000839481471607254,-6.11291941471087,241,270,-0.366386265115097,-0.00678534037828289,-0.00347802479387316,TRUE,TRUE,TRUE,FALSE
"mcosmo","raw","growth","fe_country","y2004_2008","none","gaussian","unemp",-0.00977224947271801,0.0017042879323637,-5.73391930268772,106,135,-0.486558556861716,-0.0131511660606823,-0.00639333288475374,TRUE,TRUE,TRUE,FALSE
"mcosmo","raw","growth","fe_country","y2004_2008","n_cy","gaussian","unemp",-0.00848753702372453,0.00162228520829025,-5.23184023398059,106,135,-0.453024712711383,-0.0117038752354835,-0.0052711988119656,TRUE,TRUE,TRUE,FALSE
"mcosmo","raw","growth","fe_country","y2009_2013","none","gaussian","unemp",-0.00866555783978087,0.0012568899592327,-6.89444431958938,106,135,-0.556413793812228,-0.0111574644312962,-0.00617365124826555,TRUE,TRUE,TRUE,FALSE
"mcosmo","raw","growth","fe_country","y2009_2013","n_cy","gaussian","unemp",-0.00718333133201646,0.0013011392974121,-5.52080115196251,106,135,-0.472572884409649,-0.0097629665402412,-0.00460369612379173,TRUE,TRUE,TRUE,FALSE
"mcosmo","raw","growth","fe_country","no_bailout","none","gaussian","unemp",-0.00280477576395747,0.0013553979173349,-2.06933751932602,169,190,-0.157200675683411,-0.00548046739897195,-0.000129084128942991,TRUE,TRUE,TRUE,FALSE
"mcosmo","raw","growth","fe_country","no_bailout","n_cy","gaussian","unemp",-0.00203560385323858,0.00127093782369761,-1.60165494745941,169,190,-0.122279663350507,-0.00454456277961632,0.000473355073139155,TRUE,FALSE,TRUE,FALSE
"mcosmo","raw","growth","fe_country","no_GR_ES","none","gaussian","unemp",-0.00516248180234612,0.00109077300682639,-4.73286538082415,223,250,-0.30212513646631,-0.00731202340248639,-0.00301294020220585,TRUE,TRUE,TRUE,FALSE
"mcosmo","raw","growth","fe_country","no_GR_ES","n_cy","gaussian","unemp",-0.00357778540531487,0.00101156755024894,-3.53687245546219,223,250,-0.230470431146964,-0.00557124006270369,-0.00158433074792605,TRUE,TRUE,TRUE,FALSE
"mcosmo","raw","growth","re","all","none","gaussian","unemp",-0.00550007578379258,0.00088084944869554,-6.24405883654433,267,270,-0.356955926618885,-0.00723437024141996,-0.0037657813261652,TRUE,TRUE,TRUE,FALSE
"mcosmo","raw","growth","re","y2004_2008","none","gaussian","unemp",-0.00721211204470233,0.00167707228717443,-4.30041811546087,132,135,-0.350551373341203,-0.0105295267937851,-0.00389469729561955,TRUE,TRUE,TRUE,FALSE
"mcosmo","raw","growth","re","y2009_2013","none","gaussian","unemp",-0.00743789502652254,0.00120808790404628,-6.15674985372389,132,135,-0.472332361600552,-0.00982761231045903,-0.00504817774258606,TRUE,TRUE,TRUE,FALSE
"mcosmo","raw","growth","re","no_bailout","none","gaussian","unemp",-0.00195117435107215,0.00134133478472596,-1.45465127221821,187,190,-0.105777851713992,-0.00459726710709192,0.00069491840494761,TRUE,FALSE,TRUE,FALSE
"mcosmo","raw","growth","re","no_GR_ES","none","gaussian","unemp",-0.00435343401592098,0.00108772619134705,-4.00232526397992,247,250,-0.246785218311947,-0.00649583557199744,-0.00221103245984451,TRUE,TRUE,TRUE,FALSE
"mcosmo","raw","growth","pooled_cl","all","none","gaussian","unemp",-0.000374368652187245,0.00219453533553705,-0.170591307474039,267,270,-0.0104394495697806,-0.0046951643058891,0.00394642700151461,TRUE,FALSE,TRUE,FALSE
"mcosmo","raw","growth","pooled_cl","all","n_cy","gaussian","unemp",0.000910366359864002,0.002324725747929,0.391601616093859,267,270,0.0239587503229505,-0.00366675971554833,0.00548749243527634,TRUE,FALSE,FALSE,FALSE
"mcosmo","raw","growth","pooled_cl","y2004_2008","none","gaussian","unemp",0.00233271414087063,0.00309144326326804,0.754571228457436,132,135,0.0655358041550147,-0.00378246619807401,0.00844789447981527,TRUE,FALSE,FALSE,FALSE
"mcosmo","raw","growth","pooled_cl","y2004_2008","n_cy","gaussian","unemp",0.00346120000560871,0.00328489936224829,1.05367002879496,132,135,0.0913269439959663,-0.00303665561869191,0.00995905562990934,TRUE,FALSE,FALSE,FALSE
"mcosmo","raw","growth","pooled_cl","y2009_2013","none","gaussian","unemp",-0.00116842043439472,0.00248997739287657,-0.469249414768739,132,135,-0.0408088957157421,-0.00609384183166111,0.00375700096287166,TRUE,FALSE,TRUE,FALSE
"mcosmo","raw","growth","pooled_cl","y2009_2013","n_cy","gaussian","unemp",0.000585870027231837,0.0026553699111068,0.220635936553049,132,135,0.0192003532092203,-0.00466671411880868,0.00583845417327235,TRUE,FALSE,FALSE,FALSE
"mcosmo","raw","growth","pooled_cl","no_bailout","none","gaussian","unemp",0.00596615472750838,0.00315896567898882,1.8886418321006,187,190,0.136812504343589,-0.000265634900906513,0.0121979443559233,TRUE,FALSE,FALSE,FALSE
"mcosmo","raw","growth","pooled_cl","no_bailout","n_cy","gaussian","unemp",0.00730162332714842,0.00312985240802386,2.33289701087169,187,190,0.168168703066581,0.00112726635185015,0.0134759803024467,TRUE,TRUE,FALSE,FALSE
"mcosmo","raw","growth","pooled_cl","no_GR_ES","none","gaussian","unemp",0.0016775672642028,0.00284872790214494,0.588882940676675,247,250,0.0374434485214936,-0.00393332924536414,0.00728846377376976,TRUE,FALSE,FALSE,FALSE
"mcosmo","raw","growth","pooled_cl","no_GR_ES","n_cy","gaussian","unemp",0.00328259805703385,0.00283714106614195,1.15700910899635,247,250,0.0734200376038068,-0.00230547684937572,0.00887067296344343,TRUE,FALSE,FALSE,FALSE
"mcosmo","log","none","fe_twoway","all","none","gaussian","unemp",-0.0357898221551868,0.0101271211794218,-3.53405686780082,233,270,-0.225557369801998,-0.0557422519873874,-0.0158373923229861,TRUE,TRUE,TRUE,FALSE
"mcosmo","log","none","fe_twoway","all","n_cy","gaussian","unemp",-0.0249547919656623,0.00954838616417074,-2.61350887329027,233,270,-0.168760901677343,-0.0437669994603739,-0.00614258447095059,TRUE,TRUE,TRUE,FALSE
"mcosmo","log","none","fe_twoway","y2004_2008","none","gaussian","unemp",-0.0676517312647445,0.0185145811847698,-3.65397038094469,103,135,-0.33874978653346,-0.104371036283996,-0.0309324262454934,TRUE,TRUE,TRUE,FALSE
"mcosmo","log","none","fe_twoway","y2004_2008","n_cy","gaussian","unemp",-0.0599437227165003,0.0175138484089528,-3.42264711426061,103,135,-0.319560388838631,-0.0946783103029741,-0.0252091351300264,TRUE,TRUE,TRUE,FALSE
"mcosmo","log","none","fe_twoway","y2009_2013","none","gaussian","unemp",-0.0678240877854485,0.0148382827414746,-4.57088525452294,103,135,-0.410654842502666,-0.0972523219166258,-0.0383958536542711,TRUE,TRUE,TRUE,FALSE
"mcosmo","log","none","fe_twoway","y2009_2013","n_cy","gaussian","unemp",-0.0575023548479424,0.0151220271810985,-3.80255597740337,103,135,-0.350858229811384,-0.0874933291525047,-0.0275113805433801,TRUE,TRUE,TRUE,FALSE
"mcosmo","log","none","fe_twoway","no_bailout","none","gaussian","unemp",0.0121449120128361,0.0131040265526098,0.926807646800544,161,190,0.0728486015061149,-0.0137330256577879,0.0380228496834601,TRUE,FALSE,FALSE,FALSE
"mcosmo","log","none","fe_twoway","no_bailout","n_cy","gaussian","unemp",0.0137708361689886,0.012274090805131,1.1219434814049,161,190,0.0880778910009961,-0.0104681376718803,0.0380098100098575,TRUE,FALSE,FALSE,FALSE
"mcosmo","log","none","fe_twoway","no_GR_ES","none","gaussian","unemp",-0.0242280659237067,0.0106050175873912,-2.28458517150528,215,250,-0.153949979600438,-0.045131182579722,-0.0033249492676915,TRUE,TRUE,TRUE,FALSE
"mcosmo","log","none","fe_twoway","no_GR_ES","n_cy","gaussian","unemp",-0.0106597828936099,0.0098935569411235,-1.07744696442808,215,250,-0.0732836918773963,-0.03016056855276,0.0088410027655402,TRUE,FALSE,TRUE,FALSE
"mcosmo","log","none","fe_country","all","none","gaussian","unemp",-0.0592372748309414,0.00857581442999044,-6.90748095292069,242,270,-0.405821904536474,-0.0761300438826737,-0.0423445057792092,TRUE,TRUE,TRUE,FALSE
"mcosmo","log","none","fe_country","all","n_cy","gaussian","unemp",-0.0495075095667449,0.00824416355070101,-6.00515859035029,242,270,-0.360125367937356,-0.0657469876972035,-0.0332680314362863,TRUE,TRUE,TRUE,FALSE
"mcosmo","log","none","fe_country","y2004_2008","none","gaussian","unemp",-0.0900114965502391,0.0147146470051189,-6.11713597471457,107,135,-0.509020692561643,-0.119181568071192,-0.0608414250292858,TRUE,TRUE,TRUE,FALSE
"mcosmo","log","none","fe_country","y2004_2008","n_cy","gaussian","unemp",-0.0812078332176788,0.0140911923822543,-5.76302068801129,107,135,-0.486695079457391,-0.109141978662206,-0.0532736877731514,TRUE,TRUE,TRUE,FALSE
"mcosmo","log","none","fe_country","y2009_2013","none","gaussian","unemp",-0.102708741808471,0.0164055373110738,-6.26061431947994,107,135,-0.517785944545416,-0.135230806152741,-0.0701866774642016,TRUE,TRUE,TRUE,FALSE
"mcosmo","log","none","fe_country","y2009_2013","n_cy","gaussian","unemp",-0.0857852303536065,0.017385084886559,-4.93441538614113,107,135,-0.430549631169319,-0.120249133521814,-0.0513213271853991,TRUE,TRUE,TRUE,FALSE
"mcosmo","log","none","fe_country","no_bailout","none","gaussian","unemp",-0.0268408590316392,0.0117851391381094,-2.27751736463123,170,190,-0.172072177002542,-0.0501049205920228,-0.00357679747125569,TRUE,TRUE,TRUE,FALSE
"mcosmo","log","none","fe_country","no_bailout","n_cy","gaussian","unemp",-0.0227379674570109,0.0111000050730442,-2.0484646004558,170,190,-0.155206217834658,-0.0446495629259886,-0.000826371988033096,TRUE,TRUE,TRUE,FALSE
"mcosmo","log","none","fe_country","no_GR_ES","none","gaussian","unemp",-0.048222347165491,0.00916939316635519,-5.25905545662835,224,250,-0.331514607714239,-0.0662916538457676,-0.0301530404852144,TRUE,TRUE,TRUE,FALSE
"mcosmo","log","none","fe_country","no_GR_ES","n_cy","gaussian","unemp",-0.0359413894015399,0.00875273637190813,-4.10630320329235,224,250,-0.264586156023882,-0.0531896276356614,-0.0186931511674184,TRUE,TRUE,TRUE,FALSE
"mcosmo","log","none","re","all","none","gaussian","unemp",-0.0540979056605202,0.00846674741369973,-6.38945548003315,268,270,-0.363586311267646,-0.0707677051076867,-0.0374281062133537,TRUE,TRUE,TRUE,FALSE
"mcosmo","log","none","re","y2004_2008","none","gaussian","unemp",-0.0671779916835653,0.0143077436710881,-4.69521912244716,133,135,-0.377074242179993,-0.0954781544426185,-0.0388778289245122,TRUE,TRUE,TRUE,FALSE
"mcosmo","log","none","re","y2009_2013","none","gaussian","unemp",-0.0832339735945761,0.0153502186020026,-5.42233148287003,133,135,-0.425491419682562,-0.113596111385844,-0.0528718358033082,TRUE,TRUE,TRUE,FALSE
"mcosmo","log","none","re","no_bailout","none","gaussian","unemp",-0.020192428720911,0.0116406312828688,-1.73465065856245,188,190,-0.125511955265064,-0.0431554677683929,0.00277061032657088,TRUE,FALSE,TRUE,FALSE
"mcosmo","log","none","re","no_GR_ES","none","gaussian","unemp",-0.0435131906202442,0.00908920475007644,-4.78734848831283,248,250,-0.290854338672623,-0.0614150670068175,-0.025611314233671,TRUE,TRUE,TRUE,FALSE
"mcosmo","log","none","pooled_cl","all","none","gaussian","unemp",-0.00515018811377387,0.0236583870448427,-0.217689739541926,268,270,-0.0132963417569782,-0.0517301258408445,0.0414297496132967,TRUE,FALSE,TRUE,FALSE
"mcosmo","log","none","pooled_cl","all","n_cy","gaussian","unemp",0.00907012143230723,0.0248139303421563,0.365525384622284,268,270,0.0223224529405919,-0.0397849136937441,0.0579251565583585,TRUE,FALSE,FALSE,FALSE
"mcosmo","log","none","pooled_cl","y2004_2008","none","gaussian","unemp",0.0213947272993398,0.0284764781913746,0.751312263951941,133,135,0.0650092274852796,-0.034930643503116,0.0777200981017956,TRUE,FALSE,FALSE,FALSE
"mcosmo","log","none","pooled_cl","y2004_2008","n_cy","gaussian","unemp",0.0322566687080066,0.0309125518234671,1.04348126586946,133,135,0.090113180508804,-0.0288871613753884,0.0934004987914016,TRUE,FALSE,FALSE,FALSE
"mcosmo","log","none","pooled_cl","y2009_2013","none","gaussian","unemp",-0.00593030829929031,0.032785100336048,-0.180884250421823,133,135,-0.0156827247649815,-0.0707779668058453,0.0589173502072647,TRUE,FALSE,TRUE,FALSE
"mcosmo","log","none","pooled_cl","y2009_2013","n_cy","gaussian","unemp",0.013127712266968,0.0333562719293879,0.393560536224135,133,135,0.0341061724558093,-0.0528497015264062,0.0791051260603421,TRUE,FALSE,FALSE,FALSE
"mcosmo","log","none","pooled_cl","no_bailout","none","gaussian","unemp",0.0478362049148711,0.0300618794141657,1.59125796015035,188,190,0.11528067479228,-0.011465743068319,0.107138152898061,TRUE,FALSE,FALSE,FALSE
"mcosmo","log","none","pooled_cl","no_bailout","n_cy","gaussian","unemp",0.0611939654441915,0.0293377373013311,2.08584475399932,188,190,0.150395569072318,0.00332050559097246,0.119067425297411,TRUE,TRUE,FALSE,FALSE
"mcosmo","log","none","pooled_cl","no_GR_ES","none","gaussian","unemp",0.00879713695016981,0.0273214016306842,0.32198702940225,248,250,0.020441924417497,-0.0450144305245661,0.0626087044249058,TRUE,FALSE,FALSE,FALSE
"mcosmo","log","none","pooled_cl","no_GR_ES","n_cy","gaussian","unemp",0.0260711447772621,0.0272630985499503,0.956279592706444,248,250,0.0606121675890106,-0.0276255903691289,0.0797678799236531,TRUE,FALSE,FALSE,FALSE
"mcosmo","log","growth","fe_twoway","all","none","gaussian","unemp",-0.0362597827557041,0.010881806822656,-3.33214725703556,232,270,-0.213711967858651,-0.0576995748993453,-0.0148199906120628,TRUE,TRUE,TRUE,FALSE
"mcosmo","log","growth","fe_twoway","all","n_cy","gaussian","unemp",-0.0249469276015553,0.0101112516988403,-2.46724424874287,232,270,-0.159898369638764,-0.0448685397260997,-0.0050253154770108,TRUE,TRUE,TRUE,FALSE
"mcosmo","log","growth","fe_twoway","y2004_2008","none","gaussian","unemp",-0.0814724903920175,0.0190064664172892,-4.28656692955331,102,135,-0.39069880196231,-0.119171726412745,-0.0437732543712898,TRUE,TRUE,TRUE,FALSE
"mcosmo","log","growth","fe_twoway","y2004_2008","n_cy","gaussian","unemp",-0.0759150311192988,0.0175471153056782,-4.32635392181716,102,135,-0.393765097879596,-0.110719651129568,-0.0411104111090299,TRUE,TRUE,TRUE,FALSE
"mcosmo","log","growth","fe_twoway","y2009_2013","none","gaussian","unemp",-0.0539348804045451,0.0159676481490043,-3.3777598241923,102,135,-0.3171790578369,-0.0856066347984954,-0.0222631260105948,TRUE,TRUE,TRUE,FALSE
"mcosmo","log","growth","fe_twoway","y2009_2013","n_cy","gaussian","unemp",-0.0454229774833174,0.0157680925601531,-2.88068942454739,102,135,-0.274291208510828,-0.0766989143129617,-0.0141470406536732,TRUE,TRUE,TRUE,FALSE
"mcosmo","log","growth","fe_twoway","no_bailout","none","gaussian","unemp",0.00264396282336538,0.0134955153208638,0.19591418041502,160,190,0.0154865184834843,-0.0240083514368232,0.029296277083554,TRUE,FALSE,FALSE,FALSE
"mcosmo","log","growth","fe_twoway","no_bailout","n_cy","gaussian","unemp",0.005609708551615,0.0125214773614736,0.448006923597936,160,190,0.0353958631388863,-0.0191189766230739,0.0303383937263039,TRUE,FALSE,FALSE,FALSE
"mcosmo","log","growth","fe_twoway","no_GR_ES","none","gaussian","unemp",-0.0283162612913505,0.0113160845939873,-2.50230201587536,214,250,-0.16860498635518,-0.0506215230272177,-0.00601099955548321,TRUE,TRUE,TRUE,FALSE
"mcosmo","log","growth","fe_twoway","no_GR_ES","n_cy","gaussian","unemp",-0.0143716039240472,0.0103493442481726,-1.38864874714984,214,250,-0.0945012554777605,-0.0347713128810428,0.00602810503294827,TRUE,FALSE,TRUE,FALSE
"mcosmo","log","growth","fe_country","all","none","gaussian","unemp",-0.0656215669720461,0.00927383774658377,-7.07598825483218,241,270,-0.414752174385593,-0.0838896938717624,-0.0473534400723299,TRUE,TRUE,TRUE,FALSE
"mcosmo","log","growth","fe_country","all","n_cy","gaussian","unemp",-0.0525454442285798,0.0087640572355486,-5.99556150950794,241,270,-0.360273003539312,-0.069809376821573,-0.0352815116355866,TRUE,TRUE,TRUE,FALSE
"mcosmo","log","growth","fe_country","y2004_2008","none","gaussian","unemp",-0.0910436037984472,0.0146621236716686,-6.20944181328721,106,135,-0.516455309526573,-0.120112690041565,-0.0619745175553299,TRUE,TRUE,TRUE,FALSE
"mcosmo","log","growth","fe_country","y2004_2008","n_cy","gaussian","unemp",-0.0802239496938228,0.0138908542068806,-5.77530715527092,106,135,-0.48923227277367,-0.107763919207968,-0.0526839801796775,TRUE,TRUE,TRUE,FALSE
"mcosmo","log","growth","fe_country","y2009_2013","none","gaussian","unemp",-0.105060592217846,0.0161446830444398,-6.50744222903953,106,135,-0.534282837283792,-0.137068996613824,-0.0730521878218678,TRUE,TRUE,TRUE,FALSE
"mcosmo","log","growth","fe_country","y2009_2013","n_cy","gaussian","unemp",-0.0877701745513389,0.0173212828440072,-5.06718672870731,106,135,-0.441583631880859,-0.122111302488133,-0.0534290466145445,TRUE,TRUE,TRUE,FALSE
"mcosmo","log","growth","fe_country","no_bailout","none","gaussian","unemp",-0.0347585492514221,0.0118911850810696,-2.92305174080223,169,190,-0.219373022858415,-0.0582329430400658,-0.0112841554627785,TRUE,TRUE,TRUE,FALSE
"mcosmo","log","growth","fe_country","no_bailout","n_cy","gaussian","unemp",-0.027324830123554,0.0111066221853578,-2.46022865165767,169,190,-0.185947795553767,-0.0492504179487602,-0.00539924229834781,TRUE,TRUE,TRUE,FALSE
"mcosmo","log","growth","fe_country","no_GR_ES","none","gaussian","unemp",-0.0554434903212004,0.00973299015415966,-5.69644985179658,223,250,-0.35641150544133,-0.0746238945842219,-0.0362630860581789,TRUE,TRUE,TRUE,FALSE
"mcosmo","log","growth","fe_country","no_GR_ES","n_cy","gaussian","unemp",-0.0405752102279483,0.00908664154658445,-4.46536930283114,223,250,-0.286489226771955,-0.058481881815628,-0.0226685386402687,TRUE,TRUE,TRUE,FALSE
"mcosmo","log","growth","re","all","none","gaussian","unemp",-0.0567227780137111,0.00921286078557016,-6.15691253063916,267,270,-0.352597216048881,-0.0748618747946294,-0.0385836812327927,TRUE,TRUE,TRUE,FALSE
"mcosmo","log","growth","re","y2004_2008","none","gaussian","unemp",-0.0666710998821644,0.0143667734729984,-4.64064530616212,132,135,-0.374518992313631,-0.0950899978512887,-0.0382522019130401,TRUE,TRUE,TRUE,FALSE
"mcosmo","log","growth","re","y2009_2013","none","gaussian","unemp",-0.0842096053748693,0.0152630874104245,-5.51720651991781,132,135,-0.432885788333121,-0.114401500905617,-0.0540177098441221,TRUE,TRUE,TRUE,FALSE
"mcosmo","log","growth","re","no_bailout","none","gaussian","unemp",-0.0264894989646459,0.0117900831409603,-2.24676099803044,187,190,-0.162125771369453,-0.0497481618632894,-0.00323083606600228,TRUE,TRUE,TRUE,FALSE
"mcosmo","log","growth","re","no_GR_ES","none","gaussian","unemp",-0.0472635385838255,0.00973152449239688,-4.85674558192315,247,250,-0.295250815197948,-0.0664308928144778,-0.0280961843531732,TRUE,TRUE,TRUE,FALSE
"mcosmo","log","growth","pooled_cl","all","none","gaussian","unemp",0.002136856993421,0.0235745124612597,0.0906426801798141,267,270,0.0055471565929286,-0.0442787323713423,0.0485524463581843,TRUE,FALSE,FALSE,FALSE
"mcosmo","log","growth","pooled_cl","all","n_cy","gaussian","unemp",0.0159859726383062,0.024224874254959,0.659899096691235,267,270,0.0403522757626158,-0.0317101066625474,0.0636820519391597,TRUE,FALSE,FALSE,FALSE
"mcosmo","log","growth","pooled_cl","y2004_2008","none","gaussian","unemp",0.0180750498956837,0.0271084402982613,0.666768345829288,132,135,0.057937250154969,-0.0355481244646761,0.0716982242560436,TRUE,FALSE,FALSE,FALSE
"mcosmo","log","growth","pooled_cl","y2004_2008","n_cy","gaussian","unemp",0.0290969623468638,0.0294774202886237,0.987093241605451,132,135,0.0856000927699988,-0.0292122885889732,0.0874062132827009,TRUE,FALSE,FALSE,FALSE
"mcosmo","log","growth","pooled_cl","y2009_2013","none","gaussian","unemp",-0.00380557340446964,0.0324854418324455,-0.117147041560899,132,135,-0.010195811206646,-0.0680649882726234,0.0604538414636841,TRUE,FALSE,TRUE,FALSE
"mcosmo","log","growth","pooled_cl","y2009_2013","n_cy","gaussian","unemp",0.0175312270586883,0.0321743514668707,0.544882064732209,132,135,0.0473726505706238,-0.0461128203175883,0.0811752744349649,TRUE,FALSE,FALSE,FALSE
"mcosmo","log","growth","pooled_cl","no_bailout","none","gaussian","unemp",0.048076414432659,0.0300984656700953,1.59730449251524,187,190,0.116017695845156,-0.0112997628527308,0.107452591718049,TRUE,FALSE,FALSE,FALSE
"mcosmo","log","growth","pooled_cl","no_bailout","n_cy","gaussian","unemp",0.0605658277737995,0.029173319202556,2.07606914226246,187,190,0.150097308917729,0.00301471563537319,0.118116939912226,TRUE,TRUE,FALSE,FALSE
"mcosmo","log","growth","pooled_cl","no_GR_ES","none","gaussian","unemp",0.0135375697390833,0.0267991793175156,0.505148668124899,247,250,0.0321252500762906,-0.0392464892714977,0.0663216287496644,TRUE,FALSE,FALSE,FALSE
"mcosmo","log","growth","pooled_cl","no_GR_ES","n_cy","gaussian","unemp",0.028953174173065,0.026694641841546,1.08460620468052,247,250,0.0688480858105486,-0.0236249862823765,0.0815313346285066,TRUE,FALSE,FALSE,FALSE
"mutil","raw","none","fe_twoway","all","none","gaussian","unemp",-0.00137389199139912,0.000408746371280965,-3.36123348836959,233,270,-0.215049691228807,-0.00217920311068561,-0.00056858087211264,TRUE,TRUE,TRUE,FALSE
"mutil","raw","none","fe_twoway","all","n_cy","gaussian","unemp",-0.00148971400816263,0.000393426977771456,-3.78650700722414,233,270,-0.240765171231091,-0.00226484289513897,-0.000714585121186295,TRUE,TRUE,TRUE,FALSE
"mutil","raw","none","fe_twoway","y2004_2008","none","gaussian","unemp",-0.000240017586545956,0.0010295913131768,-0.23311928089737,103,135,-0.0229638680072154,-0.00228196912173973,0.00180193394864782,TRUE,FALSE,TRUE,FALSE
"mutil","raw","none","fe_twoway","y2004_2008","n_cy","gaussian","unemp",-0.00031983433626529,0.00101992856769928,-0.3135850356528,103,135,-0.0308837126380457,-0.00234262209481343,0.00170295342228285,TRUE,FALSE,TRUE,FALSE
"mutil","raw","none","fe_twoway","y2009_2013","none","gaussian","unemp",-0.00239702224911803,0.000566568617113766,-4.23077130768209,103,135,-0.384775517691724,-0.00352067747299365,-0.00127336702524242,TRUE,TRUE,TRUE,FALSE
"mutil","raw","none","fe_twoway","y2009_2013","n_cy","gaussian","unemp",-0.00197275917771777,0.000551118636864079,-3.57955446570085,103,135,-0.332621199239322,-0.00306577300972672,-0.000879745345708827,TRUE,TRUE,TRUE,FALSE
"mutil","raw","none","fe_twoway","no_bailout","none","gaussian","unemp",-0.00166382562704972,0.00066325072548131,-2.5085922459298,161,190,-0.193950608009549,-0.00297361852659045,-0.000354032727508997,TRUE,TRUE,TRUE,FALSE
"mutil","raw","none","fe_twoway","no_bailout","n_cy","gaussian","unemp",-0.00166105538960004,0.000621383117539404,-2.67315822189956,161,190,-0.206149215080267,-0.0028881677981948,-0.000433942981005276,TRUE,TRUE,TRUE,FALSE
"mutil","raw","none","fe_twoway","no_GR_ES","none","gaussian","unemp",-0.0018392795588334,0.0004908025435951,-3.74749394198489,215,250,-0.247617739051053,-0.00280668038955292,-0.000871878728113892,TRUE,TRUE,TRUE,FALSE
"mutil","raw","none","fe_twoway","no_GR_ES","n_cy","gaussian","unemp",-0.0019303671583637,0.000472768344009267,-4.08311424151923,215,250,-0.268259384747923,-0.00286222151547918,-0.000998512801248219,TRUE,TRUE,TRUE,FALSE
"mutil","raw","none","fe_country","all","none","gaussian","unemp",-0.00312825060259047,0.000438560859133073,-7.13299086647689,242,270,-0.416799449970439,-0.00399213442015023,-0.0022643667850307,TRUE,TRUE,TRUE,FALSE
"mutil","raw","none","fe_country","all","n_cy","gaussian","unemp",-0.00313348924779364,0.000418921347124708,-7.47989871917614,242,270,-0.433336064926964,-0.0039586868573723,-0.00230829163821499,TRUE,TRUE,TRUE,FALSE
"mutil","raw","none","fe_country","y2004_2008","none","gaussian","unemp",0.00200233652227058,0.000876408270721155,2.28470746929733,107,135,0.215672953439009,0.000264959340908527,0.00373971370363263,TRUE,TRUE,FALSE,FALSE
"mutil","raw","none","fe_country","y2004_2008","n_cy","gaussian","unemp",0.00164326024934626,0.000864085450430933,1.90173350161924,107,135,0.180817109947469,-6.96883779987922e-05,0.00335620887669131,TRUE,FALSE,FALSE,FALSE
"mutil","raw","none","fe_country","y2009_2013","none","gaussian","unemp",-0.00380766771427523,0.000645855245313886,-5.89554353224259,107,135,-0.495166128675744,-0.00508800041212622,-0.00252733501642424,TRUE,TRUE,TRUE,FALSE
"mutil","raw","none","fe_country","y2009_2013","n_cy","gaussian","unemp",-0.00314386958723466,0.000637313923683578,-4.93300000267305,107,135,-0.430449017942142,-0.00440727011112641,-0.00188046906334292,TRUE,TRUE,TRUE,FALSE
"mutil","raw","none","fe_country","no_bailout","none","gaussian","unemp",-0.00280813744550109,0.000733703237102369,-3.82734776609592,170,190,-0.281659838934012,-0.00425647989398409,-0.00135979499701809,TRUE,TRUE,TRUE,FALSE
"mutil","raw","none","fe_country","no_bailout","n_cy","gaussian","unemp",-0.00275005250128658,0.000676858561743011,-4.0629647857372,170,190,-0.297505291778875,-0.00408618261087035,-0.00141392239170281,TRUE,TRUE,TRUE,FALSE
"mutil","raw","none","fe_country","no_GR_ES","none","gaussian","unemp",-0.00356906746035912,0.000541244349844976,-6.59418885644051,224,250,-0.403193036800715,-0.00463564950879836,-0.00250248541191989,TRUE,TRUE,TRUE,FALSE
"mutil","raw","none","fe_country","no_GR_ES","n_cy","gaussian","unemp",-0.0035031234456544,0.000515251164952876,-6.79886564831891,224,250,-0.413593817975343,-0.0045184830390313,-0.0024877638522775,TRUE,TRUE,TRUE,FALSE
"mutil","raw","none","re","all","none","gaussian","unemp",-0.00298792069248327,0.000435031639024747,-6.86828364755629,268,270,-0.386877523330623,-0.00384443498556123,-0.00213140639940532,TRUE,TRUE,TRUE,FALSE
"mutil","raw","none","re","y2004_2008","none","gaussian","unemp",0.00191544392410252,0.000851629540818403,2.24915157623797,133,135,0.191419801654474,0.000230953680942788,0.00359993416726226,TRUE,TRUE,FALSE,FALSE
"mutil","raw","none","re","y2009_2013","none","gaussian","unemp",-0.00296449498740311,0.000611989035525642,-4.84403284260949,133,135,-0.387256714631839,-0.00417498559376819,-0.00175400438103803,TRUE,TRUE,TRUE,FALSE
"mutil","raw","none","re","no_bailout","none","gaussian","unemp",-0.00252483099845861,0.000725266389135203,-3.48124638930143,188,190,-0.246088045575994,-0.00395553694634372,-0.00109412505057349,TRUE,TRUE,TRUE,FALSE
"mutil","raw","none","re","no_GR_ES","none","gaussian","unemp",-0.0034148557466951,0.000537806947564117,-6.34959396147999,248,250,-0.373947445124168,-0.00447410721696836,-0.00235560427642185,TRUE,TRUE,TRUE,FALSE
"mutil","raw","none","pooled_cl","all","none","gaussian","unemp",-0.000663904537910341,0.000673246871299249,-0.986123465570841,268,270,-0.0601280891520062,-0.00198943012342992,0.000661621047609244,TRUE,FALSE,TRUE,FALSE
"mutil","raw","none","pooled_cl","all","n_cy","gaussian","unemp",-0.000353594586989574,0.000718470770792644,-0.492148882548798,268,270,-0.0300492020346477,-0.00176815948098715,0.00106097030700801,TRUE,FALSE,TRUE,FALSE
"mutil","raw","none","pooled_cl","y2004_2008","none","gaussian","unemp",0.000793606150249399,0.00195504218493512,0.405927890643309,133,135,0.0351766281750069,-0.00307339156136608,0.00466060386186488,TRUE,FALSE,FALSE,FALSE
"mutil","raw","none","pooled_cl","y2004_2008","n_cy","gaussian","unemp",0.000318872733643075,0.00222343451493952,0.143414492983953,133,135,0.0124346522260236,-0.00407899461032084,0.00471674007760699,TRUE,FALSE,FALSE,FALSE
"mutil","raw","none","pooled_cl","y2009_2013","none","gaussian","unemp",0.000383933857120149,0.000839718139809206,0.457217533977988,133,135,0.0396146674795329,-0.00127699609624143,0.00204486381048172,TRUE,FALSE,FALSE,FALSE
"mutil","raw","none","pooled_cl","y2009_2013","n_cy","gaussian","unemp",0.000922775275301789,0.000960034035943491,0.961190166966231,133,135,0.0830577758344979,-0.000976134860077032,0.00282168541068061,TRUE,FALSE,FALSE,FALSE
"mutil","raw","none","pooled_cl","no_bailout","none","gaussian","unemp",0.00133043717640818,0.00123417324592141,1.07799871760703,188,190,0.078379267854219,-0.00110417034175611,0.00376504469457247,TRUE,FALSE,FALSE,FALSE
"mutil","raw","none","pooled_cl","no_bailout","n_cy","gaussian","unemp",0.00156405259274741,0.00123144659384212,1.27009372600362,188,190,0.0922362330179153,-0.000865176160584969,0.0039932813460798,TRUE,FALSE,FALSE,FALSE
"mutil","raw","none","pooled_cl","no_GR_ES","none","gaussian","unemp",-0.000487798096887274,0.000979721834068912,-0.497894483846894,248,250,-0.0316005414548472,-0.0024174343685953,0.00144183817482076,TRUE,FALSE,TRUE,FALSE
"mutil","raw","none","pooled_cl","no_GR_ES","n_cy","gaussian","unemp",-0.000123889065347937,0.000998128760642157,-0.124121326058406,248,250,-0.00788146728639309,-0.00208977917149271,0.00184200104079684,TRUE,FALSE,TRUE,FALSE
"mutil","raw","growth","fe_twoway","all","none","gaussian","unemp",-0.000678447089734022,0.000422365983083952,-1.60630144686432,232,270,-0.1048772691454,-0.00151061026203102,0.000153716082562982,TRUE,FALSE,TRUE,FALSE
"mutil","raw","growth","fe_twoway","all","n_cy","gaussian","unemp",-0.000830721647661888,0.000400494882537881,-2.07423785891525,232,270,-0.134934943901978,-0.00161979346047214,-4.16498348516332e-05,TRUE,TRUE,TRUE,FALSE
"mutil","raw","growth","fe_twoway","y2004_2008","none","gaussian","unemp",0.000350699862997997,0.00105373497452234,0.332816003527803,102,135,0.0329358164089901,-0.00173937846274894,0.00244077818874493,TRUE,FALSE,FALSE,FALSE
"mutil","raw","growth","fe_twoway","y2004_2008","n_cy","gaussian","unemp",0.000329969114177501,0.00103376261748904,0.31919234512366,102,135,0.0315889790748183,-0.00172049413609156,0.00238043236444656,TRUE,FALSE,FALSE,FALSE
"mutil","raw","growth","fe_twoway","y2009_2013","none","gaussian","unemp",-0.00203071588287195,0.000603242161675818,-3.36633612814892,102,135,-0.316213772978079,-0.00322724385032116,-0.000834187915422749,TRUE,TRUE,TRUE,FALSE
"mutil","raw","growth","fe_twoway","y2009_2013","n_cy","gaussian","unemp",-0.00163825776903913,0.000573368595160117,-2.85725061133082,102,135,-0.272225447555314,-0.00277553165894808,-0.000500983879130188,TRUE,TRUE,TRUE,FALSE
"mutil","raw","growth","fe_twoway","no_bailout","none","gaussian","unemp",-0.00088126278760497,0.000672217642172475,-1.31097836819174,160,190,-0.103089742031983,-0.00220882645779144,0.000446300882581508,TRUE,FALSE,TRUE,FALSE
"mutil","raw","growth","fe_twoway","no_bailout","n_cy","gaussian","unemp",-0.000935394356745858,0.000620028513570375,-1.50863119400667,160,190,-0.118428431954412,-0.00215988963544096,0.000289100921949249,TRUE,FALSE,TRUE,FALSE
"mutil","raw","growth","fe_twoway","no_GR_ES","none","gaussian","unemp",-0.000980930619406626,0.000507073380174505,-1.9344944099985,214,250,-0.131098012415269,-0.00198042866752946,1.85674287162168e-05,TRUE,FALSE,TRUE,FALSE
"mutil","raw","growth","fe_twoway","no_GR_ES","n_cy","gaussian","unemp",-0.00117238591876676,0.00047424313779521,-2.47211994298383,214,250,-0.166628119387343,-0.002107171906544,-0.000237599930989536,TRUE,TRUE,TRUE,FALSE
"mutil","raw","growth","fe_country","all","none","gaussian","unemp",-0.00239379131305122,0.000457749073162224,-5.22948369182798,241,270,-0.319234659185881,-0.00329549116862993,-0.0014920914574725,TRUE,TRUE,TRUE,FALSE
"mutil","raw","growth","fe_country","all","n_cy","gaussian","unemp",-0.00240355782562503,0.000426753277780369,-5.63219534745328,241,270,-0.341049896422243,-0.00324420042110644,-0.00156291523014362,TRUE,TRUE,TRUE,FALSE
"mutil","raw","growth","fe_country","y2004_2008","none","gaussian","unemp",0.00212752946165377,0.000848990677171839,2.5059515008351,106,135,0.236494943804949,0.000444322869828449,0.0038107360534791,TRUE,TRUE,FALSE,FALSE
"mutil","raw","growth","fe_country","y2004_2008","n_cy","gaussian","unemp",0.00156387963526718,0.000824015420654245,1.89787666112548,106,135,0.181283748492085,-6.98110813744639e-05,0.00319757035190884,TRUE,FALSE,FALSE,FALSE
"mutil","raw","growth","fe_country","y2009_2013","none","gaussian","unemp",-0.00392325901933782,0.00062437720678186,-6.28347572064479,106,135,-0.520949001168949,-0.00516114755981233,-0.00268537047886331,TRUE,TRUE,TRUE,FALSE
"mutil","raw","growth","fe_country","y2009_2013","n_cy","gaussian","unemp",-0.00325096751136436,0.000628369742888286,-5.17365380519656,106,135,-0.449006672071283,-0.00449677164299097,-0.00200516337973775,TRUE,TRUE,TRUE,FALSE
"mutil","raw","growth","fe_country","no_bailout","none","gaussian","unemp",-0.00215436442017955,0.000717729326349081,-3.00163911531705,169,190,-0.22497614688665,-0.00357123420443664,-0.000737494635922475,TRUE,TRUE,TRUE,FALSE
"mutil","raw","growth","fe_country","no_bailout","n_cy","gaussian","unemp",-0.00228190001598107,0.000651626981415941,-3.50185010912634,169,190,-0.260101601360304,-0.00356827713153153,-0.000995522900430627,TRUE,TRUE,TRUE,FALSE
"mutil","raw","growth","fe_country","no_GR_ES","none","gaussian","unemp",-0.00266342124224495,0.000552791075824423,-4.81813357473758,223,250,-0.307059191050686,-0.00375278392928842,-0.00157405855520149,TRUE,TRUE,TRUE,FALSE
"mutil","raw","growth","fe_country","no_GR_ES","n_cy","gaussian","unemp",-0.00273243971026848,0.000508795542381337,-5.37040811615552,223,250,-0.338410499240672,-0.00373510220509558,-0.00172977721544138,TRUE,TRUE,TRUE,FALSE
"mutil","raw","growth","re","all","none","gaussian","unemp",-0.00222951913025544,0.000453501535154758,-4.9162328182519,267,270,-0.288110852010555,-0.00312241314308493,-0.00133662511742594,TRUE,TRUE,TRUE,FALSE
"mutil","raw","growth","re","y2004_2008","none","gaussian","unemp",0.00198010616569239,0.00084742955580334,2.33660267349929,132,135,0.199295344761787,0.000303806742745539,0.00365640558863925,TRUE,TRUE,FALSE,FALSE
"mutil","raw","growth","re","y2009_2013","none","gaussian","unemp",-0.00317206332178275,0.000594422540724459,-5.33637792052227,132,135,-0.421250351025198,-0.00434788986120339,-0.0019962367823621,TRUE,TRUE,TRUE,FALSE
"mutil","raw","growth","re","no_bailout","none","gaussian","unemp",-0.0018983119819922,0.000707092362599455,-2.68467329361828,187,190,-0.192645325986077,-0.00329321502917857,-0.000503408934805837,TRUE,TRUE,TRUE,FALSE
"mutil","raw","growth","re","no_GR_ES","none","gaussian","unemp",-0.00249363642048911,0.000548519609452894,-4.54612082688589,247,250,-0.277871102657188,-0.0035740087367749,-0.00141326410420333,TRUE,TRUE,TRUE,FALSE
"mutil","raw","growth","pooled_cl","all","none","gaussian","unemp",0.000145781965154929,0.000628954486895465,0.231784601576678,267,270,0.0141835603614557,-0.00109255936813198,0.00138412329844184,TRUE,FALSE,FALSE,FALSE
"mutil","raw","growth","pooled_cl","all","n_cy","gaussian","unemp",0.000361743662542813,0.000680340418218057,0.531709792415816,267,270,0.0325228968263565,-0.000977770846279115,0.00170125817136474,TRUE,FALSE,FALSE,FALSE
"mutil","raw","growth","pooled_cl","y2004_2008","none","gaussian","unemp",-0.00022503925241673,0.00156242965090011,-0.144031606342778,132,135,-0.0125353572189482,-0.00331567953545016,0.0028656010306167,TRUE,FALSE,TRUE,FALSE
"mutil","raw","growth","pooled_cl","y2004_2008","n_cy","gaussian","unemp",-0.000887631960535731,0.00170002071514849,-0.522130085019697,132,135,-0.0453987337917392,-0.00425044096841798,0.00247517704734652,TRUE,FALSE,TRUE,FALSE
"mutil","raw","growth","pooled_cl","y2009_2013","none","gaussian","unemp",0.000213563359298298,0.000882684083866241,0.241947672108089,132,135,0.0210541738317735,-0.00153247300478236,0.00195959972337896,TRUE,FALSE,FALSE,FALSE
"mutil","raw","growth","pooled_cl","y2009_2013","n_cy","gaussian","unemp",0.000769500768349414,0.00101937065635208,0.754878280588483,132,135,0.0655623575515922,-0.00124691514647207,0.00278591668317089,TRUE,FALSE,FALSE,FALSE
"mutil","raw","growth","pooled_cl","no_bailout","none","gaussian","unemp",0.00131070552862537,0.00121089235741319,1.08242943363306,187,190,0.078908264674004,-0.00107805940296131,0.00369947046021205,TRUE,FALSE,FALSE,FALSE
"mutil","raw","growth","pooled_cl","no_bailout","n_cy","gaussian","unemp",0.00130205063547125,0.00115642805965957,1.12592445729357,187,190,0.0820580774625805,-0.000979270885724029,0.00358337215666653,TRUE,FALSE,FALSE,FALSE
"mutil","raw","growth","pooled_cl","no_GR_ES","none","gaussian","unemp",0.000161971992499503,0.000903188533807207,0.179333534956143,247,250,0.0114099767872129,-0.00161696147039951,0.00194090545539852,TRUE,FALSE,FALSE,FALSE
"mutil","raw","growth","pooled_cl","no_GR_ES","n_cy","gaussian","unemp",0.000251566571849748,0.000912270725028022,0.275758681001213,247,250,0.0175434043987256,-0.00154525530888718,0.00204838845258667,TRUE,FALSE,FALSE,FALSE
"mutil","log","none","fe_twoway","all","none","gaussian","unemp",-0.017224376366231,0.0044838351909727,-3.84143832960427,233,270,-0.244051345708514,-0.026058417693674,-0.0083903350387881,TRUE,TRUE,TRUE,FALSE
"mutil","log","none","fe_twoway","all","n_cy","gaussian","unemp",-0.0187271826026759,0.00427558148168693,-4.38003174138715,233,270,-0.275815017886952,-0.0271509229721069,-0.0103034422332449,TRUE,TRUE,TRUE,FALSE
"mutil","log","none","fe_twoway","y2004_2008","none","gaussian","unemp",-0.00422633066475677,0.00933439236638303,-0.452769767850933,103,135,-0.0445684007502652,-0.0227388963582513,0.0142862350287378,TRUE,FALSE,TRUE,FALSE
"mutil","log","none","fe_twoway","y2004_2008","n_cy","gaussian","unemp",-0.00611717686053121,0.00919530561613755,-0.665249978184054,103,135,-0.0654086588216861,-0.0243538967892508,0.0121195430681884,TRUE,FALSE,TRUE,FALSE
"mutil","log","none","fe_twoway","y2009_2013","none","gaussian","unemp",-0.0275166191098073,0.00735522659157594,-3.74109740430329,103,135,-0.345870770901657,-0.0421039762855642,-0.0129292619340504,TRUE,TRUE,TRUE,FALSE
"mutil","log","none","fe_twoway","y2009_2013","n_cy","gaussian","unemp",-0.0235614589500239,0.00733534779924433,-3.21204387233706,103,135,-0.301740427718406,-0.0381093912297081,-0.00901352667033975,TRUE,TRUE,TRUE,FALSE
"mutil","log","none","fe_twoway","no_bailout","none","gaussian","unemp",-0.0165481606072388,0.00616294899329228,-2.6851042618152,161,190,-0.207031069745798,-0.0287188021482459,-0.0043775190662317,TRUE,TRUE,TRUE,FALSE
"mutil","log","none","fe_twoway","no_bailout","n_cy","gaussian","unemp",-0.0169812923787827,0.00571812764405751,-2.96972950515196,161,190,-0.227889008657831,-0.028273497119937,-0.00568908763762832,TRUE,TRUE,TRUE,FALSE
"mutil","log","none","fe_twoway","no_GR_ES","none","gaussian","unemp",-0.0186687768485219,0.00464369353806486,-4.02024308785495,215,250,-0.264419670231002,-0.0278217713571177,-0.00951578233992613,TRUE,TRUE,TRUE,FALSE
"mutil","log","none","fe_twoway","no_GR_ES","n_cy","gaussian","unemp",-0.0199441980579324,0.00445609174545387,-4.47571531225307,215,250,-0.291943581068993,-0.0287274183418737,-0.0111609777739911,TRUE,TRUE,TRUE,FALSE
"mutil","log","none","fe_country","all","none","gaussian","unemp",-0.0347535793738097,0.00451708998507755,-7.69379832782167,242,270,-0.443319930138133,-0.043651411588667,-0.0258557471589523,TRUE,TRUE,TRUE,FALSE
"mutil","log","none","fe_country","all","n_cy","gaussian","unemp",-0.0346872271708743,0.00431314835390652,-8.04220590730603,242,270,-0.459234525888665,-0.0431833320741707,-0.0261911222675779,TRUE,TRUE,TRUE,FALSE
"mutil","log","none","fe_country","y2004_2008","none","gaussian","unemp",0.0169459833631883,0.00770631400932452,2.19897389889432,107,135,0.207936274840246,0.00166911462575141,0.0322228521006252,TRUE,TRUE,FALSE,FALSE
"mutil","log","none","fe_country","y2004_2008","n_cy","gaussian","unemp",0.0129905499163628,0.0075848264679736,1.71270232367404,107,135,0.163349254668805,-0.0020454839394165,0.0280265837721421,TRUE,FALSE,FALSE,FALSE
"mutil","log","none","fe_country","y2009_2013","none","gaussian","unemp",-0.0469186956298296,0.00821504129566784,-5.71131585845733,107,135,-0.483352219435355,-0.0632040568796681,-0.0306333343799911,TRUE,TRUE,TRUE,FALSE
"mutil","log","none","fe_country","y2009_2013","n_cy","gaussian","unemp",-0.0399135144999139,0.00839087000665204,-4.7567790310506,107,135,-0.417797013796138,-0.0565474356624069,-0.0232795933374209,TRUE,TRUE,TRUE,FALSE
"mutil","log","none","fe_country","no_bailout","none","gaussian","unemp",-0.0290216564264296,0.00638257891578409,-4.54701098245087,170,190,-0.329290175738896,-0.0416209738439606,-0.0164223390088987,TRUE,TRUE,TRUE,FALSE
"mutil","log","none","fe_country","no_bailout","n_cy","gaussian","unemp",-0.0281926437808586,0.0058643398249582,-4.80747102357076,170,190,-0.345949171156113,-0.0397689485745518,-0.0166163389871654,TRUE,TRUE,TRUE,FALSE
"mutil","log","none","fe_country","no_GR_ES","none","gaussian","unemp",-0.034981080479489,0.00484144757837614,-7.22533496711367,224,250,-0.434752263583153,-0.0445216901450395,-0.0254404708139384,TRUE,TRUE,TRUE,FALSE
"mutil","log","none","fe_country","no_GR_ES","n_cy","gaussian","unemp",-0.0344760878909816,0.00462714993180634,-7.4508257564766,224,250,-0.445658300325257,-0.0435944002652633,-0.0253577755167,TRUE,TRUE,TRUE,FALSE
"mutil","log","none","re","all","none","gaussian","unemp",-0.033131047421391,0.00447528266313659,-7.40311839837407,268,270,-0.412044182576741,-0.0419422308450464,-0.0243198639977356,TRUE,TRUE,TRUE,FALSE
"mutil","log","none","re","y2004_2008","none","gaussian","unemp",0.0158833111191063,0.0074527285696448,2.1312075128832,133,135,0.181722205524182,0.00114210269599278,0.0306245195422198,TRUE,TRUE,FALSE,FALSE
"mutil","log","none","re","y2009_2013","none","gaussian","unemp",-0.0341754668981617,0.0076153184826919,-4.4877265443114,133,135,-0.362645676854242,-0.0492382718712267,-0.0191126619250966,TRUE,TRUE,TRUE,FALSE
"mutil","log","none","re","no_bailout","none","gaussian","unemp",-0.0266269074682806,0.00630301081570912,-4.22447434199507,188,190,-0.294443022419833,-0.0390606217541058,-0.0141931931824554,TRUE,TRUE,TRUE,FALSE
"mutil","log","none","re","no_GR_ES","none","gaussian","unemp",-0.0335920204499277,0.00480689185020928,-6.98830377231498,248,250,-0.405614250378037,-0.0430595576077136,-0.0241244832921418,TRUE,TRUE,TRUE,FALSE
"mutil","log","none","pooled_cl","all","none","gaussian","unemp",-0.00754495336177107,0.00724711077487734,-1.04109811428938,268,270,-0.0634669773003435,-0.021813464902948,0.00672355817940585,TRUE,FALSE,TRUE,FALSE
"mutil","log","none","pooled_cl","all","n_cy","gaussian","unemp",-0.00489213787773779,0.00760393094209251,-0.643369582784708,268,270,-0.0392697379833988,-0.0198631766511027,0.0100789008956271,TRUE,FALSE,TRUE,FALSE
"mutil","log","none","pooled_cl","y2004_2008","none","gaussian","unemp",0.00392739287773591,0.0173789871793271,0.225985141551153,133,135,0.0195916358872735,-0.0304475705734404,0.0383023563289122,TRUE,FALSE,FALSE,FALSE
"mutil","log","none","pooled_cl","y2004_2008","n_cy","gaussian","unemp",-0.000650631617329145,0.0198029480425307,-0.032855290835071,133,135,-0.00284890346219237,-0.0398200957617807,0.0385188325271224,TRUE,FALSE,TRUE,FALSE
"mutil","log","none","pooled_cl","y2009_2013","none","gaussian","unemp",0.00562222069304541,0.00997869190577758,0.5634226155224,133,135,0.0487967372601328,-0.0141152453636466,0.0253596867497374,TRUE,FALSE,FALSE,FALSE
"mutil","log","none","pooled_cl","y2009_2013","n_cy","gaussian","unemp",0.012226869517387,0.0113360969377098,1.07857841941295,133,135,0.093118250883645,-0.0101954911122532,0.0346492301470273,TRUE,FALSE,FALSE,FALSE
"mutil","log","none","pooled_cl","no_bailout","none","gaussian","unemp",0.00661996661688135,0.0123701460433114,0.535156706614698,188,190,0.0390006194372204,-0.0177821589820671,0.0310220922158298,TRUE,FALSE,FALSE,FALSE
"mutil","log","none","pooled_cl","no_bailout","n_cy","gaussian","unemp",0.0082570402693165,0.0124004467991581,0.665866351676705,188,190,0.0485061302735386,-0.0162048585002418,0.0327189390388749,TRUE,FALSE,FALSE,FALSE
"mutil","log","none","pooled_cl","no_GR_ES","none","gaussian","unemp",-0.00718372999523597,0.00907456860461988,-0.791633223377552,248,250,-0.0502053667944898,-0.025056779386055,0.0106893193955831,TRUE,FALSE,TRUE,FALSE
"mutil","log","none","pooled_cl","no_GR_ES","n_cy","gaussian","unemp",-0.00464637330221151,0.0092469447367127,-0.502476594649067,248,250,-0.0318910660404526,-0.0228589305260668,0.0135661839216438,TRUE,FALSE,TRUE,FALSE
"mutil","log","growth","fe_twoway","all","none","gaussian","unemp",-0.00997356714983188,0.00463401008719924,-2.15225408709885,232,270,-0.139912534108489,-0.0191036881564129,-0.000843446143250836,TRUE,TRUE,TRUE,FALSE
"mutil","log","growth","fe_twoway","all","n_cy","gaussian","unemp",-0.0121866364928284,0.00432816618823952,-2.81565817087659,232,270,-0.181777248198431,-0.0207141710237476,-0.0036591019619092,TRUE,TRUE,TRUE,FALSE
"mutil","log","growth","fe_twoway","y2004_2008","none","gaussian","unemp",0.00164411794180196,0.00965991598594943,0.170200024947771,102,135,0.0168499211287122,-0.0175162796144445,0.0208045154980484,TRUE,FALSE,FALSE,FALSE
"mutil","log","growth","fe_twoway","y2004_2008","n_cy","gaussian","unemp",0.000107022318918078,0.00941218306523811,0.011370615953417,102,135,0.00112585803129581,-0.0185619981637076,0.0187760428015437,TRUE,FALSE,FALSE,FALSE
"mutil","log","growth","fe_twoway","y2009_2013","none","gaussian","unemp",-0.0221093932243713,0.00798275511706391,-2.76964442728681,102,135,-0.264471119373987,-0.0379431501493362,-0.00627563629940651,TRUE,TRUE,TRUE,FALSE
"mutil","log","growth","fe_twoway","y2009_2013","n_cy","gaussian","unemp",-0.0186376931440685,0.0077045837726476,-2.41903958656859,102,135,-0.232932116160127,-0.0339196985263155,-0.00335568776182149,TRUE,TRUE,TRUE,FALSE
"mutil","log","growth","fe_twoway","no_bailout","none","gaussian","unemp",-0.00986141050878188,0.00620162525277464,-1.59013324843674,160,190,-0.124729368375456,-0.0221090098950269,0.00238618887746308,TRUE,FALSE,TRUE,FALSE
"mutil","log","growth","fe_twoway","no_bailout","n_cy","gaussian","unemp",-0.0109806235558309,0.00566347977061226,-1.938847493163,160,190,-0.151509857177109,-0.0221654385898461,0.000204191478184164,TRUE,FALSE,TRUE,FALSE
"mutil","log","growth","fe_twoway","no_GR_ES","none","gaussian","unemp",-0.0112159977256542,0.00474847275824087,-2.36202212725957,214,250,-0.159400035360908,-0.0205757658361256,-0.00185622961518285,TRUE,TRUE,TRUE,FALSE
"mutil","log","growth","fe_twoway","no_GR_ES","n_cy","gaussian","unemp",-0.0134456712722005,0.0044313178846499,-3.03423758398745,214,250,-0.203093521329571,-0.0221802918409142,-0.00471105070348677,TRUE,TRUE,TRUE,FALSE
"mutil","log","growth","fe_country","all","none","gaussian","unemp",-0.0272975902937739,0.0047596332553545,-5.7352297602057,241,270,-0.346545660687539,-0.036673383431513,-0.0179217971560348,TRUE,TRUE,TRUE,FALSE
"mutil","log","growth","fe_country","all","n_cy","gaussian","unemp",-0.0274385106460884,0.00438442475395582,-6.25817802468436,241,270,-0.37388766247182,-0.0360751969863284,-0.0188018243058484,TRUE,TRUE,TRUE,FALSE
"mutil","log","growth","fe_country","y2004_2008","none","gaussian","unemp",0.0180044842070478,0.00746730646009488,2.4111082494422,106,135,0.228018297486702,0.00319982286649989,0.0328091455475958,TRUE,TRUE,FALSE,FALSE
"mutil","log","growth","fe_country","y2004_2008","n_cy","gaussian","unemp",0.0121412970032526,0.00723822311383634,1.67738639888617,106,135,0.160802011707358,-0.00220918432228711,0.0264917783287923,TRUE,FALSE,FALSE,FALSE
"mutil","log","growth","fe_country","y2009_2013","none","gaussian","unemp",-0.0484658202898276,0.0079459419042283,-6.0994430709388,106,135,-0.509699035807844,-0.0642194229512983,-0.0327122176283568,TRUE,TRUE,TRUE,FALSE
"mutil","log","growth","fe_country","y2009_2013","n_cy","gaussian","unemp",-0.0412218458858115,0.0082782811419985,-4.97951750837251,106,135,-0.435402286543837,-0.0576343434100627,-0.0248093483615603,TRUE,TRUE,TRUE,FALSE
"mutil","log","growth","fe_country","no_bailout","none","gaussian","unemp",-0.0230468817707622,0.00629663535080892,-3.66019000414266,169,190,-0.271015915711379,-0.0354770724339022,-0.0106166911076221,TRUE,TRUE,TRUE,FALSE
"mutil","log","growth","fe_country","no_bailout","n_cy","gaussian","unemp",-0.0240168122463171,0.00566342907877589,-4.24068385288373,169,190,-0.310123281622505,-0.0351969901245409,-0.0128366343680932,TRUE,TRUE,TRUE,FALSE
"mutil","log","growth","fe_country","no_GR_ES","none","gaussian","unemp",-0.0270479284665577,0.00496813898589948,-5.44427773524952,223,250,-0.342522478842657,-0.0368384360777982,-0.0172574208553171,TRUE,TRUE,TRUE,FALSE
"mutil","log","growth","fe_country","no_GR_ES","n_cy","gaussian","unemp",-0.0277229981004225,0.00457029893286126,-6.06590477071186,223,250,-0.376339692781651,-0.0367294986461639,-0.0187164975546811,TRUE,TRUE,TRUE,FALSE
"mutil","log","growth","re","all","none","gaussian","unemp",-0.0254015315637079,0.00470380191719793,-5.40021285140333,267,270,-0.313794980158658,-0.0346627936407341,-0.0161402694866817,TRUE,TRUE,TRUE,FALSE
"mutil","log","growth","re","y2004_2008","none","gaussian","unemp",0.0163138345678273,0.00739938611307906,2.20475514029349,132,135,0.188460611634998,0.00167711746659619,0.0309505516690584,TRUE,TRUE,FALSE,FALSE
"mutil","log","growth","re","y2009_2013","none","gaussian","unemp",-0.0369288824990349,0.00742153394632611,-4.97590966586036,132,135,-0.397425113983111,-0.0516094102035631,-0.0222483547945067,TRUE,TRUE,TRUE,FALSE
"mutil","log","growth","re","no_bailout","none","gaussian","unemp",-0.0207688163630756,0.0062011889242489,-3.34916684796716,187,190,-0.2378846523264,-0.033002094197973,-0.00853553852817813,TRUE,TRUE,TRUE,FALSE
"mutil","log","growth","re","no_GR_ES","none","gaussian","unemp",-0.0254822914552435,0.00492799942813592,-5.17092013236748,247,250,-0.312535932526585,-0.0351885518424347,-0.0157760310680522,TRUE,TRUE,TRUE,FALSE
"mutil","log","growth","pooled_cl","all","none","gaussian","unemp",0.000107800685141726,0.00718148435326453,0.0150109197261876,267,270,0.000918652980796545,-0.0140317421502984,0.0142473435205819,TRUE,FALSE,FALSE,FALSE
"mutil","log","growth","pooled_cl","all","n_cy","gaussian","unemp",0.00145697499875252,0.00753068257541358,0.193471837932633,267,270,0.0118394543255644,-0.0133701002432564,0.0162840502407615,TRUE,FALSE,FALSE,FALSE
"mutil","log","growth","pooled_cl","y2004_2008","none","gaussian","unemp",-0.003134561176376,0.0138276386575913,-0.226688103008474,132,135,-0.0197268273568391,-0.0304869971915025,0.0242178748387505,TRUE,FALSE,TRUE,FALSE
"mutil","log","growth","pooled_cl","y2004_2008","n_cy","gaussian","unemp",-0.00930076464396346,0.0149354074744742,-0.622732567548574,132,135,-0.0541224693517909,-0.0388444768728857,0.0202429475849588,TRUE,FALSE,TRUE,FALSE
"mutil","log","growth","pooled_cl","y2009_2013","none","gaussian","unemp",0.00392022567892931,0.0104127405934998,0.376483562970593,132,135,0.0327511089355173,-0.0166772044303288,0.0245176557881875,TRUE,FALSE,FALSE,FALSE
"mutil","log","growth","pooled_cl","y2009_2013","n_cy","gaussian","unemp",0.0107577644201292,0.011890118322354,0.904765127518041,132,135,0.0785066424900067,-0.0127620648636599,0.0342775937039183,TRUE,FALSE,FALSE,FALSE
"mutil","log","growth","pooled_cl","no_bailout","none","gaussian","unemp",0.00727062022154331,0.0122132057746366,0.595308091561216,187,190,0.0434920468068999,-0.0168227498274911,0.0313639902705777,TRUE,FALSE,FALSE,FALSE
"mutil","log","growth","pooled_cl","no_bailout","n_cy","gaussian","unemp",0.00661221672082587,0.0118265555519149,0.559099113161081,187,190,0.0408512468796082,-0.0167183964347711,0.0299428298764228,TRUE,FALSE,FALSE,FALSE
"mutil","log","growth","pooled_cl","no_GR_ES","none","gaussian","unemp",-0.00130049443860343,0.00872926983259421,-0.148980895715644,247,250,-0.00947900151202668,-0.0184937931028572,0.0158928042256503,TRUE,FALSE,TRUE,FALSE
"mutil","log","growth","pooled_cl","no_GR_ES","n_cy","gaussian","unemp",-0.00118611555325014,0.0086806845640201,-0.13663848104404,247,250,-0.00869376978916314,-0.0182837199556358,0.0159114888491355,TRUE,FALSE,TRUE,FALSE
"mcomm","raw","none","fe_twoway","all","none","gaussian","unemp",0.00582706138770308,0.00066932120574695,8.70592674738311,233,270,0.495428712383418,0.00450836635519905,0.00714575642020712,FALSE,TRUE,TRUE,FALSE
"mcomm","raw","none","fe_twoway","all","n_cy","gaussian","unemp",0.00535818323575264,0.000609479704476046,8.79140551588824,233,270,0.499085848146716,0.00415738778537145,0.00655897868613383,FALSE,TRUE,TRUE,FALSE
"mcomm","raw","none","fe_twoway","y2004_2008","none","gaussian","unemp",0.0056067138354936,0.00137777062456097,4.06941020191961,103,135,0.372167406321606,0.00287423075607968,0.00833919691490752,FALSE,TRUE,TRUE,FALSE
"mcomm","raw","none","fe_twoway","y2004_2008","n_cy","gaussian","unemp",0.00540176190097951,0.00130010908195844,4.15485283191966,103,135,0.37886979774599,0.00282330217443699,0.00798022162752203,FALSE,TRUE,TRUE,FALSE
"mcomm","raw","none","fe_twoway","y2009_2013","none","gaussian","unemp",0.00726989202329921,0.000826679132584751,8.79409160912128,103,135,0.654861882650745,0.00563036894041145,0.00890941510618697,FALSE,TRUE,TRUE,FALSE
"mcomm","raw","none","fe_twoway","y2009_2013","n_cy","gaussian","unemp",0.00603034630082579,0.000819243161663087,7.36087474759511,103,135,0.587120660911228,0.00440557071244855,0.00765512188920304,FALSE,TRUE,TRUE,FALSE
"mcomm","raw","none","fe_twoway","no_bailout","none","gaussian","unemp",0.00282943053965661,0.000857581370782685,3.29931436952075,161,190,0.251654157022066,0.00113587190929938,0.00452298917001384,FALSE,TRUE,TRUE,FALSE
"mcomm","raw","none","fe_twoway","no_bailout","n_cy","gaussian","unemp",0.0029565679007019,0.000827882141152031,3.57124251597905,161,190,0.27092695828927,0.00132165954933808,0.00459147625206572,FALSE,TRUE,TRUE,FALSE
"mcomm","raw","none","fe_twoway","no_GR_ES","none","gaussian","unemp",0.00551084559908586,0.000827651305319758,6.65841467737042,215,250,0.413466856888033,0.00387949594378953,0.00714219525438219,FALSE,TRUE,TRUE,FALSE
"mcomm","raw","none","fe_twoway","no_GR_ES","n_cy","gaussian","unemp",0.00462321815862763,0.000736404823879418,6.27809325619609,215,250,0.393601614462927,0.00317172071293689,0.00607471560431838,FALSE,TRUE,TRUE,FALSE
"mcomm","raw","none","fe_country","all","none","gaussian","unemp",0.00575337326787184,0.000563159370972112,10.2162435083705,242,270,0.548933933443644,0.00464405341600079,0.0068626931197429,FALSE,TRUE,TRUE,FALSE
"mcomm","raw","none","fe_country","all","n_cy","gaussian","unemp",0.00523484054309039,0.000519284285477782,10.0808761009857,242,270,0.543821649461152,0.00421194649863755,0.00625773458754323,FALSE,TRUE,TRUE,FALSE
"mcomm","raw","none","fe_country","y2004_2008","none","gaussian","unemp",0.00635710640464862,0.00112123450944765,5.66973844551064,107,135,0.480648691586602,0.00413438975905249,0.00857982305024475,FALSE,TRUE,TRUE,FALSE
"mcomm","raw","none","fe_country","y2004_2008","n_cy","gaussian","unemp",0.00669997854779537,0.00106897488604529,6.26766693517204,107,135,0.518212658799914,0.00458086051056373,0.00881909658502701,FALSE,TRUE,TRUE,FALSE
"mcomm","raw","none","fe_country","y2009_2013","none","gaussian","unemp",0.00784384458115033,0.000782069303146368,10.0296029387594,107,135,0.696109331222116,0.00629348340026808,0.00939420576203258,FALSE,TRUE,TRUE,FALSE
"mcomm","raw","none","fe_country","y2009_2013","n_cy","gaussian","unemp",0.00653350157815451,0.000792344463951886,8.24578434683334,107,135,0.623335246009377,0.00496277108936552,0.0081042320669435,FALSE,TRUE,TRUE,FALSE
"mcomm","raw","none","fe_country","no_bailout","none","gaussian","unemp",0.0036581296868381,0.000773072614904897,4.73193541759092,170,190,0.341150641670501,0.00213207142880387,0.00518418794487233,FALSE,TRUE,TRUE,FALSE
"mcomm","raw","none","fe_country","no_bailout","n_cy","gaussian","unemp",0.00390760496734662,0.000757183425418624,5.16071117798997,170,190,0.368028471550465,0.00241291223482901,0.00540229769986424,FALSE,TRUE,TRUE,FALSE
"mcomm","raw","none","fe_country","no_GR_ES","none","gaussian","unemp",0.00557322285367959,0.000700592763499876,7.95501059108582,224,250,0.469338745453735,0.00419262707465774,0.00695381863270144,FALSE,TRUE,TRUE,FALSE
"mcomm","raw","none","fe_country","no_GR_ES","n_cy","gaussian","unemp",0.00476299160010844,0.000635008222435215,7.50067704925564,224,250,0.448043093280963,0.00351163743658747,0.0060143457636294,FALSE,TRUE,TRUE,FALSE
"mcomm","raw","none","re","all","none","gaussian","unemp",0.00554025631923557,0.000564694676300712,9.81106525659056,268,270,0.514058104203725,0.00442845428442063,0.0066520583540505,FALSE,TRUE,TRUE,FALSE
"mcomm","raw","none","re","y2004_2008","none","gaussian","unemp",0.00561063619059309,0.00111088985758314,5.05057828397103,133,135,0.401157620684463,0.00341333908353684,0.00780793329764934,FALSE,TRUE,TRUE,FALSE
"mcomm","raw","none","re","y2009_2013","none","gaussian","unemp",0.00739913472236883,0.000777375462625711,9.5180965673615,133,135,0.636531464813255,0.00586151616958072,0.00893675327515695,FALSE,TRUE,TRUE,FALSE
"mcomm","raw","none","re","no_bailout","none","gaussian","unemp",0.00326722417036787,0.000780119499610379,4.18810729894543,188,190,0.292125431691878,0.00172831153788731,0.00480613680284843,FALSE,TRUE,TRUE,FALSE
"mcomm","raw","none","re","no_GR_ES","none","gaussian","unemp",0.00527583863410376,0.00070447888586162,7.48899468811063,248,250,0.429463237920683,0.00388831417201708,0.00666336309619044,FALSE,TRUE,TRUE,FALSE
"mcomm","raw","none","pooled_cl","all","none","gaussian","unemp",0.000483209275963389,0.00249234669565411,0.193877230967087,268,270,0.0118421063611982,-0.00442386040963235,0.00539027896155913,FALSE,FALSE,TRUE,FALSE
"mcomm","raw","none","pooled_cl","all","n_cy","gaussian","unemp",8.10541151960165e-05,0.00256056156807032,0.0316548198671513,268,270,0.0019336222623689,-0.00496032077485785,0.00512242900524988,FALSE,FALSE,TRUE,FALSE
"mcomm","raw","none","pooled_cl","y2004_2008","none","gaussian","unemp",-0.00203772316872441,0.00264587671348892,-0.770150460275006,133,135,-0.0666321019995355,-0.00727116481776888,0.00319571848032005,FALSE,FALSE,FALSE,FALSE
"mcomm","raw","none","pooled_cl","y2004_2008","n_cy","gaussian","unemp",-0.000865608368667253,0.00300023553246361,-0.288513471459511,133,135,-0.0250094656960441,-0.00679995803525989,0.00506874129792538,FALSE,FALSE,FALSE,FALSE
"mcomm","raw","none","pooled_cl","y2009_2013","none","gaussian","unemp",0.000751454271844337,0.00321619651820909,0.233646876858998,133,135,0.0202555970217024,-0.00561005785912432,0.00711296640281299,FALSE,FALSE,TRUE,FALSE
"mcomm","raw","none","pooled_cl","y2009_2013","n_cy","gaussian","unemp",-4.06958861704221e-05,0.00328221577687877,-0.0123989063903415,133,135,-0.00107512091286755,-0.00653279155347679,0.00645139978113594,FALSE,FALSE,FALSE,FALSE
"mcomm","raw","none","pooled_cl","no_bailout","none","gaussian","unemp",-0.00450933066893044,0.00296416019636044,-1.52128440104798,188,190,-0.110274397609924,-0.0103566189025323,0.00133795756467141,FALSE,FALSE,FALSE,FALSE
"mcomm","raw","none","pooled_cl","no_bailout","n_cy","gaussian","unemp",-0.00457623382907496,0.00304123754233853,-1.50472752140108,188,190,-0.1090885876287,-0.0105755696675156,0.00142310200936564,FALSE,FALSE,FALSE,FALSE
"mcomm","raw","none","pooled_cl","no_GR_ES","none","gaussian","unemp",-0.00112884773421828,0.00243375186277335,-0.463830249700115,248,250,-0.0294404833567815,-0.00592230615010384,0.00366461068166727,FALSE,FALSE,FALSE,FALSE
"mcomm","raw","none","pooled_cl","no_GR_ES","n_cy","gaussian","unemp",-0.00171345442669357,0.0024918902669598,-0.68761231159029,248,250,-0.0436218628241108,-0.00662142082800542,0.00319451197461828,FALSE,FALSE,FALSE,FALSE
"mcomm","raw","growth","fe_twoway","all","none","gaussian","unemp",0.00523515487262781,0.000713203725337187,7.34033584885266,232,270,0.434133841775254,0.0038299709839133,0.00664033876134232,FALSE,TRUE,TRUE,FALSE
"mcomm","raw","growth","fe_twoway","all","n_cy","gaussian","unemp",0.0047405662709427,0.000639579635486794,7.41200314693351,232,270,0.437564137259822,0.00348043965156611,0.0060006928903193,FALSE,TRUE,TRUE,FALSE
"mcomm","raw","growth","fe_twoway","y2004_2008","none","gaussian","unemp",0.0057254324020149,0.00143836550721255,3.9805128622073,102,135,0.366677620608508,0.00287244123837841,0.00857842356565139,FALSE,TRUE,TRUE,FALSE
"mcomm","raw","growth","fe_twoway","y2004_2008","n_cy","gaussian","unemp",0.00550883534549946,0.00135353873323276,4.06995027940003,102,135,0.373776312576828,0.00282409768585106,0.00819357300514787,FALSE,TRUE,TRUE,FALSE
"mcomm","raw","growth","fe_twoway","y2009_2013","none","gaussian","unemp",0.00645414098305468,0.000864120815882737,7.46902616442759,102,135,0.594605967213079,0.00474016144192578,0.00816812052418358,FALSE,TRUE,TRUE,FALSE
"mcomm","raw","growth","fe_twoway","y2009_2013","n_cy","gaussian","unemp",0.00534475445644062,0.000839117061443241,6.36949801407674,102,135,0.533445876797924,0.00368036974368874,0.00700913916919251,FALSE,TRUE,TRUE,FALSE
"mcomm","raw","growth","fe_twoway","no_bailout","none","gaussian","unemp",0.0028067812340845,0.00090586761189313,3.09844528851047,160,190,0.237919721555982,0.00101778187420256,0.00459578059396643,FALSE,TRUE,TRUE,FALSE
"mcomm","raw","growth","fe_twoway","no_bailout","n_cy","gaussian","unemp",0.00278709807457256,0.000866190855380285,3.21764892489998,160,190,0.246526395847187,0.00107645640302361,0.0044977397461215,FALSE,TRUE,TRUE,FALSE
"mcomm","raw","growth","fe_twoway","no_GR_ES","none","gaussian","unemp",0.00499408117724276,0.000889905287821297,5.61192437621028,214,250,0.358172005401528,0.00323997884616498,0.00674818350832053,FALSE,TRUE,TRUE,FALSE
"mcomm","raw","growth","fe_twoway","no_GR_ES","n_cy","gaussian","unemp",0.00414155850191455,0.000773170469519337,5.35659167698071,214,250,0.343842733340256,0.00261755348535293,0.00566556351847616,FALSE,TRUE,TRUE,FALSE
"mcomm","raw","growth","fe_country","all","none","gaussian","unemp",0.0057999543521862,0.00060937573805373,9.51786228101324,241,270,0.522683630488664,0.00459957176877573,0.00700033693559667,FALSE,TRUE,TRUE,FALSE
"mcomm","raw","growth","fe_country","all","n_cy","gaussian","unemp",0.00521563884041366,0.000554933465979171,9.39867418377942,241,270,0.517902014475993,0.00412249970487711,0.00630877797595022,FALSE,TRUE,TRUE,FALSE
"mcomm","raw","growth","fe_country","y2004_2008","none","gaussian","unemp",0.00638186428497631,0.00112700435997407,5.66267932195324,106,135,0.481924156281081,0.00414746852689394,0.00861626004305868,FALSE,TRUE,TRUE,FALSE
"mcomm","raw","growth","fe_country","y2004_2008","n_cy","gaussian","unemp",0.00668269534352214,0.00107276765577831,6.22939674544316,106,135,0.517670762401398,0.00455582912666545,0.00880956156037883,FALSE,TRUE,TRUE,FALSE
"mcomm","raw","growth","fe_country","y2009_2013","none","gaussian","unemp",0.00784404584241143,0.000787261934924599,9.96370520970598,106,135,0.695428353670889,0.00628322248593771,0.00940486919888515,FALSE,TRUE,TRUE,FALSE
"mcomm","raw","growth","fe_country","y2009_2013","n_cy","gaussian","unemp",0.00653604477252384,0.000798514628506086,8.1852536436958,106,135,0.622316229489297,0.00495291185656798,0.0081191776884797,FALSE,TRUE,TRUE,FALSE
"mcomm","raw","growth","fe_country","no_bailout","none","gaussian","unemp",0.00404788958725049,0.000782402159429176,5.17366873092957,169,190,0.369767760616828,0.00250334913427543,0.00559243004022555,FALSE,TRUE,TRUE,FALSE
"mcomm","raw","growth","fe_country","no_bailout","n_cy","gaussian","unemp",0.00415377897351,0.000760897081108384,5.45905494532753,169,190,0.387175507566838,0.00265169170526936,0.00565586624175063,FALSE,TRUE,TRUE,FALSE
"mcomm","raw","growth","fe_country","no_GR_ES","none","gaussian","unemp",0.00564574951065309,0.000749624900640049,7.531432728332,223,250,0.450312411449484,0.00416849448294112,0.00712300453836506,FALSE,TRUE,TRUE,FALSE
"mcomm","raw","growth","fe_country","no_GR_ES","n_cy","gaussian","unemp",0.00482754223654186,0.000664518129156556,7.2647261597953,223,250,0.437462489959118,0.00351800363068164,0.00613708084240208,FALSE,TRUE,TRUE,FALSE
"mcomm","raw","growth","re","all","none","gaussian","unemp",0.00537274811608457,0.000624254433152795,8.60666393500729,267,270,0.466025965974028,0.0041436606651365,0.00660183556703264,FALSE,TRUE,TRUE,FALSE
"mcomm","raw","growth","re","y2004_2008","none","gaussian","unemp",0.00540560140427394,0.00114121568835735,4.73670442793744,132,135,0.381154888819867,0.00314816397274862,0.00766303883579926,FALSE,TRUE,TRUE,FALSE
"mcomm","raw","growth","re","y2009_2013","none","gaussian","unemp",0.0071948654309445,0.000813039000356624,8.84934846641873,132,135,0.610211426115743,0.00558659392589992,0.00880313693598908,FALSE,TRUE,TRUE,FALSE
"mcomm","raw","growth","re","no_bailout","none","gaussian","unemp",0.0036036657752564,0.000790920448686752,4.55629359594881,187,190,0.316104683134582,0.00204339246117435,0.00516393908933845,FALSE,TRUE,TRUE,FALSE
"mcomm","raw","growth","re","no_GR_ES","none","gaussian","unemp",0.00513691937146304,0.000763560844570643,6.72758354228022,247,250,0.393526630431387,0.0036329986655165,0.00664084007740958,FALSE,TRUE,TRUE,FALSE
"mcomm","raw","growth","pooled_cl","all","none","gaussian","unemp",-0.000649206457613067,0.00233342324250344,-0.278220618440638,267,270,-0.0170243577245576,-0.00524345693113683,0.0039450440159107,FALSE,FALSE,FALSE,FALSE
"mcomm","raw","growth","pooled_cl","all","n_cy","gaussian","unemp",-0.000974639259371613,0.00230600115212154,-0.422653413887037,267,270,-0.0258573204175561,-0.00551489869113869,0.00356562017239546,FALSE,FALSE,FALSE,FALSE
"mcomm","raw","growth","pooled_cl","y2004_2008","none","gaussian","unemp",-0.00113356392452223,0.00280737571389577,-0.403780626480235,132,135,-0.0351229082864163,-0.00668683057302537,0.0044197027239809,FALSE,FALSE,FALSE,FALSE
"mcomm","raw","growth","pooled_cl","y2004_2008","n_cy","gaussian","unemp",0.000147699736182247,0.00306903872268766,0.0481257323638134,132,135,0.00418877059237477,-0.0059231622069865,0.006218561679351,FALSE,FALSE,TRUE,FALSE
"mcomm","raw","growth","pooled_cl","y2009_2013","none","gaussian","unemp",4.53360862772731e-05,0.00293811785470435,0.0154303157733048,132,135,0.00134303538898887,-0.00576655143954998,0.00585722361210453,FALSE,FALSE,TRUE,FALSE
"mcomm","raw","growth","pooled_cl","y2009_2013","n_cy","gaussian","unemp",-0.00093612800917352,0.00282706499079984,-0.331130699937912,132,135,-0.0288092651158914,-0.00652834199351892,0.00465608597517188,FALSE,FALSE,FALSE,FALSE
"mcomm","raw","growth","pooled_cl","no_bailout","none","gaussian","unemp",-0.00449946139642481,0.00303425051337379,-1.4828905446643,187,190,-0.107807684560861,-0.0104852215472942,0.00148629875444458,FALSE,FALSE,FALSE,FALSE
"mcomm","raw","growth","pooled_cl","no_bailout","n_cy","gaussian","unemp",-0.00443597014493745,0.00307274043493137,-1.44365273893905,187,190,-0.104986920144217,-0.010497660558537,0.00162572026866204,FALSE,FALSE,FALSE,FALSE
"mcomm","raw","growth","pooled_cl","no_GR_ES","none","gaussian","unemp",-0.00187492560286004,0.00242485790123779,-0.773210505202375,247,250,-0.0491387729423856,-0.00665096150436075,0.00290111029864065,FALSE,FALSE,FALSE,FALSE
"mcomm","raw","growth","pooled_cl","no_GR_ES","n_cy","gaussian","unemp",-0.00212174778562626,0.0024989693858895,-0.849049131056495,247,250,-0.0539450389370893,-0.0070437547608255,0.00280025918957297,FALSE,FALSE,FALSE,FALSE
"mcomm","log","none","fe_twoway","all","none","gaussian","unemp",0.0666439694785574,0.00730716926816584,9.12035386519594,233,270,0.512913233816202,0.0522474021311312,0.0810405368259836,FALSE,TRUE,TRUE,FALSE
"mcomm","log","none","fe_twoway","all","n_cy","gaussian","unemp",0.0595525636191611,0.00665941406751083,8.94261312113015,233,270,0.50549033820392,0.0464322020127874,0.0726729252255349,FALSE,TRUE,TRUE,FALSE
"mcomm","log","none","fe_twoway","y2004_2008","none","gaussian","unemp",0.0535023269188873,0.012392929074208,4.31716558680509,103,135,0.391439110872483,0.02892387503729,0.0780807788004846,FALSE,TRUE,TRUE,FALSE
"mcomm","log","none","fe_twoway","y2004_2008","n_cy","gaussian","unemp",0.0521471938376791,0.0115995644018494,4.49561656206374,103,135,0.405009567088863,0.0291421936645007,0.0751521940108576,FALSE,TRUE,TRUE,FALSE
"mcomm","log","none","fe_twoway","y2009_2013","none","gaussian","unemp",0.0875556586767225,0.0109870665583683,7.96897499542639,103,135,0.617574556203917,0.0657654035152711,0.109345913838174,FALSE,TRUE,TRUE,FALSE
"mcomm","log","none","fe_twoway","y2009_2013","n_cy","gaussian","unemp",0.0724557227088088,0.0112501017962105,6.44045040847675,103,135,0.535813033633915,0.0501437991913331,0.0947676462262845,FALSE,TRUE,TRUE,FALSE
"mcomm","log","none","fe_twoway","no_bailout","none","gaussian","unemp",0.031646415179451,0.00787046099063688,4.02090998444681,161,190,0.302087013846948,0.0161037651293245,0.0471890652295775,FALSE,TRUE,TRUE,FALSE
"mcomm","log","none","fe_twoway","no_bailout","n_cy","gaussian","unemp",0.0328961971780634,0.00751926825075717,4.37492001628627,161,190,0.325960615009274,0.0180470853924159,0.0477453089637109,FALSE,TRUE,TRUE,FALSE
"mcomm","log","none","fe_twoway","no_GR_ES","none","gaussian","unemp",0.0587874486305988,0.00765346869734859,7.6811509859529,215,250,0.464035233142393,0.0437020093387255,0.073872887922472,FALSE,TRUE,TRUE,FALSE
"mcomm","log","none","fe_twoway","no_GR_ES","n_cy","gaussian","unemp",0.0496758383399285,0.00680873409841536,7.29589929962015,215,250,0.445476744905731,0.0362554208850645,0.0630962557947925,FALSE,TRUE,TRUE,FALSE
"mcomm","log","none","fe_country","all","none","gaussian","unemp",0.0611380122240275,0.00583756197040886,10.4732099691518,242,270,0.558471425404596,0.0496390943082626,0.0726369301397923,FALSE,TRUE,TRUE,FALSE
"mcomm","log","none","fe_country","all","n_cy","gaussian","unemp",0.0550315808882166,0.00540953698102131,10.17306676732,242,270,0.547309951631925,0.0443757930743355,0.0656873687020977,FALSE,TRUE,TRUE,FALSE
"mcomm","log","none","fe_country","y2004_2008","none","gaussian","unemp",0.0586803566351174,0.00968450558727323,6.0592000393114,107,135,0.505435678470565,0.0394819538105334,0.0778787594597015,FALSE,TRUE,TRUE,FALSE
"mcomm","log","none","fe_country","y2004_2008","n_cy","gaussian","unemp",0.0618261618392223,0.00915992861845307,6.74963358499004,107,135,0.546466242941229,0.0436676716740045,0.07998465200444,FALSE,TRUE,TRUE,FALSE
"mcomm","log","none","fe_country","y2009_2013","none","gaussian","unemp",0.0951327594839618,0.0102229069078783,9.30584229527201,107,135,0.668812634971812,0.0748670388349298,0.115398480132994,FALSE,TRUE,TRUE,FALSE
"mcomm","log","none","fe_country","y2009_2013","n_cy","gaussian","unemp",0.0798777526615488,0.0107719964014816,7.41531557238192,107,135,0.582625762184245,0.0585235261316592,0.101231979191438,FALSE,TRUE,TRUE,FALSE
"mcomm","log","none","fe_country","no_bailout","none","gaussian","unemp",0.0355775058546055,0.00673856351841789,5.2796869477248,170,190,0.375329417655396,0.022275468883816,0.0488795428253949,FALSE,TRUE,TRUE,FALSE
"mcomm","log","none","fe_country","no_bailout","n_cy","gaussian","unemp",0.0378747237374395,0.00656537271051124,5.76886117627437,170,190,0.404615969107584,0.0249145683150659,0.0508348791598131,FALSE,TRUE,TRUE,FALSE
"mcomm","log","none","fe_country","no_GR_ES","none","gaussian","unemp",0.0549048580521717,0.00620908556517859,8.84266410501503,224,250,0.508675871428258,0.0426691659790083,0.0671405501253351,FALSE,TRUE,TRUE,FALSE
"mcomm","log","none","fe_country","no_GR_ES","n_cy","gaussian","unemp",0.0474579197788447,0.0056596499165331,8.38531013026256,224,250,0.488780748946093,0.0363049516173225,0.0586108879403669,FALSE,TRUE,TRUE,FALSE
"mcomm","log","none","re","all","none","gaussian","unemp",0.0583426080201307,0.00586957522633417,9.93983478708534,268,270,0.518996364385706,0.0467862644702182,0.0698989515700432,FALSE,TRUE,TRUE,FALSE
"mcomm","log","none","re","y2004_2008","none","gaussian","unemp",0.0510930136536308,0.00959153204489385,5.32688765616236,133,135,0.419328542765585,0.0321213348048074,0.0700646925024542,FALSE,TRUE,TRUE,FALSE
"mcomm","log","none","re","y2009_2013","none","gaussian","unemp",0.0871862646663875,0.0101365826553449,8.60114968040195,133,135,0.597850434713445,0.067136496823081,0.107236032509694,FALSE,TRUE,TRUE,FALSE
"mcomm","log","none","re","no_bailout","none","gaussian","unemp",0.0318761954757446,0.00681358704363191,4.67832806297479,188,190,0.322922389950116,0.0184352865134793,0.0453171044380098,FALSE,TRUE,TRUE,FALSE
"mcomm","log","none","re","no_GR_ES","none","gaussian","unemp",0.05185856999329,0.00626626599994713,8.27583284746091,248,250,0.465191873574237,0.0395166850406491,0.0642004549459309,FALSE,TRUE,TRUE,FALSE
"mcomm","log","none","pooled_cl","all","none","gaussian","unemp",-0.00184339601607064,0.0239394292851277,-0.0770025047011394,268,270,-0.0047036245741347,-0.0489766652118647,0.0452898731797235,FALSE,FALSE,FALSE,FALSE
"mcomm","log","none","pooled_cl","all","n_cy","gaussian","unemp",-0.00429032176476251,0.0252212109721252,-0.170107683152257,268,270,-0.0103904196411921,-0.0539472334661457,0.0453665899366206,FALSE,FALSE,FALSE,FALSE
"mcomm","log","none","pooled_cl","y2004_2008","none","gaussian","unemp",-0.0188770295828617,0.0230498021339103,-0.8189670988581,133,135,-0.0708350707582132,-0.0644686453504667,0.0267145861847432,FALSE,FALSE,FALSE,FALSE
"mcomm","log","none","pooled_cl","y2004_2008","n_cy","gaussian","unemp",-0.00753182446101741,0.0261123509988603,-0.288439155147162,133,135,-0.0250030276978739,-0.0591810432531142,0.0441173943310793,FALSE,FALSE,FALSE,FALSE
"mcomm","log","none","pooled_cl","y2009_2013","none","gaussian","unemp",-0.000642227067264134,0.0352112050212706,-0.0182392811287252,133,135,-0.00158154427241902,-0.0702886266640051,0.0690041725294768,FALSE,FALSE,FALSE,FALSE
"mcomm","log","none","pooled_cl","y2009_2013","n_cy","gaussian","unemp",-0.00955141884957333,0.0363886319197666,-0.26248359297028,133,135,-0.0227543211129278,-0.0815267232429285,0.0624238855437818,FALSE,FALSE,FALSE,FALSE
"mcomm","log","none","pooled_cl","no_bailout","none","gaussian","unemp",-0.0398580105053545,0.0266345995302367,-1.49647493141791,188,190,-0.108497359723547,-0.0923990913251688,0.0126830703144598,FALSE,FALSE,FALSE,FALSE
"mcomm","log","none","pooled_cl","no_bailout","n_cy","gaussian","unemp",-0.039744157313311,0.028091574671739,-1.41480702942918,188,190,-0.10264043634506,-0.095159358638494,0.0156710440118718,FALSE,FALSE,FALSE,FALSE
"mcomm","log","none","pooled_cl","no_GR_ES","none","gaussian","unemp",-0.0125333025703584,0.0224072040743494,-0.559342545762142,248,250,-0.0354959043248393,-0.0566659861810285,0.0315993810403117,FALSE,FALSE,FALSE,FALSE
"mcomm","log","none","pooled_cl","no_GR_ES","n_cy","gaussian","unemp",-0.015911123391807,0.0239387942170984,-0.664658514021663,248,250,-0.0421683166199227,-0.0630603896589692,0.0312381428753552,FALSE,FALSE,FALSE,FALSE
"mcomm","log","growth","fe_twoway","all","none","gaussian","unemp",0.0604242966702317,0.00776998266979029,7.77663210307553,232,270,0.45472248694009,0.0451155509706514,0.0757330423698119,FALSE,TRUE,TRUE,FALSE
"mcomm","log","growth","fe_twoway","all","n_cy","gaussian","unemp",0.0529297784763144,0.00692238141138192,7.64618060329443,232,270,0.448640356251076,0.0392910123212275,0.0665685446314013,FALSE,TRUE,TRUE,FALSE
"mcomm","log","growth","fe_twoway","y2004_2008","none","gaussian","unemp",0.0555378953018422,0.0130566802554518,4.2536000128097,102,135,0.38814821850503,0.0296400319225819,0.0814357586811025,FALSE,TRUE,TRUE,FALSE
"mcomm","log","growth","fe_twoway","y2004_2008","n_cy","gaussian","unemp",0.0539258732548297,0.0121593971208762,4.43491340226445,102,135,0.402064884210153,0.0298077667185886,0.0780439797910708,FALSE,TRUE,TRUE,FALSE
"mcomm","log","growth","fe_twoway","y2009_2013","none","gaussian","unemp",0.0763401514509623,0.0117730228017069,6.48432885391966,102,135,0.540273474413712,0.0529884165448239,0.0996918863571006,FALSE,TRUE,TRUE,FALSE
"mcomm","log","growth","fe_twoway","y2009_2013","n_cy","gaussian","unemp",0.0623738428069977,0.011654844847854,5.35175230740909,102,135,0.468226335253714,0.0392565133119932,0.0854911723020022,FALSE,TRUE,TRUE,FALSE
"mcomm","log","growth","fe_twoway","no_bailout","none","gaussian","unemp",0.031755708680948,0.00825236053807456,3.84807577594728,160,190,0.291047150793626,0.0154581089806155,0.0480533083812804,FALSE,TRUE,TRUE,FALSE
"mcomm","log","growth","fe_twoway","no_bailout","n_cy","gaussian","unemp",0.03170255201989,0.00780882380695782,4.05983702585816,160,190,0.305603308178551,0.0162808937017577,0.0471242103380224,FALSE,TRUE,TRUE,FALSE
"mcomm","log","growth","fe_twoway","no_GR_ES","none","gaussian","unemp",0.0546640001160311,0.00814715312459387,6.70958300157836,214,250,0.416898309742663,0.0386050548742455,0.0707229453578167,FALSE,TRUE,TRUE,FALSE
"mcomm","log","growth","fe_twoway","no_GR_ES","n_cy","gaussian","unemp",0.0457330899442898,0.00708873809998272,6.45151355562159,214,250,0.403517595332902,0.0317603984727942,0.0597057814157854,FALSE,TRUE,TRUE,FALSE
"mcomm","log","growth","fe_country","all","none","gaussian","unemp",0.0621850004692405,0.0063509872262454,9.79139120486048,241,270,0.533472908644745,0.0496744688255025,0.0746955321129785,FALSE,TRUE,TRUE,FALSE
"mcomm","log","growth","fe_country","all","n_cy","gaussian","unemp",0.0547151779398143,0.00576278305149701,9.49457535549613,241,270,0.521753244860016,0.0433633239439794,0.0660670319356492,FALSE,TRUE,TRUE,FALSE
"mcomm","log","growth","fe_country","y2004_2008","none","gaussian","unemp",0.0588925408728884,0.00973302713631281,6.05079386382958,106,135,0.506680465146717,0.0395958679237453,0.0781892138220314,FALSE,TRUE,TRUE,FALSE
"mcomm","log","growth","fe_country","y2004_2008","n_cy","gaussian","unemp",0.0616574476552861,0.00919615639228732,6.70469759594316,106,135,0.545705541089299,0.0434251731731699,0.0798897221374022,FALSE,TRUE,TRUE,FALSE
"mcomm","log","growth","fe_country","y2009_2013","none","gaussian","unemp",0.0951412187850627,0.0102930483672505,9.24324994797212,106,135,0.668053121449706,0.074734249276932,0.115548188293193,FALSE,TRUE,TRUE,FALSE
"mcomm","log","growth","fe_country","y2009_2013","n_cy","gaussian","unemp",0.0798525498183007,0.0108525424430982,7.35795784600535,106,135,0.581444145637291,0.0583363288874203,0.101368770749181,FALSE,TRUE,TRUE,FALSE
"mcomm","log","growth","fe_country","no_bailout","none","gaussian","unemp",0.0397062021706155,0.00682590699531161,5.81698552264011,169,190,0.408436033978758,0.0262311761172671,0.053181228223964,FALSE,TRUE,TRUE,FALSE
"mcomm","log","growth","fe_country","no_bailout","n_cy","gaussian","unemp",0.0402962243652041,0.00659246410557042,6.11246776924505,169,190,0.425501839611414,0.0272820380249359,0.0533104107054724,FALSE,TRUE,TRUE,FALSE
"mcomm","log","growth","fe_country","no_GR_ES","none","gaussian","unemp",0.0562632574506814,0.00665019810748625,8.46038817811229,223,250,0.492935403593923,0.0431579849588302,0.0693685299425326,FALSE,TRUE,TRUE,FALSE
"mcomm","log","growth","fe_country","no_GR_ES","n_cy","gaussian","unemp",0.0483405814913025,0.00591397177228399,8.17396216158016,223,250,0.480145871686881,0.036686160024121,0.0599950029584841,FALSE,TRUE,TRUE,FALSE
"mcomm","log","growth","re","all","none","gaussian","unemp",0.0566715926536219,0.00652251124845764,8.6886155492676,267,270,0.469488911955901,0.0438294944667361,0.0695136908405077,FALSE,TRUE,TRUE,FALSE
"mcomm","log","growth","re","y2004_2008","none","gaussian","unemp",0.0489900526756629,0.00985450997850713,4.9713332050514,132,135,0.397117258597437,0.0294968578994482,0.0684832474518775,FALSE,TRUE,TRUE,FALSE
"mcomm","log","growth","re","y2009_2013","none","gaussian","unemp",0.083703458118925,0.0105720804788274,7.91740644488635,132,135,0.56743527727268,0.062790837967028,0.104616078270822,FALSE,TRUE,TRUE,FALSE
"mcomm","log","growth","re","no_bailout","none","gaussian","unemp",0.0354057035197847,0.00692514209627312,5.11263206264589,187,190,0.350197523560177,0.0217442607957003,0.0490671462438692,FALSE,TRUE,TRUE,FALSE
"mcomm","log","growth","re","no_GR_ES","none","gaussian","unemp",0.0510744768347979,0.00680949965082075,7.50047425711255,247,250,0.430708285128993,0.0376623858471261,0.0644865678224698,FALSE,TRUE,TRUE,FALSE
"mcomm","log","growth","pooled_cl","all","none","gaussian","unemp",-0.0130524715528856,0.0225755965161393,-0.578167294208788,267,270,-0.0353611350751837,-0.0575013066785182,0.031396363572747,FALSE,FALSE,FALSE,FALSE
"mcomm","log","growth","pooled_cl","all","n_cy","gaussian","unemp",-0.0139641079230506,0.0232383912203883,-0.600906826579248,267,270,-0.0367500586964781,-0.0597179120008987,0.0317896961547975,FALSE,FALSE,FALSE,FALSE
"mcomm","log","growth","pooled_cl","y2004_2008","none","gaussian","unemp",-0.0126427680699621,0.0238030114116899,-0.531141537148241,132,135,-0.0461806144550084,-0.0597274773777325,0.0344419412378083,FALSE,FALSE,FALSE,FALSE
"mcomm","log","growth","pooled_cl","y2004_2008","n_cy","gaussian","unemp",-0.000311019257928841,0.0258023495693882,-0.0120539122645572,132,135,-0.00104915781863354,-0.0513506170600569,0.0507285785441993,FALSE,FALSE,FALSE,FALSE
"mcomm","log","growth","pooled_cl","y2009_2013","none","gaussian","unemp",-0.00827873073401359,0.0322420028303738,-0.256768500938612,132,135,-0.0223432501863615,-0.0720565991940902,0.0554991377260631,FALSE,FALSE,FALSE,FALSE
"mcomm","log","growth","pooled_cl","y2009_2013","n_cy","gaussian","unemp",-0.0185482564658508,0.0320366361216266,-0.578970163890884,132,135,-0.0503290211823671,-0.0819198892771847,0.0448233763454832,FALSE,FALSE,FALSE,FALSE
"mcomm","log","growth","pooled_cl","no_bailout","none","gaussian","unemp",-0.0402011253893456,0.0271685379951068,-1.47969410045495,187,190,-0.107577992009355,-0.0937973434246418,0.0133950926459506,FALSE,FALSE,FALSE,FALSE
"mcomm","log","growth","pooled_cl","no_bailout","n_cy","gaussian","unemp",-0.038835793265333,0.0282722130220143,-1.37363825163221,187,190,-0.0999473945250134,-0.0946092652770081,0.016937678746342,FALSE,FALSE,FALSE,FALSE
"mcomm","log","growth","pooled_cl","no_GR_ES","none","gaussian","unemp",-0.0194694597865537,0.0222321558858745,-0.875734224179483,247,250,-0.055635330182567,-0.0632582420589067,0.0243193224857994,FALSE,FALSE,FALSE,FALSE
"mcomm","log","growth","pooled_cl","no_GR_ES","n_cy","gaussian","unemp",-0.0197252064640183,0.0237461852463188,-0.830668431977979,247,250,-0.0527804952333241,-0.0664960433044831,0.0270456303764465,FALSE,FALSE,FALSE,FALSE
"mlib","raw","none","fe_twoway","all","none","gaussian","unemp",0.000102633963927266,0.000501754033346684,0.20455035157904,233,270,0.013399336049984,-0.000885920627847151,0.00109118855570168,FALSE,FALSE,TRUE,FALSE
"mlib","raw","none","fe_twoway","all","n_cy","gaussian","unemp",-0.00037812341987054,0.000501028146016552,-0.754694966494055,233,270,-0.0493813919957548,-0.00136524787017,0.000609001030428927,FALSE,FALSE,FALSE,FALSE
"mlib","raw","none","fe_twoway","y2004_2008","none","gaussian","unemp",0.00298221397291622,0.00117975756642964,2.52781932303384,103,135,0.241689328552394,0.000642443091891132,0.00532198485394132,FALSE,TRUE,TRUE,FALSE
"mlib","raw","none","fe_twoway","y2004_2008","n_cy","gaussian","unemp",0.00240389950090808,0.0011621684087569,2.06846054564447,103,135,0.19970587280759,9.90125656320806e-05,0.00470878643618408,FALSE,TRUE,TRUE,FALSE
"mlib","raw","none","fe_twoway","y2009_2013","none","gaussian","unemp",0.000240334281625582,0.00075786779014433,0.317119007762307,103,135,0.0312314215585819,-0.00126271773304636,0.00174338629629752,FALSE,FALSE,TRUE,FALSE
"mlib","raw","none","fe_twoway","y2009_2013","n_cy","gaussian","unemp",-1.28627361014132e-05,0.000768903428773638,-0.0167286756958915,103,135,-0.00164832315558152,-0.00153780133718154,0.00151207586497871,FALSE,FALSE,FALSE,FALSE
"mlib","raw","none","fe_twoway","no_bailout","none","gaussian","unemp",-0.00172358805478162,0.00080604661166453,-2.1383230570529,161,190,-0.166180213823734,-0.00331537542582584,-0.000131800683737407,FALSE,TRUE,FALSE,FALSE
"mlib","raw","none","fe_twoway","no_bailout","n_cy","gaussian","unemp",-0.00232584311931706,0.000786146254263707,-2.95853743079322,161,190,-0.227074523296304,-0.00387833110353739,-0.000773355135096742,FALSE,TRUE,FALSE,FALSE
"mlib","raw","none","fe_twoway","no_GR_ES","none","gaussian","unemp",-0.000821093361943245,0.000603271253109922,-1.36106827187675,215,250,-0.0924267509492453,-0.00201017666850655,0.000367989944620062,FALSE,FALSE,FALSE,FALSE
"mlib","raw","none","fe_twoway","no_GR_ES","n_cy","gaussian","unemp",-0.001453043236445,0.000599734348597186,-2.42281143283482,215,250,-0.16302388321703,-0.00263515509510436,-0.000270931377785642,FALSE,TRUE,FALSE,FALSE
"mlib","raw","none","fe_country","all","none","gaussian","unemp",0.00347590623675805,0.000573135149001424,6.06472355222698,242,270,0.363228170554517,0.00234693594635007,0.00460487652716602,FALSE,TRUE,TRUE,FALSE
"mlib","raw","none","fe_country","all","n_cy","gaussian","unemp",0.00312839197784812,0.000598994371822358,5.22274018757542,242,270,0.318272253803954,0.00194848379897049,0.00430830015672575,FALSE,TRUE,TRUE,FALSE
"mlib","raw","none","fe_country","y2004_2008","none","gaussian","unemp",0.00272766225905611,0.00094782996995955,2.87779701582186,107,135,0.268027862130742,0.00084869988885418,0.00460662462925805,FALSE,TRUE,TRUE,FALSE
"mlib","raw","none","fe_country","y2004_2008","n_cy","gaussian","unemp",0.00197593465078986,0.000943117710766329,2.09510926179546,107,135,0.198511002670764,0.00010631378484853,0.0038455555167312,FALSE,TRUE,TRUE,FALSE
"mlib","raw","none","fe_country","y2009_2013","none","gaussian","unemp",0.00288589727116811,0.00103527155405812,2.78757516311136,107,135,0.260202405445088,0.000833592158787352,0.00493820238354887,FALSE,TRUE,TRUE,FALSE
"mlib","raw","none","fe_country","y2009_2013","n_cy","gaussian","unemp",0.00215509448882678,0.00107090650267033,2.01240209434997,107,135,0.190965952865249,3.21472469201035e-05,0.00427804173073346,FALSE,TRUE,TRUE,FALSE
"mlib","raw","none","fe_country","no_bailout","none","gaussian","unemp",0.00215880278767544,0.0010590668570876,2.03840085564764,170,190,0.15446195304834,6.81871172862861e-05,0.0042494184580646,FALSE,TRUE,TRUE,FALSE
"mlib","raw","none","fe_country","no_bailout","n_cy","gaussian","unemp",0.0014135032447235,0.0010772456798159,1.31214566111332,170,190,0.100131201151537,-0.000712997725456366,0.00354000421490337,FALSE,FALSE,TRUE,FALSE
"mlib","raw","none","fe_country","no_GR_ES","none","gaussian","unemp",0.00291826336222106,0.000720190954892298,4.05206888867061,224,250,0.26133175801906,0.00149904717242352,0.00433747955201859,FALSE,TRUE,TRUE,FALSE
"mlib","raw","none","fe_country","no_GR_ES","n_cy","gaussian","unemp",0.00232015436108913,0.000750154430982051,3.09290229486713,224,250,0.202377090418509,0.000841891816876398,0.00379841690530187,FALSE,TRUE,TRUE,FALSE
"mlib","raw","none","re","all","none","gaussian","unemp",0.00325736712230014,0.000572589425328504,5.68883562673436,268,270,0.328246630453784,0.0021300214700193,0.00438471277458098,FALSE,TRUE,TRUE,FALSE
"mlib","raw","none","re","y2004_2008","none","gaussian","unemp",0.00248016673576832,0.000931932442298461,2.66131601734069,133,135,0.224855930441316,0.000636840464080753,0.00432349300745589,FALSE,TRUE,TRUE,FALSE
"mlib","raw","none","re","y2009_2013","none","gaussian","unemp",0.00183681200918545,0.00098522528313464,1.86435736133503,133,135,0.159588389618587,-0.000111925437333537,0.00378554945570443,FALSE,FALSE,TRUE,FALSE
"mlib","raw","none","re","no_bailout","none","gaussian","unemp",0.00177751434250953,0.00104671687912119,1.69818064269863,188,190,0.122913427731876,-0.000287304994418634,0.00384233367943769,FALSE,FALSE,TRUE,FALSE
"mlib","raw","none","re","no_GR_ES","none","gaussian","unemp",0.00273112531141258,0.000716488393666542,3.81182072948368,248,250,0.235257250501594,0.00131994721514129,0.00414230340768387,FALSE,TRUE,TRUE,FALSE
"mlib","raw","none","pooled_cl","all","none","gaussian","unemp",-0.0011025075057527,0.0013591259093419,-0.811188645713145,268,270,-0.049490512667654,-0.00377842958363563,0.00157341457213022,FALSE,FALSE,FALSE,FALSE
"mlib","raw","none","pooled_cl","all","n_cy","gaussian","unemp",-0.00215978213273473,0.00142267511380888,-1.51811338496842,268,270,-0.0923373563310712,-0.00496082339059668,0.00064125912512721,FALSE,FALSE,FALSE,FALSE
"mlib","raw","none","pooled_cl","y2004_2008","none","gaussian","unemp",-0.00171509859720112,0.00217315332514863,-0.78922116417341,133,135,-0.0682744680690277,-0.00601351169544238,0.00258331450104014,FALSE,FALSE,FALSE,FALSE
"mlib","raw","none","pooled_cl","y2004_2008","n_cy","gaussian","unemp",-0.00245855721343508,0.00231038914158576,-1.06413121892861,133,135,-0.0918815635234593,-0.00702841744064542,0.00211130301377524,FALSE,FALSE,FALSE,FALSE
"mlib","raw","none","pooled_cl","y2009_2013","none","gaussian","unemp",-0.00330020343557266,0.0018073735156345,-1.8259664684829,133,135,-0.156383332983111,-0.00687511823938034,0.000274711368235014,FALSE,FALSE,FALSE,FALSE
"mlib","raw","none","pooled_cl","y2009_2013","n_cy","gaussian","unemp",-0.00470932350661702,0.00203073686684285,-2.31902201782475,133,135,-0.197138551931709,-0.0087260423669495,-0.000692604646284553,FALSE,TRUE,FALSE,FALSE
"mlib","raw","none","pooled_cl","no_bailout","none","gaussian","unemp",-0.00364793869113075,0.00185130051995821,-1.97047354106134,188,190,-0.142250113825774,-0.00729993015923841,4.05277697691124e-06,FALSE,FALSE,FALSE,FALSE
"mlib","raw","none","pooled_cl","no_bailout","n_cy","gaussian","unemp",-0.00487309635850888,0.00158042218521828,-3.08341429529845,188,190,-0.219401780420647,-0.00799073624150072,-0.00175545647551703,FALSE,TRUE,FALSE,FALSE
"mlib","raw","none","pooled_cl","no_GR_ES","none","gaussian","unemp",-0.00138412112835829,0.00159362101063773,-0.868538453696968,248,250,-0.0550685576019369,-0.00452287827201739,0.00175463601530079,FALSE,FALSE,FALSE,FALSE
"mlib","raw","none","pooled_cl","no_GR_ES","n_cy","gaussian","unemp",-0.0026862731804445,0.00156740038570003,-1.71383981077991,248,250,-0.108190134918087,-0.00577338681960345,0.000400840458714437,FALSE,FALSE,FALSE,FALSE
"mlib","raw","growth","fe_twoway","all","none","gaussian","unemp",0.000104501180286883,0.000540515872798012,0.193336006481968,232,270,0.0126921082703192,-0.000960445859482353,0.00116944822005611,FALSE,FALSE,TRUE,FALSE
"mlib","raw","growth","fe_twoway","all","n_cy","gaussian","unemp",-0.000343492317295993,0.000534608502251899,-0.642511886453586,232,270,-0.0421454916960563,-0.00139680040788259,0.000709815773290609,FALSE,FALSE,FALSE,FALSE
"mlib","raw","growth","fe_twoway","y2004_2008","none","gaussian","unemp",0.00325671994953544,0.00122815673321328,2.65171363024223,102,135,0.253951310234508,0.000820676892434812,0.00569276300663607,FALSE,TRUE,TRUE,FALSE
"mlib","raw","growth","fe_twoway","y2004_2008","n_cy","gaussian","unemp",0.00291832231588639,0.00119487213635601,2.44237205562963,102,135,0.235055254092674,0.000548299098835351,0.00528834553293744,FALSE,TRUE,TRUE,FALSE
"mlib","raw","growth","fe_twoway","y2009_2013","none","gaussian","unemp",-0.000305043594086207,0.000804297134828719,-0.379267289260167,102,135,-0.0375266061687951,-0.00190036314749468,0.00129027595932226,FALSE,FALSE,FALSE,FALSE
"mlib","raw","growth","fe_twoway","y2009_2013","n_cy","gaussian","unemp",-0.000552512592039563,0.000795332917150854,-0.694693480082336,102,135,-0.0686227562248483,-0.00213005166218726,0.00102502647810813,FALSE,FALSE,FALSE,FALSE
"mlib","raw","growth","fe_twoway","no_bailout","none","gaussian","unemp",-0.00165778962661783,0.000851286292523072,-1.94739377478336,160,190,-0.152162270608949,-0.00333899625372894,2.34170004932721e-05,FALSE,FALSE,FALSE,FALSE
"mlib","raw","growth","fe_twoway","no_bailout","n_cy","gaussian","unemp",-0.0021124114502501,0.000821627990998513,-2.57100716308718,160,190,-0.199183176014177,-0.00373504585141338,-0.00048977704908682,FALSE,TRUE,FALSE,FALSE
"mlib","raw","growth","fe_twoway","no_GR_ES","none","gaussian","unemp",-0.000906690955843972,0.000652085689152524,-1.39044756069151,214,250,-0.0946225742194747,-0.00219202439869299,0.000378642487005049,FALSE,FALSE,FALSE,FALSE
"mlib","raw","growth","fe_twoway","no_GR_ES","n_cy","gaussian","unemp",-0.00145974240379499,0.000635131096359518,-2.29833244217144,214,250,-0.155206900758621,-0.00271165645792064,-0.000207828349669351,FALSE,TRUE,FALSE,FALSE
"mlib","raw","growth","fe_country","all","none","gaussian","unemp",0.00322530583752543,0.000618747342915663,5.21263787950529,241,270,0.31831064983758,0.00200646254005568,0.00444414913499518,FALSE,TRUE,TRUE,FALSE
"mlib","raw","growth","fe_country","all","n_cy","gaussian","unemp",0.00277192347154829,0.000636709247039451,4.35351533598277,241,270,0.270017916442854,0.00151769780565024,0.00402614913744634,FALSE,TRUE,TRUE,FALSE
"mlib","raw","growth","fe_country","y2004_2008","none","gaussian","unemp",0.00270863287874703,0.000952851288731008,2.84266066571033,106,135,0.266145356939619,0.000819512522839208,0.00459775323465485,FALSE,TRUE,TRUE,FALSE
"mlib","raw","growth","fe_country","y2004_2008","n_cy","gaussian","unemp",0.00197364679610804,0.000947897290841664,2.08213148742686,106,135,0.198221595664687,9.43482228504217e-05,0.00385294536936566,FALSE,TRUE,TRUE,FALSE
"mlib","raw","growth","fe_country","y2009_2013","none","gaussian","unemp",0.00310492071182343,0.000983952583369963,3.15555928639297,106,135,0.293039942478182,0.00115413901432705,0.00505570240931981,FALSE,TRUE,TRUE,FALSE
"mlib","raw","growth","fe_country","y2009_2013","n_cy","gaussian","unemp",0.00235192410126915,0.00105122838889898,2.23731029917529,106,135,0.212350780186944,0.00026776157594786,0.00443608662659044,FALSE,TRUE,TRUE,FALSE
"mlib","raw","growth","fe_country","no_bailout","none","gaussian","unemp",0.00190805790315067,0.00108470523224962,1.75905660489298,169,190,0.134090063638,-0.000233259181129314,0.00404937498743067,FALSE,FALSE,TRUE,FALSE
"mlib","raw","growth","fe_country","no_bailout","n_cy","gaussian","unemp",0.00120631551769222,0.00109070012214067,1.10600108426194,169,190,0.0847707700950293,-0.000946836081403804,0.00335946711678824,FALSE,FALSE,TRUE,FALSE
"mlib","raw","growth","fe_country","no_GR_ES","none","gaussian","unemp",0.00259403786250979,0.000768234358324882,3.37662307653882,223,250,0.220547588590042,0.00108010994025491,0.00410796578476467,FALSE,TRUE,TRUE,FALSE
"mlib","raw","growth","fe_country","no_GR_ES","n_cy","gaussian","unemp",0.00195838858411241,0.000780711166431706,2.50846749517285,223,250,0.165658467372006,0.000419873128159194,0.00349690404006563,FALSE,TRUE,TRUE,FALSE
"mlib","raw","growth","re","all","none","gaussian","unemp",0.00298142038405981,0.000615517011962073,4.84376601477835,267,270,0.284209402965534,0.00176953594228369,0.00419330482583592,FALSE,TRUE,TRUE,FALSE
"mlib","raw","growth","re","y2004_2008","none","gaussian","unemp",0.00245489094167488,0.000936047661516364,2.62261318798452,132,135,0.222544752217463,0.000603296146443582,0.00430648573690618,FALSE,TRUE,TRUE,FALSE
"mlib","raw","growth","re","y2009_2013","none","gaussian","unemp",0.00220705542307445,0.000940706512606657,2.34616789986794,132,135,0.200078594015251,0.000346244959896751,0.00406786588625216,FALSE,TRUE,TRUE,FALSE
"mlib","raw","growth","re","no_bailout","none","gaussian","unemp",0.00149291660668165,0.00106895255865657,1.39661633679788,187,190,0.101602186083013,-0.000615839279022016,0.00360167249238532,FALSE,FALSE,TRUE,FALSE
"mlib","raw","growth","re","no_GR_ES","none","gaussian","unemp",0.00237959264129777,0.00076095157194332,3.1271275716282,247,250,0.195148810732935,0.000880811197218312,0.00387837408537724,FALSE,TRUE,TRUE,FALSE
"mlib","raw","growth","pooled_cl","all","none","gaussian","unemp",-0.0016448224505491,0.00141502296378703,-1.16239982858445,267,270,-0.0709583956997519,-0.00443084506445387,0.00114120016335566,FALSE,FALSE,FALSE,FALSE
"mlib","raw","growth","pooled_cl","all","n_cy","gaussian","unemp",-0.00260903013740097,0.00145126966916971,-1.79775695229242,267,270,-0.109361043467082,-0.00546641847713497,0.000248358202333027,FALSE,FALSE,FALSE,FALSE
"mlib","raw","growth","pooled_cl","y2004_2008","none","gaussian","unemp",-0.0012643230376243,0.0020348779586967,-0.621326223629686,132,135,-0.0540005990603594,-0.00528951277117916,0.00276086669593055,FALSE,FALSE,FALSE,FALSE
"mlib","raw","growth","pooled_cl","y2004_2008","n_cy","gaussian","unemp",-0.00194691176672323,0.00220492517265139,-0.882983146490228,132,135,-0.0766278498180094,-0.0063084716972743,0.00241464816382782,FALSE,FALSE,FALSE,FALSE
"mlib","raw","growth","pooled_cl","y2009_2013","none","gaussian","unemp",-0.00288638949748185,0.00182025297970256,-1.58570788218323,132,135,-0.136722088362296,-0.00648702980864042,0.000714250813676708,FALSE,FALSE,FALSE,FALSE
"mlib","raw","growth","pooled_cl","y2009_2013","n_cy","gaussian","unemp",-0.00429366333647448,0.00203663185692663,-2.10821770359313,132,135,-0.180483418617799,-0.00832232245408683,-0.000265004218862133,FALSE,TRUE,FALSE,FALSE
"mlib","raw","growth","pooled_cl","no_bailout","none","gaussian","unemp",-0.00363052241226795,0.00175740333933713,-2.06584472158642,187,190,-0.149374629372229,-0.00709740651799476,-0.000163638306541149,FALSE,TRUE,FALSE,FALSE
"mlib","raw","growth","pooled_cl","no_bailout","n_cy","gaussian","unemp",-0.00466428168501585,0.00152211230021699,-3.06434793566212,187,190,-0.218664427516752,-0.00766699985598733,-0.00166156351404437,FALSE,TRUE,FALSE,FALSE
"mlib","raw","growth","pooled_cl","no_GR_ES","none","gaussian","unemp",-0.00183883437810616,0.00155984777940975,-1.17885501545669,247,250,-0.074798623343332,-0.00491113358027146,0.00123346482405914,FALSE,FALSE,FALSE,FALSE
"mlib","raw","growth","pooled_cl","no_GR_ES","n_cy","gaussian","unemp",-0.00293761546370078,0.00151974781082781,-1.93296245783084,247,250,-0.122071638743143,-0.00593093317606473,5.5702248663159e-05,FALSE,FALSE,FALSE,FALSE
"mlib","log","none","fe_twoway","all","none","gaussian","unemp",-0.0018634067045945,0.00554208345911985,-0.336228553456399,233,270,-0.0220217231831015,-0.0127824062290578,0.00905559281986877,FALSE,FALSE,FALSE,FALSE
"mlib","log","none","fe_twoway","all","n_cy","gaussian","unemp",-0.007169557695469,0.00548467489345853,-1.30719829976066,233,270,-0.0853251023630994,-0.0179754510017059,0.0036363356107679,FALSE,FALSE,FALSE,FALSE
"mlib","log","none","fe_twoway","y2004_2008","none","gaussian","unemp",0.0314670473821521,0.010585929050329,2.97253526190732,103,135,0.281084092885697,0.0104723538575188,0.0524617409067854,FALSE,TRUE,TRUE,FALSE
"mlib","log","none","fe_twoway","y2004_2008","n_cy","gaussian","unemp",0.0265680861614755,0.0103860926687305,2.55804439733763,103,135,0.24440753488146,0.00596972096728782,0.0471664513556633,FALSE,TRUE,TRUE,FALSE
"mlib","log","none","fe_twoway","y2009_2013","none","gaussian","unemp",-0.00050121552355933,0.0096831416902974,-0.0517616636821036,103,135,-0.0051001619381347,-0.0197054432466872,0.0187030121995686,FALSE,FALSE,FALSE,FALSE
"mlib","log","none","fe_twoway","y2009_2013","n_cy","gaussian","unemp",-0.00208726264205125,0.0101210896598842,-0.206229043728788,103,135,-0.0203161574720891,-0.022160056870537,0.0179855315864345,FALSE,FALSE,FALSE,FALSE
"mlib","log","none","fe_twoway","no_bailout","none","gaussian","unemp",-0.0155651076779265,0.00751676901235923,-2.07071783798784,161,190,-0.161064723002164,-0.0304092839473626,-0.000720931408490456,FALSE,TRUE,FALSE,FALSE
"mlib","log","none","fe_twoway","no_bailout","n_cy","gaussian","unemp",-0.0212908879620792,0.00727422341581626,-2.92689497490367,161,190,-0.224769219079747,-0.0356560832248435,-0.00692569269931496,FALSE,TRUE,FALSE,FALSE
"mlib","log","none","fe_twoway","no_GR_ES","none","gaussian","unemp",-0.00651297546160056,0.00574164099078818,-1.13434042150143,215,250,-0.0771309130895991,-0.0178300893125101,0.00480413838930895,FALSE,FALSE,FALSE,FALSE
"mlib","log","none","fe_twoway","no_GR_ES","n_cy","gaussian","unemp",-0.0121554793787443,0.00571100849276992,-2.12842957493987,215,250,-0.143652151890492,-0.0234122147650011,-0.000898743992487409,FALSE,TRUE,FALSE,FALSE
"mlib","log","none","fe_country","all","none","gaussian","unemp",0.0371978621627519,0.00596371534248633,6.2373637953088,242,270,0.372153036375254,0.0254504454254466,0.0489452789000571,FALSE,TRUE,TRUE,FALSE
"mlib","log","none","fe_country","all","n_cy","gaussian","unemp",0.0331074450352471,0.00624749066246696,5.29931885039008,242,270,0.322456847045284,0.0208010433779499,0.0454138466925444,FALSE,TRUE,TRUE,FALSE
"mlib","log","none","fe_country","y2004_2008","none","gaussian","unemp",0.0265719342074629,0.00824512985536867,3.22274296142966,107,135,0.297452335354326,0.0102269258972409,0.0429169425176849,FALSE,TRUE,TRUE,FALSE
"mlib","log","none","fe_country","y2004_2008","n_cy","gaussian","unemp",0.0201138957463432,0.0081929472062318,2.45502567513726,107,135,0.230921647828318,0.00387233345198187,0.0363554580407045,FALSE,TRUE,TRUE,FALSE
"mlib","log","none","fe_country","y2009_2013","none","gaussian","unemp",0.036180011730551,0.0130750590816876,2.76710120424796,107,135,0.258419357313879,0.0102602320429488,0.0620997914181531,FALSE,TRUE,TRUE,FALSE
"mlib","log","none","fe_country","y2009_2013","n_cy","gaussian","unemp",0.0275877340505866,0.014018770520274,1.9679139487082,107,135,0.186893338073357,-0.000202843499113869,0.0553783116002871,FALSE,FALSE,TRUE,FALSE
"mlib","log","none","fe_country","no_bailout","none","gaussian","unemp",0.0269388951151563,0.00924783158479881,2.91299585942258,170,190,0.218041089094899,0.00868352105740607,0.0451942691729065,FALSE,TRUE,TRUE,FALSE
"mlib","log","none","fe_country","no_bailout","n_cy","gaussian","unemp",0.0199159328640828,0.00942207987233111,2.11375122413979,170,190,0.16002802678225,0.00131658977546773,0.0385152759526979,FALSE,TRUE,TRUE,FALSE
"mlib","log","none","fe_country","no_GR_ES","none","gaussian","unemp",0.0311905173805741,0.00645387317129588,4.83283705036171,224,250,0.307284498403465,0.018472444167654,0.0439085905934943,FALSE,TRUE,TRUE,FALSE
"mlib","log","none","fe_country","no_GR_ES","n_cy","gaussian","unemp",0.0260120454140997,0.0067769488517101,3.83831219377372,224,250,0.248418763018821,0.0126573157240897,0.0393667751041097,FALSE,TRUE,TRUE,FALSE
"mlib","log","none","re","all","none","gaussian","unemp",0.034833057637438,0.00594362774087942,5.86057188572918,268,270,0.33704482722185,0.0231309154111612,0.0465351998637147,FALSE,TRUE,TRUE,FALSE
"mlib","log","none","re","y2004_2008","none","gaussian","unemp",0.0241413263331054,0.00808324067494705,2.9865900699862,133,135,0.250699947834896,0.00815298938911526,0.0401296632770956,FALSE,TRUE,TRUE,FALSE
"mlib","log","none","re","y2009_2013","none","gaussian","unemp",0.0203957917104159,0.0122118072487944,1.6701698032803,133,135,0.143326859605728,-0.00375868999318201,0.0445502734140137,FALSE,FALSE,TRUE,FALSE
"mlib","log","none","re","no_bailout","none","gaussian","unemp",0.023661770260595,0.00913321797086721,2.5907374964739,188,190,0.185663759545689,0.0056450119080788,0.0416785286131112,FALSE,TRUE,TRUE,FALSE
"mlib","log","none","re","no_GR_ES","none","gaussian","unemp",0.0295284595218455,0.00641518781310105,4.60289868077481,248,250,0.280546358049397,0.0168932617917228,0.0421636572519682,FALSE,TRUE,TRUE,FALSE
"mlib","log","none","pooled_cl","all","none","gaussian","unemp",-0.0098248393234086,0.0141865497060112,-0.692546075473559,268,270,-0.0422661811699083,-0.0377561011045046,0.0181064224576874,FALSE,FALSE,FALSE,FALSE
"mlib","log","none","pooled_cl","all","n_cy","gaussian","unemp",-0.021962422141671,0.0138086877500135,-1.59047858415434,268,270,-0.0966986503916633,-0.0491497284558775,0.00522488417253551,FALSE,FALSE,FALSE,FALSE
"mlib","log","none","pooled_cl","y2004_2008","none","gaussian","unemp",-0.0126887631835713,0.0213402611028869,-0.594592686677799,133,135,-0.0514893356107451,-0.0548989730123066,0.029521446645164,FALSE,FALSE,FALSE,FALSE
"mlib","log","none","pooled_cl","y2004_2008","n_cy","gaussian","unemp",-0.0199096742552309,0.0220506851306516,-0.902905018019392,133,135,-0.0780529428664559,-0.0635250752920189,0.023705726781557,FALSE,FALSE,FALSE,FALSE
"mlib","log","none","pooled_cl","y2009_2013","none","gaussian","unemp",-0.040622473419762,0.0199703052244727,-2.03414384322885,133,135,-0.173701338338781,-0.0801229635873751,-0.0011219832521489,FALSE,TRUE,FALSE,FALSE
"mlib","log","none","pooled_cl","y2009_2013","n_cy","gaussian","unemp",-0.0593911172668586,0.0211753829496047,-2.80472459025669,133,135,-0.236312334677132,-0.101275204495094,-0.0175070300386229,FALSE,TRUE,FALSE,FALSE
"mlib","log","none","pooled_cl","no_bailout","none","gaussian","unemp",-0.0237891071488079,0.0193100603871389,-1.23195405254414,188,190,-0.0894889906303045,-0.0618813428621467,0.014303128564531,FALSE,FALSE,FALSE,FALSE
"mlib","log","none","pooled_cl","no_bailout","n_cy","gaussian","unemp",-0.0350126005237898,0.0166003122246304,-2.10915313218269,188,190,-0.1520375339182,-0.0677594171311995,-0.00226578391638022,FALSE,TRUE,FALSE,FALSE
"mlib","log","none","pooled_cl","no_GR_ES","none","gaussian","unemp",-0.00720628024928426,0.0155198833694081,-0.464325670351935,248,250,-0.0294719016642768,-0.037773864680787,0.0233613041822185,FALSE,FALSE,FALSE,FALSE
"mlib","log","none","pooled_cl","no_GR_ES","n_cy","gaussian","unemp",-0.0200769679177215,0.0145158019227574,-1.38311117942754,248,250,-0.0874908570249233,-0.0486669379776434,0.00851300214220034,FALSE,FALSE,FALSE,FALSE
"mlib","log","growth","fe_twoway","all","none","gaussian","unemp",-0.00229474809982923,0.00595475312876827,-0.385364103298082,232,270,-0.0252922992478088,-0.014027052433856,0.00943755623419751,FALSE,FALSE,FALSE,FALSE
"mlib","log","growth","fe_twoway","all","n_cy","gaussian","unemp",-0.00713901770965426,0.00580798644054452,-1.22917258549676,232,270,-0.0804376397899695,-0.0185821561597052,0.00430412074039664,FALSE,FALSE,FALSE,FALSE
"mlib","log","growth","fe_twoway","y2004_2008","none","gaussian","unemp",0.0350403432982117,0.0111065433628903,3.15492787929772,102,135,0.298174474475294,0.0130105671988958,0.0570701193975277,FALSE,TRUE,TRUE,FALSE
"mlib","log","growth","fe_twoway","y2004_2008","n_cy","gaussian","unemp",0.0323639919045658,0.0107182817105773,3.01951308787001,102,135,0.286447980686802,0.0111043309516946,0.0536236528574371,FALSE,TRUE,TRUE,FALSE
"mlib","log","growth","fe_twoway","y2009_2013","none","gaussian","unemp",-0.00922102941544037,0.0104375237831657,-0.883449906989686,102,135,-0.0871418148877022,-0.0299238083504868,0.0114817495196061,FALSE,FALSE,FALSE,FALSE
"mlib","log","growth","fe_twoway","y2009_2013","n_cy","gaussian","unemp",-0.0102079623276896,0.0105511460446852,-0.967474270989883,102,135,-0.0953576998107228,-0.0311361104797272,0.010720185824348,FALSE,FALSE,FALSE,FALSE
"mlib","log","growth","fe_twoway","no_bailout","none","gaussian","unemp",-0.0148444636825761,0.00787912701699914,-1.8840239090637,160,190,-0.147320009539606,-0.0304049639198921,0.000716036554739893,FALSE,FALSE,FALSE,FALSE
"mlib","log","growth","fe_twoway","no_bailout","n_cy","gaussian","unemp",-0.0193488810122051,0.00753970452841799,-2.56626515525601,160,190,-0.198830335869148,-0.0342390552473228,-0.00445870677708733,FALSE,TRUE,FALSE,FALSE
"mlib","log","growth","fe_twoway","no_GR_ES","none","gaussian","unemp",-0.00699561348969845,0.00614118565604633,-1.13913076098113,214,250,-0.0776343580650428,-0.0191005736717256,0.00510934669232872,FALSE,FALSE,FALSE,FALSE
"mlib","log","growth","fe_twoway","no_GR_ES","n_cy","gaussian","unemp",-0.0119378945925862,0.00599424698970967,-1.9915586750229,214,250,-0.134895798766474,-0.0237532223152113,-0.000122566869961111,FALSE,TRUE,FALSE,FALSE
"mlib","log","growth","fe_country","all","none","gaussian","unemp",0.0348335146310021,0.00647889275941334,5.37646105970679,241,270,0.327257770105847,0.0220710274781279,0.0475960017838764,FALSE,TRUE,TRUE,FALSE
"mlib","log","growth","fe_country","all","n_cy","gaussian","unemp",0.0294478858070011,0.00661950476812813,4.44865391574125,241,270,0.275475334742649,0.0164084132151944,0.0424873583988078,FALSE,TRUE,TRUE,FALSE
"mlib","log","growth","fe_country","y2004_2008","none","gaussian","unemp",0.0264149537824457,0.00828830445752806,3.18701538026316,106,135,0.295706819744857,0.00998258406027174,0.0428473235046196,FALSE,TRUE,TRUE,FALSE
"mlib","log","growth","fe_country","y2004_2008","n_cy","gaussian","unemp",0.020096474005818,0.00823623077204302,2.44000861098177,106,135,0.230606872441791,0.00376734542989675,0.0364256025817393,FALSE,TRUE,TRUE,FALSE
"mlib","log","growth","fe_country","y2009_2013","none","gaussian","unemp",0.0391073864736528,0.0124263511852373,3.14713353024441,106,135,0.292324432906208,0.0144709366400648,0.0637438363072408,FALSE,TRUE,TRUE,FALSE
"mlib","log","growth","fe_country","y2009_2013","n_cy","gaussian","unemp",0.0300155412056144,0.0137613138042227,2.18115374975347,106,135,0.2072525305036,0.00273239813906681,0.0572986842721621,FALSE,TRUE,TRUE,FALSE
"mlib","log","growth","fe_country","no_bailout","none","gaussian","unemp",0.0250642158904309,0.00952732191719045,2.63077243618763,169,190,0.198346474393815,0.00625632543119118,0.0438721063496706,FALSE,TRUE,TRUE,FALSE
"mlib","log","growth","fe_country","no_bailout","n_cy","gaussian","unemp",0.0182407516986904,0.00956028933648085,1.90797067501775,169,190,0.145211341944586,-0.000632219757720077,0.0371137231551009,FALSE,FALSE,TRUE,FALSE
"mlib","log","growth","fe_country","no_GR_ES","none","gaussian","unemp",0.0289135226813244,0.00690413369112897,4.18785672103583,223,250,0.270022427362087,0.0153078297560927,0.0425192156065562,FALSE,TRUE,TRUE,FALSE
"mlib","log","growth","fe_country","no_GR_ES","n_cy","gaussian","unemp",0.0231583793929615,0.00705402039374104,3.28300431531354,223,250,0.214718529959215,0.00925731089411717,0.0370594478918059,FALSE,TRUE,TRUE,FALSE
"mlib","log","growth","re","all","none","gaussian","unemp",0.0321668833389026,0.00642563714476126,5.00602237789412,267,270,0.292925077080282,0.0195155194725946,0.0448182472052106,FALSE,TRUE,TRUE,FALSE
"mlib","log","growth","re","y2004_2008","none","gaussian","unemp",0.0239187319424709,0.00812073194700429,2.94539114190248,132,135,0.248332755014511,0.00785512148252554,0.0399823424024163,FALSE,TRUE,TRUE,FALSE
"mlib","log","growth","re","y2009_2013","none","gaussian","unemp",0.025307368827916,0.0116965975442869,2.1636521845002,132,135,0.185068605651681,0.0021703427711096,0.0484443948847224,FALSE,TRUE,TRUE,FALSE
"mlib","log","growth","re","no_bailout","none","gaussian","unemp",0.0213015547819003,0.00939043699843235,2.26843061568449,187,190,0.163647764709148,0.0027767482978216,0.039826361265979,FALSE,TRUE,TRUE,FALSE
"mlib","log","growth","re","no_GR_ES","none","gaussian","unemp",0.0269616891380398,0.0068359512067911,3.94410204555806,247,250,0.243409328388459,0.0134974987754312,0.0404258795006485,FALSE,TRUE,TRUE,FALSE
"mlib","log","growth","pooled_cl","all","none","gaussian","unemp",-0.014860397985256,0.0147039823594629,-1.01063763693191,267,270,-0.0617320559807177,-0.0438109015574976,0.0140901055869856,FALSE,FALSE,FALSE,FALSE
"mlib","log","growth","pooled_cl","all","n_cy","gaussian","unemp",-0.0258670475132805,0.0140416142492669,-1.84217049792769,267,270,-0.112029300730122,-0.053513422049484,0.00177932702292298,FALSE,FALSE,FALSE,FALSE
"mlib","log","growth","pooled_cl","y2004_2008","none","gaussian","unemp",-0.00953082921368833,0.0200583750735557,-0.475154601443936,132,135,-0.0413215766448141,-0.0492082777175685,0.0301466192901918,FALSE,FALSE,FALSE,FALSE
"mlib","log","growth","pooled_cl","y2004_2008","n_cy","gaussian","unemp",-0.0162100266717603,0.0209607102108001,-0.773352930732664,132,135,-0.067159758607114,-0.0576723832656511,0.0252523299221304,FALSE,FALSE,FALSE,FALSE
"mlib","log","growth","pooled_cl","y2009_2013","none","gaussian","unemp",-0.0363901502805176,0.0201109204805522,-1.80947213807085,132,135,-0.155576655193143,-0.0761715387931258,0.0033912382320907,FALSE,FALSE,FALSE,FALSE
"mlib","log","growth","pooled_cl","y2009_2013","n_cy","gaussian","unemp",-0.0552951119613294,0.0210054545593999,-2.63241682320961,132,135,-0.22333523004288,-0.0968459772993682,-0.0137442466232907,FALSE,TRUE,FALSE,FALSE
"mlib","log","growth","pooled_cl","no_bailout","none","gaussian","unemp",-0.0243726125981823,0.0183356219762286,-1.32924929570322,187,190,-0.0967483379056307,-0.0605438630875429,0.0117986378911782,FALSE,FALSE,FALSE,FALSE
"mlib","log","growth","pooled_cl","no_bailout","n_cy","gaussian","unemp",-0.0336591463301927,0.0159529183455036,-2.10990526004163,187,190,-0.152487182864548,-0.0651299634238059,-0.00218832923657948,FALSE,TRUE,FALSE,FALSE
"mlib","log","growth","pooled_cl","no_GR_ES","none","gaussian","unemp",-0.0112456327944047,0.0153515807787709,-0.732539075712376,247,250,-0.0465597965114678,-0.0414823328116599,0.0189910672228504,FALSE,FALSE,FALSE,FALSE
"mlib","log","growth","pooled_cl","no_GR_ES","n_cy","gaussian","unemp",-0.0223839654882383,0.014144870849747,-1.58247931183045,247,250,-0.100184163251247,-0.0502439118240617,0.00547598084758514,FALSE,FALSE,FALSE,FALSE
"mpos","raw","none","fe_twoway","all","none","gaussian","unemp",-0.00484687731273698,0.000972003026457412,-4.9864837668274,233,270,-0.310526159946424,-0.00676191534165741,-0.00293183928381656,TRUE,TRUE,TRUE,FALSE
"mpos","raw","none","fe_twoway","all","n_cy","gaussian","unemp",-0.00412170054698967,0.000918411749808387,-4.48785694199754,233,270,-0.282070636838857,-0.00593115317133031,-0.00231224792264903,TRUE,TRUE,TRUE,FALSE
"mpos","raw","none","fe_twoway","y2004_2008","none","gaussian","unemp",-0.00709633986757962,0.00211586102164852,-3.35387806428358,103,135,-0.313777659573593,-0.0112926511671389,-0.00290002856802037,TRUE,TRUE,TRUE,FALSE
"mpos","raw","none","fe_twoway","y2004_2008","n_cy","gaussian","unemp",-0.00611204442000147,0.00207237727656697,-2.94929137136963,103,135,-0.279057924890211,-0.01022211596706,-0.00200197287294292,TRUE,TRUE,TRUE,FALSE
"mpos","raw","none","fe_twoway","y2009_2013","none","gaussian","unemp",-0.00835897994563732,0.00143881217804523,-5.8096394186723,103,135,-0.496801018600711,-0.0112125245494178,-0.00550543534185681,TRUE,TRUE,TRUE,FALSE
"mpos","raw","none","fe_twoway","y2009_2013","n_cy","gaussian","unemp",-0.0069418491101793,0.00140852517464327,-4.92845228125752,103,135,-0.436831576172706,-0.00973532658606009,-0.00414837163429852,TRUE,TRUE,TRUE,FALSE
"mpos","raw","none","fe_twoway","no_bailout","none","gaussian","unemp",0.000274373879451736,0.0014112066924445,0.194425012948644,161,190,0.0153210390909414,-0.00251248851592194,0.00306123627482541,TRUE,FALSE,FALSE,FALSE
"mpos","raw","none","fe_twoway","no_bailout","n_cy","gaussian","unemp",0.000522886913136973,0.00132986030907151,0.393189351971894,161,190,0.0309727949753255,-0.00210333198611699,0.00314910581239093,TRUE,FALSE,FALSE,FALSE
"mpos","raw","none","fe_twoway","no_GR_ES","none","gaussian","unemp",-0.00364995423807413,0.00116748389555765,-3.12634225787817,215,250,-0.2085275633016,-0.00595113402035717,-0.00134877445579108,TRUE,TRUE,TRUE,FALSE
"mpos","raw","none","fe_twoway","no_GR_ES","n_cy","gaussian","unemp",-0.00232654152064241,0.00108766030641476,-2.13903321369827,215,250,-0.144352936991619,-0.00447038428938392,-0.000182698751900917,TRUE,TRUE,TRUE,FALSE
"mpos","raw","none","fe_country","all","none","gaussian","unemp",-0.00877319173909961,0.000951234224463858,-9.22295635866595,242,270,-0.509981587017925,-0.0106469473105561,-0.00689943616764311,TRUE,TRUE,TRUE,FALSE
"mpos","raw","none","fe_country","all","n_cy","gaussian","unemp",-0.00794133570955187,0.000912230628339474,-8.70540350525987,242,270,-0.488340628745757,-0.00973826140707685,-0.0061444100120269,TRUE,TRUE,TRUE,FALSE
"mpos","raw","none","fe_country","y2004_2008","none","gaussian","unemp",-0.00764886243734944,0.00173191240177334,-4.41642569769557,107,135,-0.392660665835935,-0.0110821767812259,-0.00421554809347293,TRUE,TRUE,TRUE,FALSE
"mpos","raw","none","fe_country","y2004_2008","n_cy","gaussian","unemp",-0.00693827856049676,0.00170443722211919,-4.07071523107793,107,135,-0.366195437632411,-0.0103171265651343,-0.00355943055585922,TRUE,TRUE,TRUE,FALSE
"mpos","raw","none","fe_country","y2009_2013","none","gaussian","unemp",-0.0122972156415858,0.00172457077820084,-7.13059492659085,107,135,-0.567557442221814,-0.0157159760729821,-0.00887845521018947,TRUE,TRUE,TRUE,FALSE
"mpos","raw","none","fe_country","y2009_2013","n_cy","gaussian","unemp",-0.0101621325337177,0.00172798348764017,-5.88091993147205,107,135,-0.494238198230617,-0.0135876582635537,-0.0067366068038816,TRUE,TRUE,TRUE,FALSE
"mpos","raw","none","fe_country","no_bailout","none","gaussian","unemp",-0.00485912123092596,0.00150097452050574,-3.2373109366898,170,190,-0.240973704534898,-0.00782207001213267,-0.00189617244971925,TRUE,TRUE,TRUE,FALSE
"mpos","raw","none","fe_country","no_bailout","n_cy","gaussian","unemp",-0.0043199330866033,0.00142872695714934,-3.02362397866604,170,190,-0.225906488819842,-0.00714026397065886,-0.00149960220254775,TRUE,TRUE,TRUE,FALSE
"mpos","raw","none","fe_country","no_GR_ES","none","gaussian","unemp",-0.00806928221339277,0.00116049143370922,-6.95333199281042,224,250,-0.421337595068717,-0.0103561593529256,-0.00578240507385998,TRUE,TRUE,TRUE,FALSE
"mpos","raw","none","fe_country","no_GR_ES","n_cy","gaussian","unemp",-0.00663465779628648,0.0011055881301686,-6.0010211897578,224,250,-0.372158764362192,-0.00881334188406139,-0.00445597370851156,TRUE,TRUE,TRUE,FALSE
"mpos","raw","none","re","all","none","gaussian","unemp",-0.00835919031316102,0.000948375588555704,-8.81421919125034,268,270,-0.474067462972371,-0.0102264044969965,-0.00649197612932559,TRUE,TRUE,TRUE,FALSE
"mpos","raw","none","re","y2004_2008","none","gaussian","unemp",-0.00668833487496871,0.00170584195660269,-3.92084087806647,133,135,-0.321885777932732,-0.0100624241879209,-0.00331424556201652,TRUE,TRUE,TRUE,FALSE
"mpos","raw","none","re","y2009_2013","none","gaussian","unemp",-0.0101511285968542,0.00164155536229927,-6.18384784941756,133,135,-0.472559195551096,-0.013398061516469,-0.00690419567723946,TRUE,TRUE,TRUE,FALSE
"mpos","raw","none","re","no_bailout","none","gaussian","unemp",-0.0041279217001652,0.00149966638823302,-2.75255999104501,188,190,-0.196824139804128,-0.0070862576352507,-0.00116958576507969,TRUE,TRUE,TRUE,FALSE
"mpos","raw","none","re","no_GR_ES","none","gaussian","unemp",-0.00761140245545286,0.00115929189510411,-6.56556169123331,248,250,-0.384809566488172,-0.00989471554749599,-0.00532808936340973,TRUE,TRUE,TRUE,FALSE
"mpos","raw","none","pooled_cl","all","none","gaussian","unemp",-0.00176147142629146,0.00264747716360665,-0.665339611047601,268,270,-0.0406085609468871,-0.00697397053626447,0.00345102768368155,TRUE,FALSE,TRUE,FALSE
"mpos","raw","none","pooled_cl","all","n_cy","gaussian","unemp",-0.00018029700765148,0.00286971789618102,-0.0628274325819354,268,270,-0.00383776800190947,-0.00583035593368934,0.00546976191838637,TRUE,FALSE,TRUE,FALSE
"mpos","raw","none","pooled_cl","y2004_2008","none","gaussian","unemp",0.00359673523662884,0.0035969238200532,0.999947570915095,133,135,0.0863823471722685,-0.00351784074959855,0.0107113112228562,TRUE,FALSE,FALSE,FALSE
"mpos","raw","none","pooled_cl","y2004_2008","n_cy","gaussian","unemp",0.00421278812482806,0.0044165598237996,0.953861895434207,133,135,0.0824288487395179,-0.00452299612752694,0.0129485723771831,TRUE,FALSE,FALSE,FALSE
"mpos","raw","none","pooled_cl","y2009_2013","none","gaussian","unemp",-0.000948287671655279,0.00299447582573685,-0.316679020583488,133,135,-0.0274492068160997,-0.00687124486144941,0.00497466951813885,TRUE,FALSE,TRUE,FALSE
"mpos","raw","none","pooled_cl","y2009_2013","n_cy","gaussian","unemp",0.00109838539869749,0.00332447366575058,0.330393773310131,133,135,0.0286370239304593,-0.00547729473590281,0.00767406553329781,TRUE,FALSE,FALSE,FALSE
"mpos","raw","none","pooled_cl","no_bailout","none","gaussian","unemp",0.00730318763953519,0.00363824316706425,2.00733906563706,188,190,0.144856124796082,0.000126161078056347,0.014480214201014,TRUE,TRUE,FALSE,FALSE
"mpos","raw","none","pooled_cl","no_bailout","n_cy","gaussian","unemp",0.00895488065429517,0.00363537536874349,2.46326162940095,188,190,0.176821047719747,0.00178351129157298,0.0161262500170174,TRUE,TRUE,FALSE,FALSE
"mpos","raw","none","pooled_cl","no_GR_ES","none","gaussian","unemp",0.000670010980033109,0.00356826077144551,0.18776962305972,248,250,0.0119225355218779,-0.00635794856119505,0.00769797052126126,TRUE,FALSE,FALSE,FALSE
"mpos","raw","none","pooled_cl","no_GR_ES","n_cy","gaussian","unemp",0.00284956924014478,0.00356813736987522,0.798615340374195,248,250,0.0506470416480101,-0.0041781472523549,0.00987728573264448,TRUE,FALSE,FALSE,FALSE
"mpos","raw","growth","fe_twoway","all","none","gaussian","unemp",-0.00423937648683602,0.0010414329858398,-4.0707146254038,232,270,-0.25819371984324,-0.00629125142928121,-0.00218750154439083,TRUE,TRUE,TRUE,FALSE
"mpos","raw","growth","fe_twoway","all","n_cy","gaussian","unemp",-0.00352795095740249,0.000973450993731093,-3.62416904407317,232,270,-0.231476090056667,-0.00544588492808858,-0.0016100169867164,TRUE,TRUE,TRUE,FALSE
"mpos","raw","growth","fe_twoway","y2004_2008","none","gaussian","unemp",-0.007725683363126,0.00219805619574386,-3.51477973042062,102,135,-0.328679825065118,-0.0120855174054387,-0.00336584932081328,TRUE,TRUE,TRUE,FALSE
"mpos","raw","growth","fe_twoway","y2004_2008","n_cy","gaussian","unemp",-0.0069378102294635,0.00213599575406377,-3.24804495339665,102,135,-0.306160864261044,-0.0111745476799594,-0.00270107277896756,TRUE,TRUE,TRUE,FALSE
"mpos","raw","growth","fe_twoway","y2009_2013","none","gaussian","unemp",-0.0070601047391446,0.00151202248232708,-4.66931201200046,102,135,-0.419650971018892,-0.0100591941636809,-0.00406101531460835,TRUE,TRUE,TRUE,FALSE
"mpos","raw","growth","fe_twoway","y2009_2013","n_cy","gaussian","unemp",-0.00580343585287148,0.00144593630360584,-4.01361791553266,102,135,-0.369312743439385,-0.0086714436552576,-0.00293542805048535,TRUE,TRUE,TRUE,FALSE
"mpos","raw","growth","fe_twoway","no_bailout","none","gaussian","unemp",2.20639653520091e-05,0.0014893349351726,0.0148146429865704,160,190,0.00117119956072207,-0.00291922592148405,0.00296335385218806,TRUE,FALSE,FALSE,FALSE
"mpos","raw","growth","fe_twoway","no_bailout","n_cy","gaussian","unemp",0.000338215362023884,0.00139247378801149,0.242888135443375,160,190,0.0191984540482402,-0.00241178329418022,0.00308821401822799,TRUE,FALSE,FALSE,FALSE
"mpos","raw","growth","fe_twoway","no_GR_ES","none","gaussian","unemp",-0.00317108383093478,0.00125929126096455,-2.51814963641206,214,250,-0.169642162191388,-0.00565328701209778,-0.000688880649771787,TRUE,TRUE,TRUE,FALSE
"mpos","raw","growth","fe_twoway","no_GR_ES","n_cy","gaussian","unemp",-0.00192741103564836,0.0011487521951207,-1.67783012196625,214,250,-0.113947082623492,-0.00419172941971505,0.000336907348418335,TRUE,FALSE,TRUE,FALSE
"mpos","raw","growth","fe_country","all","none","gaussian","unemp",-0.00858732685123635,0.00102889737223048,-8.34614518707579,241,270,-0.4735268034949,-0.0106141067320484,-0.00656054697042434,TRUE,TRUE,TRUE,FALSE
"mpos","raw","growth","fe_country","all","n_cy","gaussian","unemp",-0.00753524041170307,0.000971965171928832,-7.75258273580898,241,270,-0.446775347064622,-0.00944987204405411,-0.00562060877935202,TRUE,TRUE,TRUE,FALSE
"mpos","raw","growth","fe_country","y2004_2008","none","gaussian","unemp",-0.00764472001106424,0.00174232281873016,-4.38765992666952,106,135,-0.392049936854816,-0.0110990444605902,-0.00419039556153826,TRUE,TRUE,TRUE,FALSE
"mpos","raw","growth","fe_country","y2004_2008","n_cy","gaussian","unemp",-0.00692365738845734,0.00171238908199554,-4.04327349505688,106,135,-0.365539719452694,-0.0103186352934988,-0.00352867948341585,TRUE,TRUE,TRUE,FALSE
"mpos","raw","growth","fe_country","y2009_2013","none","gaussian","unemp",-0.0125888168591187,0.00167474752628437,-7.51684457599916,106,135,-0.589664446039598,-0.0159091667188786,-0.00926846699935875,TRUE,TRUE,TRUE,FALSE
"mpos","raw","growth","fe_country","y2009_2013","n_cy","gaussian","unemp",-0.0104342988433808,0.00170836073564741,-6.10778427860937,106,135,-0.510214708598789,-0.0138212901599831,-0.00704730752677856,TRUE,TRUE,TRUE,FALSE
"mpos","raw","growth","fe_country","no_bailout","none","gaussian","unemp",-0.00495914018413703,0.00154202251251513,-3.21599726585598,169,190,-0.240145190662874,-0.00800324751599244,-0.00191503285228162,TRUE,TRUE,TRUE,FALSE
"mpos","raw","growth","fe_country","no_bailout","n_cy","gaussian","unemp",-0.00431750386921967,0.00145237160940679,-2.97272670524254,169,190,-0.222917311087649,-0.00718463131313919,-0.00145037642530014,TRUE,TRUE,TRUE,FALSE
"mpos","raw","growth","fe_country","no_GR_ES","none","gaussian","unemp",-0.00782590304459108,0.00124105204954466,-6.30586206876849,223,250,-0.389010765664491,-0.0102715933868899,-0.00538021270229224,TRUE,TRUE,TRUE,FALSE
"mpos","raw","growth","fe_country","no_GR_ES","n_cy","gaussian","unemp",-0.00631022511558335,0.00115480754978727,-5.4643088510685,223,250,-0.343634146544408,-0.0085859569616125,-0.0040344932695542,TRUE,TRUE,TRUE,FALSE
"mpos","raw","growth","re","all","none","gaussian","unemp",-0.00787285552401991,0.00103576451943715,-7.6010090867933,267,270,-0.421773927003477,-0.00991216050187638,-0.00583355054616343,TRUE,TRUE,TRUE,FALSE
"mpos","raw","growth","re","y2004_2008","none","gaussian","unemp",-0.00636997965299697,0.00175185705407837,-3.63612980760472,132,135,-0.30173383281121,-0.00983532606288601,-0.00290463324310793,TRUE,TRUE,TRUE,FALSE
"mpos","raw","growth","re","y2009_2013","none","gaussian","unemp",-0.0104604974666588,0.00161176805471822,-6.49007618437228,132,135,-0.491840296517087,-0.0136487339891472,-0.00727226094417038,TRUE,TRUE,TRUE,FALSE
"mpos","raw","growth","re","no_bailout","none","gaussian","unemp",-0.00406706094420808,0.00154305683694398,-2.63571687499397,187,190,-0.189259295935672,-0.00711109705276128,-0.00102302483565489,TRUE,TRUE,TRUE,FALSE
"mpos","raw","growth","re","no_GR_ES","none","gaussian","unemp",-0.00703730318497431,0.00125229275080426,-5.61953519291293,247,250,-0.336686785155074,-0.00950383746476744,-0.00457076890518118,TRUE,TRUE,TRUE,FALSE
"mpos","raw","growth","pooled_cl","all","none","gaussian","unemp",-0.000228586687032243,0.0025376735876399,-0.0900772613726236,267,270,-0.0055125551110776,-0.00522498334122653,0.00476780996716204,TRUE,FALSE,TRUE,FALSE
"mpos","raw","growth","pooled_cl","all","n_cy","gaussian","unemp",0.00127211002240666,0.00270948702956456,0.469502163518792,267,270,0.0287212122727215,-0.00406256816277693,0.00660678820759026,TRUE,FALSE,FALSE,FALSE
"mpos","raw","growth","pooled_cl","y2004_2008","none","gaussian","unemp",0.00210767488845406,0.00317501738101124,0.663830976504063,132,135,0.0576828655528794,-0.00417282331601322,0.00838817309292135,TRUE,FALSE,FALSE,FALSE
"mpos","raw","growth","pooled_cl","y2004_2008","n_cy","gaussian","unemp",0.00257356804507286,0.00396083471754051,0.649753960617403,132,135,0.0564636005364619,-0.00526135452274687,0.0104084906128926,TRUE,FALSE,FALSE,FALSE
"mpos","raw","growth","pooled_cl","y2009_2013","none","gaussian","unemp",-0.000954857075096253,0.00299419786784023,-0.318902463111099,132,135,-0.0277462102175944,-0.00687767640996269,0.00496796225977018,TRUE,FALSE,TRUE,FALSE
"mpos","raw","growth","pooled_cl","y2009_2013","n_cy","gaussian","unemp",0.00135537079558162,0.00327711150551374,0.413587024213614,132,135,0.0359748281342482,-0.00512707967833132,0.00783782126949458,TRUE,FALSE,FALSE,FALSE
"mpos","raw","growth","pooled_cl","no_bailout","none","gaussian","unemp",0.00727686025613367,0.00363516727680409,2.00179515879974,187,190,0.144842090328711,0.000105652957549679,0.0144480675547177,TRUE,TRUE,FALSE,FALSE
"mpos","raw","growth","pooled_cl","no_bailout","n_cy","gaussian","unemp",0.00860367396262001,0.00362387124537496,2.37416656941127,187,190,0.171057337422999,0.00145475069579063,0.0157525972294494,TRUE,TRUE,FALSE,FALSE
"mpos","raw","growth","pooled_cl","no_GR_ES","none","gaussian","unemp",0.00183953925670229,0.00334095221269152,0.550603283014435,247,250,0.0350125675901447,-0.00474084951777712,0.00841992803118171,TRUE,FALSE,FALSE,FALSE
"mpos","raw","growth","pooled_cl","no_GR_ES","n_cy","gaussian","unemp",0.00353416462888365,0.00338955648507623,1.04266285115593,247,250,0.0661975275575842,-0.00314195583764963,0.0102102850954169,TRUE,FALSE,FALSE,FALSE
"mpos","log","none","fe_twoway","all","none","gaussian","unemp",-0.0530141985214178,0.0107490964313434,-4.93196789702556,233,270,-0.3074537785625,-0.0741920425015748,-0.0318363545412609,TRUE,TRUE,TRUE,FALSE
"mpos","log","none","fe_twoway","all","n_cy","gaussian","unemp",-0.0436819745683381,0.0101074490156029,-4.32176056499578,233,270,-0.27241963581496,-0.0635956463506162,-0.02376830278606,TRUE,TRUE,TRUE,FALSE
"mpos","log","none","fe_twoway","y2004_2008","none","gaussian","unemp",-0.0718780619295013,0.018936642593366,-3.79571307717885,103,135,-0.350304382766227,-0.109434426207314,-0.0343216976516887,TRUE,TRUE,TRUE,FALSE
"mpos","log","none","fe_twoway","y2004_2008","n_cy","gaussian","unemp",-0.0660608995770315,0.0183700597023045,-3.596117848694,103,135,-0.33398897613059,-0.10249358032196,-0.0296282188321033,TRUE,TRUE,TRUE,FALSE
"mpos","log","none","fe_twoway","y2009_2013","none","gaussian","unemp",-0.0953407068952558,0.0189741092266186,-5.02477906902229,103,135,-0.443701590555477,-0.132971377403424,-0.0577100363870879,TRUE,TRUE,TRUE,FALSE
"mpos","log","none","fe_twoway","y2009_2013","n_cy","gaussian","unemp",-0.0810638137979663,0.0190048961523537,-4.26541735077709,103,135,-0.387455077291441,-0.118755542912072,-0.0433720846838601,TRUE,TRUE,TRUE,FALSE
"mpos","log","none","fe_twoway","no_bailout","none","gaussian","unemp",-0.00440324859440271,0.0131458258380362,-0.334954125260227,161,190,-0.0263888901092337,-0.0303637318321163,0.0215572346433109,TRUE,FALSE,TRUE,FALSE
"mpos","log","none","fe_twoway","no_bailout","n_cy","gaussian","unemp",-0.00321045620979401,0.0123017678556138,-0.260975190515317,161,190,-0.0205633773246209,-0.0275040869139121,0.0210831744943241,TRUE,FALSE,TRUE,FALSE
"mpos","log","none","fe_twoway","no_GR_ES","none","gaussian","unemp",-0.0428968427722287,0.0109628296713089,-3.91293526018152,215,250,-0.257837014143671,-0.0645052282002595,-0.0212884573441979,TRUE,TRUE,TRUE,FALSE
"mpos","log","none","fe_twoway","no_GR_ES","n_cy","gaussian","unemp",-0.0306039809515423,0.0102242854772905,-2.99326354096019,215,250,-0.2000138587211,-0.0507566521088543,-0.0104513097942304,TRUE,TRUE,TRUE,FALSE
"mpos","log","none","fe_country","all","none","gaussian","unemp",-0.0939908542047511,0.00984430394158658,-9.54773996845965,242,270,-0.523087795068532,-0.113382313093917,-0.0745993953155847,TRUE,TRUE,TRUE,FALSE
"mpos","log","none","fe_country","all","n_cy","gaussian","unemp",-0.0841947367376192,0.00948360083408826,-8.8779291969972,242,270,-0.495658509045573,-0.102875677186706,-0.0655137962885327,TRUE,TRUE,TRUE,FALSE
"mpos","log","none","fe_country","y2004_2008","none","gaussian","unemp",-0.0730655131870508,0.0149452371948399,-4.88888280824861,107,135,-0.42730488155376,-0.102692702865433,-0.0434383235086689,TRUE,TRUE,TRUE,FALSE
"mpos","log","none","fe_country","y2004_2008","n_cy","gaussian","unemp",-0.0682172833013161,0.01460884620415,-4.66958734098639,107,135,-0.411445261021741,-0.0971776170738774,-0.0392569495287548,TRUE,TRUE,TRUE,FALSE
"mpos","log","none","fe_country","y2009_2013","none","gaussian","unemp",-0.149627437438301,0.0221335394635337,-6.76021282925944,107,135,-0.547066563072413,-0.193504597993937,-0.105750276882664,TRUE,TRUE,TRUE,FALSE
"mpos","log","none","fe_country","y2009_2013","n_cy","gaussian","unemp",-0.12569874485352,0.0229852063897062,-5.46868027732019,107,135,-0.467380465264432,-0.17126423576053,-0.0801332539465107,TRUE,TRUE,TRUE,FALSE
"mpos","log","none","fe_country","no_bailout","none","gaussian","unemp",-0.0558625154580689,0.0129827238209051,-4.30283476939699,170,190,-0.313388040669945,-0.0814906291910941,-0.0302344017250437,TRUE,TRUE,TRUE,FALSE
"mpos","log","none","fe_country","no_bailout","n_cy","gaussian","unemp",-0.0509306112378695,0.01232592661494,-4.1319904644035,170,190,-0.302101828909157,-0.0752621963127943,-0.0265990261629446,TRUE,TRUE,TRUE,FALSE
"mpos","log","none","fe_country","no_GR_ES","none","gaussian","unemp",-0.08320342764498,0.0102168008585216,-8.14378481064176,224,250,-0.477954869992109,-0.103336767404183,-0.0630700878857773,TRUE,TRUE,TRUE,FALSE
"mpos","log","none","fe_country","no_GR_ES","n_cy","gaussian","unemp",-0.0704174772925215,0.00980930211061844,-7.17864293488274,224,250,-0.432469624457551,-0.0897477955524707,-0.0510871590325722,TRUE,TRUE,TRUE,FALSE
"mpos","log","none","re","all","none","gaussian","unemp",-0.0888457641138011,0.00981979250396455,-9.04762132987345,268,270,-0.48371283377942,-0.108179513386752,-0.06951201484085,TRUE,TRUE,TRUE,FALSE
"mpos","log","none","re","y2004_2008","none","gaussian","unemp",-0.0639696756168574,0.0146692528030446,-4.36079986320642,133,135,-0.353688291387793,-0.0929848894355633,-0.0349544617981514,TRUE,TRUE,TRUE,FALSE
"mpos","log","none","re","y2009_2013","none","gaussian","unemp",-0.114774973680689,0.020676509934367,-5.55098389646111,133,135,-0.433705795760098,-0.155672309409046,-0.0738776379523323,TRUE,TRUE,TRUE,FALSE
"mpos","log","none","re","no_bailout","none","gaussian","unemp",-0.0494388733508873,0.0129787642997438,-3.80921266532771,188,190,-0.267677504242216,-0.0750415974782022,-0.0238361492235723,TRUE,TRUE,TRUE,FALSE
"mpos","log","none","re","no_GR_ES","none","gaussian","unemp",-0.0788769899946842,0.0102201941555133,-7.71775846862303,248,250,-0.440071837755982,-0.0990064355787149,-0.0587475444106535,TRUE,TRUE,TRUE,FALSE
"mpos","log","none","pooled_cl","all","none","gaussian","unemp",-0.0126951414755485,0.0285259940915415,-0.445037653545363,268,270,-0.0271749618015788,-0.068858692518494,0.043468409567397,TRUE,FALSE,TRUE,FALSE
"mpos","log","none","pooled_cl","all","n_cy","gaussian","unemp",0.004177983554567,0.030113049363688,0.138743290462142,268,270,0.00847479099699921,-0.0551102494713846,0.0634662165805187,TRUE,FALSE,FALSE,FALSE
"mpos","log","none","pooled_cl","y2004_2008","none","gaussian","unemp",0.0253221201770799,0.0340359717396389,0.743981114180716,133,135,0.0643775228077619,-0.0419997135122329,0.0926439538663927,TRUE,FALSE,FALSE,FALSE
"mpos","log","none","pooled_cl","y2004_2008","n_cy","gaussian","unemp",0.031606037090679,0.0412125751644763,0.76690274666268,133,135,0.0663523550560395,-0.0499108401812555,0.113122914362614,TRUE,FALSE,FALSE,FALSE
"mpos","log","none","pooled_cl","y2009_2013","none","gaussian","unemp",-0.000308087606247121,0.0378492901209566,-0.00813985163955657,133,135,-0.000705814474901374,-0.075172517341745,0.0745563421292507,TRUE,FALSE,TRUE,FALSE
"mpos","log","none","pooled_cl","y2009_2013","n_cy","gaussian","unemp",0.0253545817843577,0.0393472443953906,0.6443801128632,133,135,0.0557878251280086,-0.0524727434814651,0.10318190705018,TRUE,FALSE,FALSE,FALSE
"mpos","log","none","pooled_cl","no_bailout","none","gaussian","unemp",0.0544561715317471,0.0359976471245258,1.5127703025525,188,190,0.109664673145622,-0.0165550439643119,0.125467387027806,TRUE,FALSE,FALSE,FALSE
"mpos","log","none","pooled_cl","no_bailout","n_cy","gaussian","unemp",0.0694510057135123,0.0357030803503844,1.94523847891921,188,190,0.14046454576885,-0.00097912889678288,0.139881140323807,TRUE,FALSE,FALSE,FALSE
"mpos","log","none","pooled_cl","no_GR_ES","none","gaussian","unemp",0.00161340695492917,0.0333216810413432,0.048419134464656,248,250,0.00307460358062069,-0.0640161647619946,0.067242978671853,TRUE,FALSE,FALSE,FALSE
"mpos","log","none","pooled_cl","no_GR_ES","n_cy","gaussian","unemp",0.0214247714750542,0.0337578448360862,0.634660523474878,248,250,0.0402682955448049,-0.0450638578329886,0.0879134007830969,TRUE,FALSE,FALSE,FALSE
"mpos","log","growth","fe_twoway","all","none","gaussian","unemp",-0.0462333499055359,0.0114844154861466,-4.02574688814647,232,270,-0.255528749650827,-0.0688604269091048,-0.0236062729019671,TRUE,TRUE,TRUE,FALSE
"mpos","log","growth","fe_twoway","all","n_cy","gaussian","unemp",-0.0371335640943837,0.0106202362540095,-3.49649134032817,232,270,-0.223736580504153,-0.0580579989344016,-0.0162091292543658,TRUE,TRUE,TRUE,FALSE
"mpos","log","growth","fe_twoway","y2004_2008","none","gaussian","unemp",-0.0798283724502157,0.0198083017161038,-4.03004627021188,102,135,-0.37061712620312,-0.11911804498429,-0.0405386999161409,TRUE,TRUE,TRUE,FALSE
"mpos","log","growth","fe_twoway","y2004_2008","n_cy","gaussian","unemp",-0.0758080088003807,0.0189888646380543,-3.99223493586125,102,135,-0.367611697530783,-0.113472331775454,-0.0381436858253077,TRUE,TRUE,TRUE,FALSE
"mpos","log","growth","fe_twoway","y2009_2013","none","gaussian","unemp",-0.0760442736289165,0.0203354835083244,-3.73948687267689,102,135,-0.34722694335229,-0.116379608748262,-0.0357089385095714,TRUE,TRUE,TRUE,FALSE
"mpos","log","growth","fe_twoway","y2009_2013","n_cy","gaussian","unemp",-0.064060670627386,0.0196907081395341,-3.25334519070789,102,135,-0.306613531156652,-0.103117096859897,-0.0250042443948746,TRUE,TRUE,TRUE,FALSE
"mpos","log","growth","fe_twoway","no_bailout","none","gaussian","unemp",-0.00721744768541651,0.0137625870661256,-0.524425215312976,160,190,-0.04142386739703,-0.0343972023519548,0.0199623069811218,TRUE,FALSE,TRUE,FALSE
"mpos","log","growth","fe_twoway","no_bailout","n_cy","gaussian","unemp",-0.00537091500421595,0.0127724607403879,-0.420507458459633,160,190,-0.0332256786741029,-0.0305952676454569,0.019853437637025,TRUE,FALSE,TRUE,FALSE
"mpos","log","growth","fe_twoway","no_GR_ES","none","gaussian","unemp",-0.0395322590170047,0.0117085888006419,-3.37634702952736,214,250,-0.224890128573633,-0.0626111902132887,-0.0164533278207207,TRUE,TRUE,TRUE,FALSE
"mpos","log","growth","fe_twoway","no_GR_ES","n_cy","gaussian","unemp",-0.0278172751962477,0.0107125262241313,-2.59670544689877,214,250,-0.174775010753611,-0.0489328562346356,-0.00670169415785983,TRUE,TRUE,TRUE,FALSE
"mpos","log","growth","fe_country","all","none","gaussian","unemp",-0.09291915726582,0.0107126345785882,-8.67379136142119,241,270,-0.487757818797742,-0.114021507043724,-0.0718168074879163,TRUE,TRUE,TRUE,FALSE
"mpos","log","growth","fe_country","all","n_cy","gaussian","unemp",-0.0799839548746683,0.0100718006255844,-7.94137591162127,241,270,-0.455420122211948,-0.0998239539090051,-0.0601439558403315,TRUE,TRUE,TRUE,FALSE
"mpos","log","growth","fe_country","y2004_2008","none","gaussian","unemp",-0.0730391195913995,0.0150338248749569,-4.8583191701978,106,135,-0.426754462454286,-0.102845139622351,-0.0432330995604479,TRUE,TRUE,TRUE,FALSE
"mpos","log","growth","fe_country","y2004_2008","n_cy","gaussian","unemp",-0.0680826526905703,0.0146813671418316,-4.63735100640475,106,135,-0.410682616327237,-0.0971898909849396,-0.038975414396201,TRUE,TRUE,TRUE,FALSE
"mpos","log","growth","fe_country","y2009_2013","none","gaussian","unemp",-0.153526412507673,0.0215201521884663,-7.13407652339725,106,135,-0.569551690841593,-0.196192207309304,-0.110860617706043,TRUE,TRUE,TRUE,FALSE
"mpos","log","growth","fe_country","y2009_2013","n_cy","gaussian","unemp",-0.12899202043715,0.0227522155051919,-5.66942680407169,106,135,-0.48236485063061,-0.174100500596842,-0.0838835402774585,TRUE,TRUE,TRUE,FALSE
"mpos","log","growth","fe_country","no_bailout","none","gaussian","unemp",-0.0578054310221843,0.0133875133255617,-4.31786169817008,169,190,-0.315211074930408,-0.0842337270677354,-0.0313771349766333,TRUE,TRUE,TRUE,FALSE
"mpos","log","growth","fe_country","no_bailout","n_cy","gaussian","unemp",-0.0513416423698711,0.0125444291414003,-4.09278427827604,169,190,-0.300298671485256,-0.0761056055502741,-0.026577679189468,TRUE,TRUE,TRUE,FALSE
"mpos","log","growth","fe_country","no_GR_ES","none","gaussian","unemp",-0.082491418787758,0.0109499516467176,-7.53349616959137,223,250,-0.450410760399291,-0.104070039121081,-0.060912798454435,TRUE,TRUE,TRUE,FALSE
"mpos","log","growth","fe_country","no_GR_ES","n_cy","gaussian","unemp",-0.0682982083283708,0.0102442952745237,-6.66695038537396,223,250,-0.407668693217588,-0.0884862206085591,-0.0481101960481826,TRUE,TRUE,TRUE,FALSE
"mpos","log","growth","re","all","none","gaussian","unemp",-0.0841365182248519,0.0107743077868038,-7.80899524031616,267,270,-0.431192509753029,-0.105349930241057,-0.0629231062086472,TRUE,TRUE,TRUE,FALSE
"mpos","log","growth","re","y2004_2008","none","gaussian","unemp",-0.0609003639221318,0.0150655855138857,-4.04234962298683,132,135,-0.33189741603431,-0.0907015811800579,-0.0310991466642057,TRUE,TRUE,TRUE,FALSE
"mpos","log","growth","re","y2009_2013","none","gaussian","unemp",-0.118532795426096,0.0203406596609351,-5.82738207127776,132,135,-0.452349274066137,-0.158768630745364,-0.0782969601068276,TRUE,TRUE,TRUE,FALSE
"mpos","log","growth","re","no_bailout","none","gaussian","unemp",-0.0495666313634502,0.0134314943606636,-3.69032886680238,187,190,-0.260543085237099,-0.076063357113788,-0.0230699056131124,TRUE,TRUE,TRUE,FALSE
"mpos","log","growth","re","no_GR_ES","none","gaussian","unemp",-0.0749370357627381,0.0110818478158541,-6.76214265057225,247,250,-0.39523304998836,-0.0967640067355399,-0.0531100647899364,TRUE,TRUE,TRUE,FALSE
"mpos","log","growth","pooled_cl","all","none","gaussian","unemp",0.00224465767856074,0.0274738794122785,0.0817015189182776,267,270,0.00499998925684836,-0.0518483509108182,0.0563376662679397,TRUE,FALSE,FALSE,FALSE
"mpos","log","growth","pooled_cl","all","n_cy","gaussian","unemp",0.0174429476370586,0.0287674127478042,0.60634398338064,267,270,0.0370821273124772,-0.0391968840193959,0.0740827792935131,TRUE,FALSE,FALSE,FALSE
"mpos","log","growth","pooled_cl","y2004_2008","none","gaussian","unemp",0.0149404887193114,0.0292547756651662,0.510702556406923,132,135,0.044407101894403,-0.0429283491447037,0.0728093265833266,TRUE,FALSE,FALSE,FALSE
"mpos","log","growth","pooled_cl","y2004_2008","n_cy","gaussian","unemp",0.0197961977029021,0.036355731879,0.544513799606299,132,135,0.0473407049721617,-0.0521190334242515,0.0917114288300558,TRUE,FALSE,FALSE,FALSE
"mpos","log","growth","pooled_cl","y2009_2013","none","gaussian","unemp",0.000114652274457665,0.0378468092473985,0.00302937755487394,132,135,0.000263673462712853,-0.0747500772683443,0.0749793818172597,TRUE,FALSE,FALSE,FALSE
"mpos","log","growth","pooled_cl","y2009_2013","n_cy","gaussian","unemp",0.0282889914788193,0.0386496593680941,0.731933785221722,132,135,0.063577773046678,-0.0481638549579693,0.104741837915608,TRUE,FALSE,FALSE,FALSE
"mpos","log","growth","pooled_cl","no_bailout","none","gaussian","unemp",0.0553470346541956,0.0355770215153662,1.55569612903909,187,190,0.113034661118371,-0.0148368597654237,0.125530929073815,TRUE,FALSE,FALSE,FALSE
"mpos","log","growth","pooled_cl","no_bailout","n_cy","gaussian","unemp",0.0671780444946298,0.0352747005967452,1.90442564665817,187,190,0.137934212731188,-0.00240945206677731,0.136765541056037,TRUE,FALSE,FALSE,FALSE
"mpos","log","growth","pooled_cl","no_GR_ES","none","gaussian","unemp",0.0122370753004755,0.0316055241222743,0.387181533618399,247,250,0.0246282984499408,-0.0500136313560568,0.0744877819570077,TRUE,FALSE,FALSE,FALSE
"mpos","log","growth","pooled_cl","no_GR_ES","n_cy","gaussian","unemp",0.0277670586198185,0.0322530054195596,0.860913836047644,247,250,0.0546966330176129,-0.035758936753552,0.0912930539931891,TRUE,FALSE,FALSE,FALSE
"mneg","raw","none","fe_twoway","all","none","gaussian","unemp",0.00592969535163035,0.000903776773314103,6.56101763921911,233,270,0.394893265081984,0.00414907652283977,0.00771031418042094,FALSE,TRUE,TRUE,FALSE
"mneg","raw","none","fe_twoway","all","n_cy","gaussian","unemp",0.0049800598158821,0.000846326109608316,5.8843272815805,233,270,0.359694030363596,0.00331263014678404,0.00664748948498016,FALSE,TRUE,TRUE,FALSE
"mneg","raw","none","fe_twoway","y2004_2008","none","gaussian","unemp",0.00858892780840983,0.00204952488896557,4.19069212316069,103,135,0.381663574238388,0.00452417858230359,0.0126536770345161,FALSE,TRUE,TRUE,FALSE
"mneg","raw","none","fe_twoway","y2004_2008","n_cy","gaussian","unemp",0.00780566140188759,0.00193654116042465,4.03072320971268,103,135,0.369113336934784,0.00396498875353938,0.0116463340502358,FALSE,TRUE,TRUE,FALSE
"mneg","raw","none","fe_twoway","y2009_2013","none","gaussian","unemp",0.00751022630492479,0.00126110592750399,5.95527000637386,103,135,0.50609386655952,0.00500912013614486,0.0100113324737047,FALSE,TRUE,TRUE,FALSE
"mneg","raw","none","fe_twoway","y2009_2013","n_cy","gaussian","unemp",0.00601748356472438,0.00124203774469859,4.84484758245785,103,135,0.430806239345109,0.00355419463920837,0.00848077249024039,FALSE,TRUE,TRUE,FALSE
"mneg","raw","none","fe_twoway","no_bailout","none","gaussian","unemp",0.00110584248487498,0.00129819206045205,0.85183272842534,161,190,0.066983048821749,-0.00145783770075364,0.00366952267050362,FALSE,FALSE,TRUE,FALSE
"mneg","raw","none","fe_twoway","no_bailout","n_cy","gaussian","unemp",0.000630724781384839,0.00120481461149595,0.52350359579529,161,190,0.0412227931212322,-0.00174855286245815,0.00301000242522783,FALSE,FALSE,TRUE,FALSE
"mneg","raw","none","fe_twoway","no_GR_ES","none","gaussian","unemp",0.00468975223714262,0.00111425755665667,4.20885836414179,215,250,0.275900571197357,0.00249348471568814,0.0068860197585971,FALSE,TRUE,TRUE,FALSE
"mneg","raw","none","fe_twoway","no_GR_ES","n_cy","gaussian","unemp",0.00317017492218263,0.00102557907596279,3.09110725490038,215,250,0.20627792957296,0.00114869792903676,0.0051916519153285,FALSE,TRUE,TRUE,FALSE
"mneg","raw","none","fe_country","all","none","gaussian","unemp",0.00922927950462989,0.000853570186925486,10.8125607548142,242,270,0.570735506813795,0.00754790403237726,0.0109106549768825,FALSE,TRUE,TRUE,FALSE
"mneg","raw","none","fe_country","all","n_cy","gaussian","unemp",0.00836323252093851,0.000821528076665207,10.1800933631958,242,270,0.547574661361334,0.00674497408240621,0.00998149095947082,FALSE,TRUE,TRUE,FALSE
"mneg","raw","none","fe_country","y2004_2008","none","gaussian","unemp",0.00908476866370473,0.00165630391645721,5.48496479024016,107,135,0.468467137831662,0.00580133932376307,0.0123681980036464,FALSE,TRUE,TRUE,FALSE
"mneg","raw","none","fe_country","y2004_2008","n_cy","gaussian","unemp",0.00867591319858523,0.00157989556882986,5.49144726382832,107,135,0.468899125552687,0.00554395449632265,0.0118078719008478,FALSE,TRUE,TRUE,FALSE
"mneg","raw","none","fe_country","y2009_2013","none","gaussian","unemp",0.0107297418523184,0.00147577090576761,7.27060129074535,107,135,0.575040182090991,0.00780419815053561,0.0136552855541013,FALSE,TRUE,TRUE,FALSE
"mneg","raw","none","fe_country","y2009_2013","n_cy","gaussian","unemp",0.0086885960669813,0.0014958371042697,5.80851754658355,107,135,0.489619004293855,0.00572327346698528,0.0116539186669773,FALSE,TRUE,TRUE,FALSE
"mneg","raw","none","fe_country","no_bailout","none","gaussian","unemp",0.00581693247451355,0.00134896513599416,4.31214441300336,170,190,0.313999301725788,0.00315405275804939,0.00847981219097771,FALSE,TRUE,TRUE,FALSE
"mneg","raw","none","fe_country","no_bailout","n_cy","gaussian","unemp",0.00532110821207013,0.00129519324781212,4.10835079711748,170,190,0.300529975390938,0.00276437510127817,0.00787784132286208,FALSE,TRUE,TRUE,FALSE
"mneg","raw","none","fe_country","no_GR_ES","none","gaussian","unemp",0.00849148621590066,0.00106641203911607,7.96266912265833,224,250,0.469690947840772,0.006390002962567,0.0105929694692343,FALSE,TRUE,TRUE,FALSE
"mneg","raw","none","fe_country","no_GR_ES","n_cy","gaussian","unemp",0.00708314596119757,0.00101587314986308,6.97247088590951,224,250,0.422290738168009,0.00508125519698778,0.00908503672540736,FALSE,TRUE,TRUE,FALSE
"mneg","raw","none","re","all","none","gaussian","unemp",0.00876826721715212,0.000863568166641726,10.1535322350411,268,270,0.527078205632254,0.00706802656469307,0.0104685078696112,FALSE,TRUE,TRUE,FALSE
"mneg","raw","none","re","y2004_2008","none","gaussian","unemp",0.00820441873368894,0.00164595131139395,4.9846059703556,133,135,0.396746984690622,0.00494879079704564,0.0114600466703322,FALSE,TRUE,TRUE,FALSE
"mneg","raw","none","re","y2009_2013","none","gaussian","unemp",0.00887155679352186,0.00145674415117049,6.0899896432696,133,135,0.466960075163419,0.00599017329070375,0.01175294029634,FALSE,TRUE,TRUE,FALSE
"mneg","raw","none","re","no_bailout","none","gaussian","unemp",0.00517757621914313,0.00135936941186855,3.80880735871949,188,190,0.267651063328167,0.00249599889518573,0.00785915354310054,FALSE,TRUE,TRUE,FALSE
"mneg","raw","none","re","no_GR_ES","none","gaussian","unemp",0.00800199762503549,0.0010754079666137,7.44089487288488,248,250,0.427209655820688,0.00588390027627759,0.0101200949737934,FALSE,TRUE,TRUE,FALSE
"mneg","raw","none","pooled_cl","all","none","gaussian","unemp",-0.000619298229789345,0.00272421886655103,-0.227330570753076,268,270,-0.0138850860716242,-0.00598289063861839,0.0047442941790397,FALSE,FALSE,FALSE,FALSE
"mneg","raw","none","pooled_cl","all","n_cy","gaussian","unemp",-0.00207872801753869,0.00281914585311414,-0.737360933363007,268,270,-0.0449958685245163,-0.00762921791495591,0.00347176187987852,FALSE,FALSE,FALSE,FALSE
"mneg","raw","none","pooled_cl","y2004_2008","none","gaussian","unemp",-0.00375282176592561,0.0037504957869216,-1.00062017907396,133,135,-0.0864400176851606,-0.0111711571538808,0.00366551362202952,FALSE,FALSE,FALSE,FALSE
"mneg","raw","none","pooled_cl","y2004_2008","n_cy","gaussian","unemp",-0.00332416558210224,0.00460982502123851,-0.721104503270094,133,135,-0.0624058150096892,-0.0124422209087031,0.00579388974449864,FALSE,FALSE,FALSE,FALSE
"mneg","raw","none","pooled_cl","y2009_2013","none","gaussian","unemp",-0.00254874916372846,0.00340855506658905,-0.747750619818796,133,135,-0.0647023402831579,-0.00929073905222422,0.00419324072476729,FALSE,FALSE,FALSE,FALSE
"mneg","raw","none","pooled_cl","y2009_2013","n_cy","gaussian","unemp",-0.00475001939278751,0.00362374061391229,-1.31080557326625,133,135,-0.11293410784115,-0.0119176379584974,0.00241759917292234,FALSE,FALSE,FALSE,FALSE
"mneg","raw","none","pooled_cl","no_bailout","none","gaussian","unemp",-0.00815726936006139,0.00387088456982745,-2.10733986325637,188,190,-0.151909842672425,-0.0157932189374744,-0.000521319782648349,FALSE,TRUE,FALSE,FALSE
"mneg","raw","none","pooled_cl","no_bailout","n_cy","gaussian","unemp",-0.00944933018758392,0.00374814229417704,-2.52107029187873,188,190,-0.180836547569944,-0.0168431506570434,-0.00205550971812442,FALSE,TRUE,FALSE,FALSE
"mneg","raw","none","pooled_cl","no_GR_ES","none","gaussian","unemp",-0.00251296886257679,0.00338067204829654,-0.74333411424602,248,250,-0.0471492682426296,-0.00917145822179593,0.00414552049664235,FALSE,FALSE,FALSE,FALSE
"mneg","raw","none","pooled_cl","no_GR_ES","n_cy","gaussian","unemp",-0.00439972760713797,0.00331533786141005,-1.32708272612274,248,250,-0.0839722045096783,-0.010929536342516,0.00213008112824006,FALSE,FALSE,FALSE,FALSE
"mneg","raw","growth","fe_twoway","all","none","gaussian","unemp",0.00533965605291469,0.00096785226658811,5.5170155996412,232,270,0.34055816579886,0.00343275292923506,0.00724655917659433,FALSE,TRUE,TRUE,FALSE
"mneg","raw","growth","fe_twoway","all","n_cy","gaussian","unemp",0.00439707395364671,0.000896220521726069,4.90624109474553,232,270,0.306597434174297,0.00263130269765756,0.00616284520963586,FALSE,TRUE,TRUE,FALSE
"mneg","raw","growth","fe_twoway","y2004_2008","none","gaussian","unemp",0.00898215235155034,0.00213585515027134,4.2054126893433,102,135,0.384403965367735,0.00474569378801003,0.0132186109150906,FALSE,TRUE,TRUE,FALSE
"mneg","raw","growth","fe_twoway","y2004_2008","n_cy","gaussian","unemp",0.00842715766138586,0.00200340258640855,4.20642247272577,102,135,0.384482623384294,0.00445341813025189,0.0124008971925198,FALSE,TRUE,TRUE,FALSE
"mneg","raw","growth","fe_twoway","y2009_2013","none","gaussian","unemp",0.00614909738896847,0.00130968457111183,4.69509798359181,102,135,0.421557553204329,0.00355134425195519,0.00874685052598175,FALSE,TRUE,TRUE,FALSE
"mneg","raw","growth","fe_twoway","y2009_2013","n_cy","gaussian","unemp",0.00479224186440107,0.0012554816661227,3.81705443712365,102,135,0.353537212392507,0.00230199993243405,0.00728248379636808,FALSE,TRUE,TRUE,FALSE
"mneg","raw","growth","fe_twoway","no_bailout","none","gaussian","unemp",0.00114899160746666,0.00137127102236034,0.837902638304807,160,190,0.0660971612553255,-0.00155913367377667,0.00385711688871,FALSE,FALSE,TRUE,FALSE
"mneg","raw","growth","fe_twoway","no_bailout","n_cy","gaussian","unemp",0.000674686624322464,0.00126231420232108,0.534483905102139,160,190,0.0422169913268833,-0.0018182596630526,0.00316763291169753,FALSE,FALSE,TRUE,FALSE
"mneg","raw","growth","fe_twoway","no_GR_ES","none","gaussian","unemp",0.00408739022139878,0.0011997489178352,3.40687135502815,214,250,0.226819123827636,0.00172255162308564,0.00645222881971192,FALSE,TRUE,TRUE,FALSE
"mneg","raw","growth","fe_twoway","no_GR_ES","n_cy","gaussian","unemp",0.00268181609811955,0.0010811770269599,2.48045975011178,214,250,0.167174562507854,0.000550695888753036,0.00481293630748607,FALSE,TRUE,TRUE,FALSE
"mneg","raw","growth","fe_country","all","none","gaussian","unemp",0.00902526018971163,0.000923041881144743,9.77773638886097,241,270,0.532940352601075,0.00720700040565227,0.010843519973771,FALSE,TRUE,TRUE,FALSE
"mneg","raw","growth","fe_country","all","n_cy","gaussian","unemp",0.00798756231196196,0.000875178407421937,9.12678174441184,241,270,0.506810300280852,0.00626358668897189,0.00971153793495202,FALSE,TRUE,TRUE,FALSE
"mneg","raw","growth","fe_country","y2004_2008","none","gaussian","unemp",0.00909049716372335,0.00166624130718378,5.45569067609287,106,135,0.46822708207846,0.00578701171066021,0.0123939826167865,FALSE,TRUE,TRUE,FALSE
"mneg","raw","growth","fe_country","y2004_2008","n_cy","gaussian","unemp",0.00865634213963019,0.00158651599151061,5.45619595765182,106,135,0.468260938921313,0.00551091987911406,0.0118017644001463,FALSE,TRUE,TRUE,FALSE
"mneg","raw","growth","fe_country","y2009_2013","none","gaussian","unemp",0.0109489665542349,0.00144526666120604,7.57574145182188,106,135,0.59266589719117,0.00808358482920679,0.013814348279263,FALSE,TRUE,TRUE,FALSE
"mneg","raw","growth","fe_country","y2009_2013","n_cy","gaussian","unemp",0.008887968873793,0.00148703947999874,5.97695555050125,106,135,0.502063129713741,0.00593976847261029,0.0118361692749757,FALSE,TRUE,TRUE,FALSE
"mneg","raw","growth","fe_country","no_bailout","none","gaussian","unemp",0.00595594749040118,0.00138534974625906,4.29923743551716,169,190,0.313985773602485,0.0032211279365071,0.00869076704429526,FALSE,TRUE,TRUE,FALSE
"mneg","raw","growth","fe_country","no_bailout","n_cy","gaussian","unemp",0.00536009449120222,0.00131649984763575,4.07147368898538,169,190,0.298875060538758,0.0027611915529838,0.00795899742942064,FALSE,TRUE,TRUE,FALSE
"mneg","raw","growth","fe_country","no_GR_ES","none","gaussian","unemp",0.00823978737316288,0.00114022844112319,7.22643557728325,223,250,0.43559517274146,0.0059927859782636,0.0104867887680622,FALSE,TRUE,TRUE,FALSE
"mneg","raw","growth","fe_country","no_GR_ES","n_cy","gaussian","unemp",0.00678593082065428,0.00106111203596141,6.39511247698355,223,250,0.393668421828658,0.00469484087853617,0.00887702076277238,FALSE,TRUE,TRUE,FALSE
"mneg","raw","growth","re","all","none","gaussian","unemp",0.00830412062009249,0.00094345314841679,8.80183677803997,267,270,0.474237769116307,0.00644656645036071,0.0101616747898243,FALSE,TRUE,TRUE,FALSE
"mneg","raw","growth","re","y2004_2008","none","gaussian","unemp",0.00802693770925549,0.00167865288135564,4.7817734079562,132,135,0.384248210515035,0.0047063963886533,0.0113474790298577,FALSE,TRUE,TRUE,FALSE
"mneg","raw","growth","re","y2009_2013","none","gaussian","unemp",0.00886745165090531,0.00145536055127515,6.0929586439153,132,135,0.46851707500043,0.00598860462984587,0.0117462986719647,FALSE,TRUE,TRUE,FALSE
"mneg","raw","growth","re","no_bailout","none","gaussian","unemp",0.00519943078807793,0.00139802513253391,3.71912540560268,187,190,0.262436647281186,0.00244150322364268,0.00795735835251319,FALSE,TRUE,TRUE,FALSE
"mneg","raw","growth","re","no_GR_ES","none","gaussian","unemp",0.00751138991814316,0.00115661593730244,6.49428187515887,247,250,0.381900510636972,0.00523330210195214,0.00978947773433419,FALSE,TRUE,TRUE,FALSE
"mneg","raw","growth","pooled_cl","all","none","gaussian","unemp",-0.00229402890816217,0.00258435583327952,-0.887659848779831,267,270,-0.0542439202546385,-0.00738233770466669,0.00279427988834234,FALSE,FALSE,FALSE,FALSE
"mneg","raw","growth","pooled_cl","all","n_cy","gaussian","unemp",-0.00358366939677256,0.00261431503464235,-1.37078712752108,267,270,-0.0835971610419684,-0.00873096452397802,0.00156362573043288,FALSE,FALSE,FALSE,FALSE
"mneg","raw","growth","pooled_cl","y2004_2008","none","gaussian","unemp",-0.00239788696214664,0.00365986455447697,-0.655184618571036,132,135,-0.0569340011437263,-0.00963746079895668,0.00484168687466338,FALSE,FALSE,FALSE,FALSE
"mneg","raw","growth","pooled_cl","y2004_2008","n_cy","gaussian","unemp",-0.00179921203054081,0.00449826461092835,-0.399979144439323,132,135,-0.0347926380836806,-0.0106972240480864,0.00709879998700482,FALSE,FALSE,FALSE,FALSE
"mneg","raw","growth","pooled_cl","y2009_2013","none","gaussian","unemp",-0.00284105341120468,0.00328145644084202,-0.865790377664031,132,135,-0.0751443194697904,-0.00933209859665872,0.00364999177424936,FALSE,FALSE,FALSE,FALSE
"mneg","raw","growth","pooled_cl","y2009_2013","n_cy","gaussian","unemp",-0.00522979134564808,0.00341233125460579,-1.53261537507215,132,135,-0.132225769951639,-0.0119797198486453,0.0015201371573491,FALSE,FALSE,FALSE,FALSE
"mneg","raw","growth","pooled_cl","no_bailout","none","gaussian","unemp",-0.00812998380869298,0.00394570139157777,-2.06046606214213,187,190,-0.148994360334745,-0.0159137913924232,-0.000346176224962806,FALSE,TRUE,FALSE,FALSE
"mneg","raw","growth","pooled_cl","no_bailout","n_cy","gaussian","unemp",-0.00910025182995339,0.00380340976842363,-2.39265616487205,187,190,-0.172350079189458,-0.0166033563128933,-0.00159714734701351,FALSE,TRUE,FALSE,FALSE
"mneg","raw","growth","pooled_cl","no_GR_ES","none","gaussian","unemp",-0.00371375998096635,0.00327603106614761,-1.13361561779494,247,250,-0.0719433249514412,-0.0101662791072895,0.00273875914535675,FALSE,FALSE,FALSE,FALSE
"mneg","raw","growth","pooled_cl","no_GR_ES","n_cy","gaussian","unemp",-0.0050593632493269,0.00325491195163505,-1.55437791390499,247,250,-0.0984224978686446,-0.0114702858560897,0.00135155935743586,FALSE,FALSE,FALSE,FALSE
"mneg","log","none","fe_twoway","all","none","gaussian","unemp",0.0647805627739629,0.0100044111000123,6.47520000191548,233,270,0.390520225067902,0.0450698960455846,0.0844912295023412,FALSE,TRUE,TRUE,FALSE
"mneg","log","none","fe_twoway","all","n_cy","gaussian","unemp",0.0523830059236921,0.00934302747656083,5.60664153617306,233,270,0.344781369466332,0.0339753956222377,0.0707906162251467,FALSE,TRUE,TRUE,FALSE
"mneg","log","none","fe_twoway","y2004_2008","none","gaussian","unemp",0.0849693743010394,0.0182927909251775,4.64496503833599,103,135,0.41616521881562,0.0486899379512976,0.121248810650781,FALSE,TRUE,TRUE,FALSE
"mneg","log","none","fe_twoway","y2004_2008","n_cy","gaussian","unemp",0.0787152799991547,0.017144245473546,4.59135283151506,103,135,0.412181850218385,0.0447137126622763,0.112716847336033,FALSE,TRUE,TRUE,FALSE
"mneg","log","none","fe_twoway","y2009_2013","none","gaussian","unemp",0.0870544431531632,0.0165865255962831,5.24850383209075,103,135,0.459359196796457,0.0541589816516877,0.119949904654639,FALSE,TRUE,TRUE,FALSE
"mneg","log","none","fe_twoway","y2009_2013","n_cy","gaussian","unemp",0.0703684600667576,0.0167409806554794,4.20336547272252,103,135,0.382649005562985,0.0371666733843994,0.103570246749116,FALSE,TRUE,TRUE,FALSE
"mneg","log","none","fe_twoway","no_bailout","none","gaussian","unemp",0.0160813075015245,0.0120566494867192,1.33381230989908,161,190,0.104543120561458,-0.00772826146426357,0.0398908764673126,FALSE,FALSE,TRUE,FALSE
"mneg","log","none","fe_twoway","no_bailout","n_cy","gaussian","unemp",0.0116053092159842,0.0111139591974408,1.04421016937479,161,190,0.0820180245910582,-0.0103426273385212,0.0335532457704895,FALSE,FALSE,TRUE,FALSE
"mneg","log","none","fe_twoway","no_GR_ES","none","gaussian","unemp",0.0522744731689982,0.0104261222738755,5.01379820760217,215,250,0.323546160283,0.0317239697525951,0.0728249765854014,FALSE,TRUE,TRUE,FALSE
"mneg","log","none","fe_twoway","no_GR_ES","n_cy","gaussian","unemp",0.0375203589611842,0.00961582983982063,3.90193665925811,215,250,0.257160268694578,0.0185669898385208,0.0564737280838476,FALSE,TRUE,TRUE,FALSE
"mneg","log","none","fe_country","all","none","gaussian","unemp",0.0983358743867794,0.00882771967195707,11.1394423521583,242,270,0.582198647818513,0.0809468985770532,0.115724850196506,FALSE,TRUE,TRUE,FALSE
"mneg","log","none","fe_country","all","n_cy","gaussian","unemp",0.0881390259234638,0.0085482814106955,10.3107305069748,242,270,0.552466232825782,0.0713004918298271,0.1049775600171,FALSE,TRUE,TRUE,FALSE
"mneg","log","none","fe_country","y2004_2008","none","gaussian","unemp",0.0852522908425803,0.014244024540726,5.98512664723582,107,135,0.500813679892777,0.0570151734686706,0.11348940821649,FALSE,TRUE,TRUE,FALSE
"mneg","log","none","fe_country","y2004_2008","n_cy","gaussian","unemp",0.0819400575855655,0.0135002103818273,6.0695393085033,107,135,0.506077392317195,0.0551774650307577,0.108702650140373,FALSE,TRUE,TRUE,FALSE
"mneg","log","none","fe_country","y2009_2013","none","gaussian","unemp",0.131312771214513,0.0189036361416407,6.94642925999081,107,135,0.557496038251129,0.0938385172914721,0.168787025137553,FALSE,TRUE,TRUE,FALSE
"mneg","log","none","fe_country","y2009_2013","n_cy","gaussian","unemp",0.107465486712135,0.0198895396786638,5.40311583115305,107,135,0.462983838617628,0.0680367940127027,0.146894179411568,FALSE,TRUE,TRUE,FALSE
"mneg","log","none","fe_country","no_bailout","none","gaussian","unemp",0.0625164009697618,0.0116088108824777,5.38525449356088,170,190,0.381749642948111,0.0396004143320225,0.0854323876075011,FALSE,TRUE,TRUE,FALSE
"mneg","log","none","fe_country","no_bailout","n_cy","gaussian","unemp",0.0577906566015223,0.0111213023197108,5.19639291696056,170,190,0.370225317386728,0.0358370200117981,0.0797442931912465,FALSE,TRUE,TRUE,FALSE
"mneg","log","none","fe_country","no_GR_ES","none","gaussian","unemp",0.0860953754327458,0.00935234636241675,9.20575138007375,224,250,0.523912392638725,0.0676655391789415,0.10452521168655,FALSE,TRUE,TRUE,FALSE
"mneg","log","none","fe_country","no_GR_ES","n_cy","gaussian","unemp",0.0734699651929444,0.00898196894971605,8.17971712040566,224,250,0.479579513163634,0.0557699987283529,0.0911699316575359,FALSE,TRUE,TRUE,FALSE
"mneg","log","none","re","all","none","gaussian","unemp",0.0928079475270376,0.00894533938973334,10.3750057413757,268,270,0.535305862439706,0.0751958697919191,0.110420025262156,FALSE,TRUE,TRUE,FALSE
"mneg","log","none","re","y2004_2008","none","gaussian","unemp",0.0765373823228473,0.0141492477731811,5.40928984704885,133,135,0.424652768261137,0.0485507183103837,0.104524046335311,FALSE,TRUE,TRUE,FALSE
"mneg","log","none","re","y2009_2013","none","gaussian","unemp",0.100708048442908,0.0184794270522519,5.44973868281463,133,135,0.427250290373942,0.064156457549541,0.137259639336275,FALSE,TRUE,TRUE,FALSE
"mneg","log","none","re","no_bailout","none","gaussian","unemp",0.0569656490494851,0.0117059197641779,4.86639667767157,188,190,0.334476592374199,0.0338738178506826,0.0800574802482877,FALSE,TRUE,TRUE,FALSE
"mneg","log","none","re","no_GR_ES","none","gaussian","unemp",0.0815356954260238,0.00945050147777673,8.62765807907216,248,250,0.480475045976635,0.0629222178008374,0.10014917305121,FALSE,TRUE,TRUE,FALSE
"mneg","log","none","pooled_cl","all","none","gaussian","unemp",-0.0116682353394797,0.0289057054521593,-0.403665475620076,268,270,-0.0246503007949166,-0.0685793830591689,0.0452429123802095,FALSE,FALSE,FALSE,FALSE
"mneg","log","none","pooled_cl","all","n_cy","gaussian","unemp",-0.0262527439064328,0.029651628743002,-0.885372744073247,268,270,-0.0540038266891034,-0.0846325065562425,0.0321270187433768,FALSE,FALSE,FALSE,FALSE
"mneg","log","none","pooled_cl","y2004_2008","none","gaussian","unemp",-0.0315657927664352,0.034932016037114,-0.903635013017792,133,135,-0.0781156634315025,-0.100659967367132,0.0375283818342617,FALSE,FALSE,FALSE,FALSE
"mneg","log","none","pooled_cl","y2004_2008","n_cy","gaussian","unemp",-0.027441498716251,0.0425272846654887,-0.645268065715939,133,135,-0.0558644607452513,-0.111558820454821,0.0566758230223194,FALSE,FALSE,FALSE,FALSE
"mneg","log","none","pooled_cl","y2009_2013","none","gaussian","unemp",-0.0412647004870283,0.0407673771045773,-1.01219905271745,133,135,-0.0874326723511007,-0.1219009932416,0.0393715922675433,FALSE,FALSE,FALSE,FALSE
"mneg","log","none","pooled_cl","y2009_2013","n_cy","gaussian","unemp",-0.068942536116432,0.0413479378137123,-1.66737544268939,133,135,-0.143091973492969,-0.15072715546517,0.0128420832323064,FALSE,FALSE,FALSE,FALSE
"mneg","log","none","pooled_cl","no_bailout","none","gaussian","unemp",-0.0636471176541606,0.0374268275473437,-1.7005747434417,188,190,-0.123084088117107,-0.137477624050994,0.0101833887426729,FALSE,FALSE,FALSE,FALSE
"mneg","log","none","pooled_cl","no_bailout","n_cy","gaussian","unemp",-0.0747567578371049,0.0369153787627025,-2.02508440500238,188,190,-0.146109466125072,-0.147578348297413,-0.00193516737679673,FALSE,TRUE,FALSE,FALSE
"mneg","log","none","pooled_cl","no_GR_ES","none","gaussian","unemp",-0.0197395828196418,0.032186323106665,-0.61329101662918,248,250,-0.0389145200880764,-0.0831329811902721,0.0436538155509885,FALSE,FALSE,FALSE,FALSE
"mneg","log","none","pooled_cl","no_GR_ES","n_cy","gaussian","unemp",-0.0359880913095267,0.0323175037986606,-1.11357893028292,248,250,-0.0705362039193645,-0.0996398599773375,0.027663677358284,FALSE,FALSE,FALSE,FALSE
"mneg","log","growth","fe_twoway","all","none","gaussian","unemp",0.0581295485704025,0.0106819631636556,5.4418413244658,232,270,0.33644624456298,0.0370834967844078,0.0791756003563971,FALSE,TRUE,TRUE,FALSE
"mneg","log","growth","fe_twoway","all","n_cy","gaussian","unemp",0.0457907607666602,0.00980268640020239,4.67124611532149,232,270,0.293203646757779,0.0264770969335487,0.0651044245997718,FALSE,TRUE,TRUE,FALSE
"mneg","log","growth","fe_twoway","y2004_2008","none","gaussian","unemp",0.0905782386000539,0.0192108131022537,4.7149612105397,102,135,0.423022414473789,0.0524736818985961,0.128682795301512,FALSE,TRUE,TRUE,FALSE
"mneg","log","growth","fe_twoway","y2004_2008","n_cy","gaussian","unemp",0.0862898651593955,0.0178057730242757,4.84617348776439,102,135,0.432615785390907,0.0509721987906977,0.121607531528093,FALSE,TRUE,TRUE,FALSE
"mneg","log","growth","fe_twoway","y2009_2013","none","gaussian","unemp",0.067119122035522,0.0175874131880242,3.81631575479362,102,135,0.353477344499045,0.0322345713666896,0.102003672704354,FALSE,TRUE,TRUE,FALSE
"mneg","log","growth","fe_twoway","y2009_2013","n_cy","gaussian","unemp",0.0521658804793081,0.0170809626384361,3.05403633176521,102,135,0.289450082199949,0.0182858720742804,0.0860458888843358,FALSE,TRUE,TRUE,FALSE
"mneg","log","growth","fe_twoway","no_bailout","none","gaussian","unemp",0.0169112449983719,0.0126397484028555,1.33794158391249,160,190,0.105186788781612,-0.00805101384044497,0.0418735038371887,FALSE,FALSE,TRUE,FALSE
"mneg","log","growth","fe_twoway","no_bailout","n_cy","gaussian","unemp",0.012353671007685,0.0115519583487492,1.06940058427605,160,190,0.084243007417245,-0.0104603095563239,0.0351676515716939,FALSE,FALSE,TRUE,FALSE
"mneg","log","growth","fe_twoway","no_GR_ES","none","gaussian","unemp",0.0476683866263326,0.0111164781011524,4.28808352722712,214,250,0.281291561944545,0.0257565714955947,0.0695802017570706,FALSE,TRUE,TRUE,FALSE
"mneg","log","growth","fe_twoway","no_GR_ES","n_cy","gaussian","unemp",0.0337951953517035,0.0100565496660805,3.36051592980152,214,250,0.223888632901811,0.0139726170916523,0.0536177736117548,FALSE,TRUE,TRUE,FALSE
"mneg","log","growth","fe_country","all","none","gaussian","unemp",0.0970185151002426,0.00960522950804951,10.1005931215842,241,270,0.545363290458648,0.0780975940803999,0.115939436120085,FALSE,TRUE,TRUE,FALSE
"mneg","log","growth","fe_country","all","n_cy","gaussian","unemp",0.0841630637468155,0.0090756892784064,9.27346245172396,241,270,0.512825914805296,0.0662852608381548,0.102040866655476,FALSE,TRUE,TRUE,FALSE
"mneg","log","growth","fe_country","y2004_2008","none","gaussian","unemp",0.085307494655334,0.0143281298921321,5.95384710339471,106,135,0.500609190831054,0.0569005835649724,0.113714405745696,FALSE,TRUE,TRUE,FALSE
"mneg","log","growth","fe_country","y2004_2008","n_cy","gaussian","unemp",0.0817539216611041,0.0135615956397311,6.02834089976784,106,135,0.505280989585855,0.0548667392806023,0.108641104041606,FALSE,TRUE,TRUE,FALSE
"mneg","log","growth","fe_country","y2009_2013","none","gaussian","unemp",0.134248605258716,0.0185273284597393,7.24597750563139,106,135,0.575541451716913,0.0975163745866063,0.170980835930825,FALSE,TRUE,TRUE,FALSE
"mneg","log","growth","fe_country","y2009_2013","n_cy","gaussian","unemp",0.109868091023915,0.0197899041907001,5.55172425117378,106,135,0.474624866166294,0.0706326811648316,0.149103500882999,FALSE,TRUE,TRUE,FALSE
"mneg","log","growth","fe_country","no_bailout","none","gaussian","unemp",0.0647704180610464,0.0119616722928596,5.41482967224497,169,190,0.38450423426248,0.0411568754360724,0.0883839606860203,FALSE,TRUE,TRUE,FALSE
"mneg","log","growth","fe_country","no_bailout","n_cy","gaussian","unemp",0.0585369760638945,0.0113146732340746,5.17354543546231,169,190,0.369760153375128,0.0362006745703345,0.0808732775574545,FALSE,TRUE,TRUE,FALSE
"mneg","log","growth","fe_country","no_GR_ES","none","gaussian","unemp",0.0851767801320059,0.0100227185074301,8.49837098276904,223,250,0.494607957260528,0.0654254200934039,0.104928140170608,FALSE,TRUE,TRUE,FALSE
"mneg","log","growth","fe_country","no_GR_ES","n_cy","gaussian","unemp",0.0714989608842641,0.00937992303048203,7.62255304781427,223,250,0.454639820817793,0.0530143315122944,0.0899835902562337,FALSE,TRUE,TRUE,FALSE
"mneg","log","growth","re","all","none","gaussian","unemp",0.0884677700980107,0.00981760723845657,9.01113356332624,267,270,0.482908349176442,0.0691379949065377,0.107797545289484,FALSE,TRUE,TRUE,FALSE
"mneg","log","growth","re","y2004_2008","none","gaussian","unemp",0.0747626421818433,0.0144377640923827,5.17827010494565,132,135,0.410903319558363,0.0462033177507273,0.103321966612959,FALSE,TRUE,TRUE,FALSE
"mneg","log","growth","re","y2009_2013","none","gaussian","unemp",0.100124095997418,0.0184452450561894,5.42817922409877,132,135,0.427183830422652,0.063637578112763,0.136610613882073,FALSE,TRUE,TRUE,FALSE
"mneg","log","growth","re","no_bailout","none","gaussian","unemp",0.0578846330175238,0.01210666827624,4.78121905191086,187,190,0.330045449707522,0.0340014327977979,0.0817678332372497,FALSE,TRUE,TRUE,FALSE
"mneg","log","growth","re","no_GR_ES","none","gaussian","unemp",0.0782555209130106,0.0102065314037288,7.667200326687,247,250,0.438458041244523,0.0581525860609849,0.0983584557650362,FALSE,TRUE,TRUE,FALSE
"mneg","log","growth","pooled_cl","all","none","gaussian","unemp",-0.0279128695381415,0.0279867334520541,-0.997360752585176,267,270,-0.0609241036710643,-0.0830156306114119,0.027189891535129,FALSE,FALSE,FALSE,FALSE
"mneg","log","growth","pooled_cl","all","n_cy","gaussian","unemp",-0.03983115543633,0.0285205554071105,-1.3965771306964,267,270,-0.0851586575324334,-0.0959849524833245,0.0163226416106646,FALSE,FALSE,FALSE,FALSE
"mneg","log","growth","pooled_cl","y2004_2008","none","gaussian","unemp",-0.0221735972836528,0.0329561884588582,-0.672820441943215,132,135,-0.0584613433902794,-0.0873641955083532,0.0430170009410475,FALSE,FALSE,FALSE,FALSE
"mneg","log","growth","pooled_cl","y2004_2008","n_cy","gaussian","unemp",-0.0165210459296918,0.0402319103061743,-0.410645326159329,132,135,-0.0357192795520489,-0.0961037411147303,0.0630616492553466,FALSE,FALSE,FALSE,FALSE
"mneg","log","growth","pooled_cl","y2009_2013","none","gaussian","unemp",-0.0446688810145347,0.0395339314417555,-1.12988714720529,132,135,-0.0978719052455067,-0.122870905016179,0.0335331429871095,FALSE,FALSE,FALSE,FALSE
"mneg","log","growth","pooled_cl","y2009_2013","n_cy","gaussian","unemp",-0.0738433684271802,0.0394987977782815,-1.86950926561575,132,135,-0.160607522677984,-0.151975894569794,0.00428915771543347,FALSE,FALSE,FALSE,FALSE
"mneg","log","growth","pooled_cl","no_bailout","none","gaussian","unemp",-0.0645737379875266,0.0374963556462825,-1.72213370805087,187,190,-0.124947974542134,-0.138543962410685,0.00939648643563215,FALSE,FALSE,FALSE,FALSE
"mneg","log","growth","pooled_cl","no_bailout","n_cy","gaussian","unemp",-0.0724949395955297,0.0369043079933851,-1.96440316963873,187,190,-0.142191763648669,-0.145297213240561,0.000307334049501562,FALSE,FALSE,FALSE,FALSE
"mneg","log","growth","pooled_cl","no_GR_ES","none","gaussian","unemp",-0.0307150925809576,0.0312240054823471,-0.983701229437805,247,250,-0.0624691627360478,-0.0922143544949117,0.0307841693329965,FALSE,FALSE,FALSE,FALSE
"mneg","log","growth","pooled_cl","no_GR_ES","n_cy","gaussian","unemp",-0.0421091719522557,0.0315875210381616,-1.33309517709169,247,250,-0.0845193054355884,-0.104324419468681,0.0201060755641693,FALSE,FALSE,FALSE,FALSE
"mcosmo","raw","none","fe_twoway","all","none","beta","unemp",-0.0139867631574033,0.00343216460648861,-4.07520173448583,232,270,-0.258459322111102,-0.0207489577970539,-0.00722456851775264,TRUE,TRUE,TRUE,FALSE
"mcosmo","raw","none","fe_twoway","all","n_cy","beta","unemp",-0.0105891731869041,0.00325293934229798,-3.25526303217926,232,270,-0.2089987113267,-0.0169982506950196,-0.0041800956787887,TRUE,TRUE,TRUE,FALSE
"mcosmo","raw","none","fe_twoway","y2004_2008","none","beta","unemp",-0.0284506713223139,0.00733770846997165,-3.87732375015219,102,135,-0.358407187168784,-0.0430049812812194,-0.0138963613634085,TRUE,TRUE,TRUE,FALSE
"mcosmo","raw","none","fe_twoway","y2004_2008","n_cy","beta","unemp",-0.0239483983908668,0.00699915541184452,-3.42161260633525,102,135,-0.320875390378606,-0.0378311899642051,-0.0100656068175285,TRUE,TRUE,TRUE,FALSE
"mcosmo","raw","none","fe_twoway","y2009_2013","none","beta","unemp",-0.024343813883216,0.00402097942555553,-6.05420006093483,102,135,-0.514152086775557,-0.0323194075085843,-0.0163682202578477,TRUE,TRUE,TRUE,FALSE
"mcosmo","raw","none","fe_twoway","y2009_2013","n_cy","beta","unemp",-0.0203146274407999,0.00399227800686414,-5.08848016242151,102,135,-0.449951108372703,-0.0282332919382798,-0.01239596294332,TRUE,TRUE,TRUE,FALSE
"mcosmo","raw","none","fe_twoway","no_bailout","none","beta","unemp",0.00796843843914431,0.00524857159546846,1.51821086827207,160,190,0.119169795584938,-0.00239697379252222,0.0183338506708109,TRUE,FALSE,FALSE,FALSE
"mcosmo","raw","none","fe_twoway","no_bailout","n_cy","beta","unemp",0.008970136229911,0.00494949856368897,1.81233232305969,160,190,0.1418290818379,-0.000804636204740031,0.018744908664562,TRUE,FALSE,FALSE,FALSE
"mcosmo","raw","none","fe_twoway","no_GR_ES","none","beta","unemp",-0.00737273560441172,0.00421787441981875,-1.74797418571048,214,250,-0.118645071783979,-0.0156866353567223,0.000941164147898866,TRUE,FALSE,TRUE,FALSE
"mcosmo","raw","none","fe_twoway","no_GR_ES","n_cy","beta","unemp",-0.00161736476668191,0.00392781105398769,-0.411772548233931,214,250,-0.0281370473352317,-0.00935951735316748,0.00612478781980365,TRUE,FALSE,TRUE,FALSE
"mcosmo","raw","none","fe_country","all","none","beta","unemp",-0.0227540606192167,0.00314656450126548,-7.2313981200975,241,270,-0.422251630404419,-0.0289523402503689,-0.0165557809880646,TRUE,TRUE,TRUE,FALSE
"mcosmo","raw","none","fe_country","all","n_cy","beta","unemp",-0.0193910310294118,0.00301442617254466,-6.4327437195261,241,270,-0.38280635158375,-0.0253290171528112,-0.0134530449060124,TRUE,TRUE,TRUE,FALSE
"mcosmo","raw","none","fe_country","y2004_2008","none","beta","unemp",-0.0398509847081743,0.00620016515627123,-6.4274069647752,106,135,-0.529562695773644,-0.0521434151694915,-0.027558554246857,TRUE,TRUE,TRUE,FALSE
"mcosmo","raw","none","fe_country","y2004_2008","n_cy","beta","unemp",-0.0353541875333011,0.00596881806500824,-5.92314712029211,106,135,-0.498671034600116,-0.0471879498849629,-0.0235204251816393,TRUE,TRUE,TRUE,FALSE
"mcosmo","raw","none","fe_country","y2009_2013","none","beta","unemp",-0.0346455882227148,0.00464695712516547,-7.45554290464452,106,135,-0.586514281071188,-0.0438586326946095,-0.02543254375082,TRUE,TRUE,TRUE,FALSE
"mcosmo","raw","none","fe_country","y2009_2013","n_cy","beta","unemp",-0.028632049040247,0.00474365850443684,-6.03585798038935,106,135,-0.505749968289205,-0.0380368134018941,-0.0192272846785998,TRUE,TRUE,TRUE,FALSE
"mcosmo","raw","none","fe_country","no_bailout","none","beta","unemp",-0.0083350780636219,0.00515604951189572,-1.61656284416814,169,190,-0.123400566194636,-0.0185136377118665,0.00184348158462271,TRUE,FALSE,TRUE,FALSE
"mcosmo","raw","none","fe_country","no_bailout","n_cy","beta","unemp",-0.00640970946026192,0.00486951156195417,-1.3162941249265,169,190,-0.100738313860599,-0.0160226144133301,0.00320319549280628,TRUE,FALSE,TRUE,FALSE
"mcosmo","raw","none","fe_country","no_GR_ES","none","beta","unemp",-0.018238235481562,0.00392967085220891,-4.64116109656108,223,250,-0.296791429174981,-0.0259822765596028,-0.0104941944035212,TRUE,TRUE,TRUE,FALSE
"mcosmo","raw","none","fe_country","no_GR_ES","n_cy","beta","unemp",-0.0127145985031922,0.00372246842384834,-3.41563636154303,223,250,-0.222969784371175,-0.0200503142590773,-0.00537888274730706,TRUE,TRUE,TRUE,FALSE
"mcosmo","raw","none","re","all","none","beta","unemp",-0.0213563359580755,0.00327124252071959,-6.52850891452022,268,270,-0.370423298824985,-0.0277969387183757,-0.0149157331977753,TRUE,TRUE,TRUE,FALSE
"mcosmo","raw","none","re","y2004_2008","none","beta","unemp",-0.0325560421496775,0.00693003383835018,-4.69781864116092,133,135,-0.37725330536545,-0.0462633806413056,-0.0188487036580493,TRUE,TRUE,TRUE,FALSE
"mcosmo","raw","none","re","y2009_2013","none","beta","unemp",-0.0303871414466951,0.00503657880965595,-6.0332901747587,133,135,-0.463550179682951,-0.0403492992361225,-0.0204249836572677,TRUE,TRUE,TRUE,FALSE
"mcosmo","raw","none","re","no_bailout","none","beta","unemp",-0.00593766820740301,0.00536980377870218,-1.10575143005283,188,190,-0.0803842396161145,-0.0165304797870569,0.00465514337225089,TRUE,FALSE,TRUE,FALSE
"mcosmo","raw","none","re","no_GR_ES","none","beta","unemp",-0.0165998198333634,0.00409125687818572,-4.05738879948418,248,250,-0.249496613621172,-0.0246578597733683,-0.00854177989335848,TRUE,TRUE,TRUE,FALSE
"mcosmo","raw","none","pooled_cl","all","none","beta","unemp",-0.0042805570895662,0.00876197259513978,-0.488538059562137,267,270,-0.0298846898306995,-0.0215319052423494,0.012970791063217,TRUE,FALSE,TRUE,FALSE
"mcosmo","raw","none","pooled_cl","all","n_cy","beta","unemp",0.000810502452945192,0.00950058307307836,0.0853108116323827,267,270,0.00522086572940617,-0.0178950874662731,0.0195160923721635,TRUE,FALSE,FALSE,FALSE
"mcosmo","raw","none","pooled_cl","y2004_2008","none","beta","unemp",0.0113619767468795,0.0128207065195916,0.886220796764748,132,135,0.0769071636860727,-0.0139986479721737,0.0367226014659327,TRUE,FALSE,FALSE,FALSE
"mcosmo","raw","none","pooled_cl","y2004_2008","n_cy","beta","unemp",0.0157313577669505,0.0136865182322182,1.14940538565307,132,135,0.0995459808763163,-0.0113419280981736,0.0428046436320746,TRUE,FALSE,FALSE,FALSE
"mcosmo","raw","none","pooled_cl","y2009_2013","none","beta","unemp",-0.00517910143578062,0.0100114577981486,-0.517317411729827,132,135,-0.0449811268429782,-0.0249827545122705,0.0146245516407093,TRUE,FALSE,TRUE,FALSE
"mcosmo","raw","none","pooled_cl","y2009_2013","n_cy","beta","unemp",0.000863044694198063,0.0108986636159828,0.0791881210951788,132,135,0.00689227754044217,-0.020695589183098,0.0224216785714941,TRUE,FALSE,FALSE,FALSE
"mcosmo","raw","none","pooled_cl","no_bailout","none","beta","unemp",0.0239009997620749,0.0125392388660999,1.9060965356272,187,190,0.138052926818551,-0.000835545884407492,0.0486375454085573,TRUE,FALSE,FALSE,FALSE
"mcosmo","raw","none","pooled_cl","no_bailout","n_cy","beta","unemp",0.0295616205460407,0.0124545812313542,2.37355395552119,187,190,0.171014489977866,0.00499208164283616,0.0541311594492452,TRUE,TRUE,FALSE,FALSE
"mcosmo","raw","none","pooled_cl","no_GR_ES","none","beta","unemp",0.00465325842528047,0.0116554461870499,0.399234688282514,247,250,0.0253945027248911,-0.0183034803629776,0.0276099972135385,TRUE,FALSE,FALSE,FALSE
"mcosmo","raw","none","pooled_cl","no_GR_ES","n_cy","beta","unemp",0.0118959790464996,0.0115566166660986,1.02936520178925,247,250,0.0653569037396324,-0.0108661036590451,0.0346580617520444,TRUE,FALSE,FALSE,FALSE
"mcosmo","raw","growth","fe_twoway","all","none","beta","unemp",-0.0143262141080369,0.00368926071648739,-3.88322084259664,231,270,-0.247545169883666,-0.021595115280348,-0.00705731293572569,TRUE,TRUE,TRUE,FALSE
"mcosmo","raw","growth","fe_twoway","all","n_cy","beta","unemp",-0.0108498005659455,0.00346438297720858,-3.13181326583233,231,270,-0.201818128551548,-0.017675628128586,-0.00402397300330507,TRUE,TRUE,TRUE,FALSE
"mcosmo","raw","growth","fe_twoway","y2004_2008","none","beta","unemp",-0.0334393532885988,0.0074594038313093,-4.48284528426306,101,135,-0.407369985369823,-0.0482368039323329,-0.0186419026448647,TRUE,TRUE,TRUE,FALSE
"mcosmo","raw","growth","fe_twoway","y2004_2008","n_cy","beta","unemp",-0.0299610151134092,0.00698033995804636,-4.29219999218987,101,135,-0.392767908402252,-0.0438081318993556,-0.0161138983274628,TRUE,TRUE,TRUE,FALSE
"mcosmo","raw","growth","fe_twoway","y2009_2013","none","beta","unemp",-0.0205232996894067,0.0042225761318718,-4.86037410539452,101,135,-0.435381714850122,-0.0288997548745411,-0.0121468445042722,TRUE,TRUE,TRUE,FALSE
"mcosmo","raw","growth","fe_twoway","y2009_2013","n_cy","beta","unemp",-0.0170233856263126,0.00410481771077632,-4.14717213425126,101,135,-0.381456564560803,-0.0251662397806609,-0.00888053147196438,TRUE,TRUE,TRUE,FALSE
"mcosmo","raw","growth","fe_twoway","no_bailout","none","beta","unemp",0.00375993720832686,0.00543773396206645,0.691452953483221,159,190,0.0547535269851596,-0.00697956677279143,0.0144994411894452,TRUE,FALSE,FALSE,FALSE
"mcosmo","raw","growth","fe_twoway","no_bailout","n_cy","beta","unemp",0.00524298894513134,0.00508547677869332,1.03097293986238,159,190,0.0814895498587786,-0.0048008084329049,0.0152867863231676,TRUE,FALSE,FALSE,FALSE
"mcosmo","raw","growth","fe_twoway","no_GR_ES","none","beta","unemp",-0.00889862158006965,0.00454402145084496,-1.95831416650002,213,250,-0.132989599793595,-0.0178556325587547,5.83893986153671e-05,TRUE,FALSE,TRUE,FALSE
"mcosmo","raw","growth","fe_twoway","no_GR_ES","n_cy","beta","unemp",-0.00307077335789316,0.0041421509892362,-0.741347518686035,213,250,-0.0507308876201487,-0.0112356317960197,0.00509408508023341,TRUE,FALSE,TRUE,FALSE
"mcosmo","raw","growth","fe_country","all","none","beta","unemp",-0.0249804576481598,0.00338116823397919,-7.38811437926029,240,270,-0.430456093811124,-0.0316410129560718,-0.0183199023402477,TRUE,TRUE,TRUE,FALSE
"mcosmo","raw","growth","fe_country","all","n_cy","beta","unemp",-0.0206953620463463,0.00320784114148159,-6.45149218230544,240,270,-0.384438680399078,-0.0270144807246526,-0.01437624336804,TRUE,TRUE,TRUE,FALSE
"mcosmo","raw","growth","fe_country","y2004_2008","none","beta","unemp",-0.0403782458357796,0.00615257600026239,-6.56281951398205,105,135,-0.539331818442556,-0.0525776675022847,-0.0281788241692745,TRUE,TRUE,TRUE,FALSE
"mcosmo","raw","growth","fe_country","y2004_2008","n_cy","beta","unemp",-0.0349755619211952,0.00585520533701163,-5.97341338314976,105,135,-0.503620983762608,-0.0465853524946281,-0.0233657713477623,TRUE,TRUE,TRUE,FALSE
"mcosmo","raw","growth","fe_country","y2009_2013","none","beta","unemp",-0.035406901628431,0.00454831589187397,-7.78461797072826,105,135,-0.604932301489298,-0.0444253718488835,-0.0263884314079786,TRUE,TRUE,TRUE,FALSE
"mcosmo","raw","growth","fe_country","y2009_2013","n_cy","beta","unemp",-0.0293405929999456,0.00470217845759639,-6.23978721023353,105,135,-0.52009976477479,-0.0386641442657778,-0.0200170417341135,TRUE,TRUE,TRUE,FALSE
"mcosmo","raw","growth","fe_country","no_bailout","none","beta","unemp",-0.0113902076982586,0.00518318838183398,-2.19752917686321,168,190,-0.167157617476173,-0.0216227814445814,-0.00115763395193582,TRUE,TRUE,TRUE,FALSE
"mcosmo","raw","growth","fe_country","no_bailout","n_cy","beta","unemp",-0.00827672619646699,0.0048635076912993,-1.70180181091804,168,190,-0.130179580640493,-0.0178781910576417,0.00132473866470773,TRUE,FALSE,TRUE,FALSE
"mcosmo","raw","growth","fe_country","no_GR_ES","none","beta","unemp",-0.0209285089825108,0.00416968281153017,-5.0192088771449,222,250,-0.319240264286319,-0.0291457337353336,-0.0127112842296879,TRUE,TRUE,TRUE,FALSE
"mcosmo","raw","growth","fe_country","no_GR_ES","n_cy","beta","unemp",-0.0145129470853222,0.00386862091413815,-3.75145236698784,222,250,-0.244160785665294,-0.0221368669305054,-0.00688902724013904,TRUE,TRUE,TRUE,FALSE
"mcosmo","raw","growth","re","all","none","beta","unemp",-0.0230988987015075,0.00352269410007217,-6.55716847541041,267,270,-0.372424270856773,-0.0300346910355089,-0.0161631063675061,TRUE,TRUE,TRUE,FALSE
"mcosmo","raw","growth","re","y2004_2008","none","beta","unemp",-0.0330940911054505,0.00689916903158739,-4.79682277009469,132,135,-0.385278259095455,-0.0467413293770723,-0.0194468528338288,TRUE,TRUE,TRUE,FALSE
"mcosmo","raw","growth","re","y2009_2013","none","beta","unemp",-0.0314202792357028,0.00494180070449886,-6.35806280230985,132,135,-0.484199953226749,-0.0411956494862918,-0.0216449089851138,TRUE,TRUE,TRUE,FALSE
"mcosmo","raw","growth","re","no_bailout","none","beta","unemp",-0.00872945575311705,0.00540784031530888,-1.61422217449822,187,190,-0.117229685313102,-0.0193976701668467,0.00193875866061258,TRUE,FALSE,TRUE,FALSE
"mcosmo","raw","growth","re","no_GR_ES","none","beta","unemp",-0.018735333574371,0.00434650354191079,-4.31043789421018,247,250,-0.264498863995505,-0.0272962710839749,-0.0101743960647672,TRUE,TRUE,TRUE,FALSE
"mcosmo","raw","growth","pooled_cl","all","none","beta","unemp",-0.00139566603567013,0.0087479405838904,-0.159542239946199,266,270,-0.00978169436465913,-0.018619681541555,0.0158283494702147,TRUE,FALSE,TRUE,FALSE
"mcosmo","raw","growth","pooled_cl","all","n_cy","beta","unemp",0.00375804787776004,0.00925218403291527,0.406179542515641,266,270,0.0248967459534913,-0.0144587838117119,0.021974879567232,TRUE,FALSE,FALSE,FALSE
"mcosmo","raw","growth","pooled_cl","y2004_2008","none","beta","unemp",0.00949077619979402,0.0122857271341256,0.772504231632481,131,135,0.0673407988597743,-0.0148133226994015,0.0337948750989896,TRUE,FALSE,FALSE,FALSE
"mcosmo","raw","growth","pooled_cl","y2004_2008","n_cy","beta","unemp",0.0139976880601517,0.0130462285219408,1.07292985375894,131,135,0.0933331254527306,-0.0118108639935581,0.0398062401138615,TRUE,FALSE,FALSE,FALSE
"mcosmo","raw","growth","pooled_cl","y2009_2013","none","beta","unemp",-0.00454802674808704,0.00985488507614012,-0.461499724547612,131,135,-0.0402886804435113,-0.0240433402053936,0.0149472867092196,TRUE,FALSE,TRUE,FALSE
"mcosmo","raw","growth","pooled_cl","y2009_2013","n_cy","beta","unemp",0.00247874282752793,0.0104881826153273,0.236336734250369,131,135,0.0206444356844123,-0.0182693842285984,0.0232268698836543,TRUE,FALSE,FALSE,FALSE
"mcosmo","raw","growth","pooled_cl","no_bailout","none","beta","unemp",0.02388919863458,0.012533056613887,1.90609516661003,186,190,0.138416350575321,-0.000836016882007663,0.0486144141511676,TRUE,FALSE,FALSE,FALSE
"mcosmo","raw","growth","pooled_cl","no_bailout","n_cy","beta","unemp",0.029213127348384,0.0123716021051057,2.36130511636225,186,190,0.170601100151159,0.00480642930512532,0.0536198253916428,TRUE,TRUE,FALSE,FALSE
"mcosmo","raw","growth","pooled_cl","no_GR_ES","none","beta","unemp",0.00672593454158732,0.0113464312994875,0.592779735236322,246,250,0.0377672916333923,-0.0156226112521755,0.0290744803353501,TRUE,FALSE,FALSE,FALSE
"mcosmo","raw","growth","pooled_cl","no_GR_ES","n_cy","beta","unemp",0.0131339279146902,0.0112810731701747,1.16424454629141,246,250,0.0740258592134795,-0.00908588496672432,0.0353537407961048,TRUE,FALSE,FALSE,FALSE
"mcosmo","log","none","fe_twoway","all","none","beta","unemp",-0.144646702515705,0.0380784767190919,-3.7986472931356,232,270,-0.241981646812602,-0.219670514214335,-0.0696228908170754,TRUE,TRUE,TRUE,FALSE
"mcosmo","log","none","fe_twoway","all","n_cy","beta","unemp",-0.100846317160483,0.0359057533099026,-2.8086395038165,232,270,-0.181339045517692,-0.171589338082561,-0.0301032962384042,TRUE,TRUE,TRUE,FALSE
"mcosmo","log","none","fe_twoway","y2004_2008","none","beta","unemp",-0.276948312384601,0.065640691202505,-4.21915594292267,102,135,-0.3854737901705,-0.407146312153559,-0.146750312615642,TRUE,TRUE,TRUE,FALSE
"mcosmo","log","none","fe_twoway","y2004_2008","n_cy","beta","unemp",-0.245091772079862,0.062159678702574,-3.94293820681722,102,135,-0.363675995489889,-0.368385200060209,-0.121798344099514,TRUE,TRUE,TRUE,FALSE
"mcosmo","log","none","fe_twoway","y2009_2013","none","beta","unemp",-0.277665446698765,0.0527161221862105,-5.26718269826373,102,135,-0.462419412168665,-0.382227625104935,-0.173103268292595,TRUE,TRUE,TRUE,FALSE
"mcosmo","log","none","fe_twoway","y2009_2013","n_cy","beta","unemp",-0.236035357618741,0.0536438688986295,-4.40004351783008,102,135,-0.399409603286596,-0.342437717230142,-0.129632998007341,TRUE,TRUE,TRUE,FALSE
"mcosmo","log","none","fe_twoway","no_bailout","none","beta","unemp",0.050698662917645,0.0490566090517604,1.03347263289544,160,190,0.081431842076414,-0.0461833108270256,0.147580636662316,TRUE,FALSE,FALSE,FALSE
"mcosmo","log","none","fe_twoway","no_bailout","n_cy","beta","unemp",0.0573677317147071,0.0460071005435238,1.24693212649721,160,190,0.0981031219097931,-0.0334917629198115,0.148227226349226,TRUE,FALSE,FALSE,FALSE
"mcosmo","log","none","fe_twoway","no_GR_ES","none","beta","unemp",-0.0983365519165306,0.0398584651371683,-2.46714346822229,214,250,-0.166301976260323,-0.176902021261543,-0.0197710825715177,TRUE,TRUE,TRUE,FALSE
"mcosmo","log","none","fe_twoway","no_GR_ES","n_cy","beta","unemp",-0.043147086054796,0.0372130953814654,-1.15945974427825,214,250,-0.079011250816253,-0.116498237293664,0.0302040651840715,TRUE,FALSE,TRUE,FALSE
"mcosmo","log","none","fe_country","all","none","beta","unemp",-0.23932178294175,0.0328417526289635,-7.28711971147024,241,270,-0.424919665781893,-0.304015313390458,-0.174628252493042,TRUE,TRUE,TRUE,FALSE
"mcosmo","log","none","fe_country","all","n_cy","beta","unemp",-0.200295927825836,0.0315814645102235,-6.34219884771325,241,270,-0.378193500139947,-0.262506871894183,-0.138084983757489,TRUE,TRUE,TRUE,FALSE
"mcosmo","log","none","fe_country","y2004_2008","none","beta","unemp",-0.368124905167332,0.0531753370812511,-6.92285042979311,106,135,-0.557993521957406,-0.473550182858078,-0.262699627476586,TRUE,TRUE,TRUE,FALSE
"mcosmo","log","none","fe_country","y2004_2008","n_cy","beta","unemp",-0.331806578541832,0.050918554268549,-6.51641790125962,106,135,-0.534809095681128,-0.432757564807716,-0.230855592275949,TRUE,TRUE,TRUE,FALSE
"mcosmo","log","none","fe_country","y2009_2013","none","beta","unemp",-0.419565477218284,0.0595626396638572,-7.04410482117833,106,135,-0.564668971445195,-0.537654203519372,-0.301476750917195,TRUE,TRUE,TRUE,FALSE
"mcosmo","log","none","fe_country","y2009_2013","n_cy","beta","unemp",-0.350473422069574,0.0630399522131934,-5.55954453906176,106,135,-0.475142579865236,-0.475456258709279,-0.225490585429869,TRUE,TRUE,TRUE,FALSE
"mcosmo","log","none","fe_country","no_bailout","none","beta","unemp",-0.108698199745784,0.0452236310145012,-2.40357081701221,169,190,-0.18180867110413,-0.197974189964516,-0.0194222095270506,TRUE,TRUE,TRUE,FALSE
"mcosmo","log","none","fe_country","no_bailout","n_cy","beta","unemp",-0.0924471156745101,0.0426375379772291,-2.16820951819221,169,190,-0.164512886173122,-0.176617898471349,-0.00827633287767144,TRUE,TRUE,TRUE,FALSE
"mcosmo","log","none","fe_country","no_GR_ES","none","beta","unemp",-0.195252615772511,0.0351425725821152,-5.55601372996464,223,250,-0.348705042264507,-0.264506641338279,-0.125998590206743,TRUE,TRUE,TRUE,FALSE
"mcosmo","log","none","fe_country","no_GR_ES","n_cy","beta","unemp",-0.145797900698243,0.0335698435685752,-4.34312124214736,223,250,-0.279265638883982,-0.211952613740512,-0.0796431876559735,TRUE,TRUE,TRUE,FALSE
"mcosmo","log","none","re","all","none","beta","unemp",-0.221917618682662,0.0341928107647898,-6.49018357131325,268,270,-0.36854485666646,-0.28923831104933,-0.154596926315994,TRUE,TRUE,TRUE,FALSE
"mcosmo","log","none","re","y2004_2008","none","beta","unemp",-0.301666812841756,0.0595761216961231,-5.06355238060732,133,135,-0.402021754811339,-0.419506073826029,-0.183827551857482,TRUE,TRUE,TRUE,FALSE
"mcosmo","log","none","re","y2009_2013","none","beta","unemp",-0.350662080845964,0.0645582837976683,-5.4317131778932,133,135,-0.426094039020854,-0.478355865478898,-0.22296829621303,TRUE,TRUE,TRUE,FALSE
"mcosmo","log","none","re","no_bailout","none","beta","unemp",-0.0866189846907587,0.0471416111375625,-1.83742096633054,188,190,-0.132820404877118,-0.179613482240575,0.00637551285905757,TRUE,FALSE,TRUE,FALSE
"mcosmo","log","none","re","no_GR_ES","none","beta","unemp",-0.179171003805282,0.0366418159174347,-4.88979596996529,248,250,-0.296536436822295,-0.251339832340911,-0.107002175269654,TRUE,TRUE,TRUE,FALSE
"mcosmo","log","none","pooled_cl","all","none","beta","unemp",-0.0196476567308201,0.0943981916180626,-0.208135944068876,267,270,-0.0127366797012686,-0.205507182187412,0.166211868725772,TRUE,FALSE,TRUE,FALSE
"mcosmo","log","none","pooled_cl","all","n_cy","beta","unemp",0.0372533930203669,0.0988261059043779,0.376959029999751,267,270,0.0230633816098715,-0.157324202495732,0.231830988536465,TRUE,FALSE,FALSE,FALSE
"mcosmo","log","none","pooled_cl","y2004_2008","none","beta","unemp",0.0869847020805837,0.113532647693436,0.766164657019735,132,135,0.0665382889391882,-0.137594096842381,0.311563501003548,TRUE,FALSE,FALSE,FALSE
"mcosmo","log","none","pooled_cl","y2004_2008","n_cy","beta","unemp",0.130505715941226,0.123158162692289,1.0596594905958,132,135,0.0918417145346311,-0.113113303053894,0.374124734936345,TRUE,FALSE,FALSE,FALSE
"mcosmo","log","none","pooled_cl","y2009_2013","none","beta","unemp",-0.0225996930376045,0.130161872956692,-0.173627595579575,132,135,-0.0151106170191468,-0.280072743195911,0.234873357120702,TRUE,FALSE,TRUE,FALSE
"mcosmo","log","none","pooled_cl","y2009_2013","n_cy","beta","unemp",0.0537547706853881,0.1321653408469,0.406723656451335,132,135,0.0353785888535141,-0.207681336986371,0.315190878357147,TRUE,FALSE,FALSE,FALSE
"mcosmo","log","none","pooled_cl","no_bailout","none","beta","unemp",0.191318350527429,0.119487765155639,1.60115431298114,187,190,0.116293544265829,-0.0443988719077753,0.427035572962634,TRUE,FALSE,FALSE,FALSE
"mcosmo","log","none","pooled_cl","no_bailout","n_cy","beta","unemp",0.244634234625476,0.116167784182535,2.10586985322094,187,190,0.152202298218831,0.015466441686241,0.47380202756471,TRUE,TRUE,FALSE,FALSE
"mcosmo","log","none","pooled_cl","no_GR_ES","none","beta","unemp",0.0355398724344203,0.108917103612611,0.326302033891996,247,250,0.0207576277695601,-0.178984861932804,0.250064606801644,TRUE,FALSE,FALSE,FALSE
"mcosmo","log","none","pooled_cl","no_GR_ES","n_cy","beta","unemp",0.104420481491942,0.108491459648058,0.962476510415451,247,250,0.0611263953730825,-0.109265898242244,0.318106861226128,TRUE,FALSE,FALSE,FALSE
"mcosmo","log","growth","fe_twoway","all","none","beta","unemp",-0.146438254819993,0.0408300705545563,-3.58652955606151,231,270,-0.229668421262151,-0.22688519813121,-0.0659913115087755,TRUE,TRUE,TRUE,FALSE
"mcosmo","log","growth","fe_twoway","all","n_cy","beta","unemp",-0.100824837715212,0.0379560458107877,-2.65635778336416,231,270,-0.172165761429288,-0.175609128415334,-0.0260405470150911,TRUE,TRUE,TRUE,FALSE
"mcosmo","log","growth","fe_twoway","y2004_2008","none","beta","unemp",-0.332838448208401,0.0670282779610829,-4.96564223836468,101,135,-0.442976860985485,-0.465804521274528,-0.199872375142275,TRUE,TRUE,TRUE,FALSE
"mcosmo","log","growth","fe_twoway","y2004_2008","n_cy","beta","unemp",-0.30975114357827,0.0619716236338178,-4.99827381332703,101,135,-0.445312121679829,-0.432686174684171,-0.186816112472369,TRUE,TRUE,TRUE,FALSE
"mcosmo","log","growth","fe_twoway","y2009_2013","none","beta","unemp",-0.221167659820777,0.0564235557803118,-3.91977529175767,101,135,-0.363371330415787,-0.333096816719176,-0.109238502922377,TRUE,TRUE,TRUE,FALSE
"mcosmo","log","growth","fe_twoway","y2009_2013","n_cy","beta","unemp",-0.186993331050308,0.0556411592544761,-3.36070156617496,101,135,-0.317140030196666,-0.297370423703803,-0.0766162383968138,TRUE,TRUE,TRUE,FALSE
"mcosmo","log","growth","fe_twoway","no_bailout","none","beta","unemp",0.0120254811689231,0.0503530973728917,0.23882306742459,159,190,0.0189365050870385,-0.0874216954436498,0.111472657781496,TRUE,FALSE,FALSE,FALSE
"mcosmo","log","growth","fe_twoway","no_bailout","n_cy","beta","unemp",0.0237973269594792,0.0467998343229626,0.508491692411888,159,190,0.0402932654068818,-0.0686321685865171,0.116226822505476,TRUE,FALSE,FALSE,FALSE
"mcosmo","log","growth","fe_twoway","no_GR_ES","none","beta","unemp",-0.114834925707064,0.042444066753739,-2.70555897419863,213,250,-0.182276212047084,-0.198499137244311,-0.0311707141698175,TRUE,TRUE,TRUE,FALSE
"mcosmo","log","growth","fe_twoway","no_GR_ES","n_cy","beta","unemp",-0.0582600393410348,0.0388580594787023,-1.49930387988022,213,250,-0.102192774692691,-0.134855642844713,0.0183355641626439,TRUE,FALSE,TRUE,FALSE
"mcosmo","log","growth","fe_country","all","none","beta","unemp",-0.265284801585068,0.0354530080050067,-7.48271631980012,240,270,-0.434930631978982,-0.335123598210485,-0.19544600495965,TRUE,TRUE,TRUE,FALSE
"mcosmo","log","growth","fe_country","all","n_cy","beta","unemp",-0.212578791688674,0.033514525681704,-6.34288528226801,240,270,-0.378902825221423,-0.27859897656978,-0.146558606807568,TRUE,TRUE,TRUE,FALSE
"mcosmo","log","growth","fe_country","y2004_2008","none","beta","unemp",-0.372459814153276,0.0527331887173652,-7.06310054849052,105,135,-0.567528086040732,-0.477019986177984,-0.267899642128568,TRUE,TRUE,TRUE,FALSE
"mcosmo","log","growth","fe_country","y2004_2008","n_cy","beta","unemp",-0.327759852044353,0.0499596638245992,-6.5604895420247,105,135,-0.539196017116271,-0.426820636549434,-0.228699067539272,TRUE,TRUE,TRUE,FALSE
"mcosmo","log","growth","fe_country","y2009_2013","none","beta","unemp",-0.429428310189473,0.0583279589860225,-7.36230647625405,105,135,-0.583495497652277,-0.54508187815625,-0.313774742222697,TRUE,TRUE,TRUE,FALSE
"mcosmo","log","growth","fe_country","y2009_2013","n_cy","beta","unemp",-0.358825985746539,0.0625223622553051,-5.73916232213526,105,135,-0.488659752557522,-0.482796280580105,-0.234855690912973,TRUE,TRUE,TRUE,FALSE
"mcosmo","log","growth","fe_country","no_bailout","none","beta","unemp",-0.140770754015779,0.0454968651155731,-3.09407590299215,168,190,-0.232189258013749,-0.230589991370388,-0.0509515166611691,TRUE,TRUE,TRUE,FALSE
"mcosmo","log","growth","fe_country","no_bailout","n_cy","beta","unemp",-0.110861346653317,0.0425435590767024,-2.60583150679621,168,190,-0.197100440569712,-0.194850210961074,-0.0268724823455602,TRUE,TRUE,TRUE,FALSE
"mcosmo","log","growth","fe_country","no_GR_ES","none","beta","unemp",-0.224585174324493,0.0372312074721139,-6.03217541340035,222,250,-0.375265392082372,-0.297956990226495,-0.15121335842249,TRUE,TRUE,TRUE,FALSE
"mcosmo","log","growth","fe_country","no_GR_ES","n_cy","beta","unemp",-0.16451147270156,0.0347834718372204,-4.72958747394283,222,250,-0.302552125590208,-0.233059517886089,-0.0959634275170317,TRUE,TRUE,TRUE,FALSE
"mcosmo","log","growth","re","all","none","beta","unemp",-0.242124505478975,0.0370160496222803,-6.5410682109427,267,270,-0.371636262333362,-0.315004984428301,-0.169244026529649,TRUE,TRUE,TRUE,FALSE
"mcosmo","log","growth","re","y2004_2008","none","beta","unemp",-0.306633957595468,0.059249110520812,-5.17533436198606,132,135,-0.410709668818898,-0.423834554501721,-0.189433360689216,TRUE,TRUE,TRUE,FALSE
"mcosmo","log","growth","re","y2009_2013","none","beta","unemp",-0.364456652896709,0.0633855698701378,-5.74983633725145,132,135,-0.447541950055265,-0.489839575251529,-0.239073730541889,TRUE,TRUE,TRUE,FALSE
"mcosmo","log","growth","re","no_bailout","none","beta","unemp",-0.116311569747745,0.047541200579935,-2.44654254265584,187,190,-0.17611256933275,-0.210097571497301,-0.02252556799819,TRUE,TRUE,TRUE,FALSE
"mcosmo","log","growth","re","no_GR_ES","none","beta","unemp",-0.203539098917421,0.0389008839597462,-5.23224868432396,247,250,-0.315874799933836,-0.280158853954209,-0.126919343880633,TRUE,TRUE,TRUE,FALSE
"mcosmo","log","growth","pooled_cl","all","none","beta","unemp",0.00942311487085331,0.0939671024615482,0.100280998604903,266,270,0.00614850630199003,-0.175590810900576,0.194437040642283,TRUE,FALSE,FALSE,FALSE
"mcosmo","log","growth","pooled_cl","all","n_cy","beta","unemp",0.0649032425508313,0.0963798727425659,0.673410751684537,266,270,0.041254311742269,-0.124861240489919,0.254667725591582,TRUE,FALSE,FALSE,FALSE
"mcosmo","log","growth","pooled_cl","y2004_2008","none","beta","unemp",0.0738351776626016,0.107714832807108,0.68546899009557,131,135,0.0597825863105391,-0.139250455843176,0.286920811168379,TRUE,FALSE,FALSE,FALSE
"mcosmo","log","growth","pooled_cl","y2004_2008","n_cy","beta","unemp",0.117873819619343,0.117000623172723,1.00746317774163,131,135,0.0876834383094318,-0.113581322254908,0.349328961493595,TRUE,FALSE,FALSE,FALSE
"mcosmo","log","growth","pooled_cl","y2009_2013","none","beta","unemp",-0.0143689573013342,0.128510047808661,-0.111811936469965,131,135,-0.00976858812903863,-0.268592486554764,0.239854571952095,TRUE,FALSE,TRUE,FALSE
"mcosmo","log","growth","pooled_cl","y2009_2013","n_cy","beta","unemp",0.0711129274319077,0.127030862120193,0.55980827213959,131,135,0.0488522772043906,-0.180184419685917,0.322410274549733,TRUE,FALSE,FALSE,FALSE
"mcosmo","log","growth","pooled_cl","no_bailout","none","beta","unemp",0.192350668163118,0.119354572636079,1.61159027186674,186,190,0.117351052779357,-0.0431120463392167,0.427813382665452,TRUE,FALSE,FALSE,FALSE
"mcosmo","log","growth","pooled_cl","no_bailout","n_cy","beta","unemp",0.242154935055583,0.115226470358785,2.10155647657675,186,190,0.15229608219617,0.0148361411964802,0.469473728914687,TRUE,TRUE,FALSE,FALSE
"mcosmo","log","growth","pooled_cl","no_GR_ES","none","beta","unemp",0.0544681349272337,0.106702202405303,0.510468703545022,246,250,0.0325290719780298,-0.155698303647861,0.264634573502328,TRUE,FALSE,FALSE,FALSE
"mcosmo","log","growth","pooled_cl","no_GR_ES","n_cy","beta","unemp",0.11597370012687,0.106056781198537,1.09350575056364,246,250,0.0695505497526128,-0.092921481872923,0.324868882126664,TRUE,FALSE,FALSE,FALSE
"mutil","raw","none","fe_twoway","all","none","beta","unemp",-0.0111651870577839,0.00373714172102502,-2.98762741454758,232,270,-0.192479585629282,-0.0185282603980759,-0.00380211371749187,TRUE,TRUE,TRUE,FALSE
"mutil","raw","none","fe_twoway","all","n_cy","beta","unemp",-0.0111169258616197,0.00362605438503324,-3.06584642180368,232,270,-0.19732508103851,-0.0182611302739598,-0.00397272144927962,TRUE,TRUE,TRUE,FALSE
"mutil","raw","none","fe_twoway","y2004_2008","none","beta","unemp",-0.00405616083468022,0.00803410104659017,-0.504868038273148,102,135,-0.0499270413809609,-0.0199917621674069,0.0118794404980464,TRUE,FALSE,TRUE,FALSE
"mutil","raw","none","fe_twoway","y2004_2008","n_cy","beta","unemp",-0.00466650968874684,0.00808559421778059,-0.577138743678847,102,135,-0.0570521726193379,-0.0207042474823781,0.0113712281048844,TRUE,FALSE,TRUE,FALSE
"mutil","raw","none","fe_twoway","y2009_2013","none","beta","unemp",-0.0270436127516404,0.00572662312678267,-4.72243626879529,102,135,-0.423572823636128,-0.0384023425711904,-0.0156848829320905,TRUE,TRUE,TRUE,FALSE
"mutil","raw","none","fe_twoway","y2009_2013","n_cy","beta","unemp",-0.0217996324443173,0.0056221934799097,-3.87742480265327,102,135,-0.358415328191969,-0.0329512265544414,-0.0106480383341933,TRUE,TRUE,TRUE,FALSE
"mutil","raw","none","fe_twoway","no_bailout","none","beta","unemp",-0.00993398323043553,0.00597344734644838,-1.66302348615192,160,190,-0.130351792614974,-0.0217309537135191,0.00186298725264799,TRUE,FALSE,TRUE,FALSE
"mutil","raw","none","fe_twoway","no_bailout","n_cy","beta","unemp",-0.00959586424806929,0.00579669676280892,-1.65540214379256,160,190,-0.129764495343082,-0.0210437697277922,0.0018520412316536,TRUE,FALSE,TRUE,FALSE
"mutil","raw","none","fe_twoway","no_GR_ES","none","beta","unemp",-0.0136404972071733,0.00433102224897526,-3.14948675463412,214,250,-0.210471867489244,-0.0221774239193143,-0.00510357049503223,TRUE,TRUE,TRUE,FALSE
"mutil","raw","none","fe_twoway","no_GR_ES","n_cy","beta","unemp",-0.0133098846405235,0.00421901131163669,-3.15474021219444,214,250,-0.21080735290634,-0.0216260253330952,-0.0049937439479518,TRUE,TRUE,TRUE,FALSE
"mutil","raw","none","fe_country","all","none","beta","unemp",-0.0340865831924765,0.00423760578197439,-8.04383063131342,241,270,-0.460058349748908,-0.0424340572686319,-0.0257391091163211,TRUE,TRUE,TRUE,FALSE
"mutil","raw","none","fe_country","all","n_cy","beta","unemp",-0.0338104649944287,0.00404929438263535,-8.34971770376058,241,270,-0.473684022366384,-0.0417869926906934,-0.025833937298164,TRUE,TRUE,TRUE,FALSE
"mutil","raw","none","fe_country","y2004_2008","none","beta","unemp",0.0182481196266098,0.00702636343734689,2.59709304668421,106,135,0.244590210863887,0.00431767071555661,0.032178568537663,TRUE,TRUE,FALSE,FALSE
"mutil","raw","none","fe_country","y2004_2008","n_cy","beta","unemp",0.0152498168247243,0.00710954975552527,2.14497645408174,106,135,0.203959130378965,0.00115444294703433,0.0293451907024143,TRUE,TRUE,FALSE,FALSE
"mutil","raw","none","fe_country","y2009_2013","none","beta","unemp",-0.0459892243475994,0.00662298023392568,-6.94388669801901,106,135,-0.55915950105475,-0.0591199268241075,-0.0328585218710913,TRUE,TRUE,TRUE,FALSE
"mutil","raw","none","fe_country","y2009_2013","n_cy","beta","unemp",-0.0380606369376719,0.00659075329159435,-5.77485383745335,106,135,-0.489203062143461,-0.0511274463665589,-0.024993827508785,TRUE,TRUE,TRUE,FALSE
"mutil","raw","none","fe_country","no_bailout","none","beta","unemp",-0.0317811524819201,0.00715642667373764,-4.44092477025571,169,190,-0.323267739550268,-0.0459086575803236,-0.0176536473835167,TRUE,TRUE,TRUE,FALSE
"mutil","raw","none","fe_country","no_bailout","n_cy","beta","unemp",-0.0318472653063193,0.00677681641694246,-4.69944341810694,169,190,-0.339964359562731,-0.0452253816269461,-0.0184691489856925,TRUE,TRUE,TRUE,FALSE
"mutil","raw","none","fe_country","no_GR_ES","none","beta","unemp",-0.0377770236735442,0.00510261691617103,-7.40346067403621,223,250,-0.444180895377303,-0.047832541423109,-0.0277215059239793,TRUE,TRUE,TRUE,FALSE
"mutil","raw","none","fe_country","no_GR_ES","n_cy","beta","unemp",-0.0370429796211708,0.00487123999363408,-7.60442508880285,223,250,-0.453781450006959,-0.0466425323650076,-0.027443426877334,TRUE,TRUE,TRUE,FALSE
"mutil","raw","none","re","all","none","beta","unemp",-0.0328328449748876,0.00444317837935047,-7.38949512526376,268,270,-0.411414376282335,-0.041580819713323,-0.0240848702364522,TRUE,TRUE,TRUE,FALSE
"mutil","raw","none","re","y2004_2008","none","beta","unemp",0.0171951614369533,0.007762542810963,2.21514545628897,133,135,0.188629363523412,0.00184115244542491,0.0325491704284817,TRUE,TRUE,FALSE,FALSE
"mutil","raw","none","re","y2009_2013","none","beta","unemp",-0.038002841306583,0.0074135484315438,-5.12613381533804,133,135,-0.406174886267724,-0.052666552934208,-0.023339129678958,TRUE,TRUE,TRUE,FALSE
"mutil","raw","none","re","no_bailout","none","beta","unemp",-0.0295333982604839,0.00766645073628902,-3.85229088092721,188,190,-0.270484333925424,-0.0446567196109404,-0.0144100769100274,TRUE,TRUE,TRUE,FALSE
"mutil","raw","none","re","no_GR_ES","none","beta","unemp",-0.0365065716145738,0.00538296593241926,-6.78186933985791,248,250,-0.39553085506784,-0.0471087302593655,-0.0259044129697822,TRUE,TRUE,TRUE,FALSE
"mutil","raw","none","pooled_cl","all","none","beta","unemp",-0.00631280386263489,0.00649758836367794,-0.971561063782371,267,270,-0.0593537467744413,-0.0191058316652393,0.00648022393996953,TRUE,FALSE,TRUE,FALSE
"mutil","raw","none","pooled_cl","all","n_cy","beta","unemp",-0.0017952192093749,0.00696906896064567,-0.257598141087785,267,270,-0.0157627915963855,-0.0155165397950547,0.0119261013763049,TRUE,FALSE,TRUE,FALSE
"mutil","raw","none","pooled_cl","y2004_2008","none","beta","unemp",0.00244438795150718,0.0178612151925106,0.136854515505314,132,135,0.0119108116650058,-0.0328868611361554,0.0377756370391698,TRUE,FALSE,FALSE,FALSE
"mutil","raw","none","pooled_cl","y2004_2008","n_cy","beta","unemp",-0.00197210561590151,0.0223080402351693,-0.0884033557009831,132,135,-0.00769429669975645,-0.0460996141706865,0.0421554029388835,TRUE,FALSE,TRUE,FALSE
"mutil","raw","none","pooled_cl","y2009_2013","none","beta","unemp",0.00582101266368531,0.00925141162747731,0.629202644750615,132,135,0.0546831190237084,-0.0124791939627909,0.0241212192901615,TRUE,FALSE,FALSE,FALSE
"mutil","raw","none","pooled_cl","y2009_2013","n_cy","beta","unemp",0.0127077458801982,0.0107566617731729,1.18138379249697,132,135,0.102286930433033,-0.00856999431628455,0.033985486076681,TRUE,FALSE,FALSE,FALSE
"mutil","raw","none","pooled_cl","no_bailout","none","beta","unemp",0.00978858439423066,0.0126235413177794,0.775423009107919,187,190,0.0566136015617392,-0.0151142673148724,0.0346914361033337,TRUE,FALSE,FALSE,FALSE
"mutil","raw","none","pooled_cl","no_bailout","n_cy","beta","unemp",0.0137359936108728,0.013068418590088,1.0510830760572,187,190,0.0766367594590179,-0.0120444812993718,0.0395164685211174,TRUE,FALSE,FALSE,FALSE
"mutil","raw","none","pooled_cl","no_GR_ES","none","beta","unemp",-0.00565505281165764,0.0094877062966091,-0.596040036955903,247,250,-0.0378978746222823,-0.0243421791263041,0.0130320735029889,TRUE,FALSE,TRUE,FALSE
"mutil","raw","none","pooled_cl","no_GR_ES","n_cy","beta","unemp",-0.000263272700146118,0.00960461285749338,-0.0274110684160181,247,250,-0.00174412186421842,-0.019180659902088,0.0186541145017958,TRUE,FALSE,TRUE,FALSE
"mutil","raw","growth","fe_twoway","all","none","beta","unemp",-0.00488406652980424,0.00381001876455304,-1.28190091220645,231,270,-0.0840444829734234,-0.0123908956732202,0.00262276261361169,TRUE,FALSE,TRUE,FALSE
"mutil","raw","growth","fe_twoway","all","n_cy","beta","unemp",-0.00559547799744067,0.00365259992992362,-1.5319164717713,231,270,-0.10028458712143,-0.0127921469110664,0.00160119091618507,TRUE,FALSE,TRUE,FALSE
"mutil","raw","growth","fe_twoway","y2004_2008","none","beta","unemp",0.00214581878359674,0.00828162416503306,0.259106032927319,101,135,0.0257734493564133,-0.0142826958274057,0.0185743333945992,TRUE,FALSE,FALSE,FALSE
"mutil","raw","growth","fe_twoway","y2004_2008","n_cy","beta","unemp",0.00223387641269795,0.00826360329591368,0.270327160284012,101,135,0.0268888320887785,-0.0141588896415321,0.018626642466928,TRUE,FALSE,FALSE,FALSE
"mutil","raw","growth","fe_twoway","y2009_2013","none","beta","unemp",-0.021820130183754,0.0060956193555033,-3.57964119988137,101,135,-0.335538204852354,-0.0339121992814821,-0.00972806108602578,TRUE,TRUE,TRUE,FALSE
"mutil","raw","growth","fe_twoway","y2009_2013","n_cy","beta","unemp",-0.0169207500483261,0.00584035076505045,-2.89721469292262,101,135,-0.277002838597939,-0.0285064349290921,-0.00533506516755998,TRUE,TRUE,TRUE,FALSE
"mutil","raw","growth","fe_twoway","no_bailout","none","beta","unemp",-0.00173899944236197,0.00608717017298655,-0.285682738110272,159,190,-0.0226503023979509,-0.0137611374804815,0.0102831385957576,TRUE,FALSE,TRUE,FALSE
"mutil","raw","growth","fe_twoway","no_bailout","n_cy","beta","unemp",-0.00232450568775159,0.00584233196729668,-0.397872921423048,159,190,-0.0315376793297582,-0.0138630891968929,0.00921407782138968,TRUE,FALSE,TRUE,FALSE
"mutil","raw","growth","fe_twoway","no_GR_ES","none","beta","unemp",-0.00612340197993283,0.00441064951119217,-1.38832205197772,213,250,-0.0946987597087924,-0.0148175150078398,0.00257071104797415,TRUE,FALSE,TRUE,FALSE
"mutil","raw","growth","fe_twoway","no_GR_ES","n_cy","beta","unemp",-0.0071905764580535,0.00420080195081273,-1.71171517777988,213,250,-0.116486350881739,-0.0154710455534875,0.00108989263738054,TRUE,FALSE,TRUE,FALSE
"mutil","raw","growth","fe_country","all","none","beta","unemp",-0.025818390287539,0.00440774057931992,-5.85751130832718,240,270,-0.353664906987711,-0.0345011880307729,-0.0171355925443052,TRUE,TRUE,TRUE,FALSE
"mutil","raw","growth","fe_country","all","n_cy","beta","unemp",-0.0254034657761218,0.00412623734835346,-6.15656920129881,240,270,-0.36931068998258,-0.0335317309704084,-0.0172752005818352,TRUE,TRUE,TRUE,FALSE
"mutil","raw","growth","fe_country","y2004_2008","none","beta","unemp",0.0208408753600801,0.00676101315395931,3.08250773744989,105,135,0.288069922713499,0.00743503521208033,0.0342467155080799,TRUE,TRUE,FALSE,FALSE
"mutil","raw","growth","fe_country","y2004_2008","n_cy","beta","unemp",0.0161125020913355,0.00670516035911744,2.40300026075085,105,135,0.228314815801151,0.00281740771803233,0.0294075964646387,TRUE,TRUE,FALSE,FALSE
"mutil","raw","growth","fe_country","y2009_2013","none","beta","unemp",-0.047636550335841,0.00638833812286795,-7.4567985318935,105,135,-0.588402407636932,-0.0603034447400308,-0.0349696559316513,TRUE,TRUE,TRUE,FALSE
"mutil","raw","growth","fe_country","y2009_2013","n_cy","beta","unemp",-0.0393958940950134,0.00648247689589081,-6.07729032092441,105,135,-0.510114410514505,-0.0522494482962092,-0.0265423398938176,TRUE,TRUE,TRUE,FALSE
"mutil","raw","growth","fe_country","no_bailout","none","beta","unemp",-0.0230497226103933,0.00698218491360288,-3.30121915927594,168,190,-0.246815003405781,-0.0368338486686524,-0.00926559655213415,TRUE,TRUE,TRUE,FALSE
"mutil","raw","growth","fe_country","no_bailout","n_cy","beta","unemp",-0.024623315821054,0.00651045000640023,-3.78212194193144,168,190,-0.280115342396833,-0.0374761498113683,-0.0117704818307397,TRUE,TRUE,TRUE,FALSE
"mutil","raw","growth","fe_country","no_GR_ES","none","beta","unemp",-0.0276576576202892,0.00519069421641834,-5.32831572563205,222,250,-0.336729091113914,-0.0378869970994316,-0.0174283181411468,TRUE,TRUE,TRUE,FALSE
"mutil","raw","growth","fe_country","no_GR_ES","n_cy","beta","unemp",-0.0280078217181797,0.00481528627538466,-5.8164395876842,222,250,-0.363647547833505,-0.0374973419916651,-0.0185183014446944,TRUE,TRUE,TRUE,FALSE
"mutil","raw","growth","re","all","none","beta","unemp",-0.0244385498572968,0.00461702798644686,-5.29313444255383,267,270,-0.308169180444604,-0.033528963729342,-0.0153481359852516,TRUE,TRUE,TRUE,FALSE
"mutil","raw","growth","re","y2004_2008","none","beta","unemp",0.0196444843308965,0.00748584315821892,2.62421799598195,132,135,0.222674179733479,0.00483674664879804,0.0344522220129949,TRUE,TRUE,FALSE,FALSE
"mutil","raw","growth","re","y2009_2013","none","beta","unemp",-0.0402651497864818,0.00717821179187659,-5.60935661330708,132,135,-0.438733522401009,-0.0544643622190789,-0.0260659373538847,TRUE,TRUE,TRUE,FALSE
"mutil","raw","growth","re","no_bailout","none","beta","unemp",-0.0210775251568823,0.00742395906681104,-2.83912195193934,187,190,-0.203282154420163,-0.0357229995987379,-0.00643205071502672,TRUE,TRUE,TRUE,FALSE
"mutil","raw","growth","re","no_GR_ES","none","beta","unemp",-0.0263441596728542,0.00547632655166169,-4.81055310057442,247,250,-0.292684297239347,-0.0371304132532089,-0.0155579060924994,TRUE,TRUE,TRUE,FALSE
"mutil","raw","growth","pooled_cl","all","none","beta","unemp",0.00104640797221912,0.00620511906157179,0.168636244016575,266,270,0.0103391988574646,-0.0111709894720653,0.0132638054165035,TRUE,FALSE,FALSE,FALSE
"mutil","raw","growth","pooled_cl","all","n_cy","beta","unemp",0.00462145610461241,0.00697603348770015,0.662476192633073,266,270,0.0405855541638286,-0.00911381196327877,0.0183567241725036,TRUE,FALSE,FALSE,FALSE
"mutil","raw","growth","pooled_cl","y2004_2008","none","beta","unemp",-0.00516961272889489,0.0144524106803984,-0.357698991761032,131,135,-0.0312370550201552,-0.0337599285216437,0.0234207030638539,TRUE,FALSE,TRUE,FALSE
"mutil","raw","growth","pooled_cl","y2004_2008","n_cy","beta","unemp",-0.0115275238860377,0.0175243474671117,-0.657800463479262,131,135,-0.0573776104887642,-0.0461948634203422,0.0231398156482668,TRUE,FALSE,TRUE,FALSE
"mutil","raw","growth","pooled_cl","y2009_2013","none","beta","unemp",0.00356605710104269,0.0094938281219216,0.37561846025088,131,135,0.0328002787721304,-0.0152149995745717,0.0223471137766571,TRUE,FALSE,FALSE,FALSE
"mutil","raw","growth","pooled_cl","y2009_2013","n_cy","beta","unemp",0.0105000593041587,0.0111601094177359,0.940856304461657,131,135,0.0819266601827653,-0.0115772992480342,0.0325774178563517,TRUE,FALSE,FALSE,FALSE
"mutil","raw","growth","pooled_cl","no_bailout","none","beta","unemp",0.00823910840466935,0.011613632010936,0.709434257681917,186,190,0.0519480080766991,-0.0146722661504064,0.0311504829597451,TRUE,FALSE,FALSE,FALSE
"mutil","raw","growth","pooled_cl","no_bailout","n_cy","beta","unemp",0.00958634016467615,0.0118479481390614,0.809113953923466,186,190,0.059222981328201,-0.0137872932746763,0.0329599736040286,TRUE,FALSE,FALSE,FALSE
"mutil","raw","growth","pooled_cl","no_GR_ES","none","beta","unemp",-0.00019171688982622,0.00852285959375954,-0.0224944324985238,246,250,-0.00143419115846415,-0.0169788028816613,0.0165953691020089,TRUE,FALSE,TRUE,FALSE
"mutil","raw","growth","pooled_cl","no_GR_ES","n_cy","beta","unemp",0.0022165654261356,0.00894017498867882,0.247933114166389,246,250,0.0158056633515315,-0.015392487576086,0.0198256184283572,TRUE,FALSE,FALSE,FALSE
"mutil","log","none","fe_twoway","all","none","beta","unemp",-0.137387504429771,0.0400566677744295,-3.42982859191981,232,270,-0.219678663778594,-0.216308831103446,-0.0584661777560961,TRUE,TRUE,TRUE,FALSE
"mutil","log","none","fe_twoway","all","n_cy","beta","unemp",-0.141144206018206,0.0389063168861079,-3.62779664884198,232,270,-0.231695353421865,-0.217799063130363,-0.0644893489060493,TRUE,TRUE,TRUE,FALSE
"mutil","log","none","fe_twoway","y2004_2008","none","beta","unemp",-0.0553667854231294,0.0717823109620451,-0.771315170563464,102,135,-0.0761498285289577,-0.197746658865032,0.0870130880187732,TRUE,FALSE,TRUE,FALSE
"mutil","log","none","fe_twoway","y2004_2008","n_cy","beta","unemp",-0.0693328880499326,0.0719592257394702,-0.963502418730208,102,135,-0.0949697580157222,-0.212063671114028,0.0733978950141624,TRUE,FALSE,TRUE,FALSE
"mutil","log","none","fe_twoway","y2009_2013","none","beta","unemp",-0.290094533915255,0.0740591493550663,-3.91706543271834,102,135,-0.361602554215793,-0.436990505514229,-0.143198562316281,TRUE,TRUE,TRUE,FALSE
"mutil","log","none","fe_twoway","y2009_2013","n_cy","beta","unemp",-0.237951060105517,0.0748621359779076,-3.17852352190083,102,135,-0.300204217586541,-0.386439751863586,-0.0894623683474481,TRUE,TRUE,TRUE,FALSE
"mutil","log","none","fe_twoway","no_bailout","none","beta","unemp",-0.114445180411814,0.0569051040801341,-2.01115844108907,160,190,-0.157023664051565,-0.226827159231678,-0.00206320159194922,TRUE,TRUE,TRUE,FALSE
"mutil","log","none","fe_twoway","no_bailout","n_cy","beta","unemp",-0.118916196116412,0.0553852976948379,-2.14707153460865,160,190,-0.167347225831346,-0.228296706935056,-0.00953568529776854,TRUE,TRUE,TRUE,FALSE
"mutil","log","none","fe_twoway","no_GR_ES","none","beta","unemp",-0.14393297015154,0.0407346889084704,-3.5334250489786,214,250,-0.234788095293724,-0.224225574036397,-0.0636403662666822,TRUE,TRUE,TRUE,FALSE
"mutil","log","none","fe_twoway","no_GR_ES","n_cy","beta","unemp",-0.146366800630364,0.0398577849404401,-3.67222616231888,214,250,-0.243474119473668,-0.224930929231948,-0.0678026720287793,TRUE,TRUE,TRUE,FALSE
"mutil","log","none","fe_country","all","none","beta","unemp",-0.365846612733868,0.0422466996591869,-8.65976787974518,241,270,-0.487156493848128,-0.449066536519199,-0.282626688948537,TRUE,TRUE,TRUE,FALSE
"mutil","log","none","fe_country","all","n_cy","beta","unemp",-0.36598927667885,0.0405365983056261,-9.02861344998586,241,270,-0.502742407899069,-0.4458405466887,-0.286138006669,TRUE,TRUE,TRUE,FALSE
"mutil","log","none","fe_country","y2004_2008","none","beta","unemp",0.15055543104053,0.0614751028973063,2.44904723936829,106,135,0.23141545168919,0.0286750603695778,0.272435801711482,TRUE,TRUE,FALSE,FALSE
"mutil","log","none","fe_country","y2004_2008","n_cy","beta","unemp",0.11784238145096,0.0621387609747123,1.89643918872018,106,135,0.181150949659879,-0.00535375590700519,0.241038518808926,TRUE,FALSE,FALSE,FALSE
"mutil","log","none","fe_country","y2009_2013","none","beta","unemp",-0.552620663903091,0.0825490347425073,-6.69445337097961,106,135,-0.545119647343921,-0.716282154144971,-0.388959173661211,TRUE,TRUE,TRUE,FALSE
"mutil","log","none","fe_country","y2009_2013","n_cy","beta","unemp",-0.476736690139647,0.085284469314821,-5.58995903908144,106,135,-0.477151374935378,-0.645821445474335,-0.307651934804959,TRUE,TRUE,TRUE,FALSE
"mutil","log","none","fe_country","no_bailout","none","beta","unemp",-0.325523033778417,0.0618229022338828,-5.26541171663096,169,190,-0.375407585358318,-0.447567652737828,-0.203478414819006,TRUE,TRUE,TRUE,FALSE
"mutil","log","none","fe_country","no_bailout","n_cy","beta","unemp",-0.327889508357663,0.0585669211997396,-5.59854439401744,169,190,-0.395537151830149,-0.443506493700849,-0.212272523014477,TRUE,TRUE,TRUE,FALSE
"mutil","log","none","fe_country","no_GR_ES","none","beta","unemp",-0.362856477862487,0.0449058593688799,-8.08038155737754,223,250,-0.475899388558947,-0.451350612021803,-0.274362343703171,TRUE,TRUE,TRUE,FALSE
"mutil","log","none","fe_country","no_GR_ES","n_cy","beta","unemp",-0.360709483631385,0.0431822086611952,-8.3531967172288,223,250,-0.48818569589647,-0.445806890078252,-0.275612077184519,TRUE,TRUE,TRUE,FALSE
"mutil","log","none","re","all","none","beta","unemp",-0.352845600185203,0.043764947261387,-8.06228779570613,268,270,-0.441810328252005,-0.439012443013498,-0.266678757356908,TRUE,TRUE,TRUE,FALSE
"mutil","log","none","re","y2004_2008","none","beta","unemp",0.1379137168517,0.0675194589023907,2.04257734131244,133,135,0.174399638769414,0.00436284256520669,0.271464591138192,TRUE,TRUE,FALSE,FALSE
"mutil","log","none","re","y2009_2013","none","beta","unemp",-0.440244447273244,0.0910839177452678,-4.83339384351543,133,135,-0.386533374563732,-0.620404908362022,-0.260083986184465,TRUE,TRUE,TRUE,FALSE
"mutil","log","none","re","no_bailout","none","beta","unemp",-0.30761221523219,0.0646508867295383,-4.7580509841893,188,190,-0.327838269402539,-0.43514660751292,-0.180077822951461,TRUE,TRUE,TRUE,FALSE
"mutil","log","none","re","no_GR_ES","none","beta","unemp",-0.352256415038354,0.0467066095745091,-7.54189649489361,248,250,-0.43193257217042,-0.444248616119727,-0.260264213956982,TRUE,TRUE,TRUE,FALSE
"mutil","log","none","pooled_cl","all","none","beta","unemp",-0.0873493879129816,0.0677581108512096,-1.28913552659094,267,270,-0.078649426485454,-0.220757561446586,0.046058785620623,TRUE,FALSE,TRUE,FALSE
"mutil","log","none","pooled_cl","all","n_cy","beta","unemp",-0.045439345137046,0.0711043089441209,-0.639051919803561,267,270,-0.0390794669641137,-0.185435810024245,0.0945571197501532,TRUE,FALSE,TRUE,FALSE
"mutil","log","none","pooled_cl","y2004_2008","none","beta","unemp",-0.0239572320429106,0.159988243731303,-0.149743702938238,132,135,-0.0130324095234947,-0.340429791689274,0.292515327603453,TRUE,FALSE,TRUE,FALSE
"mutil","log","none","pooled_cl","y2004_2008","n_cy","beta","unemp",-0.0653518239305235,0.195384022247612,-0.334478854405518,132,135,-0.0291003181500383,-0.451840732069001,0.321137084207954,TRUE,FALSE,TRUE,FALSE
"mutil","log","none","pooled_cl","y2009_2013","none","beta","unemp",0.0778096142065169,0.111897818486065,0.69536310233078,132,135,0.0604130409385434,-0.143535330954604,0.299154559367638,TRUE,FALSE,FALSE,FALSE
"mutil","log","none","pooled_cl","y2009_2013","n_cy","beta","unemp",0.16781004434445,0.130343269140233,1.28744695028254,132,135,0.111360877416049,-0.0900218253944496,0.42564191408335,TRUE,FALSE,FALSE,FALSE
"mutil","log","none","pooled_cl","no_bailout","none","beta","unemp",0.00776813349448236,0.129218336570383,0.0601163403016814,187,190,0.00439609971075452,-0.24714488914339,0.262681156132355,TRUE,FALSE,FALSE,FALSE
"mutil","log","none","pooled_cl","no_bailout","n_cy","beta","unemp",0.0362991120354698,0.134363295037441,0.270156459212725,187,190,0.019751942750446,-0.228763529835968,0.301361753906907,TRUE,FALSE,FALSE,FALSE
"mutil","log","none","pooled_cl","no_GR_ES","none","beta","unemp",-0.097218518252974,0.086226490712882,-1.12747854457737,247,250,-0.0715558438427095,-0.267051486648739,0.0726144501427914,TRUE,FALSE,TRUE,FALSE
"mutil","log","none","pooled_cl","no_GR_ES","n_cy","beta","unemp",-0.0571574000679346,0.08737493428072,-0.654162438443709,247,250,-0.041587349673706,-0.229252359860409,0.11493755972454,TRUE,FALSE,TRUE,FALSE
"mutil","log","growth","fe_twoway","all","none","beta","unemp",-0.0720746781924125,0.0409550436361516,-1.75984864850177,231,270,-0.115021051232362,-0.152767854299066,0.00861849791424132,TRUE,FALSE,TRUE,FALSE
"mutil","log","growth","fe_twoway","all","n_cy","beta","unemp",-0.0855566715415966,0.0391342557169269,-2.18623479542988,231,270,-0.14237825570334,-0.162662373501619,-0.00845096958157425,TRUE,TRUE,TRUE,FALSE
"mutil","log","growth","fe_twoway","y2004_2008","none","beta","unemp",0.00618457977836936,0.0752052982439951,0.0822359584068691,101,135,0.00818250976128925,-0.143002501934767,0.155371661491505,TRUE,FALSE,FALSE,FALSE
"mutil","log","growth","fe_twoway","y2004_2008","n_cy","beta","unemp",-0.00211273979589329,0.0747634534347723,-0.0282589915102914,101,135,-0.00281186363488259,-0.150423320262479,0.146197840670692,TRUE,FALSE,TRUE,FALSE
"mutil","log","growth","fe_twoway","y2009_2013","none","beta","unemp",-0.213164609544343,0.0803331705539846,-2.65350674042044,101,135,-0.255285236997227,-0.372524010538003,-0.0538052085506832,TRUE,TRUE,TRUE,FALSE
"mutil","log","growth","fe_twoway","y2009_2013","n_cy","beta","unemp",-0.165266974896941,0.0787081491896777,-2.09974413829331,101,135,-0.20451618575413,-0.32140277062976,-0.00913117916412231,TRUE,TRUE,TRUE,FALSE
"mutil","log","growth","fe_twoway","no_bailout","none","beta","unemp",-0.0420372616552977,0.0578984199023128,-0.726051966983274,159,190,-0.0574844527318691,-0.156386421687586,0.0723118983769908,TRUE,FALSE,TRUE,FALSE
"mutil","log","growth","fe_twoway","no_bailout","n_cy","beta","unemp",-0.0564281579242287,0.0556573919342032,-1.01384840293876,159,190,-0.0801447694266517,-0.166351296206795,0.0534949803583374,TRUE,FALSE,TRUE,FALSE
"mutil","log","growth","fe_twoway","no_GR_ES","none","beta","unemp",-0.07784142245071,0.0412890462456748,-1.88528022632308,213,250,-0.128112800595988,-0.159228899275489,0.00354605437406885,TRUE,FALSE,TRUE,FALSE
"mutil","log","growth","fe_twoway","no_GR_ES","n_cy","beta","unemp",-0.0919448433078302,0.0395809479051063,-2.32295708350048,213,250,-0.157187757257377,-0.169965378370857,-0.013924308244803,TRUE,TRUE,TRUE,FALSE
"mutil","log","growth","fe_country","all","none","beta","unemp",-0.283976567580274,0.044606945740931,-6.36619618006482,240,270,-0.380094476624972,-0.371847684503328,-0.19610545065722,TRUE,TRUE,TRUE,FALSE
"mutil","log","growth","fe_country","all","n_cy","beta","unemp",-0.282867636437728,0.0415200044980471,-6.81280360774125,240,270,-0.402558059826792,-0.364657795106805,-0.201077477768652,TRUE,TRUE,TRUE,FALSE
"mutil","log","growth","fe_country","y2004_2008","none","beta","unemp",0.176076559014016,0.0591490566172275,2.97682784957102,105,135,0.278974984359218,0.0587949061228094,0.293358211905223,TRUE,TRUE,FALSE,FALSE
"mutil","log","growth","fe_country","y2004_2008","n_cy","beta","unemp",0.128475130362291,0.0585783925913102,2.19321706654938,105,135,0.209295684308044,0.0123249988178787,0.244625261906704,TRUE,TRUE,FALSE,FALSE
"mutil","log","growth","fe_country","y2009_2013","none","beta","unemp",-0.563902637371613,0.0795043010912177,-7.09273120613476,105,135,-0.569138828590448,-0.72154497990768,-0.406260294835547,TRUE,TRUE,TRUE,FALSE
"mutil","log","growth","fe_country","y2009_2013","n_cy","beta","unemp",-0.486409116521271,0.0837370459676226,-5.8087685193641,105,135,-0.49315157076301,-0.652444210248351,-0.320374022794191,TRUE,TRUE,TRUE,FALSE
"mutil","log","growth","fe_country","no_bailout","none","beta","unemp",-0.249281261308978,0.0611693748135747,-4.07526253241446,168,190,-0.299937391228052,-0.370040935217432,-0.128521587400523,TRUE,TRUE,TRUE,FALSE
"mutil","log","growth","fe_country","no_bailout","n_cy","beta","unemp",-0.265923027391739,0.0566973501519479,-4.69021967832835,168,190,-0.340265945485094,-0.377854096438782,-0.153991958344696,TRUE,TRUE,TRUE,FALSE
"mutil","log","growth","fe_country","no_GR_ES","none","beta","unemp",-0.274897785037077,0.0461523255913558,-5.95631490969905,222,250,-0.3711999003798,-0.365850514391197,-0.183945055682958,TRUE,TRUE,TRUE,FALSE
"mutil","log","growth","fe_country","no_GR_ES","n_cy","beta","unemp",-0.280754670567286,0.0429609274200662,-6.53511661473469,222,250,-0.401670571383357,-0.365418087943833,-0.196091253190739,TRUE,TRUE,TRUE,FALSE
"mutil","log","growth","re","all","none","beta","unemp",-0.26942325502705,0.0463758954009506,-5.80955370667683,267,270,-0.334995746523693,-0.36073222783788,-0.17811428221622,TRUE,TRUE,TRUE,FALSE
"mutil","log","growth","re","y2004_2008","none","beta","unemp",0.162199905984844,0.0650738568596417,2.49255098456349,132,135,0.212016617479561,0.0334773850912503,0.290922426878437,TRUE,TRUE,FALSE,FALSE
"mutil","log","growth","re","y2009_2013","none","beta","unemp",-0.461216944895092,0.087538033002758,-5.26876066407113,132,135,-0.416845064710459,-0.634375826602163,-0.288058063188021,TRUE,TRUE,TRUE,FALSE
"mutil","log","growth","re","no_bailout","none","beta","unemp",-0.232935620048292,0.0637839344920746,-3.65194812617329,187,190,-0.258014619792741,-0.358764167053728,-0.107107073042855,TRUE,TRUE,TRUE,FALSE
"mutil","log","growth","re","no_GR_ES","none","beta","unemp",-0.263768821091173,0.0481344961224311,-5.47982927712117,247,250,-0.329234077315207,-0.358575234887225,-0.168962407295121,TRUE,TRUE,TRUE,FALSE
"mutil","log","growth","pooled_cl","all","none","beta","unemp",-0.0192042590392111,0.0681583868668127,-0.28175929510682,266,270,-0.0172731933900724,-0.153402828518748,0.114994310440326,TRUE,FALSE,TRUE,FALSE
"mutil","log","growth","pooled_cl","all","n_cy","beta","unemp",0.00830391460462838,0.0744742565184338,0.111500469998959,266,270,0.00683637269481412,-0.138330111628353,0.15493794083761,TRUE,FALSE,FALSE,FALSE
"mutil","log","growth","pooled_cl","y2004_2008","none","beta","unemp",-0.0730805188884496,0.128287550584221,-0.569661814849853,131,135,-0.0497100508085395,-0.326863895557621,0.180702857780722,TRUE,FALSE,TRUE,FALSE
"mutil","log","growth","pooled_cl","y2004_2008","n_cy","beta","unemp",-0.132171796896543,0.150894078061165,-0.875924347693532,131,135,-0.0763067344070457,-0.430676277458775,0.166332683665689,TRUE,FALSE,TRUE,FALSE
"mutil","log","growth","pooled_cl","y2009_2013","none","beta","unemp",0.0538246696066193,0.114533714589494,0.469946074826395,131,135,0.0410248124573857,-0.172750338635529,0.280399677848768,TRUE,FALSE,FALSE,FALSE
"mutil","log","growth","pooled_cl","y2009_2013","n_cy","beta","unemp",0.145063325069061,0.134228409778539,1.08071998549635,131,135,0.0940048144550813,-0.120472488214451,0.410599138352574,TRUE,FALSE,FALSE,FALSE
"mutil","log","growth","pooled_cl","no_bailout","none","beta","unemp",0.00732195560745164,0.121208923571054,0.0604077273498713,186,190,0.00442926602223755,-0.231799022630789,0.246442933845692,TRUE,FALSE,FALSE,FALSE
"mutil","log","growth","pooled_cl","no_bailout","n_cy","beta","unemp",0.00936077735978786,0.123993051391998,0.075494370488506,186,190,0.0055354310087364,-0.235252728560988,0.253974283280564,TRUE,FALSE,FALSE,FALSE
"mutil","log","growth","pooled_cl","no_GR_ES","none","beta","unemp",-0.0469273534965023,0.0814629407370416,-0.576057690428603,246,250,-0.0367033496740559,-0.207381174923032,0.113526467930028,TRUE,FALSE,TRUE,FALSE
"mutil","log","growth","pooled_cl","no_GR_ES","n_cy","beta","unemp",-0.0343049396665144,0.0839463977167941,-0.408652909470248,246,250,-0.0260459187389562,-0.199650312504575,0.131040433171546,TRUE,FALSE,TRUE,FALSE
"mcomm","raw","none","fe_twoway","all","none","beta","unemp",0.0382043659221893,0.00382253986329659,9.99449771316224,232,270,0.548610227257455,0.0306730375807202,0.0457356942636585,FALSE,TRUE,TRUE,FALSE
"mcomm","raw","none","fe_twoway","all","n_cy","beta","unemp",0.0356482092384461,0.003537685186237,10.0767047834363,232,270,0.551752851773086,0.0286781135274429,0.0426183049494493,FALSE,TRUE,TRUE,FALSE
"mcomm","raw","none","fe_twoway","y2004_2008","none","beta","unemp",0.0460872817429363,0.00883025021262834,5.21924980982145,102,135,0.459101439065467,0.0285725223142641,0.0636020411716084,FALSE,TRUE,TRUE,FALSE
"mcomm","raw","none","fe_twoway","y2004_2008","n_cy","beta","unemp",0.0440710052713777,0.00831023190210712,5.3032220749704,102,135,0.464901381772992,0.0275876996959903,0.0605543108467652,FALSE,TRUE,TRUE,FALSE
"mcomm","raw","none","fe_twoway","y2009_2013","none","beta","unemp",0.0401239732704826,0.00457638966286247,8.76760420907548,102,135,0.655557982996125,0.0310467260728587,0.0492012204681065,FALSE,TRUE,TRUE,FALSE
"mcomm","raw","none","fe_twoway","y2009_2013","n_cy","beta","unemp",0.0342920602059983,0.0045472126323793,7.54133641383187,102,135,0.598308218418145,0.0252726855099968,0.0433114349019999,FALSE,TRUE,TRUE,FALSE
"mcomm","raw","none","fe_twoway","no_bailout","none","beta","unemp",0.0237625828591298,0.00560012337689196,4.24322488271998,160,190,0.318038722560959,0.0127028904659089,0.0348222752523507,FALSE,TRUE,TRUE,FALSE
"mcomm","raw","none","fe_twoway","no_bailout","n_cy","beta","unemp",0.0238326556380673,0.0052921908455803,4.50336284791596,160,190,0.33539982553279,0.0133810996813089,0.0342842115948258,FALSE,TRUE,TRUE,FALSE
"mcomm","raw","none","fe_twoway","no_GR_ES","none","beta","unemp",0.0383365204970676,0.00472780879301706,8.10872904879115,214,250,0.484804438390055,0.0290174833610769,0.0476555576330584,FALSE,TRUE,TRUE,FALSE
"mcomm","raw","none","fe_twoway","no_GR_ES","n_cy","beta","unemp",0.0329343337224308,0.00433649217994496,7.59469459549419,214,250,0.460767640087426,0.0243866251677768,0.0414820422770849,FALSE,TRUE,TRUE,FALSE
"mcomm","raw","none","fe_country","all","none","beta","unemp",0.0379773331839073,0.0032910726258778,11.5395001876563,241,270,0.596565704085597,0.0314943933257169,0.0444602730420976,FALSE,TRUE,TRUE,FALSE
"mcomm","raw","none","fe_country","all","n_cy","beta","unemp",0.0351941544883771,0.00310990687383297,11.3167872596134,241,270,0.589072801763313,0.029068085112362,0.0413202238643924,FALSE,TRUE,TRUE,FALSE
"mcomm","raw","none","fe_country","y2004_2008","none","beta","unemp",0.0501903550877868,0.00737891697170072,6.80185930811723,106,135,0.551222818697323,0.0355609345048979,0.0648197756706756,FALSE,TRUE,TRUE,FALSE
"mcomm","raw","none","fe_country","y2004_2008","n_cy","beta","unemp",0.051808758047637,0.00695794147223582,7.44598934244687,106,135,0.586020929741667,0.0380139623372577,0.0656035537580164,FALSE,TRUE,TRUE,FALSE
"mcomm","raw","none","fe_country","y2009_2013","none","beta","unemp",0.0437414985108484,0.00431984008221261,10.1257217115417,106,135,0.701199286713307,0.0351769953925888,0.052306001629108,FALSE,TRUE,TRUE,FALSE
"mcomm","raw","none","fe_country","y2009_2013","n_cy","beta","unemp",0.0374976942921072,0.00442679421115897,8.47062061244765,106,135,0.635343658007472,0.028721144210664,0.0462742443735503,FALSE,TRUE,TRUE,FALSE
"mcomm","raw","none","fe_country","no_bailout","none","beta","unemp",0.0290193876197838,0.00521853895782512,5.56082609602245,169,190,0.393285708529464,0.0187174675283722,0.0393213077111953,FALSE,TRUE,TRUE,FALSE
"mcomm","raw","none","fe_country","no_bailout","n_cy","beta","unemp",0.030241553892487,0.0050070925188109,6.03974337979057,169,190,0.421342524472198,0.0203570503109344,0.0401260574740397,FALSE,TRUE,TRUE,FALSE
"mcomm","raw","none","fe_country","no_GR_ES","none","beta","unemp",0.0385187682996539,0.00411708580314485,9.35583326202023,223,250,0.530920581736444,0.0304053962691566,0.0466321403301512,FALSE,TRUE,TRUE,FALSE
"mcomm","raw","none","fe_country","no_GR_ES","n_cy","beta","unemp",0.0337961692989415,0.00387795754244398,8.71494051418683,223,250,0.504040010016999,0.0261540375181834,0.0414383010796995,FALSE,TRUE,TRUE,FALSE
"mcomm","raw","none","re","all","none","beta","unemp",0.0367308012391085,0.00345980196228243,10.6164461548768,268,270,0.544104891316813,0.0299189522467977,0.0435426502314194,FALSE,TRUE,TRUE,FALSE
"mcomm","raw","none","re","y2004_2008","none","beta","unemp",0.0447010661052936,0.00805623402623982,5.54863053378273,133,135,0.433556492866672,0.0287661472663213,0.0606359849442659,FALSE,TRUE,TRUE,FALSE
"mcomm","raw","none","re","y2009_2013","none","beta","unemp",0.0413405384786335,0.00472539008090029,8.74859805664069,133,135,0.604375846784195,0.0319938999405304,0.0506871770167366,FALSE,TRUE,TRUE,FALSE
"mcomm","raw","none","re","no_bailout","none","beta","unemp",0.0267333379077394,0.00542080494680033,4.93161775236331,188,190,0.338448880124392,0.0160399182265104,0.0374267575889684,FALSE,TRUE,TRUE,FALSE
"mcomm","raw","none","re","no_GR_ES","none","beta","unemp",0.036917380981851,0.00431559548968207,8.55441180020575,248,250,0.477328410649061,0.0284174891744746,0.0454172727892274,FALSE,TRUE,TRUE,FALSE
"mcomm","raw","none","pooled_cl","all","none","beta","unemp",-0.000775136857770129,0.0137507569142671,-0.0563704865559715,267,270,-0.00344979722426443,-0.0278488456963367,0.0262985719807964,FALSE,FALSE,FALSE,FALSE
"mcomm","raw","none","pooled_cl","all","n_cy","beta","unemp",-0.00263832937492669,0.0140989706300569,-0.187129219866745,267,270,-0.0114513713695068,-0.0303976322366925,0.0251209734868391,FALSE,FALSE,FALSE,FALSE
"mcomm","raw","none","pooled_cl","y2004_2008","none","beta","unemp",-0.0129713046017678,0.0171356986137199,-0.756975533602243,132,135,-0.0657437210428678,-0.0468674101851279,0.0209248009815922,FALSE,FALSE,FALSE,FALSE
"mcomm","raw","none","pooled_cl","y2004_2008","n_cy","beta","unemp",-0.00548156058679148,0.0187712019201926,-0.29201969112563,132,135,-0.0254088455931621,-0.0426128533666483,0.0316497321930653,FALSE,FALSE,FALSE,FALSE
"mcomm","raw","none","pooled_cl","y2009_2013","none","beta","unemp",-0.000396949017669739,0.0174744711442135,-0.0227159388340737,132,135,-0.00197716482797559,-0.0349631801512749,0.0341692821159354,FALSE,FALSE,FALSE,FALSE
"mcomm","raw","none","pooled_cl","y2009_2013","n_cy","beta","unemp",-0.00475713610923304,0.0178855378403504,-0.265976687516814,132,135,-0.0231440980998861,-0.0401364977984203,0.0306222255799542,FALSE,FALSE,FALSE,FALSE
"mcomm","raw","none","pooled_cl","no_bailout","none","beta","unemp",-0.0294028722119534,0.0184947327925197,-1.58979708124497,187,190,-0.115479695526261,-0.0658880055463625,0.00708226112245564,FALSE,FALSE,FALSE,FALSE
"mcomm","raw","none","pooled_cl","no_bailout","n_cy","beta","unemp",-0.0297436955005089,0.0187911924336463,-1.5828530097564,187,190,-0.114981975074732,-0.0668136639691217,0.00732627296810394,FALSE,FALSE,FALSE,FALSE
"mcomm","raw","none","pooled_cl","no_GR_ES","none","beta","unemp",-0.00922081594362964,0.0140635184591419,-0.655654982102697,247,250,-0.0416820711254529,-0.0369205294105478,0.0184788975232885,FALSE,FALSE,FALSE,FALSE
"mcomm","raw","none","pooled_cl","no_GR_ES","n_cy","beta","unemp",-0.0120381568167767,0.0147280502089588,-0.817362559604404,247,250,-0.0519373420459611,-0.0410467418234219,0.0169704281898685,FALSE,FALSE,FALSE,FALSE
"mcomm","raw","growth","fe_twoway","all","none","beta","unemp",0.0339394705727571,0.00409471474460257,8.28860438141488,231,270,0.478781479196723,0.0258717087378981,0.0420072324076161,FALSE,TRUE,TRUE,FALSE
"mcomm","raw","growth","fe_twoway","all","n_cy","beta","unemp",0.0312056570690032,0.00374003831546269,8.34367309553689,231,270,0.481227678057734,0.0238367094708406,0.0385746046671658,FALSE,TRUE,TRUE,FALSE
"mcomm","raw","growth","fe_twoway","y2004_2008","none","beta","unemp",0.0473119403746589,0.00916475523683536,5.16237904363237,101,135,0.45691899385865,0.0291315312768488,0.0654923494724689,FALSE,TRUE,TRUE,FALSE
"mcomm","raw","growth","fe_twoway","y2004_2008","n_cy","beta","unemp",0.0452230591621889,0.00859501469495218,5.26154529889846,101,135,0.463821926926348,0.0281728620409532,0.0622732562834245,FALSE,TRUE,TRUE,FALSE
"mcomm","raw","growth","fe_twoway","y2009_2013","none","beta","unemp",0.0346975289289865,0.00470493799321625,7.37470482693175,101,135,0.591613832523863,0.0253641975648597,0.0440308602931133,FALSE,TRUE,TRUE,FALSE
"mcomm","raw","growth","fe_twoway","y2009_2013","n_cy","beta","unemp",0.0298355594465837,0.00454881157606488,6.55897896575308,101,135,0.546543238261399,0.0208119408965404,0.0388591779966269,FALSE,TRUE,TRUE,FALSE
"mcomm","raw","growth","fe_twoway","no_bailout","none","beta","unemp",0.0236986452489832,0.00584846530664867,4.05211350438242,159,190,0.305944404189548,0.0121479484178501,0.0352493420801163,FALSE,TRUE,TRUE,FALSE
"mcomm","raw","growth","fe_twoway","no_bailout","n_cy","beta","unemp",0.0228712786470095,0.00550546780431666,4.15428433330894,159,190,0.312911628189774,0.0119980005839708,0.0337445567100481,FALSE,TRUE,TRUE,FALSE
"mcomm","raw","growth","fe_twoway","no_GR_ES","none","beta","unemp",0.0344672545937247,0.00511208336692546,6.74231074100308,213,250,0.419385239574886,0.0243905004813536,0.0445440087060958,FALSE,TRUE,TRUE,FALSE
"mcomm","raw","growth","fe_twoway","no_GR_ES","n_cy","beta","unemp",0.0292969722936053,0.00457386272623513,6.40530204930754,213,250,0.401882328647567,0.0202811392705749,0.0383128053166356,FALSE,TRUE,TRUE,FALSE
"mcomm","raw","growth","fe_country","all","none","beta","unemp",0.0381379809650555,0.00356984449202692,10.6833731974137,240,270,0.567707070805606,0.0311057527426201,0.0451702091874909,FALSE,TRUE,TRUE,FALSE
"mcomm","raw","growth","fe_country","all","n_cy","beta","unemp",0.0349927175436251,0.00333735285857944,10.4851716394532,240,270,0.560504985631306,0.0284184740400931,0.0415669610471572,FALSE,TRUE,TRUE,FALSE
"mcomm","raw","growth","fe_country","y2004_2008","none","beta","unemp",0.0503552034982906,0.00738464123555506,6.8189099364562,105,135,0.554003073808965,0.0357128240649353,0.0649975829316459,FALSE,TRUE,TRUE,FALSE
"mcomm","raw","growth","fe_country","y2004_2008","n_cy","beta","unemp",0.0516880440550635,0.00695557359544855,7.43116916897925,105,135,0.587077857645468,0.0378964264920025,0.0654796616181244,FALSE,TRUE,TRUE,FALSE
"mcomm","raw","growth","fe_country","y2009_2013","none","beta","unemp",0.043767520398487,0.00432985593468361,10.1083086963458,105,135,0.70227430408881,0.0351822159178642,0.0523528248791098,FALSE,TRUE,TRUE,FALSE
"mcomm","raw","growth","fe_country","y2009_2013","n_cy","beta","unemp",0.0375381886268764,0.00444094695898548,8.45274419477684,105,135,0.636338599313412,0.0287326111664863,0.0463437660872665,FALSE,TRUE,TRUE,FALSE
"mcomm","raw","growth","fe_country","no_bailout","none","beta","unemp",0.0314611293482292,0.00523626062728557,6.00831998015698,168,190,0.420563567453227,0.0211237811608752,0.0417984775355832,FALSE,TRUE,TRUE,FALSE
"mcomm","raw","growth","fe_country","no_bailout","n_cy","beta","unemp",0.0317030474470147,0.00500448732687107,6.33492411436203,168,190,0.439109422595847,0.0218232626770414,0.041582832216988,FALSE,TRUE,TRUE,FALSE
"mcomm","raw","growth","fe_country","no_GR_ES","none","beta","unemp",0.0387729904156642,0.0044158300463356,8.78045350677372,222,250,0.507704930505667,0.0300706814868726,0.0474752993444557,FALSE,TRUE,TRUE,FALSE
"mcomm","raw","growth","fe_country","no_GR_ES","n_cy","beta","unemp",0.0340404663999757,0.00406186179956986,8.38050826928196,222,250,0.490236667057513,0.026035725312794,0.0420452074871575,FALSE,TRUE,TRUE,FALSE
"mcomm","raw","growth","re","all","none","beta","unemp",0.0365177234968916,0.00374795376844658,9.74337618684852,267,270,0.51214761163485,0.0291384199647312,0.0438970270290521,FALSE,TRUE,TRUE,FALSE
"mcomm","raw","growth","re","y2004_2008","none","beta","unemp",0.0446705790954949,0.00807389780266327,5.53271544764411,132,135,0.433873828634024,0.028699611202233,0.0606415469887569,FALSE,TRUE,TRUE,FALSE
"mcomm","raw","growth","re","y2009_2013","none","beta","unemp",0.0413388015678616,0.0047375475774284,8.72578077417446,132,135,0.604821616844037,0.03196746419139,0.0507101389443331,FALSE,TRUE,TRUE,FALSE
"mcomm","raw","growth","re","no_bailout","none","beta","unemp",0.0290554793679479,0.00543803998898253,5.34300583055923,187,190,0.363926717422375,0.0183276891207634,0.0397832696151324,FALSE,TRUE,TRUE,FALSE
"mcomm","raw","growth","re","no_GR_ES","none","beta","unemp",0.0367337339416825,0.00461755149710036,7.95524077311315,247,250,0.45161913964631,0.027638936380175,0.0458285315031899,FALSE,TRUE,TRUE,FALSE
"mcomm","raw","growth","pooled_cl","all","none","beta","unemp",-0.00717524279206149,0.0133972210251643,-0.535576951263556,266,270,-0.0328206384176098,-0.0335533303499647,0.0192028447658417,FALSE,FALSE,FALSE,FALSE
"mcomm","raw","growth","pooled_cl","all","n_cy","beta","unemp",-0.00833441896318916,0.0132652075812785,-0.628291635251282,266,270,-0.0384944790484931,-0.0344525823043388,0.0177837443779605,FALSE,FALSE,FALSE,FALSE
"mcomm","raw","growth","pooled_cl","y2004_2008","none","beta","unemp",-0.00754605213613963,0.018363453152223,-0.410927730944011,131,135,-0.0358798051088815,-0.0438733428752185,0.0287812386029393,FALSE,FALSE,FALSE,FALSE
"mcomm","raw","growth","pooled_cl","y2004_2008","n_cy","beta","unemp",0.000644177072280159,0.0197222965924751,0.0326623762734578,131,135,0.0028537134450948,-0.0383712301290859,0.0396595842736462,FALSE,FALSE,TRUE,FALSE
"mcomm","raw","growth","pooled_cl","y2009_2013","none","beta","unemp",-0.00348262196381256,0.0162007262882452,-0.214967026900482,131,135,-0.0187784445479671,-0.0355315230707419,0.0285662791431168,FALSE,FALSE,FALSE,FALSE
"mcomm","raw","growth","pooled_cl","y2009_2013","n_cy","beta","unemp",-0.00839020859591577,0.0158738504565031,-0.528555350757921,131,135,-0.0461309321692128,-0.0397924713349498,0.0230120541431182,FALSE,FALSE,FALSE,FALSE
"mcomm","raw","growth","pooled_cl","no_bailout","none","beta","unemp",-0.0300823236369111,0.0191221530482141,-1.57316613673483,186,190,-0.114590307352609,-0.067806509350266,0.00764186207644387,FALSE,FALSE,FALSE,FALSE
"mcomm","raw","growth","pooled_cl","no_bailout","n_cy","beta","unemp",-0.0293291438840746,0.019083851655278,-1.53685662694632,186,190,-0.111979052974533,-0.0669777686050792,0.00831948083692997,FALSE,FALSE,FALSE,FALSE
"mcomm","raw","growth","pooled_cl","no_GR_ES","none","beta","unemp",-0.0139631462870535,0.0145503436908755,-0.959643743385235,246,250,-0.0610704466596199,-0.042622291502625,0.014695998928518,FALSE,FALSE,FALSE,FALSE
"mcomm","raw","growth","pooled_cl","no_GR_ES","n_cy","beta","unemp",-0.0147750980665642,0.0150582215988233,-0.981198076386306,246,250,-0.06243684680801,-0.0444345871245141,0.0148843909913858,FALSE,FALSE,FALSE,FALSE
"mcomm","log","none","fe_twoway","all","none","beta","unemp",0.440913769329602,0.042134170978946,10.4645174945989,232,270,0.566265312275041,0.357899258719795,0.523928279939409,FALSE,TRUE,TRUE,FALSE
"mcomm","log","none","fe_twoway","all","n_cy","beta","unemp",0.396365408686103,0.0389676666676306,10.1716485122614,232,270,0.555353352507704,0.319589677661613,0.473141139710593,FALSE,TRUE,TRUE,FALSE
"mcomm","log","none","fe_twoway","y2004_2008","none","beta","unemp",0.425282282793971,0.0782328971353858,5.43610550505371,102,135,0.473958590122939,0.270107702262296,0.580456863325647,FALSE,TRUE,TRUE,FALSE
"mcomm","log","none","fe_twoway","y2004_2008","n_cy","beta","unemp",0.407848916547586,0.072813079602431,5.60131392291734,102,135,0.485012751292891,0.263424518394802,0.552273314700369,FALSE,TRUE,TRUE,FALSE
"mcomm","log","none","fe_twoway","y2009_2013","none","beta","unemp",0.488616567013427,0.0610219845419158,8.00722183457993,102,135,0.621264658598757,0.367579750006439,0.609653384020414,FALSE,TRUE,TRUE,FALSE
"mcomm","log","none","fe_twoway","y2009_2013","n_cy","beta","unemp",0.423180537939582,0.0629016862710167,6.72765013192614,102,135,0.554394761607378,0.29841534146541,0.547945734413753,FALSE,TRUE,TRUE,FALSE
"mcomm","log","none","fe_twoway","no_bailout","none","beta","unemp",0.246406515486983,0.0501837247667639,4.91008821350333,160,190,0.361869370444658,0.14729859915845,0.345514431815515,FALSE,TRUE,TRUE,FALSE
"mcomm","log","none","fe_twoway","no_bailout","n_cy","beta","unemp",0.242051341778353,0.0466991577016339,5.18320572985162,160,190,0.379169802239643,0.149825102382673,0.334277581174033,FALSE,TRUE,TRUE,FALSE
"mcomm","log","none","fe_twoway","no_GR_ES","none","beta","unemp",0.397826344258917,0.0434315010915356,9.15985711432043,214,250,0.530702671218354,0.312218023520219,0.483434664997616,FALSE,TRUE,TRUE,FALSE
"mcomm","log","none","fe_twoway","no_GR_ES","n_cy","beta","unemp",0.338662476833939,0.0396789499647496,8.53506650591318,214,250,0.503943073904289,0.260450851866202,0.416874101801676,FALSE,TRUE,TRUE,FALSE
"mcomm","log","none","fe_country","all","none","beta","unemp",0.406526936707513,0.034529750806053,11.7732369107121,241,270,0.604265183362758,0.338508292562815,0.474545580852212,FALSE,TRUE,TRUE,FALSE
"mcomm","log","none","fe_country","all","n_cy","beta","unemp",0.371073172263294,0.0327931143118664,11.3155819460861,241,270,0.589031830570501,0.30647545230569,0.435670892220898,FALSE,TRUE,TRUE,FALSE
"mcomm","log","none","fe_country","y2004_2008","none","beta","unemp",0.452013892536683,0.0629611582747494,7.17924995223544,106,135,0.571980742068083,0.32718727254358,0.576840512529785,FALSE,TRUE,TRUE,FALSE
"mcomm","log","none","fe_country","y2004_2008","n_cy","beta","unemp",0.463426061020593,0.0588068735184034,7.88047439514984,106,135,0.607807537216006,0.346835714610016,0.58001640743117,FALSE,TRUE,TRUE,FALSE
"mcomm","log","none","fe_country","y2009_2013","none","beta","unemp",0.537780095868264,0.0566550707852795,9.49217940096535,106,135,0.677837377849359,0.425455907664238,0.650104284072289,FALSE,TRUE,TRUE,FALSE
"mcomm","log","none","fe_country","y2009_2013","n_cy","beta","unemp",0.472495642818941,0.0607694052823984,7.77522242686482,106,135,0.602650601680982,0.35201438630694,0.592976899330942,FALSE,TRUE,TRUE,FALSE
"mcomm","log","none","fe_country","no_bailout","none","beta","unemp",0.267973460489545,0.0447883025052015,5.9831126767625,169,190,0.41808511984517,0.179556852475786,0.356390068503303,FALSE,TRUE,TRUE,FALSE
"mcomm","log","none","fe_country","no_bailout","n_cy","beta","unemp",0.276151853212072,0.0426393664588814,6.47645300917815,169,190,0.445916121182796,0.191977460808786,0.360326245615359,FALSE,TRUE,TRUE,FALSE
"mcomm","log","none","fe_country","no_GR_ES","none","beta","unemp",0.37113221371558,0.0363342946236302,10.2143778366957,223,250,0.564568550415044,0.299529710429875,0.442734717001286,FALSE,TRUE,TRUE,FALSE
"mcomm","log","none","fe_country","no_GR_ES","n_cy","beta","unemp",0.325904874614563,0.0343315788684668,9.49286008264255,223,250,0.536470152713225,0.258249041077777,0.393560708151348,FALSE,TRUE,TRUE,FALSE
"mcomm","log","none","re","all","none","beta","unemp",0.391957852226025,0.0365404466834661,10.7266847507745,268,270,0.548063795633029,0.320015004735658,0.463900699716392,FALSE,TRUE,TRUE,FALSE
"mcomm","log","none","re","y2004_2008","none","beta","unemp",0.401881618014575,0.0691625976844643,5.81067848041295,133,135,0.44996187105531,0.265080678865489,0.538682557163661,FALSE,TRUE,TRUE,FALSE
"mcomm","log","none","re","y2009_2013","none","beta","unemp",0.496918227467053,0.0623502660470226,7.96978519854739,133,135,0.568520366779876,0.373591816415491,0.620244638518615,FALSE,TRUE,TRUE,FALSE
"mcomm","log","none","re","no_bailout","none","beta","unemp",0.248411063754951,0.0468787724145055,5.29900957214671,188,190,0.360485597862488,0.155935058348223,0.34088706916168,FALSE,TRUE,TRUE,FALSE
"mcomm","log","none","re","no_GR_ES","none","beta","unemp",0.356728899903898,0.0383655649419082,9.29815318617212,248,250,0.508425619716002,0.281165017256704,0.432292782551091,FALSE,TRUE,TRUE,FALSE
"mcomm","log","none","pooled_cl","all","none","beta","unemp",-0.0456773685737673,0.133302070005751,-0.342660609634918,267,270,-0.0209658792662044,-0.30813429755703,0.216779560409496,FALSE,FALSE,FALSE,FALSE
"mcomm","log","none","pooled_cl","all","n_cy","beta","unemp",-0.0539014937319619,0.139974343763743,-0.385081239051494,267,270,-0.0235600475816169,-0.329495386603202,0.221692399139278,FALSE,FALSE,FALSE,FALSE
"mcomm","log","none","pooled_cl","y2004_2008","none","beta","unemp",-0.125058196800993,0.146417831305284,-0.854118625348601,132,135,-0.0741369017927984,-0.414687139343016,0.164570745741031,FALSE,FALSE,FALSE,FALSE
"mcomm","log","none","pooled_cl","y2004_2008","n_cy","beta","unemp",-0.0526283162714644,0.161481116599663,-0.325910034434169,132,135,-0.028355421241278,-0.372053926009872,0.266797293466943,FALSE,FALSE,FALSE,FALSE
"mcomm","log","none","pooled_cl","y2009_2013","none","beta","unemp",-0.0567316961197546,0.191770265792739,-0.295831555977865,132,135,-0.0257403003852924,-0.436072236799851,0.322608844560342,FALSE,FALSE,FALSE,FALSE
"mcomm","log","none","pooled_cl","y2009_2013","n_cy","beta","unemp",-0.105088494921879,0.199049605400762,-0.527951284858347,132,135,-0.0459038211308678,-0.49882828885058,0.288651299006821,FALSE,FALSE,FALSE,FALSE
"mcomm","log","none","pooled_cl","no_bailout","none","beta","unemp",-0.250590693178079,0.158212692877791,-1.5838848869834,187,190,-0.115055940975855,-0.562701782297291,0.0615203959411322,FALSE,FALSE,FALSE,FALSE
"mcomm","log","none","pooled_cl","no_bailout","n_cy","beta","unemp",-0.249579625719544,0.164710398948752,-1.5152633186032,187,190,-0.110132973551741,-0.57450894125091,0.0753496898118219,FALSE,FALSE,FALSE,FALSE
"mcomm","log","none","pooled_cl","no_GR_ES","none","beta","unemp",-0.0955190901827468,0.127496363443798,-0.749190703190939,247,250,-0.0476157921608134,-0.346637808853861,0.155599628488367,FALSE,FALSE,FALSE,FALSE
"mcomm","log","none","pooled_cl","no_GR_ES","n_cy","beta","unemp",-0.109394565611511,0.137562576121429,-0.795234930137874,247,250,-0.0505349355014515,-0.380339845301299,0.161550714078278,FALSE,FALSE,FALSE,FALSE
"mcomm","log","growth","fe_twoway","all","none","beta","unemp",0.39560027418006,0.0450397605877738,8.78335650583914,231,270,0.500358510384314,0.306859034756679,0.484341513603442,FALSE,TRUE,TRUE,FALSE
"mcomm","log","growth","fe_twoway","all","n_cy","beta","unemp",0.348211887322116,0.0406987885007957,8.55582930473,231,270,0.490547340386456,0.268023607290027,0.428400167354205,FALSE,TRUE,TRUE,FALSE
"mcomm","log","growth","fe_twoway","y2004_2008","none","beta","unemp",0.442334895194668,0.0817938916304019,5.40792088966038,101,135,0.473858620273099,0.280077816515048,0.604591973874287,FALSE,TRUE,TRUE,FALSE
"mcomm","log","growth","fe_twoway","y2004_2008","n_cy","beta","unemp",0.422948407856846,0.075704999279495,5.58679627345831,101,135,0.485877643772354,0.27277005370738,0.573126762006312,FALSE,TRUE,TRUE,FALSE
"mcomm","log","growth","fe_twoway","y2009_2013","none","beta","unemp",0.409614165746366,0.0654867611055005,6.25491563228283,101,135,0.528402958134136,0.279706047458238,0.539522284034495,FALSE,TRUE,TRUE,FALSE
"mcomm","log","growth","fe_twoway","y2009_2013","n_cy","beta","unemp",0.352658757123252,0.0645528629514063,5.46310017866635,101,135,0.477595063611143,0.224603241557003,0.480714272689501,FALSE,TRUE,TRUE,FALSE
"mcomm","log","growth","fe_twoway","no_bailout","none","beta","unemp",0.246387129229335,0.0519689985506501,4.74104054533976,159,190,0.351934884255491,0.143748553910483,0.349025704548188,FALSE,TRUE,TRUE,FALSE
"mcomm","log","growth","fe_twoway","no_bailout","n_cy","beta","unemp",0.234655321721443,0.0481694542430541,4.871454854718,159,190,0.36037319542738,0.139520832020335,0.329789811422551,FALSE,TRUE,TRUE,FALSE
"mcomm","log","growth","fe_twoway","no_GR_ES","none","beta","unemp",0.366080751996021,0.0463940576244013,7.89068192654652,213,250,0.475598775032958,0.274630461106608,0.457531042885435,FALSE,TRUE,TRUE,FALSE
"mcomm","log","growth","fe_twoway","no_GR_ES","n_cy","beta","unemp",0.308518041309326,0.0413968008671726,7.45270249986828,213,250,0.45478596058176,0.226918162466159,0.390117920152494,FALSE,TRUE,TRUE,FALSE
"mcomm","log","growth","fe_country","all","none","beta","unemp",0.412905147653562,0.0377076168526659,10.9501788263866,240,270,0.57720012576038,0.338625002391118,0.487185292916007,FALSE,TRUE,TRUE,FALSE
"mcomm","log","growth","fe_country","all","n_cy","beta","unemp",0.368105505300738,0.035049146770596,10.5025525360165,240,270,0.561141716551268,0.299062273965885,0.437148736635591,FALSE,TRUE,TRUE,FALSE
"mcomm","log","growth","fe_country","y2004_2008","none","beta","unemp",0.453137454253971,0.0629872225200195,7.19411709430351,105,135,0.574600972585411,0.328245427387349,0.578029481120593,FALSE,TRUE,TRUE,FALSE
"mcomm","log","growth","fe_country","y2004_2008","n_cy","beta","unemp",0.462280580961786,0.0588320433290631,7.8576325893719,105,135,0.608511383517069,0.345627506860348,0.578933655063224,FALSE,TRUE,TRUE,FALSE
"mcomm","log","growth","fe_country","y2009_2013","none","beta","unemp",0.539475611308317,0.0568861280310366,9.48342996756579,105,135,0.679234967608059,0.426680927781317,0.652270294835318,FALSE,TRUE,TRUE,FALSE
"mcomm","log","growth","fe_country","y2009_2013","n_cy","beta","unemp",0.473999728571126,0.0610653410011301,7.76217279393156,105,135,0.603824637363944,0.352918437734582,0.59508101940767,FALSE,TRUE,TRUE,FALSE
"mcomm","log","growth","fe_country","no_bailout","none","beta","unemp",0.294083801164783,0.0450126840972509,6.53335403259687,168,190,0.450111053495114,0.205220426806378,0.382947175523189,FALSE,TRUE,TRUE,FALSE
"mcomm","log","growth","fe_country","no_bailout","n_cy","beta","unemp",0.290773460612797,0.0426192943691682,6.82257801112608,168,190,0.465786298747047,0.206635080812207,0.374911840413387,FALSE,TRUE,TRUE,FALSE
"mcomm","log","growth","fe_country","no_GR_ES","none","beta","unemp",0.378142189502695,0.0390099598977941,9.69347803723526,222,250,0.545332224248268,0.301264973040961,0.45501940596443,FALSE,TRUE,TRUE,FALSE
"mcomm","log","growth","fe_country","no_GR_ES","n_cy","beta","unemp",0.329937734029935,0.0358887574307777,9.19334514900159,222,250,0.525104645720489,0.259211494352241,0.400663973707628,FALSE,TRUE,TRUE,FALSE
"mcomm","log","growth","re","all","none","beta","unemp",0.393795968368904,0.0398581921495773,9.87992548410353,267,270,0.517413359248188,0.315319627334203,0.472272309403604,FALSE,TRUE,TRUE,FALSE
"mcomm","log","growth","re","y2004_2008","none","beta","unemp",0.401655838128309,0.0692911977580479,5.7966358083579,132,135,0.450447888292466,0.264591000087579,0.538720676169038,FALSE,TRUE,TRUE,FALSE
"mcomm","log","growth","re","y2009_2013","none","beta","unemp",0.497930559055927,0.0626728553906453,7.94491580050538,132,135,0.568769798952597,0.373957456387613,0.62190366172424,FALSE,TRUE,TRUE,FALSE
"mcomm","log","growth","re","no_bailout","none","beta","unemp",0.273380261983941,0.0471569460090205,5.79724272075735,187,190,0.390311037213182,0.180352291151158,0.366408232816724,FALSE,TRUE,TRUE,FALSE
"mcomm","log","growth","re","no_GR_ES","none","beta","unemp",0.35976793731396,0.0411302873025024,8.74703195404306,247,250,0.486313669397756,0.278757116558024,0.440778758069896,FALSE,TRUE,TRUE,FALSE
"mcomm","log","growth","pooled_cl","all","none","beta","unemp",-0.10894377934651,0.131353099574613,-0.829396334759699,266,270,-0.0507879235772113,-0.36756782944414,0.149680270751121,FALSE,FALSE,FALSE,FALSE
"mcomm","log","growth","pooled_cl","all","n_cy","beta","unemp",-0.106617594468888,0.134583308792329,-0.792205180758384,266,270,-0.0485160165358737,-0.371601675606927,0.158366486669151,FALSE,FALSE,FALSE,FALSE
"mcomm","log","growth","pooled_cl","y2004_2008","none","beta","unemp",-0.088438907810868,0.153351980158454,-0.576705352741363,131,135,-0.0503231397170441,-0.391805705027613,0.214927889405877,FALSE,FALSE,FALSE,FALSE
"mcomm","log","growth","pooled_cl","y2004_2008","n_cy","beta","unemp",-0.00879736639812192,0.164488016153453,-0.0534833272590189,131,135,-0.00467280898242999,-0.33419389919443,0.316599166398186,FALSE,FALSE,FALSE,FALSE
"mcomm","log","growth","pooled_cl","y2009_2013","none","beta","unemp",-0.0886320662550889,0.17911748788251,-0.494826425397535,131,135,-0.0431928383188563,-0.4429691838344,0.265705051324222,FALSE,FALSE,FALSE,FALSE
"mcomm","log","growth","pooled_cl","y2009_2013","n_cy","beta","unemp",-0.139152830382902,0.181280418829962,-0.767610927208993,131,135,-0.0669161554433599,-0.497768741320155,0.219463080554352,FALSE,FALSE,FALSE,FALSE
"mcomm","log","growth","pooled_cl","no_bailout","none","beta","unemp",-0.258612156247638,0.162882016889349,-1.5877268785499,186,190,-0.115636801782526,-0.579945817734752,0.0627215052394769,FALSE,FALSE,FALSE,FALSE
"mcomm","log","growth","pooled_cl","no_bailout","n_cy","beta","unemp",-0.247615083817762,0.166683079077856,-1.48554421473162,186,190,-0.108284894824842,-0.576447481223667,0.0812173135881436,FALSE,FALSE,FALSE,FALSE
"mcomm","log","growth","pooled_cl","no_GR_ES","none","beta","unemp",-0.139322142987004,0.130838050182102,-1.06484423142269,246,250,-0.0677360593172025,-0.397027854931289,0.11838356895728,FALSE,FALSE,FALSE,FALSE
"mcomm","log","growth","pooled_cl","no_GR_ES","n_cy","beta","unemp",-0.134876419916689,0.139156383051776,-0.969243501151542,246,250,-0.0616790497838003,-0.408966370936573,0.139213531103196,FALSE,FALSE,FALSE,FALSE
"mlib","raw","none","fe_twoway","all","none","beta","unemp",0.0101461056416826,0.00428819087145235,2.36605737613686,232,270,0.153498336644516,0.00169733215631041,0.0185948791270548,FALSE,TRUE,TRUE,FALSE
"mlib","raw","none","fe_twoway","all","n_cy","beta","unemp",0.00664932120628773,0.00414549641644136,1.60398672156995,232,270,0.104727796843545,-0.00151830967975835,0.0148169520923338,FALSE,FALSE,TRUE,FALSE
"mlib","raw","none","fe_twoway","y2004_2008","none","beta","unemp",0.0339493685930776,0.010342125903829,3.28262959750939,102,135,0.30911081335852,0.0134358108993724,0.0544629262867828,FALSE,TRUE,TRUE,FALSE
"mlib","raw","none","fe_twoway","y2004_2008","n_cy","beta","unemp",0.0266592903727993,0.00992146906160026,2.68703054026349,102,135,0.257111351837547,0.00698010353113688,0.0463384772144617,FALSE,TRUE,TRUE,FALSE
"mlib","raw","none","fe_twoway","y2009_2013","none","beta","unemp",0.0139465638953008,0.00615067058254961,2.26748672492221,102,135,0.219061420752676,0.00174673795783149,0.0261463898327702,FALSE,TRUE,TRUE,FALSE
"mlib","raw","none","fe_twoway","y2009_2013","n_cy","beta","unemp",0.0104072175114847,0.0061142919699394,1.70211327209287,102,135,0.166190629073764,-0.00172045162035917,0.0225348866433286,FALSE,FALSE,TRUE,FALSE
"mlib","raw","none","fe_twoway","no_bailout","none","beta","unemp",-0.00782498638012119,0.00646839653523857,-1.20972583197276,160,190,-0.0952028300404362,-0.0205994327882676,0.0049494600280252,FALSE,FALSE,FALSE,FALSE
"mlib","raw","none","fe_twoway","no_bailout","n_cy","beta","unemp",-0.0113265503795215,0.00602084811123863,-1.8812217432257,160,190,-0.147105641112834,-0.0232171327069345,0.000564031947891499,FALSE,FALSE,FALSE,FALSE
"mlib","raw","none","fe_twoway","no_GR_ES","none","beta","unemp",0.00176760533319339,0.00514599467334381,0.343491481316444,214,250,0.0234741240678589,-0.00837572269930483,0.0119109333656916,FALSE,FALSE,TRUE,FALSE
"mlib","raw","none","fe_twoway","no_GR_ES","n_cy","beta","unemp",-0.00306672754273239,0.00489040561205508,-0.62709063133184,214,250,-0.0428277013974518,-0.0127062610991891,0.00657280601372428,FALSE,FALSE,FALSE,FALSE
"mlib","raw","none","fe_country","all","none","beta","unemp",0.0338791571174893,0.00497500189654348,6.80987823160986,241,270,0.401712435592317,0.0240791187239057,0.0436791955110728,FALSE,TRUE,TRUE,FALSE
"mlib","raw","none","fe_country","all","n_cy","beta","unemp",0.0298300228526257,0.00504086757344256,5.91763668019826,241,270,0.356187981856069,0.0199002385462057,0.0397598071590458,FALSE,TRUE,TRUE,FALSE
"mlib","raw","none","fe_country","y2004_2008","none","beta","unemp",0.0298544192107636,0.00826297107615188,3.61303687688412,106,135,0.331131376003983,0.0134722753811374,0.0462365630403899,FALSE,TRUE,TRUE,FALSE
"mlib","raw","none","fe_country","y2004_2008","n_cy","beta","unemp",0.0212922173140738,0.00802192311838674,2.65425347511381,106,135,0.249641393061585,0.00538797450546689,0.0371964601226807,FALSE,TRUE,TRUE,FALSE
"mlib","raw","none","fe_country","y2009_2013","none","beta","unemp",0.0316066848447968,0.00863847378229048,3.65882743194671,106,135,0.334860077845399,0.0144800703781947,0.048733299311399,FALSE,TRUE,TRUE,FALSE
"mlib","raw","none","fe_country","y2009_2013","n_cy","beta","unemp",0.0228581927719367,0.00865450533182898,2.64118998088433,106,135,0.248488769817637,0.00569979419911761,0.0400165913447558,FALSE,TRUE,TRUE,FALSE
"mlib","raw","none","fe_country","no_bailout","none","beta","unemp",0.0186596503002021,0.00835132838418592,2.23433320327051,169,190,0.169388137845943,0.00217328920060488,0.0351460113997993,FALSE,TRUE,TRUE,FALSE
"mlib","raw","none","fe_country","no_bailout","n_cy","beta","unemp",0.0121126154942794,0.00815443786290341,1.48540165464781,169,190,0.113523006099514,-0.00398506393916531,0.0282102949277242,FALSE,FALSE,TRUE,FALSE
"mlib","raw","none","fe_country","no_GR_ES","none","beta","unemp",0.0274711582710665,0.00611597986174568,4.49170188458165,223,250,0.288038882622085,0.015418647752226,0.039523668789907,FALSE,TRUE,TRUE,FALSE
"mlib","raw","none","fe_country","no_GR_ES","n_cy","beta","unemp",0.0211934506769125,0.00610430335570359,3.47188687094167,223,250,0.226454911258065,0.00916395056933509,0.0332229507844899,FALSE,TRUE,TRUE,FALSE
"mlib","raw","none","re","all","none","beta","unemp",0.0319723276640084,0.00513139399433803,6.23072944686895,268,270,0.355709654511516,0.0218693560516037,0.0420752992764132,FALSE,TRUE,TRUE,FALSE
"mlib","raw","none","re","y2004_2008","none","beta","unemp",0.0271599031146937,0.00903604973651589,3.00572749228425,133,135,0.252204503090796,0.00928694675477232,0.045032859474615,FALSE,TRUE,TRUE,FALSE
"mlib","raw","none","re","y2009_2013","none","beta","unemp",0.0213656564499369,0.00910592932245131,2.34634551766818,133,135,0.199369496066325,0.00335448097587923,0.0393768319239946,FALSE,TRUE,TRUE,FALSE
"mlib","raw","none","re","no_bailout","none","beta","unemp",0.015826732014146,0.00844051355111699,1.87509112073536,188,190,0.135493943761807,-0.000823554172681297,0.0324770182009733,FALSE,FALSE,TRUE,FALSE
"mlib","raw","none","re","no_GR_ES","none","beta","unemp",0.0259689803993087,0.00627061497643819,4.14137696173136,248,250,0.254330313123464,0.0136185298084529,0.0383194309901646,FALSE,TRUE,TRUE,FALSE
"mlib","raw","none","pooled_cl","all","none","beta","unemp",-0.00346314302322307,0.0109360897898288,-0.316671048773211,267,270,-0.019376315095264,-0.0249950857845008,0.0180687997380547,FALSE,FALSE,FALSE,FALSE
"mlib","raw","none","pooled_cl","all","n_cy","beta","unemp",-0.0114288380746875,0.0111388300378932,-1.02603577178283,267,270,-0.0626689429246456,-0.0333599538036918,0.0105022776543168,FALSE,FALSE,FALSE,FALSE
"mlib","raw","none","pooled_cl","y2004_2008","none","beta","unemp",-0.0136332416924059,0.0196528176441073,-0.693704177146002,132,135,-0.0602694379218962,-0.0525084575147605,0.0252419741299487,FALSE,FALSE,FALSE,FALSE
"mlib","raw","none","pooled_cl","y2004_2008","n_cy","beta","unemp",-0.0198431071708451,0.0209823025976879,-0.945706844063512,132,135,-0.082035769222546,-0.061348175640233,0.0216619612985429,FALSE,FALSE,FALSE,FALSE
"mlib","raw","none","pooled_cl","y2009_2013","none","beta","unemp",-0.0213312734947429,0.0130599001978496,-1.63334123320906,132,135,-0.140748909079257,-0.0471650469517538,0.00450249996226801,FALSE,FALSE,FALSE,FALSE
"mlib","raw","none","pooled_cl","y2009_2013","n_cy","beta","unemp",-0.0328155276864725,0.0146186789898126,-2.24476696624509,132,135,-0.191756107811256,-0.0617327196666812,-0.00389833570626376,FALSE,TRUE,FALSE,FALSE
"mlib","raw","none","pooled_cl","no_bailout","none","beta","unemp",-0.0249813902193827,0.0149129616860454,-1.67514614100824,187,190,-0.121589928102356,-0.0544006525374826,0.00443787209871712,FALSE,FALSE,FALSE,FALSE
"mlib","raw","none","pooled_cl","no_bailout","n_cy","beta","unemp",-0.033159745035988,0.0124331737924003,-2.66703784485477,187,190,-0.191426370840672,-0.0576870528200224,-0.00863243725195365,FALSE,TRUE,FALSE,FALSE
"mlib","raw","none","pooled_cl","no_GR_ES","none","beta","unemp",-0.0036888437752047,0.0132211711517713,-0.279010363972976,247,250,-0.0177502073921915,-0.0297294575565367,0.0223517700061273,FALSE,FALSE,FALSE,FALSE
"mlib","raw","none","pooled_cl","no_GR_ES","n_cy","beta","unemp",-0.0130424742312214,0.012749787603358,-1.02295619636726,247,250,-0.0649517024279874,-0.038154644020248,0.0120696955578051,FALSE,FALSE,FALSE,FALSE
"mlib","raw","growth","fe_twoway","all","none","beta","unemp",0.00889805530536964,0.00460347789610065,1.93289845334257,231,270,0.126159250281475,-0.00017211577962066,0.0179682263903599,FALSE,FALSE,TRUE,FALSE
"mlib","raw","growth","fe_twoway","all","n_cy","beta","unemp",0.00537674760915777,0.00441808536695822,1.21698590284587,231,270,0.0798163316788037,-0.00332814704893251,0.0140816422672481,FALSE,FALSE,TRUE,FALSE
"mlib","raw","growth","fe_twoway","y2004_2008","none","beta","unemp",0.0364649881296895,0.0105854450036012,3.44482335105269,101,135,0.324252874735661,0.0154663126959642,0.0574636635634147,FALSE,TRUE,TRUE,FALSE
"mlib","raw","growth","fe_twoway","y2004_2008","n_cy","beta","unemp",0.031128190635405,0.0100163543838397,3.10773655189627,101,135,0.295428735455143,0.0112584379075919,0.0509979433632181,FALSE,TRUE,TRUE,FALSE
"mlib","raw","growth","fe_twoway","y2009_2013","none","beta","unemp",0.0096761108596033,0.00642476627439147,1.50606425920448,101,135,0.148204072080263,-0.00306889718565064,0.0224211189048572,FALSE,FALSE,TRUE,FALSE
"mlib","raw","growth","fe_twoway","y2009_2013","n_cy","beta","unemp",0.00648727225719838,0.00629002002625806,1.03135955531411,101,135,0.102087939211057,-0.00599043547810136,0.0189649799924981,FALSE,FALSE,TRUE,FALSE
"mlib","raw","growth","fe_twoway","no_bailout","none","beta","unemp",-0.00801987650886713,0.00673479021329875,-1.19081311442052,159,190,-0.0940192996002752,-0.0213210616739156,0.00528130865618134,FALSE,FALSE,FALSE,FALSE
"mlib","raw","growth","fe_twoway","no_bailout","n_cy","beta","unemp",-0.0107911228597242,0.00623309635287502,-1.73126200026522,159,190,-0.136021935840681,-0.0231014645504671,0.00151921883101867,FALSE,FALSE,FALSE,FALSE
"mlib","raw","growth","fe_twoway","no_GR_ES","none","beta","unemp",-9.70623629807204e-05,0.00553661350503598,-0.01753099848715,213,250,-0.00120120335693707,-0.0110106349518869,0.0108165102259254,FALSE,FALSE,FALSE,FALSE
"mlib","raw","growth","fe_twoway","no_GR_ES","n_cy","beta","unemp",-0.00445277812942259,0.0051737051776225,-0.860655560483406,213,250,-0.0588688750590376,-0.0146509989295967,0.00574544267075148,FALSE,FALSE,FALSE,FALSE
"mlib","raw","growth","fe_country","all","none","beta","unemp",0.0317664699121564,0.00530075294984921,5.99282219199821,240,270,0.360781772838451,0.0213245292121226,0.0422084106121901,FALSE,TRUE,TRUE,FALSE
"mlib","raw","growth","fe_country","all","n_cy","beta","unemp",0.026911547686189,0.005273553406554,5.10311465751786,240,270,0.312867465791457,0.0165231873021677,0.0372999080702104,FALSE,TRUE,TRUE,FALSE
"mlib","raw","growth","fe_country","y2004_2008","none","beta","unemp",0.0298147702046988,0.00825409938096559,3.61211669845571,105,135,0.332455547049956,0.013448415880698,0.0461811245286996,FALSE,TRUE,TRUE,FALSE
"mlib","raw","growth","fe_country","y2004_2008","n_cy","beta","unemp",0.0212959827811199,0.0080530002941455,2.64447808310673,105,135,0.249887205474296,0.00532837079801215,0.0372635947642276,FALSE,TRUE,TRUE,FALSE
"mlib","raw","growth","fe_country","y2009_2013","none","beta","unemp",0.0329156049257567,0.00813024163669037,4.04853956335249,105,135,0.367456326298422,0.0167948376288826,0.0490363722226308,FALSE,TRUE,TRUE,FALSE
"mlib","raw","growth","fe_country","y2009_2013","n_cy","beta","unemp",0.024332856100801,0.00841491555604114,2.89163402041892,105,135,0.271587916304674,0.00764763300858705,0.0410180791930149,FALSE,TRUE,TRUE,FALSE
"mlib","raw","growth","fe_country","no_bailout","none","beta","unemp",0.01695638198103,0.00849950484393397,1.99498468350561,168,190,0.152125016740638,0.000176785386084614,0.0337359785759754,FALSE,TRUE,TRUE,FALSE
"mlib","raw","growth","fe_country","no_bailout","n_cy","beta","unemp",0.0109390309248307,0.00820258133460515,1.33360834578756,168,190,0.102349787235234,-0.00525438367509545,0.0271324455247568,FALSE,FALSE,TRUE,FALSE
"mlib","raw","growth","fe_country","no_GR_ES","none","beta","unemp",0.0247793463713409,0.00646193472919411,3.83466367423851,222,250,0.249243527281348,0.0120447638124404,0.0375139289302414,FALSE,TRUE,TRUE,FALSE
"mlib","raw","growth","fe_country","no_GR_ES","n_cy","beta","unemp",0.0183859068820573,0.00628700851529251,2.92442850003073,222,250,0.19260000542321,0.00599605270652808,0.0307757610575865,FALSE,TRUE,TRUE,FALSE
"mlib","raw","growth","re","all","none","beta","unemp",0.0295836367969796,0.00547975421026327,5.39871601203774,267,270,0.31371656327526,0.0187946110785736,0.0403726625153856,FALSE,TRUE,TRUE,FALSE
"mlib","raw","growth","re","y2004_2008","none","beta","unemp",0.027124392641876,0.00902431168627462,3.0057021061374,132,135,0.253095047121083,0.00927341214609385,0.0449753731376581,FALSE,TRUE,TRUE,FALSE
"mlib","raw","growth","re","y2009_2013","none","beta","unemp",0.0239138516506225,0.00859942754499692,2.78086553151266,132,135,0.235250289374725,0.00690333398265366,0.0409243693185912,FALSE,TRUE,TRUE,FALSE
"mlib","raw","growth","re","no_bailout","none","beta","unemp",0.013905309222697,0.00857872052082043,1.62090712582944,187,190,0.117708453850332,-0.00301819897566725,0.0308288174210613,FALSE,FALSE,TRUE,FALSE
"mlib","raw","growth","re","no_GR_ES","none","beta","unemp",0.0230019870463548,0.00662639291672579,3.47126820510373,247,250,0.215673418006901,0.00995054578392979,0.0360534283087799,FALSE,TRUE,TRUE,FALSE
"mlib","raw","growth","pooled_cl","all","none","beta","unemp",-0.00901230689400614,0.0113492620754018,-0.794087477593742,266,270,-0.0486310193516899,-0.0313581223567967,0.0133335085687845,FALSE,FALSE,FALSE,FALSE
"mlib","raw","growth","pooled_cl","all","n_cy","beta","unemp",-0.0160732909120513,0.0113922118170181,-1.41090169057781,266,270,-0.086186042266883,-0.0385036710799262,0.00635708925582367,FALSE,FALSE,FALSE,FALSE
"mlib","raw","growth","pooled_cl","y2004_2008","none","beta","unemp",-0.00985587204475422,0.0186773040192949,-0.52769243540569,131,135,-0.0460557790477257,-0.0468040346646457,0.0270922905751372,FALSE,FALSE,FALSE,FALSE
"mlib","raw","growth","pooled_cl","y2004_2008","n_cy","beta","unemp",-0.0156549523236663,0.0203912032430517,-0.767730679600807,131,135,-0.0669265480511014,-0.0559936164403504,0.0246837117930179,FALSE,FALSE,FALSE,FALSE
"mlib","raw","growth","pooled_cl","y2009_2013","none","beta","unemp",-0.0178974509917674,0.0134111200122897,-1.33452321471783,131,135,-0.115813248517335,-0.0444278454543225,0.00863294347078764,FALSE,FALSE,FALSE,FALSE
"mlib","raw","growth","pooled_cl","y2009_2013","n_cy","beta","unemp",-0.0298236116699369,0.0148601136400401,-2.00695717356953,131,135,-0.172713539834171,-0.0592204611700071,-0.000426762169866729,FALSE,TRUE,FALSE,FALSE
"mlib","raw","growth","pooled_cl","no_bailout","none","beta","unemp",-0.025827052542778,0.0142829018056827,-1.80824967462159,186,190,-0.131437040577443,-0.0540043628532146,0.0023502577676586,FALSE,FALSE,FALSE,FALSE
"mlib","raw","growth","pooled_cl","no_bailout","n_cy","beta","unemp",-0.0322882575146363,0.0118493552906523,-2.72489571986315,186,190,-0.195926653367288,-0.0556646669828077,-0.00891184804646492,FALSE,TRUE,FALSE,FALSE
"mlib","raw","growth","pooled_cl","no_GR_ES","none","beta","unemp",-0.00853519494161444,0.0128897450323298,-0.662169416090591,246,250,-0.0421808053591805,-0.0339235350744244,0.0168531451911955,FALSE,FALSE,FALSE,FALSE
"mlib","raw","growth","pooled_cl","no_GR_ES","n_cy","beta","unemp",-0.016110592194008,0.0122729045840764,-1.31269595421698,246,250,-0.083402838543328,-0.0402839699618795,0.00806278557386339,FALSE,FALSE,FALSE,FALSE
"mlib","log","none","fe_twoway","all","none","beta","unemp",0.0773965409480438,0.0470129078860486,1.64628278547756,232,270,0.107457915493767,-0.0152302617118305,0.170023343607918,FALSE,FALSE,TRUE,FALSE
"mlib","log","none","fe_twoway","all","n_cy","beta","unemp",0.0384711340089883,0.0444646706507796,0.865206768563207,232,270,0.0567121857387199,-0.0491350247865688,0.126077292804545,FALSE,FALSE,TRUE,FALSE
"mlib","log","none","fe_twoway","y2004_2008","none","beta","unemp",0.343627948451129,0.0911823571327842,3.76857935302903,102,135,0.349599262070703,0.162768175413665,0.524487721488594,FALSE,TRUE,TRUE,FALSE
"mlib","log","none","fe_twoway","y2004_2008","n_cy","beta","unemp",0.282330257052894,0.0868129659392513,3.25216693149798,102,135,0.306512919869247,0.110137150730608,0.454523363375179,FALSE,TRUE,TRUE,FALSE
"mlib","log","none","fe_twoway","y2009_2013","none","beta","unemp",0.151106453819959,0.0773312374245518,1.95401572317248,102,135,0.189953769121531,-0.0022796889504402,0.304492596590357,FALSE,FALSE,TRUE,FALSE
"mlib","log","none","fe_twoway","y2009_2013","n_cy","beta","unemp",0.131192745099183,0.0780653799009804,1.68054962731995,102,135,0.164142281686092,-0.0236495657923217,0.286035055990687,FALSE,FALSE,TRUE,FALSE
"mlib","log","none","fe_twoway","no_bailout","none","beta","unemp",-0.0677754360647744,0.0576395496948936,-1.17584950651998,160,190,-0.092560002473062,-0.181607872674963,0.0460570005454144,FALSE,FALSE,FALSE,FALSE
"mlib","log","none","fe_twoway","no_bailout","n_cy","beta","unemp",-0.0951147701514159,0.0528310324409376,-1.80035796683984,160,190,-0.140910662705484,-0.199450858535476,0.00922131823264441,FALSE,FALSE,FALSE,FALSE
"mlib","log","none","fe_twoway","no_GR_ES","none","beta","unemp",0.0242881305895747,0.0483535660370262,0.502302778888662,214,250,0.0343164872984497,-0.0710221277741253,0.119598388953275,FALSE,FALSE,TRUE,FALSE
"mlib","log","none","fe_twoway","no_GR_ES","n_cy","beta","unemp",-0.0170512870919599,0.0454421509813377,-0.375230633315807,214,250,-0.0256418041028519,-0.106622822463665,0.0725202482797449,FALSE,FALSE,FALSE,FALSE
"mlib","log","none","fe_country","all","none","beta","unemp",0.352852962565226,0.0517287894314341,6.8212105182343,241,270,0.402272821739099,0.25095468533364,0.454751239796812,FALSE,TRUE,TRUE,FALSE
"mlib","log","none","fe_country","all","n_cy","beta","unemp",0.301397044466758,0.0519979254467389,5.79632825497004,241,270,0.349787870138324,0.198968607983391,0.403825480950125,FALSE,TRUE,TRUE,FALSE
"mlib","log","none","fe_country","y2004_2008","none","beta","unemp",0.276319017779562,0.0700947471286235,3.94207881615605,106,135,0.357573819239861,0.137349364058208,0.415288671500916,FALSE,TRUE,TRUE,FALSE
"mlib","log","none","fe_country","y2004_2008","n_cy","beta","unemp",0.204639298041409,0.0677530818091396,3.02036885374274,106,135,0.281500801415087,0.0703122235704348,0.338966372512383,FALSE,TRUE,TRUE,FALSE
"mlib","log","none","fe_country","y2009_2013","none","beta","unemp",0.378586564548409,0.107691784548645,3.5154637480949,106,135,0.323134199178651,0.165077127387625,0.592096001709193,FALSE,TRUE,TRUE,FALSE
"mlib","log","none","fe_country","y2009_2013","n_cy","beta","unemp",0.27194441189822,0.110377326220473,2.46377060588535,106,135,0.232731550418392,0.0531106271725129,0.490778196623926,FALSE,TRUE,TRUE,FALSE
"mlib","log","none","fe_country","no_bailout","none","beta","unemp",0.220523553239566,0.0714473592242995,3.08651790120418,169,190,0.231002852074055,0.0794792894294015,0.361567817049731,FALSE,TRUE,TRUE,FALSE
"mlib","log","none","fe_country","no_bailout","n_cy","beta","unemp",0.157848512535134,0.0694176669252302,2.27389538610038,169,190,0.172299118754875,0.020811065200644,0.294885959869624,FALSE,TRUE,TRUE,FALSE
"mlib","log","none","fe_country","no_GR_ES","none","beta","unemp",0.290779705055387,0.0548947292425767,5.29704234026638,223,250,0.334307287053074,0.182600914970848,0.398958495139927,FALSE,TRUE,TRUE,FALSE
"mlib","log","none","fe_country","no_GR_ES","n_cy","beta","unemp",0.231096431655026,0.0547916619351979,4.21772991533536,223,250,0.271806740746764,0.123120752083342,0.339072111226711,FALSE,TRUE,TRUE,FALSE
"mlib","log","none","re","all","none","beta","unemp",0.332650960736092,0.0537498220131799,6.18887557719769,268,270,0.353619908211001,0.226825345597176,0.438476575875008,FALSE,TRUE,TRUE,FALSE
"mlib","log","none","re","y2004_2008","none","beta","unemp",0.251172291907852,0.0767559584575368,3.27234910429535,133,135,0.272972407928532,0.0993519792847778,0.402992604530926,FALSE,TRUE,TRUE,FALSE
"mlib","log","none","re","y2009_2013","none","beta","unemp",0.234940972345499,0.113098435448631,2.07731407966478,133,135,0.1772730857256,0.011236647990134,0.458645296700865,FALSE,TRUE,TRUE,FALSE
"mlib","log","none","re","no_bailout","none","beta","unemp",0.196024912767173,0.0731094016484407,2.68125450827505,188,190,0.191915578884336,0.0518047236729742,0.340245101861372,FALSE,TRUE,TRUE,FALSE
"mlib","log","none","re","no_GR_ES","none","beta","unemp",0.276511531972649,0.0567330107506814,4.87390900489673,248,250,0.295657332200576,0.164771575241199,0.388251488704098,FALSE,TRUE,TRUE,FALSE
"mlib","log","none","pooled_cl","all","none","beta","unemp",-0.0320908319511124,0.117924201988552,-0.272131007969236,267,270,-0.0166518381045971,-0.264270451557784,0.20008878765556,FALSE,FALSE,FALSE,FALSE
"mlib","log","none","pooled_cl","all","n_cy","beta","unemp",-0.120750000944045,0.11196337827776,-1.07847764868694,267,270,-0.0658584687268069,-0.341193422566114,0.0996934206780231,FALSE,FALSE,FALSE,FALSE
"mlib","log","none","pooled_cl","y2004_2008","none","beta","unemp",-0.115669285007495,0.188925707466258,-0.612247462554313,132,135,-0.0532137982050673,-0.489383008156194,0.258044438141205,FALSE,FALSE,FALSE,FALSE
"mlib","log","none","pooled_cl","y2004_2008","n_cy","beta","unemp",-0.175725022209188,0.192408548992399,-0.913291135604012,132,135,-0.07924182196246,-0.556328150147352,0.204878105728976,FALSE,FALSE,FALSE,FALSE
"mlib","log","none","pooled_cl","y2009_2013","none","beta","unemp",-0.250263322158394,0.146484936112681,-1.70845773497067,132,135,-0.147084856012169,-0.540025004642217,0.0394983603254289,FALSE,FALSE,FALSE,FALSE
"mlib","log","none","pooled_cl","y2009_2013","n_cy","beta","unemp",-0.39168270197532,0.151644271135377,-2.5829047087816,132,135,-0.219338535331447,-0.691650059092637,-0.0917153448580027,FALSE,TRUE,FALSE,FALSE
"mlib","log","none","pooled_cl","no_bailout","none","beta","unemp",-0.169187735782055,0.148921799431889,-1.13608441764388,187,190,-0.0827934885523643,-0.462970391072439,0.124594919508329,FALSE,FALSE,FALSE,FALSE
"mlib","log","none","pooled_cl","no_bailout","n_cy","beta","unemp",-0.240379986674498,0.123629333341963,-1.94436045375735,187,190,-0.140769881591447,-0.484267409197843,0.00350743584884752,FALSE,FALSE,FALSE,FALSE
"mlib","log","none","pooled_cl","no_GR_ES","none","beta","unemp",-0.00643670536138421,0.128883928752245,-0.0499418773442077,247,250,-0.00317770951473338,-0.260288393137795,0.247414982415027,FALSE,FALSE,FALSE,FALSE
"mlib","log","none","pooled_cl","no_GR_ES","n_cy","beta","unemp",-0.0976102649333212,0.118154176524473,-0.826126234421376,247,250,-0.052492682408572,-0.330328474402451,0.135107944535809,FALSE,FALSE,FALSE,FALSE
"mlib","log","growth","fe_twoway","all","none","beta","unemp",0.059562049789304,0.0500167875415928,1.19084116987269,231,270,0.0781121991373332,-0.0389853594440779,0.158109459022686,FALSE,FALSE,TRUE,FALSE
"mlib","log","growth","fe_twoway","all","n_cy","beta","unemp",0.0221718806992696,0.0467681315477744,0.474080959950701,231,270,0.0311770738469999,-0.0699747449688928,0.114318506367432,FALSE,FALSE,TRUE,FALSE
"mlib","log","growth","fe_twoway","y2004_2008","none","beta","unemp",0.371618233050181,0.0936697068854115,3.96732567450853,101,135,0.367188115744681,0.185802731463826,0.557433734636536,FALSE,TRUE,TRUE,FALSE
"mlib","log","growth","fe_twoway","y2004_2008","n_cy","beta","unemp",0.32729179977913,0.0876615859714773,3.7335829160748,101,135,0.348249804870662,0.153394793919252,0.501188805639008,FALSE,TRUE,TRUE,FALSE
"mlib","log","growth","fe_twoway","y2009_2013","none","beta","unemp",0.0914178115874622,0.0812800679536759,1.12472607232027,101,135,0.111220087588365,-0.0698199791345831,0.252655602309507,FALSE,FALSE,TRUE,FALSE
"mlib","log","growth","fe_twoway","y2009_2013","n_cy","beta","unemp",0.0808045310700579,0.0802229250507503,1.00724987301248,101,135,0.0997254850452148,-0.0783361725008993,0.239945234641015,FALSE,FALSE,TRUE,FALSE
"mlib","log","growth","fe_twoway","no_bailout","none","beta","unemp",-0.0686877414492045,0.0595032412142485,-1.15435294023541,159,190,-0.0911649272361878,-0.186206417494735,0.0488309345963257,FALSE,FALSE,FALSE,FALSE
"mlib","log","growth","fe_twoway","no_bailout","n_cy","beta","unemp",-0.0901958140308476,0.0542657847943442,-1.66211203565323,159,190,-0.130683637088215,-0.197370533482532,0.016978905420837,FALSE,FALSE,FALSE,FALSE
"mlib","log","growth","fe_twoway","no_GR_ES","none","beta","unemp",0.00996641497405553,0.0511942982861867,0.194678222139919,213,250,0.0133379454121369,-0.0909459369494115,0.110878766897523,FALSE,FALSE,TRUE,FALSE
"mlib","log","growth","fe_twoway","no_GR_ES","n_cy","beta","unemp",-0.0265412717861879,0.0474437685952888,-0.559425875557943,213,250,-0.0383031006701,-0.120060715031592,0.0669781714592159,FALSE,FALSE,FALSE,FALSE
"mlib","log","growth","fe_country","all","none","beta","unemp",0.331401188064968,0.0551479200463251,6.00931436374366,240,270,0.36164494055603,0.222765430786314,0.440036945343622,FALSE,TRUE,TRUE,FALSE
"mlib","log","growth","fe_country","all","n_cy","beta","unemp",0.27159939572367,0.0539816505979964,5.03132810343801,240,270,0.308888927683902,0.165261069873141,0.3779377215742,FALSE,TRUE,TRUE,FALSE
"mlib","log","growth","fe_country","y2004_2008","none","beta","unemp",0.276841670919559,0.0700205210389484,3.95372194910644,105,135,0.359977211583036,0.138003912324445,0.415679429514674,FALSE,TRUE,TRUE,FALSE
"mlib","log","growth","fe_country","y2004_2008","n_cy","beta","unemp",0.205312860108723,0.0681568170300168,3.01235986443295,105,135,0.282041440157593,0.0701704822883512,0.340455237929095,FALSE,TRUE,TRUE,FALSE
"mlib","log","growth","fe_country","y2009_2013","none","beta","unemp",0.399419563854332,0.101725868298037,3.92643061727535,105,135,0.357811490534704,0.197715958452921,0.601123169255743,FALSE,TRUE,TRUE,FALSE
"mlib","log","growth","fe_country","y2009_2013","n_cy","beta","unemp",0.290790099135337,0.107666176129432,2.70084913934122,105,135,0.254871290108294,0.0773079606347916,0.504272237635883,FALSE,TRUE,TRUE,FALSE
"mlib","log","growth","fe_country","no_bailout","none","beta","unemp",0.207426613672607,0.0729629473513719,2.84290343526956,168,190,0.214241945680135,0.0633842435093588,0.351468983835855,FALSE,TRUE,TRUE,FALSE
"mlib","log","growth","fe_country","no_bailout","n_cy","beta","unemp",0.14809258958356,0.0698937244475172,2.11882527013941,168,190,0.161329546243509,0.0101094338254194,0.2860757453417,FALSE,TRUE,TRUE,FALSE
"mlib","log","growth","fe_country","no_GR_ES","none","beta","unemp",0.271052952626542,0.0578601890502841,4.6846192014855,222,250,0.299935415327114,0.157027450170511,0.385078455082573,FALSE,TRUE,TRUE,FALSE
"mlib","log","growth","fe_country","no_GR_ES","n_cy","beta","unemp",0.209083269097209,0.0562366346149267,3.71791929813866,222,250,0.242106778386449,0.0982573173736419,0.319909220820775,FALSE,TRUE,TRUE,FALSE
"mlib","log","growth","re","all","none","beta","unemp",0.308249438662034,0.0572844981360076,5.38102713111274,267,270,0.312789386770276,0.195462642039331,0.421036235284737,FALSE,TRUE,TRUE,FALSE
"mlib","log","growth","re","y2004_2008","none","beta","unemp",0.251934797403471,0.0766689279942,3.28600913035499,132,135,0.274984314881433,0.10027607972658,0.403593515080361,FALSE,TRUE,TRUE,FALSE
"mlib","log","growth","re","y2009_2013","none","beta","unemp",0.270197407308481,0.107736806920954,2.50793962648925,132,135,0.21326621646474,0.05708335430554,0.483311460311423,FALSE,TRUE,TRUE,FALSE
"mlib","log","growth","re","no_bailout","none","beta","unemp",0.180619792432705,0.0745093106156938,2.42412378990206,187,190,0.174548159900795,0.0336329631032221,0.327606621762188,FALSE,TRUE,TRUE,FALSE
"mlib","log","growth","re","no_GR_ES","none","beta","unemp",0.254239788128135,0.0597612588946891,4.2542575713834,247,250,0.261288307241897,0.136533130820828,0.371946445435442,FALSE,TRUE,TRUE,FALSE
"mlib","log","growth","pooled_cl","all","none","beta","unemp",-0.0844029896915356,0.122181260168392,-0.690801433666751,266,270,-0.0423178111998349,-0.324968400428818,0.156162421045747,FALSE,FALSE,FALSE,FALSE
"mlib","log","growth","pooled_cl","all","n_cy","beta","unemp",-0.1628825376696,0.113752722348709,-1.43190012780779,266,270,-0.0874590082426014,-0.386852812133837,0.0610877367946366,FALSE,FALSE,FALSE,FALSE
"mlib","log","growth","pooled_cl","y2004_2008","none","beta","unemp",-0.0942666493951876,0.179123463811311,-0.526266338253086,131,135,-0.0459315755195827,-0.448615588787159,0.260082289996784,FALSE,FALSE,FALSE,FALSE
"mlib","log","growth","pooled_cl","y2004_2008","n_cy","beta","unemp",-0.150551791442625,0.184976310064686,-0.813897689871624,131,135,-0.070931457457018,-0.516479056857213,0.215375473971963,FALSE,FALSE,FALSE,FALSE
"mlib","log","growth","pooled_cl","y2009_2013","none","beta","unemp",-0.217236651882829,0.150394782605378,-1.44444274009716,131,135,-0.125208400464474,-0.514753406931962,0.0802801031663035,FALSE,FALSE,FALSE,FALSE
"mlib","log","growth","pooled_cl","y2009_2013","n_cy","beta","unemp",-0.363994636477378,0.152016048848824,-2.39444873902335,131,135,-0.204770910642809,-0.664718642891648,-0.0632706300631081,FALSE,TRUE,FALSE,FALSE
"mlib","log","growth","pooled_cl","no_bailout","none","beta","unemp",-0.180149366456472,0.142490281594014,-1.26429230429733,186,190,-0.0923066285429293,-0.461254210228385,0.100955477315441,FALSE,FALSE,FALSE,FALSE
"mlib","log","growth","pooled_cl","no_bailout","n_cy","beta","unemp",-0.235705702714158,0.118141443104417,-1.99511447059127,186,190,-0.144748251479662,-0.468775155138138,-0.0026362502901775,FALSE,TRUE,FALSE,FALSE
"mlib","log","growth","pooled_cl","no_GR_ES","none","beta","unemp",-0.0492881381650888,0.127088889752725,-0.387824130504154,246,250,-0.0247192077716892,-0.299609300612486,0.201033024282309,FALSE,FALSE,FALSE,FALSE
"mlib","log","growth","pooled_cl","no_GR_ES","n_cy","beta","unemp",-0.125945554131142,0.113868182231906,-1.10606450074559,246,250,-0.0703453970255705,-0.350226494798119,0.0983353865358354,FALSE,FALSE,FALSE,FALSE
"mpos","raw","none","fe_twoway","all","none","beta","unemp",-0.0206058110455439,0.003882195261187,-5.30777296329076,232,270,-0.329064991705561,-0.0282546749536575,-0.0129569471374302,TRUE,TRUE,TRUE,FALSE
"mpos","raw","none","fe_twoway","all","n_cy","beta","unemp",-0.0176819406122845,0.00364326201708341,-4.8533266422709,232,270,-0.303597029287085,-0.0248600482229126,-0.0105038330016565,TRUE,TRUE,TRUE,FALSE
"mpos","raw","none","fe_twoway","y2004_2008","none","beta","unemp",-0.0339878693867301,0.00836551444674926,-4.06285466399946,102,135,-0.373215501130393,-0.0505808276272966,-0.0173949111461637,TRUE,TRUE,TRUE,FALSE
"mpos","raw","none","fe_twoway","y2004_2008","n_cy","beta","unemp",-0.0289409628120587,0.0081487162949053,-3.55159779340373,102,135,-0.331745646861538,-0.0451039029463774,-0.0127780226777399,TRUE,TRUE,TRUE,FALSE
"mpos","raw","none","fe_twoway","y2009_2013","none","beta","unemp",-0.0350630154748754,0.00534303614651528,-6.56237661759847,102,135,-0.544854006760991,-0.0456609023378185,-0.0244651286119322,TRUE,TRUE,TRUE,FALSE
"mpos","raw","none","fe_twoway","y2009_2013","n_cy","beta","unemp",-0.0291984865276224,0.00519296318897458,-5.62270238880473,102,135,-0.486427189957589,-0.0394987043908451,-0.0188982686643998,TRUE,TRUE,TRUE,FALSE
"mpos","raw","none","fe_twoway","no_bailout","none","beta","unemp",-0.00042834421200794,0.00571701431338002,-0.0749244603088449,160,190,-0.00592319476775434,-0.011718884698049,0.0108621962740331,TRUE,FALSE,TRUE,FALSE
"mpos","raw","none","fe_twoway","no_bailout","n_cy","beta","unemp",0.000568165357463393,0.00532816799992786,0.10663427982584,160,190,0.00842988048075685,-0.00995444193754046,0.0110907726524672,TRUE,FALSE,FALSE,FALSE
"mpos","raw","none","fe_twoway","no_GR_ES","none","beta","unemp",-0.0163506180602846,0.00468757782816357,-3.48807393917772,214,250,-0.231937723589674,-0.0255903554885461,-0.00711088063202322,TRUE,TRUE,TRUE,FALSE
"mpos","raw","none","fe_twoway","no_GR_ES","n_cy","beta","unemp",-0.0107583424346848,0.00434479646098573,-2.4761441718363,214,250,-0.166891815209874,-0.0193224196511851,-0.0021942652181845,TRUE,TRUE,TRUE,FALSE
"mpos","raw","none","fe_country","all","none","beta","unemp",-0.0373041644169464,0.00387887117513528,-9.61727335934154,241,270,-0.526634473928976,-0.0449449828991465,-0.0296633459347462,TRUE,TRUE,TRUE,FALSE
"mpos","raw","none","fe_country","all","n_cy","beta","unemp",-0.0337842110388387,0.00370437098982892,-9.12009383822513,241,270,-0.506534234153396,-0.0410812892469139,-0.0264871328307634,TRUE,TRUE,TRUE,FALSE
"mpos","raw","none","fe_country","y2004_2008","none","beta","unemp",-0.0361564553342472,0.00701709410224261,-5.15262511909194,106,135,-0.447547798047003,-0.0500685268869043,-0.0222443837815902,TRUE,TRUE,TRUE,FALSE
"mpos","raw","none","fe_country","y2004_2008","n_cy","beta","unemp",-0.032433313158504,0.00686525488416784,-4.72426933970061,106,135,-0.417051453248799,-0.0460443486931774,-0.0188222776238306,TRUE,TRUE,TRUE,FALSE
"mpos","raw","none","fe_country","y2009_2013","none","beta","unemp",-0.0521426694250366,0.00656788930894198,-7.93902987281559,106,135,-0.610643668984376,-0.0651641487845238,-0.0391211900655493,TRUE,TRUE,TRUE,FALSE
"mpos","raw","none","fe_country","y2009_2013","n_cy","beta","unemp",-0.043141102044691,0.00654122173477734,-6.59526672445991,106,135,-0.539405457433858,-0.0561097103446615,-0.0301724937447204,TRUE,TRUE,TRUE,FALSE
"mpos","raw","none","fe_country","no_bailout","none","beta","unemp",-0.0219913127796545,0.00623371421860672,-3.52780252806804,169,190,-0.261897466382965,-0.0342972908075633,-0.00968533475174558,TRUE,TRUE,TRUE,FALSE
"mpos","raw","none","fe_country","no_bailout","n_cy","beta","unemp",-0.019396827759989,0.00588168509880813,-3.29783513298248,169,190,-0.245891021914523,-0.031007864945006,-0.00778579057497196,TRUE,TRUE,TRUE,FALSE
"mpos","raw","none","fe_country","no_GR_ES","none","beta","unemp",-0.0350127002112516,0.00475479691888481,-7.3636583872153,223,250,-0.442260995377264,-0.0443827833664065,-0.0256426170560968,TRUE,TRUE,TRUE,FALSE
"mpos","raw","none","fe_country","no_GR_ES","n_cy","beta","unemp",-0.0287851517744363,0.0045173953075056,-6.37206837458082,223,250,-0.392468714333258,-0.0376873973168098,-0.0198829062320627,TRUE,TRUE,TRUE,FALSE
"mpos","raw","none","re","all","none","beta","unemp",-0.035773963650647,0.00405516673536049,-8.821823117334,268,270,-0.474384430865488,-0.043757999656481,-0.0277899276448131,TRUE,TRUE,TRUE,FALSE
"mpos","raw","none","re","y2004_2008","none","beta","unemp",-0.0319190455164337,0.00770297417699356,-4.14373004284061,133,135,-0.338142019925318,-0.0471552300574111,-0.0166828609754562,TRUE,TRUE,TRUE,FALSE
"mpos","raw","none","re","y2009_2013","none","beta","unemp",-0.0446678251775569,0.00717099724665585,-6.22895583991298,133,135,-0.475229957847282,-0.0588517799568955,-0.0304838703982183,TRUE,TRUE,TRUE,FALSE
"mpos","raw","none","re","no_bailout","none","beta","unemp",-0.0193576792747017,0.00646725518673604,-2.99318315355843,188,190,-0.213277586069728,-0.0321153923036853,-0.00659996624571807,TRUE,TRUE,TRUE,FALSE
"mpos","raw","none","re","no_GR_ES","none","beta","unemp",-0.0333050494870141,0.00495797996162106,-6.71746351232221,248,250,-0.392355181894196,-0.043070166110589,-0.0235399328634393,TRUE,TRUE,TRUE,FALSE
"mpos","raw","none","pooled_cl","all","none","beta","unemp",-0.00727550037592165,0.0106209719245661,-0.685012673754793,267,270,-0.0418853050648303,-0.0281870111575533,0.01363601040571,TRUE,FALSE,TRUE,FALSE
"mpos","raw","none","pooled_cl","all","n_cy","beta","unemp",-0.00095789832770612,0.0114967609985193,-0.0833189737378634,267,270,-0.00509897209834919,-0.0235937402527095,0.0216779435972973,TRUE,FALSE,TRUE,FALSE
"mpos","raw","none","pooled_cl","y2004_2008","none","beta","unemp",0.0145662216977096,0.0146912364952561,0.991490519018811,132,135,0.0859786091446952,-0.0144944961999899,0.043626939595409,TRUE,FALSE,FALSE,FALSE
"mpos","raw","none","pooled_cl","y2004_2008","n_cy","beta","unemp",0.0166058292799111,0.0180080605300102,0.922133133228741,132,135,0.0800041119701092,-0.0190158943998015,0.0522275529596236,TRUE,FALSE,FALSE,FALSE
"mpos","raw","none","pooled_cl","y2009_2013","none","beta","unemp",-0.00371225673729055,0.0119586271378137,-0.310424992309714,132,135,-0.0270091705809705,-0.0273676032296022,0.0199430897550211,TRUE,FALSE,TRUE,FALSE
"mpos","raw","none","pooled_cl","y2009_2013","n_cy","beta","unemp",0.00460065765511006,0.0133011848661365,0.345883295466623,132,135,0.0300916432982376,-0.0217104007248132,0.0309117160350333,TRUE,FALSE,FALSE,FALSE
"mpos","raw","none","pooled_cl","no_bailout","none","beta","unemp",0.0297325067704344,0.0148286384999617,2.00507327564235,187,190,0.145074294005041,0.000479591418357916,0.058985422122511,TRUE,TRUE,FALSE,FALSE
"mpos","raw","none","pooled_cl","no_bailout","n_cy","beta","unemp",0.0363249947330603,0.0147114344097961,2.4691674327061,187,190,0.177690011521582,0.00730329152689596,0.0653466979392247,TRUE,TRUE,FALSE,FALSE
"mpos","raw","none","pooled_cl","no_GR_ES","none","beta","unemp",0.00237864262222327,0.0143615092968738,0.165626228626337,247,250,0.0105379594009139,-0.025907997995601,0.0306652832400476,TRUE,FALSE,FALSE,FALSE
"mpos","raw","none","pooled_cl","no_GR_ES","n_cy","beta","unemp",0.011004784146385,0.0143687652755546,0.765882379963944,247,250,0.0486741674048742,-0.0172961479541123,0.0393057162468824,TRUE,FALSE,FALSE,FALSE
"mpos","raw","growth","fe_twoway","all","none","beta","unemp",-0.0175403503079963,0.00415230877303581,-4.22424036042297,231,270,-0.267784141836301,-0.0257215888887316,-0.00935911172726093,TRUE,TRUE,TRUE,FALSE
"mpos","raw","growth","fe_twoway","all","n_cy","beta","unemp",-0.0147033671634428,0.00385788911563977,-3.81124670064668,231,270,-0.243230856802719,-0.0223045146209801,-0.00710221970590551,TRUE,TRUE,TRUE,FALSE
"mpos","raw","growth","fe_twoway","y2004_2008","none","beta","unemp",-0.0365909701686115,0.0086229165114875,-4.24345638971047,101,135,-0.388985696141974,-0.0536965169883471,-0.019485423348876,TRUE,TRUE,TRUE,FALSE
"mpos","raw","growth","fe_twoway","y2004_2008","n_cy","beta","unemp",-0.0323842271529578,0.00833674091652739,-3.88451883982106,101,135,-0.360529483841985,-0.0489220785726817,-0.0158463757332339,TRUE,TRUE,TRUE,FALSE
"mpos","raw","growth","fe_twoway","y2009_2013","none","beta","unemp",-0.0296748944583667,0.00558247310583409,-5.3157254671508,101,135,-0.467558130002766,-0.0407490194315756,-0.0186007694851577,TRUE,TRUE,TRUE,FALSE
"mpos","raw","growth","fe_twoway","y2009_2013","n_cy","beta","unemp",-0.024499509485268,0.00530046622845279,-4.62214236056351,101,135,-0.417845885338551,-0.0350142086727689,-0.013984810297767,TRUE,TRUE,TRUE,FALSE
"mpos","raw","growth","fe_twoway","no_bailout","none","beta","unemp",-0.00138364761153931,0.00598864398190723,-0.231045227553944,159,190,-0.0183200033314948,-0.0132111967954188,0.0104439015723402,TRUE,FALSE,TRUE,FALSE
"mpos","raw","growth","fe_twoway","no_bailout","n_cy","beta","unemp",-7.67181530289371e-05,0.0055456060231555,-0.0138340431521105,159,190,-0.00109711032559784,-0.0110292690462615,0.0108758327402037,TRUE,FALSE,TRUE,FALSE
"mpos","raw","growth","fe_twoway","no_GR_ES","none","beta","unemp",-0.0138483168467279,0.00505434540041316,-2.73988335771351,213,250,-0.184510430719147,-0.0238112599646897,-0.00388537372876601,TRUE,TRUE,TRUE,FALSE
"mpos","raw","growth","fe_twoway","no_GR_ES","n_cy","beta","unemp",-0.00863095152490457,0.00458702107906483,-1.88160276051406,213,250,-0.127866990946113,-0.017672721817825,0.000410818768015877,TRUE,FALSE,TRUE,FALSE
"mpos","raw","growth","fe_country","all","none","beta","unemp",-0.0365227134054622,0.00419011780004369,-8.71639298663187,240,270,-0.49035441861319,-0.044776816550461,-0.0282686102604634,TRUE,TRUE,TRUE,FALSE
"mpos","raw","growth","fe_country","all","n_cy","beta","unemp",-0.0320259408530087,0.00394027633198116,-8.12784133769272,240,270,-0.464590847376616,-0.0397878818809271,-0.0242639998250904,TRUE,TRUE,TRUE,FALSE
"mpos","raw","growth","fe_country","y2004_2008","none","beta","unemp",-0.0361203722528511,0.00702335844924129,-5.14289175383794,105,135,-0.448567893875209,-0.0500463946593442,-0.0221943498463579,TRUE,TRUE,TRUE,FALSE
"mpos","raw","growth","fe_country","y2004_2008","n_cy","beta","unemp",-0.0323729368299331,0.00686876534647682,-4.71306489550383,105,135,-0.417866644216105,-0.0459924296710415,-0.0187534439888247,TRUE,TRUE,TRUE,FALSE
"mpos","raw","growth","fe_country","y2009_2013","none","beta","unemp",-0.0535196537520759,0.00633584065131542,-8.44712749222383,105,135,-0.636086879364598,-0.0660824553678356,-0.0409568521363161,TRUE,TRUE,TRUE,FALSE
"mpos","raw","growth","fe_country","y2009_2013","n_cy","beta","unemp",-0.0444430977079626,0.00643069808029613,-6.91108448150252,105,135,-0.559161146202051,-0.0571939840827383,-0.031692211333187,TRUE,TRUE,TRUE,FALSE
"mpos","raw","growth","fe_country","no_bailout","none","beta","unemp",-0.0224403437405996,0.00637326007162179,-3.52101491048823,168,190,-0.262151623406412,-0.0350223393933004,-0.00985834808789882,TRUE,TRUE,TRUE,FALSE
"mpos","raw","growth","fe_country","no_bailout","n_cy","beta","unemp",-0.0193765226577798,0.00595222278850082,-3.2553423059388,168,190,-0.243589898390157,-0.0311273127412239,-0.00762573257433563,TRUE,TRUE,TRUE,FALSE
"mpos","raw","growth","fe_country","no_GR_ES","none","beta","unemp",-0.0339466396921669,0.005077553357496,-6.68562933800613,222,250,-0.40938573807332,-0.0439530116439181,-0.0239402677404156,TRUE,TRUE,TRUE,FALSE
"mpos","raw","growth","fe_country","no_GR_ES","n_cy","beta","unemp",-0.0273434890383195,0.0047067584340337,-5.80940989888152,222,250,-0.36326607511166,-0.0366191326922563,-0.0180678453843826,TRUE,TRUE,TRUE,FALSE
"mpos","raw","growth","re","all","none","beta","unemp",-0.0344817758855165,0.00438106680444368,-7.87063457935449,267,270,-0.43395715945015,-0.043107608470976,-0.0258559433000571,TRUE,TRUE,TRUE,FALSE
"mpos","raw","growth","re","y2004_2008","none","beta","unemp",-0.0316871994877368,0.00771646089579207,-4.10644204845468,132,135,-0.33656775806045,-0.0469511218494559,-0.0164232771260177,TRUE,TRUE,TRUE,FALSE
"mpos","raw","growth","re","y2009_2013","none","beta","unemp",-0.046747163486996,0.00693212356708511,-6.74355600193847,132,135,-0.506197162157765,-0.0604595890871219,-0.03303473788687,TRUE,TRUE,TRUE,FALSE
"mpos","raw","growth","re","no_bailout","none","beta","unemp",-0.0195098079612705,0.00661357550364981,-2.94996374510334,187,190,-0.210871908723501,-0.0325566135991135,-0.00646300232342758,TRUE,TRUE,TRUE,FALSE
"mpos","raw","growth","re","no_GR_ES","none","beta","unemp",-0.0317043283220953,0.0052908720966266,-5.99226890068078,247,250,-0.356261774923805,-0.0421253080713985,-0.0212833485727921,TRUE,TRUE,TRUE,FALSE
"mpos","raw","growth","pooled_cl","all","none","beta","unemp",-0.00089116793707436,0.0101263177458336,-0.0880051327088786,266,270,-0.00539586234116809,-0.0208291010081959,0.0190467651340472,TRUE,FALSE,TRUE,FALSE
"mpos","raw","growth","pooled_cl","all","n_cy","beta","unemp",0.00503509840112978,0.0107930716231899,0.466512090062611,266,270,0.0285919972938626,-0.0162156212638265,0.026285818066086,TRUE,FALSE,FALSE,FALSE
"mpos","raw","growth","pooled_cl","y2004_2008","none","beta","unemp",0.00830151118893224,0.0130703469657118,0.635140842910296,131,135,0.0554072675798637,-0.0175547528997516,0.0341577752776161,TRUE,FALSE,FALSE,FALSE
"mpos","raw","growth","pooled_cl","y2004_2008","n_cy","beta","unemp",0.00977911104115085,0.0163044025223044,0.599783465096196,131,135,0.0523315199052705,-0.0224748863875964,0.0420331084698982,TRUE,FALSE,FALSE,FALSE
"mpos","raw","growth","pooled_cl","y2009_2013","none","beta","unemp",-0.00385164234904734,0.0119634237615743,-0.321951510354299,131,135,-0.0281179122196674,-0.0275181482953379,0.0198148635972432,TRUE,FALSE,TRUE,FALSE
"mpos","raw","growth","pooled_cl","y2009_2013","n_cy","beta","unemp",0.00547022014687035,0.0131083221231357,0.417308950412169,131,135,0.0364362418044165,-0.0204611678617627,0.0314016081555034,TRUE,FALSE,FALSE,FALSE
"mpos","raw","growth","pooled_cl","no_bailout","none","beta","unemp",0.0299473279909304,0.0149065980901158,2.00899815034174,186,190,0.145734210502326,0.000539589579465739,0.0593550664023951,TRUE,TRUE,FALSE,FALSE
"mpos","raw","growth","pooled_cl","no_bailout","n_cy","beta","unemp",0.0351362525448339,0.0147382679001423,2.38401505406852,186,190,0.172193437782762,0.00606059595133794,0.0642119091383299,TRUE,TRUE,FALSE,FALSE
"mpos","raw","growth","pooled_cl","no_GR_ES","none","beta","unemp",0.00735103683512878,0.0134969403311993,0.544644686480257,246,250,0.0347043591668482,-0.0192332680538557,0.0339353417241132,TRUE,FALSE,FALSE,FALSE
"mpos","raw","growth","pooled_cl","no_GR_ES","n_cy","beta","unemp",0.013974391718946,0.0136824913239454,1.02133386297054,246,250,0.0649802454034538,-0.0129753844577948,0.0409241678956869,TRUE,FALSE,FALSE,FALSE
"mpos","log","none","fe_twoway","all","none","beta","unemp",-0.228732731456216,0.0431788022742724,-5.29733849501664,232,270,-0.328487952994623,-0.313805418451943,-0.143660044460488,TRUE,TRUE,TRUE,FALSE
"mpos","log","none","fe_twoway","all","n_cy","beta","unemp",-0.189884434700083,0.0402508395683316,-4.71752730468459,232,270,-0.29585547926589,-0.269188326784931,-0.110580542615235,TRUE,TRUE,TRUE,FALSE
"mpos","log","none","fe_twoway","y2004_2008","none","beta","unemp",-0.334021679785434,0.0740754512459625,-4.50920884270198,102,135,-0.40768863048291,-0.480949986107706,-0.187093373463161,TRUE,TRUE,TRUE,FALSE
"mpos","log","none","fe_twoway","y2004_2008","n_cy","beta","unemp",-0.30334480831482,0.0714461333548289,-4.24578341851326,102,135,-0.387542151165783,-0.445057875066774,-0.161631741562866,TRUE,TRUE,TRUE,FALSE
"mpos","log","none","fe_twoway","y2009_2013","none","beta","unemp",-0.405376932784376,0.0705063763135685,-5.74950740598995,102,135,-0.494734678161496,-0.54522599590079,-0.265527869667963,TRUE,TRUE,TRUE,FALSE
"mpos","log","none","fe_twoway","y2009_2013","n_cy","beta","unemp",-0.348306798565798,0.0701744474120789,-4.96344198509279,102,135,-0.441067213310772,-0.487497482279927,-0.20911611485167,TRUE,TRUE,TRUE,FALSE
"mpos","log","none","fe_twoway","no_bailout","none","beta","unemp",-0.0329509655169054,0.0527244923430049,-0.62496505992963,160,190,-0.049347630826707,-0.137076647695356,0.071174716661545,TRUE,FALSE,TRUE,FALSE
"mpos","log","none","fe_twoway","no_bailout","n_cy","beta","unemp",-0.0284836615281001,0.0486817416804875,-0.585099475590801,160,190,-0.0462067686493749,-0.124625309116451,0.0676579860602505,TRUE,FALSE,TRUE,FALSE
"mpos","log","none","fe_twoway","no_GR_ES","none","beta","unemp",-0.189626038932347,0.044019975869167,-4.30772700775528,214,250,-0.282477538791629,-0.276394308930085,-0.102857768934609,TRUE,TRUE,TRUE,FALSE
"mpos","log","none","fe_twoway","no_GR_ES","n_cy","beta","unemp",-0.137334569176244,0.0407310374739104,-3.3717424768326,214,250,-0.224598912005828,-0.217619975677334,-0.0570491626751543,TRUE,TRUE,TRUE,FALSE
"mpos","log","none","fe_country","all","none","beta","unemp",-0.403628996720799,0.0404403565664071,-9.98084663417841,241,270,-0.54079669838094,-0.483290684342737,-0.323967309098861,TRUE,TRUE,TRUE,FALSE
"mpos","log","none","fe_country","all","n_cy","beta","unemp",-0.361012455969835,0.0387666767720895,-9.31244269639718,241,270,-0.514411995650563,-0.437377235051041,-0.28464767688863,TRUE,TRUE,TRUE,FALSE
"mpos","log","none","fe_country","y2004_2008","none","beta","unemp",-0.338153812848756,0.0600492686221809,-5.6312727966157,106,135,-0.479868102320274,-0.457207328390113,-0.219100297307399,TRUE,TRUE,TRUE,FALSE
"mpos","log","none","fe_country","y2004_2008","n_cy","beta","unemp",-0.31218494749697,0.0583161235922189,-5.35332131607295,106,135,-0.461325171840694,-0.427802334447682,-0.196567560546259,TRUE,TRUE,TRUE,FALSE
"mpos","log","none","fe_country","y2009_2013","none","beta","unemp",-0.638337691251396,0.0845833990550879,-7.54684368779807,106,135,-0.591196303472998,-0.806032506608832,-0.47064287589396,TRUE,TRUE,TRUE,FALSE
"mpos","log","none","fe_country","y2009_2013","n_cy","beta","unemp",-0.538013705877634,0.087440526217114,-6.15291020255015,106,135,-0.512994972595204,-0.711373053723019,-0.36465435803225,TRUE,TRUE,TRUE,FALSE
"mpos","log","none","fe_country","no_bailout","none","beta","unemp",-0.248517001337598,0.0537459438279362,-4.62392105594437,169,190,-0.335118970196402,-0.354616893094207,-0.142417109580989,TRUE,TRUE,TRUE,FALSE
"mpos","log","none","fe_country","no_bailout","n_cy","beta","unemp",-0.224378169343556,0.0505051984020683,-4.44267474324717,169,190,-0.323381806038863,-0.324080504105053,-0.124675834582059,TRUE,TRUE,TRUE,FALSE
"mpos","log","none","fe_country","no_GR_ES","none","beta","unemp",-0.361168306064537,0.0420139038817157,-8.5963995890826,223,250,-0.49889930148687,-0.443963382228735,-0.278373229900339,TRUE,TRUE,TRUE,FALSE
"mpos","log","none","fe_country","no_GR_ES","n_cy","beta","unemp",-0.304699769426752,0.0401593639683505,-7.58726581593485,223,250,-0.452967781710598,-0.383840179892449,-0.225559358961055,TRUE,TRUE,TRUE,FALSE
"mpos","log","none","re","all","none","beta","unemp",-0.385141639222582,0.0423636790454031,-9.09131708815487,268,270,-0.485499309445602,-0.468549587874544,-0.30173369057062,TRUE,TRUE,TRUE,FALSE
"mpos","log","none","re","y2004_2008","none","beta","unemp",-0.299610780320949,0.0658466313145728,-4.5501307255887,133,135,-0.367013236673832,-0.429852866437107,-0.169368694204791,TRUE,TRUE,TRUE,FALSE
"mpos","log","none","re","y2009_2013","none","beta","unemp",-0.519737743482054,0.0928801228330827,-5.59579087138039,133,135,-0.436541641862745,-0.703451028657031,-0.336024458307077,TRUE,TRUE,TRUE,FALSE
"mpos","log","none","re","no_bailout","none","beta","unemp",-0.225601676048179,0.0559882424340923,-4.02944736680653,188,190,-0.281954392650769,-0.336047593109912,-0.115155758986446,TRUE,TRUE,TRUE,FALSE
"mpos","log","none","re","no_GR_ES","none","beta","unemp",-0.345328994019593,0.0439592135626718,-7.8556681530998,248,250,-0.446379712314004,-0.431909990805182,-0.258747997234005,TRUE,TRUE,TRUE,FALSE
"mpos","log","none","pooled_cl","all","none","beta","unemp",-0.05203292396892,0.114519496638639,-0.454358650676816,267,270,-0.0277955543020139,-0.277509057949356,0.173443210011516,TRUE,FALSE,TRUE,FALSE
"mpos","log","none","pooled_cl","all","n_cy","beta","unemp",0.0148000314839138,0.120493583995028,0.122828378019899,267,270,0.00751676229615927,-0.222438415122035,0.252038478089863,TRUE,FALSE,FALSE,FALSE
"mpos","log","none","pooled_cl","y2004_2008","none","beta","unemp",0.104694280403275,0.137588222279117,0.760924726470328,132,135,0.0660852164566237,-0.167468822749443,0.376857383555994,TRUE,FALSE,FALSE,FALSE
"mpos","log","none","pooled_cl","y2004_2008","n_cy","beta","unemp",0.12576804329489,0.165687758159764,0.759066600283273,132,135,0.0659245430740081,-0.201978719241944,0.453514805831723,TRUE,FALSE,FALSE,FALSE
"mpos","log","none","pooled_cl","y2009_2013","none","beta","unemp",3.39534683703107e-05,0.151462747543783,0.000224170424219301,132,135,1.95115309876312e-05,-0.299574332042632,0.299642238979372,TRUE,FALSE,FALSE,FALSE
"mpos","log","none","pooled_cl","y2009_2013","n_cy","beta","unemp",0.104174693766434,0.15746181184743,0.661587038432992,132,135,0.0574885265117761,-0.20730033389624,0.415649721429109,TRUE,FALSE,FALSE,FALSE
"mpos","log","none","pooled_cl","no_bailout","none","beta","unemp",0.220263637283315,0.145038526341482,1.51865606221564,187,190,0.110376565376655,-0.0658583646704222,0.506385639237052,TRUE,FALSE,FALSE,FALSE
"mpos","log","none","pooled_cl","no_bailout","n_cy","beta","unemp",0.279372292543011,0.142732467371575,1.95731425153412,187,190,0.141688957608111,-0.0022004753159186,0.560945060401941,TRUE,FALSE,FALSE,FALSE
"mpos","log","none","pooled_cl","no_GR_ES","none","beta","unemp",0.00484268370956968,0.133757472182728,0.0362049583514409,247,250,0.00230366022170501,-0.258608007117547,0.268293374536687,TRUE,FALSE,FALSE,FALSE
"mpos","log","none","pooled_cl","no_GR_ES","n_cy","beta","unemp",0.0827709801645184,0.135122700108741,0.612561620644849,247,250,0.0389467906451672,-0.183368683729862,0.348910644058899,TRUE,FALSE,FALSE,FALSE
"mpos","log","growth","fe_twoway","all","none","beta","unemp",-0.194857802821358,0.0460357167951589,-4.23275266220789,231,270,-0.2682849524294,-0.28556136147338,-0.104154244169335,TRUE,TRUE,TRUE,FALSE
"mpos","log","growth","fe_twoway","all","n_cy","beta","unemp",-0.157541411974853,0.0422129727882305,-3.73206153390782,231,270,-0.238467570132709,-0.240713069108171,-0.0743697548415349,TRUE,TRUE,TRUE,FALSE
"mpos","log","growth","fe_twoway","y2004_2008","none","beta","unemp",-0.365567769237112,0.0768126607260312,-4.75921242386054,101,135,-0.427994165425255,-0.517943425738851,-0.213192112735374,TRUE,TRUE,TRUE,FALSE
"mpos","log","growth","fe_twoway","y2004_2008","n_cy","beta","unemp",-0.34248218334132,0.0732681853061744,-4.67436421292746,101,135,-0.421731006282496,-0.487826554063474,-0.197137812619165,TRUE,TRUE,TRUE,FALSE
"mpos","log","growth","fe_twoway","y2009_2013","none","beta","unemp",-0.325519293715274,0.0752779857705094,-4.32422959226942,101,135,-0.395242423067309,-0.474850567928284,-0.176188019502263,TRUE,TRUE,TRUE,FALSE
"mpos","log","growth","fe_twoway","y2009_2013","n_cy","beta","unemp",-0.278339957695574,0.0723970657157188,-3.84463037201715,101,135,-0.357302127139865,-0.42195626147886,-0.134723653912288,TRUE,TRUE,TRUE,FALSE
"mpos","log","growth","fe_twoway","no_bailout","none","beta","unemp",-0.0432614490325295,0.0547840334527749,-0.789672579873511,159,190,-0.0625026643693791,-0.151459707621886,0.0649368095568274,TRUE,FALSE,TRUE,FALSE
"mpos","log","growth","fe_twoway","no_bailout","n_cy","beta","unemp",-0.0359843691158375,0.0502526102688509,-0.71606965137376,159,190,-0.0566966708877054,-0.135233084078498,0.0632643458468228,TRUE,FALSE,TRUE,FALSE
"mpos","log","growth","fe_twoway","no_GR_ES","none","beta","unemp",-0.17127220206511,0.0469417328800562,-3.64861268549116,213,250,-0.242534549308285,-0.263802050639434,-0.0787423534907869,TRUE,TRUE,TRUE,FALSE
"mpos","log","growth","fe_twoway","no_GR_ES","n_cy","beta","unemp",-0.121943080921427,0.0426146492364274,-2.86152961731264,213,250,-0.192405339055894,-0.205943538488042,-0.0379426233548115,TRUE,TRUE,TRUE,FALSE
"mpos","log","growth","fe_country","all","none","beta","unemp",-0.399261346825249,0.0439277844337672,-9.08903902101508,240,270,-0.506032757195537,-0.485794585495485,-0.312728108155012,TRUE,TRUE,TRUE,FALSE
"mpos","log","growth","fe_country","all","n_cy","beta","unemp",-0.34267186580309,0.0410652412921316,-8.34457207654955,240,270,-0.474221492681813,-0.423566187508314,-0.261777544097867,TRUE,TRUE,TRUE,FALSE
"mpos","log","growth","fe_country","y2004_2008","none","beta","unemp",-0.33785143782157,0.0600890259851436,-5.62251479837767,105,135,-0.481044344611361,-0.456996876332381,-0.21870599931076,TRUE,TRUE,TRUE,FALSE
"mpos","log","growth","fe_country","y2004_2008","n_cy","beta","unemp",-0.311686811060475,0.0583744969217957,-5.33943464177587,105,135,-0.462103320050017,-0.427432655157113,-0.195940966963836,TRUE,TRUE,TRUE,FALSE
"mpos","log","growth","fe_country","y2009_2013","none","beta","unemp",-0.65843378819873,0.0816494454597559,-8.06415505324239,105,135,-0.618436808199643,-0.820329555753229,-0.49653802064423,TRUE,TRUE,TRUE,FALSE
"mpos","log","growth","fe_country","y2009_2013","n_cy","beta","unemp",-0.555186848975174,0.086072088005035,-6.45025422112099,105,135,-0.532722801657061,-0.725851899718989,-0.384521798231359,TRUE,TRUE,TRUE,FALSE
"mpos","log","growth","fe_country","no_bailout","none","beta","unemp",-0.256753426477183,0.0551336519285504,-4.65692762035642,168,190,-0.338127686325422,-0.365597465648178,-0.147909387306189,TRUE,TRUE,TRUE,FALSE
"mpos","log","growth","fe_country","no_bailout","n_cy","beta","unemp",-0.225795518093944,0.0511641107771044,-4.41316216903717,168,190,-0.322312424359465,-0.32680294790812,-0.124788088279768,TRUE,TRUE,TRUE,FALSE
"mpos","log","growth","fe_country","no_GR_ES","none","beta","unemp",-0.357708046256411,0.0449189906756816,-7.96340347090809,222,250,-0.471367590247922,-0.446230233371304,-0.269185859141517,TRUE,TRUE,TRUE,FALSE
"mpos","log","growth","fe_country","no_GR_ES","n_cy","beta","unemp",-0.294961819975673,0.0418003407924413,-7.05644533953202,222,250,-0.428022413823912,-0.37733806070225,-0.212585579249096,TRUE,TRUE,TRUE,FALSE
"mpos","log","growth","re","all","none","beta","unemp",-0.374735481222192,0.0460152551259988,-8.14372277619873,267,270,-0.446058840284298,-0.465334393498872,-0.284136568945511,TRUE,TRUE,TRUE,FALSE
"mpos","log","growth","re","y2004_2008","none","beta","unemp",-0.297822662793927,0.0659547843557916,-4.51555813126958,132,135,-0.365790839371176,-0.428287745347473,-0.16735758024038,TRUE,TRUE,TRUE,FALSE
"mpos","log","growth","re","y2009_2013","none","beta","unemp",-0.549997670904824,0.0899043940353879,-6.11758387124367,132,135,-0.469993010968703,-0.727837448630115,-0.372157893179534,TRUE,TRUE,TRUE,FALSE
"mpos","log","growth","re","no_bailout","none","beta","unemp",-0.231007193976107,0.0574558149001313,-4.02060599745456,187,190,-0.282076417042784,-0.344352063079394,-0.11766232487282,TRUE,TRUE,TRUE,FALSE
"mpos","log","growth","re","no_GR_ES","none","beta","unemp",-0.337030979219472,0.0469810589825681,-7.17376292740707,247,250,-0.415242561744995,-0.429565566205673,-0.24449639223327,TRUE,TRUE,TRUE,FALSE
"mpos","log","growth","pooled_cl","all","none","beta","unemp",0.0101914773087916,0.110097157854337,0.0925680327032185,266,270,0.00567561882734007,-0.206581274615137,0.22696422923272,TRUE,FALSE,FALSE,FALSE
"mpos","log","growth","pooled_cl","all","n_cy","beta","unemp",0.0696755877309465,0.114813943780242,0.606856497014926,266,270,0.037183028279043,-0.156384149300694,0.295735324762588,TRUE,FALSE,FALSE,FALSE
"mpos","log","growth","pooled_cl","y2004_2008","none","beta","unemp",0.0620234616130689,0.118588876274121,0.523012474371546,131,135,0.0456481777624614,-0.172573623756418,0.296620546982556,TRUE,FALSE,FALSE,FALSE
"mpos","log","growth","pooled_cl","y2004_2008","n_cy","beta","unemp",0.0776442687727794,0.147181017740028,0.527542681556435,131,135,0.0460427365888724,-0.213514892763692,0.368803430309251,TRUE,FALSE,FALSE,FALSE
"mpos","log","growth","pooled_cl","y2009_2013","none","beta","unemp",0.000402471754302726,0.151496452595571,0.00265664144214088,131,135,0.000232111834256614,-0.299293649326943,0.300098592835548,TRUE,FALSE,FALSE,FALSE
"mpos","log","growth","pooled_cl","y2009_2013","n_cy","beta","unemp",0.11392951551927,0.154716905663474,0.73637405706057,131,135,0.0642045567298056,-0.192137429934684,0.419996460973223,TRUE,FALSE,FALSE,FALSE
"mpos","log","growth","pooled_cl","no_bailout","none","beta","unemp",0.22589129114281,0.143974188968107,1.56897074928375,186,190,0.114288709880967,-0.058141005265872,0.509923587551491,TRUE,FALSE,FALSE,FALSE
"mpos","log","growth","pooled_cl","no_bailout","n_cy","beta","unemp",0.271740502947351,0.141530344863171,1.92001583271817,186,190,0.13940766184325,-0.00747057753252594,0.550951583427228,TRUE,FALSE,FALSE,FALSE
"mpos","log","growth","pooled_cl","no_GR_ES","none","beta","unemp",0.0500130326764459,0.127284906793072,0.392921941308819,246,250,0.0250439305293993,-0.200694215553073,0.300720280905965,TRUE,FALSE,FALSE,FALSE
"mpos","log","growth","pooled_cl","no_GR_ES","n_cy","beta","unemp",0.110329436470238,0.129340503260185,0.853015364013985,246,250,0.0543060175198844,-0.144426625925268,0.365085498865745,TRUE,FALSE,FALSE,FALSE
"mneg","raw","none","fe_twoway","all","none","beta","unemp",0.0292328813950959,0.00397670321335955,7.35103421771313,232,270,0.434647116282591,0.0213978139563073,0.0370679488338844,FALSE,TRUE,TRUE,FALSE
"mneg","raw","none","fe_twoway","all","n_cy","beta","unemp",0.0251562895227964,0.00371266385083551,6.77580587241561,232,270,0.406450498405328,0.0178414435088607,0.0324711355367322,FALSE,TRUE,TRUE,FALSE
"mneg","raw","none","fe_twoway","y2004_2008","none","beta","unemp",0.0473137226327657,0.00914851652230725,5.17173713545781,102,135,0.455793483193545,0.0291676834878851,0.0654597617776463,FALSE,TRUE,TRUE,FALSE
"mneg","raw","none","fe_twoway","y2004_2008","n_cy","beta","unemp",0.0426153486498226,0.00862218547749155,4.94252283960617,102,135,0.439568069250851,0.0255132846367684,0.0597174126628768,FALSE,TRUE,TRUE,FALSE
"mneg","raw","none","fe_twoway","y2009_2013","none","beta","unemp",0.0333651074209362,0.00522064820504994,6.3909894155791,102,135,0.534731739923264,0.0230099764595948,0.0437202383822776,FALSE,TRUE,TRUE,FALSE
"mneg","raw","none","fe_twoway","y2009_2013","n_cy","beta","unemp",0.0269952866939856,0.00510241553690694,5.29068761623244,102,135,0.464039393208594,0.0168746696693131,0.0371159037186581,FALSE,TRUE,TRUE,FALSE
"mneg","raw","none","fe_twoway","no_bailout","none","beta","unemp",0.00899600778986901,0.00576897650464919,1.55937674258496,160,190,0.122353308346822,-0.0023971529087706,0.0203891684885086,FALSE,FALSE,TRUE,FALSE
"mneg","raw","none","fe_twoway","no_bailout","n_cy","beta","unemp",0.00677678025687422,0.00528204584560653,1.28298399047615,160,190,0.100911042215864,-0.00365474032360984,0.0172083008373583,FALSE,FALSE,TRUE,FALSE
"mneg","raw","none","fe_twoway","no_GR_ES","none","beta","unemp",0.0240433759864237,0.0048395859335658,4.96806468910214,214,250,0.321571618269002,0.014504013670348,0.0335827383024993,FALSE,TRUE,TRUE,FALSE
"mneg","raw","none","fe_twoway","no_GR_ES","n_cy","beta","unemp",0.0172439830963959,0.00445841724923104,3.86773649311759,214,250,0.255609889551855,0.00845594666508076,0.026032019527711,FALSE,TRUE,TRUE,FALSE
"mneg","raw","none","fe_country","all","none","beta","unemp",0.0442129030053705,0.00384516291164975,11.4983172420128,241,270,0.595191739013352,0.0366384849554131,0.0517873210553278,FALSE,TRUE,TRUE,FALSE
"mneg","raw","none","fe_country","all","n_cy","beta","unemp",0.0402225384134344,0.00370099831057757,10.868023986522,241,270,0.573501361317841,0.0329321038985355,0.0475129729283333,FALSE,TRUE,TRUE,FALSE
"mneg","raw","none","fe_country","y2004_2008","none","beta","unemp",0.048923756363641,0.00754027743822159,6.48832311071831,106,135,0.533159778023107,0.0339744229616707,0.0638730897656113,FALSE,TRUE,TRUE,FALSE
"mneg","raw","none","fe_country","y2004_2008","n_cy","beta","unemp",0.0460175486247204,0.00714690956000967,6.43880382679114,106,135,0.53023786389903,0.0318481053009596,0.0601869919484813,FALSE,TRUE,TRUE,FALSE
"mneg","raw","none","fe_country","y2009_2013","none","beta","unemp",0.0485340985901014,0.00616409242218085,7.87368119521641,106,135,0.607476993520856,0.0363131858326162,0.0607550113475866,FALSE,TRUE,TRUE,FALSE
"mneg","raw","none","fe_country","y2009_2013","n_cy","beta","unemp",0.0396070126619052,0.00621084478665825,6.37707333259826,106,135,0.526568786225556,0.0272934087946261,0.0519206165291844,FALSE,TRUE,TRUE,FALSE
"mneg","raw","none","fe_country","no_bailout","none","beta","unemp",0.0298009861760011,0.00614528388896695,4.84940756431202,169,190,0.349505826901946,0.0176695785013978,0.0419323938506045,FALSE,TRUE,TRUE,FALSE
"mneg","raw","none","fe_country","no_bailout","n_cy","beta","unemp",0.0269311517242172,0.00582926255591553,4.61999291778126,169,190,0.334866214236782,0.0154236019045783,0.0384387015438562,FALSE,TRUE,TRUE,FALSE
"mneg","raw","none","fe_country","no_GR_ES","none","beta","unemp",0.0411608305077971,0.0047454592413069,8.67372964654553,223,250,0.502258859487547,0.0318091487306346,0.0505125122849597,FALSE,TRUE,TRUE,FALSE
"mneg","raw","none","fe_country","no_GR_ES","n_cy","beta","unemp",0.0345394402361223,0.00453535503386629,7.61559789216284,223,250,0.454310639172437,0.0256018021980618,0.0434770782741827,FALSE,TRUE,TRUE,FALSE
"mneg","raw","none","re","all","none","beta","unemp",0.0426065925193743,0.00403267212737694,10.5653500144798,268,270,0.542257490060304,0.0346668451388419,0.0505463398999067,FALSE,TRUE,TRUE,FALSE
"mneg","raw","none","re","y2004_2008","none","beta","unemp",0.0445992267305753,0.00827797642645414,5.38769675497606,133,135,0.42326180319492,0.0282257100133555,0.0609727434477951,FALSE,TRUE,TRUE,FALSE
"mneg","raw","none","re","y2009_2013","none","beta","unemp",0.0422455850553988,0.0068011861667628,6.21150252611107,133,135,0.474198129862567,0.0287931022671487,0.0556980678436489,FALSE,TRUE,TRUE,FALSE
"mneg","raw","none","re","no_bailout","none","beta","unemp",0.0274462280043819,0.0063585148832764,4.31645258495321,188,190,0.300281401501508,0.0149030229151913,0.0399894330935725,FALSE,TRUE,TRUE,FALSE
"mneg","raw","none","re","no_GR_ES","none","beta","unemp",0.0394182561701488,0.00494869632472702,7.96538190739015,248,250,0.451350899109623,0.0296714243717775,0.0491650879685201,FALSE,TRUE,TRUE,FALSE
"mneg","raw","none","pooled_cl","all","none","beta","unemp",-0.00239197179724608,0.0115967977337627,-0.20626140527416,267,270,-0.0126219874536509,-0.0252247749120972,0.020440831317605,FALSE,FALSE,FALSE,FALSE
"mneg","raw","none","pooled_cl","all","n_cy","beta","unemp",-0.00829302570928711,0.0120070070373614,-0.690682172791462,267,270,-0.042231352544839,-0.0319334852548165,0.0153474338362423,FALSE,FALSE,FALSE,FALSE
"mneg","raw","none","pooled_cl","y2004_2008","none","beta","unemp",-0.0172716230421221,0.0170241829479604,-1.01453462377126,132,135,-0.087961626643937,-0.0509471396161869,0.0164038935319427,FALSE,FALSE,FALSE,FALSE
"mneg","raw","none","pooled_cl","y2004_2008","n_cy","beta","unemp",-0.0145898412564642,0.0205607483919967,-0.709596799605958,132,135,-0.0616450100619752,-0.0552610338397662,0.0260813513268377,FALSE,FALSE,FALSE,FALSE
"mneg","raw","none","pooled_cl","y2009_2013","none","beta","unemp",-0.0114548694748813,0.0144861632808268,-0.790745572365763,132,135,-0.0686631327670565,-0.0401099322846084,0.0172001933348459,FALSE,FALSE,FALSE,FALSE
"mneg","raw","none","pooled_cl","y2009_2013","n_cy","beta","unemp",-0.0210795520552084,0.0154886419755431,-1.36096838499421,132,135,-0.117634638778283,-0.0517176168100075,0.0095585126995907,FALSE,FALSE,FALSE,FALSE
"mneg","raw","none","pooled_cl","no_bailout","none","beta","unemp",-0.0351362342285836,0.0168009511444453,-2.09132411174235,187,190,-0.151175108812466,-0.0682799919420176,-0.00199247651514947,FALSE,TRUE,FALSE,FALSE
"mneg","raw","none","pooled_cl","no_bailout","n_cy","beta","unemp",-0.0403742550249232,0.0162135177770922,-2.49016009850542,187,190,-0.179152428770694,-0.07235916470452,-0.00838934534532642,FALSE,TRUE,FALSE,FALSE
"mneg","raw","none","pooled_cl","no_GR_ES","none","beta","unemp",-0.00982600164035396,0.0144326031877929,-0.680819773986775,247,250,-0.0432789356661043,-0.0382526698347359,0.018600666554028,FALSE,FALSE,FALSE,FALSE
"mneg","raw","none","pooled_cl","no_GR_ES","n_cy","beta","unemp",-0.0173519269828685,0.0143421002535262,-1.20985955167914,247,250,-0.076754426467223,-0.0456003392625315,0.0108964852967944,FALSE,FALSE,FALSE,FALSE
"mneg","raw","growth","fe_twoway","all","none","beta","unemp",0.0259831901833247,0.00426529216500944,6.09177265662578,231,270,0.372038109312828,0.0175793419326632,0.0343870384339862,FALSE,TRUE,TRUE,FALSE
"mneg","raw","growth","fe_twoway","all","n_cy","beta","unemp",0.0218875325481279,0.00393995343008939,5.5552769687512,231,270,0.343297167880787,0.0141246948666273,0.0296503702296285,FALSE,TRUE,TRUE,FALSE
"mneg","raw","growth","fe_twoway","y2004_2008","none","beta","unemp",0.0491976438056425,0.00945019942027246,5.20599001330112,101,135,0.459965028016612,0.0304509902315349,0.0679442973797501,FALSE,TRUE,TRUE,FALSE
"mneg","raw","growth","fe_twoway","y2004_2008","n_cy","beta","unemp",0.0455498737093199,0.00884068988504551,5.15229855380063,101,135,0.456212616975457,0.028012323096839,0.0630874243218007,FALSE,TRUE,TRUE,FALSE
"mneg","raw","growth","fe_twoway","y2009_2013","none","beta","unemp",0.0274495064372307,0.00539889259489052,5.0842845925864,101,135,0.451424059909524,0.016739555815119,0.0381594570593425,FALSE,TRUE,TRUE,FALSE
"mneg","raw","growth","fe_twoway","y2009_2013","n_cy","beta","unemp",0.0217638153575526,0.0051347992129141,4.23849394204475,101,135,0.388599529973481,0.0115777549649428,0.0319498757501623,FALSE,TRUE,TRUE,FALSE
"mneg","raw","growth","fe_twoway","no_bailout","none","beta","unemp",0.00903394345640653,0.00602857356803765,1.49852089461142,159,190,0.118010028132859,-0.00287246650885792,0.020940353421671,FALSE,FALSE,TRUE,FALSE
"mneg","raw","growth","fe_twoway","no_bailout","n_cy","beta","unemp",0.00678350483169222,0.00549018837111615,1.23556868601817,159,190,0.0975199228203336,-0.00405959640864219,0.0176266060720267,FALSE,FALSE,TRUE,FALSE
"mneg","raw","growth","fe_twoway","no_GR_ES","none","beta","unemp",0.0206441000964389,0.00521605958701635,3.95779606272626,213,250,0.261730522305153,0.0103623918140774,0.0309258083788003,FALSE,TRUE,TRUE,FALSE
"mneg","raw","growth","fe_twoway","no_GR_ES","n_cy","beta","unemp",0.0143514666753994,0.00470342178596615,3.05128209386209,213,250,0.2046456634559,0.0050802515127924,0.0236226818380063,FALSE,TRUE,TRUE,FALSE
"mneg","raw","growth","fe_country","all","none","beta","unemp",0.0432446812978833,0.00414694136827349,10.4280908403312,240,270,0.558406881792427,0.0350756313037196,0.051413731292047,FALSE,TRUE,TRUE,FALSE
"mneg","raw","growth","fe_country","all","n_cy","beta","unemp",0.0384197170158054,0.00393078916824872,9.77404672988922,240,270,0.533589709084623,0.0306764647292872,0.0461629693023236,FALSE,TRUE,TRUE,FALSE
"mneg","raw","growth","fe_country","y2004_2008","none","beta","unemp",0.0489218370616708,0.00754489958674482,6.48409385694391,105,135,0.534719985634009,0.0339616949218232,0.0638819792015184,FALSE,TRUE,TRUE,FALSE
"mneg","raw","growth","fe_country","y2004_2008","n_cy","beta","unemp",0.0459082702462934,0.00715290067512952,6.41813333238576,105,135,0.530818786003432,0.0317253895357077,0.0600911509568791,FALSE,TRUE,TRUE,FALSE
"mneg","raw","growth","fe_country","y2009_2013","none","beta","unemp",0.0495716057488277,0.0059992381492079,8.26298348489013,105,135,0.627720850998075,0.0376762247154444,0.0614669867822111,FALSE,TRUE,TRUE,FALSE
"mneg","raw","growth","fe_country","y2009_2013","n_cy","beta","unemp",0.0405757122655917,0.00613986701233612,6.60856532952058,105,135,0.541989579770716,0.0284014901744612,0.0527499343567221,FALSE,TRUE,TRUE,FALSE
"mneg","raw","growth","fe_country","no_bailout","none","beta","unemp",0.0303774300084485,0.00626966800306284,4.84514171940342,168,190,0.350146664667468,0.0179999442834167,0.0427549157334803,FALSE,TRUE,TRUE,FALSE
"mneg","raw","growth","fe_country","no_bailout","n_cy","beta","unemp",0.0270349252070123,0.00589214285949415,4.58830103948519,168,190,0.333703440711301,0.0154027440296981,0.0386671063843265,FALSE,TRUE,TRUE,FALSE
"mneg","raw","growth","fe_country","no_GR_ES","none","beta","unemp",0.0399149495281824,0.00506417564398346,7.88182565816091,222,250,0.467598914338929,0.0299349411353828,0.0498949579209821,FALSE,TRUE,TRUE,FALSE
"mneg","raw","growth","fe_country","no_GR_ES","n_cy","beta","unemp",0.033058600506375,0.00472127062753052,7.00205582658293,222,250,0.425322011640445,0.0237543575653916,0.0423628434473583,FALSE,TRUE,TRUE,FALSE
"mneg","raw","growth","re","all","none","beta","unemp",0.0412112479583751,0.00435342836791267,9.46638935468107,267,270,0.501286565228719,0.0326398323761438,0.0497826635406064,FALSE,TRUE,TRUE,FALSE
"mneg","raw","growth","re","y2004_2008","none","beta","unemp",0.0444736338379815,0.00828780912587434,5.36615083220678,132,135,0.423180677479782,0.0280795282040013,0.0608677394719617,FALSE,TRUE,TRUE,FALSE
"mneg","raw","growth","re","y2009_2013","none","beta","unemp",0.0437561964758346,0.00661918952246094,6.61050666812854,132,135,0.498712612765628,0.0306627853469784,0.0568496076046909,FALSE,TRUE,TRUE,FALSE
"mneg","raw","growth","re","no_bailout","none","beta","unemp",0.0277930273646677,0.00648720183186557,4.28428590400048,187,190,0.298968678942478,0.0149955229909594,0.0405905317383761,FALSE,TRUE,TRUE,FALSE
"mneg","raw","growth","re","no_GR_ES","none","beta","unemp",0.0377036916993559,0.0052803083310898,7.1404337275839,247,250,0.413644079554283,0.0273035184985243,0.0481038649001875,FALSE,TRUE,TRUE,FALSE
"mneg","raw","growth","pooled_cl","all","none","beta","unemp",-0.0101333064072294,0.011081419528757,-0.914441185168816,266,270,-0.055980065468938,-0.0319517607005761,0.0116851478861173,FALSE,FALSE,FALSE,FALSE
"mneg","raw","growth","pooled_cl","all","n_cy","beta","unemp",-0.0151105125252112,0.0112039864905371,-1.34867286192942,266,270,-0.0824111534568328,-0.0371702916458091,0.0069492665953866,FALSE,FALSE,FALSE,FALSE
"mneg","raw","growth","pooled_cl","y2004_2008","none","beta","unemp",-0.0113070784635854,0.0170080547519968,-0.664807270934847,131,135,-0.0579867452758105,-0.0449530678513256,0.0223389109241548,FALSE,FALSE,FALSE,FALSE
"mneg","raw","growth","pooled_cl","y2004_2008","n_cy","beta","unemp",-0.00784494495143965,0.0204981664273572,-0.382714472498851,131,135,-0.033419241002673,-0.0483952077615957,0.0327053178587164,FALSE,FALSE,FALSE,FALSE
"mneg","raw","growth","pooled_cl","y2009_2013","none","beta","unemp",-0.0124150127441328,0.0139859676331178,-0.887676353170942,131,135,-0.077324437218356,-0.0400825929243949,0.0152525674361293,FALSE,FALSE,FALSE,FALSE
"mneg","raw","growth","pooled_cl","y2009_2013","n_cy","beta","unemp",-0.0226319711649323,0.0147139427894763,-1.53813097473229,131,135,-0.133189811554429,-0.0517396598551052,0.00647571752524054,FALSE,FALSE,FALSE,FALSE
"mneg","raw","growth","pooled_cl","no_bailout","none","beta","unemp",-0.0357996711384429,0.0173407011255481,-2.064488101101,186,190,-0.149670506536521,-0.0700094082956851,-0.00158993398120069,FALSE,TRUE,FALSE,FALSE
"mneg","raw","growth","pooled_cl","no_bailout","n_cy","beta","unemp",-0.0393464682110262,0.0165679136626884,-2.37485956361759,186,190,-0.171551649979116,-0.0720316501734445,-0.00666128624860784,FALSE,TRUE,FALSE,FALSE
"mneg","raw","growth","pooled_cl","no_GR_ES","none","beta","unemp",-0.0157310682088082,0.0141674876181859,-1.11036399909151,246,250,-0.0706174829279493,-0.0436361193619312,0.0121739829443147,FALSE,FALSE,FALSE,FALSE
"mneg","raw","growth","pooled_cl","no_GR_ES","n_cy","beta","unemp",-0.0208002479821212,0.0141403147057435,-1.47098904196754,246,250,-0.0933770639917848,-0.0486517778947732,0.00705128193053074,FALSE,FALSE,FALSE,FALSE
"mneg","log","none","fe_twoway","all","none","beta","unemp",0.317766224167148,0.0442284275188772,7.18466022857181,232,270,0.426617151496007,0.230625521497205,0.404906926837091,FALSE,TRUE,TRUE,FALSE
"mneg","log","none","fe_twoway","all","n_cy","beta","unemp",0.262307800144423,0.0410344548762647,6.39237930503489,232,270,0.386981852618792,0.181459996318035,0.34315560397081,FALSE,TRUE,TRUE,FALSE
"mneg","log","none","fe_twoway","y2004_2008","none","beta","unemp",0.455202630711124,0.0807393871140171,5.63792526772967,102,135,0.487431569267881,0.295056439191199,0.61534882223105,FALSE,TRUE,TRUE,FALSE
"mneg","log","none","fe_twoway","y2004_2008","n_cy","beta","unemp",0.416177871963527,0.0753519764693154,5.52311819097408,102,135,0.479809093771029,0.266717583913298,0.565638160013755,FALSE,TRUE,TRUE,FALSE
"mneg","log","none","fe_twoway","y2009_2013","none","beta","unemp",0.387098322926523,0.0685989262418102,5.64292102127091,102,135,0.487760759569702,0.251032677983388,0.523163967869659,FALSE,TRUE,TRUE,FALSE
"mneg","log","none","fe_twoway","y2009_2013","n_cy","beta","unemp",0.319965617229235,0.068734776594614,4.65507612131102,102,135,0.418596000277584,0.183630513755439,0.456300720703031,FALSE,TRUE,TRUE,FALSE
"mneg","log","none","fe_twoway","no_bailout","none","beta","unemp",0.105761050603051,0.0524760640008359,2.01541507765076,160,190,0.157347786416143,0.00212598994509874,0.209396111261003,FALSE,TRUE,TRUE,FALSE
"mneg","log","none","fe_twoway","no_bailout","n_cy","beta","unemp",0.0844099344035165,0.0474509263326623,1.77888907398239,160,190,0.139263113951625,-0.00930097403434111,0.178120842841374,FALSE,FALSE,TRUE,FALSE
"mneg","log","none","fe_twoway","no_GR_ES","none","beta","unemp",0.259803597732069,0.0451794759007593,5.75047834336881,214,250,0.365843818496229,0.1707498241688,0.348857371295339,FALSE,TRUE,TRUE,FALSE
"mneg","log","none","fe_twoway","no_GR_ES","n_cy","beta","unemp",0.19281255902449,0.0414668191109141,4.64980346114229,214,250,0.302919967165706,0.11107684505552,0.274548272993459,FALSE,TRUE,TRUE,FALSE
"mneg","log","none","fe_country","all","none","beta","unemp",0.470601698402308,0.0400119676401981,11.7615235180166,241,270,0.603883299358735,0.391783875368069,0.549419521436546,FALSE,TRUE,TRUE,FALSE
"mneg","log","none","fe_country","all","n_cy","beta","unemp",0.421554885640832,0.038692360060421,10.8950419406452,241,270,0.574456988291859,0.345336499795806,0.497773271485857,FALSE,TRUE,TRUE,FALSE
"mneg","log","none","fe_country","y2004_2008","none","beta","unemp",0.448958900070201,0.0641287361834366,7.00090048221096,106,135,0.562302990556489,0.321817443312437,0.576100356827965,FALSE,TRUE,TRUE,FALSE
"mneg","log","none","fe_country","y2004_2008","n_cy","beta","unemp",0.423485846596971,0.0603222966820579,7.02038665452424,106,135,0.563371820206555,0.303891026371717,0.543080666822225,FALSE,TRUE,TRUE,FALSE
"mneg","log","none","fe_country","y2009_2013","none","beta","unemp",0.593553290357293,0.0792380427364747,7.49076163240551,106,135,0.588327368745354,0.4364561638003,0.750650416914285,FALSE,TRUE,TRUE,FALSE
"mneg","log","none","fe_country","y2009_2013","n_cy","beta","unemp",0.490941813347986,0.0830015077061302,5.91485416248321,106,135,0.498146194552865,0.326383251447404,0.655500375248568,FALSE,TRUE,TRUE,FALSE
"mneg","log","none","fe_country","no_bailout","none","beta","unemp",0.309838448745593,0.0523551596633042,5.91801172488372,169,190,0.414320481468683,0.20648410463062,0.413192792860567,FALSE,TRUE,TRUE,FALSE
"mneg","log","none","fe_country","no_bailout","n_cy","beta","unemp",0.281033533302753,0.0493995113219857,5.68899419816074,169,190,0.400907212705142,0.18351393590073,0.378553130704775,FALSE,TRUE,TRUE,FALSE
"mneg","log","none","fe_country","no_GR_ES","none","beta","unemp",0.414014628178614,0.0416837812817407,9.93227138824784,223,250,0.55380489451351,0.331870111074232,0.496159145282997,FALSE,TRUE,TRUE,FALSE
"mneg","log","none","fe_country","no_GR_ES","n_cy","beta","unemp",0.352779396873274,0.0400409231363912,8.81047111904996,223,250,0.508144252179504,0.273872392894407,0.431686400852141,FALSE,TRUE,TRUE,FALSE
"mneg","log","none","re","all","none","beta","unemp",0.452352544156349,0.0421103324519487,10.7420796231547,268,270,0.548613750210611,0.369443398255568,0.53526169005713,FALSE,TRUE,TRUE,FALSE
"mneg","log","none","re","y2004_2008","none","beta","unemp",0.409105283415914,0.0705905930897474,5.79546460100974,133,135,0.449021534289499,0.269479824669768,0.548730742162059,FALSE,TRUE,TRUE,FALSE
"mneg","log","none","re","y2009_2013","none","beta","unemp",0.494752313634794,0.0882051397043099,5.60910980123553,133,135,0.437382103670242,0.320285963999167,0.669218663270421,FALSE,TRUE,TRUE,FALSE
"mneg","log","none","re","no_bailout","none","beta","unemp",0.289917134869837,0.0545524021968882,5.31447054931661,188,190,0.361400189611507,0.182303646276256,0.397530623463418,FALSE,TRUE,TRUE,FALSE
"mneg","log","none","re","no_GR_ES","none","beta","unemp",0.398347251104571,0.043706862818159,9.11406642846643,248,250,0.500904303750191,0.31226327820155,0.484431224007593,FALSE,TRUE,TRUE,FALSE
"mneg","log","none","pooled_cl","all","none","beta","unemp",-0.0496375057783043,0.122249913452602,-0.406033054555491,267,270,-0.0248411513245899,-0.290333969470543,0.191058957913934,FALSE,FALSE,FALSE,FALSE
"mneg","log","none","pooled_cl","all","n_cy","beta","unemp",-0.106458403019044,0.12554492291346,-0.847970595293823,267,270,-0.0518252196826116,-0.353642373349629,0.140725567311542,FALSE,FALSE,FALSE,FALSE
"mneg","log","none","pooled_cl","y2004_2008","none","beta","unemp",-0.152238283248041,0.155316216939721,-0.980182792548475,132,135,-0.0850051684639068,-0.459469112108538,0.154992545612457,FALSE,FALSE,FALSE,FALSE
"mneg","log","none","pooled_cl","y2004_2008","n_cy","beta","unemp",-0.126774854890195,0.186526607217231,-0.679660970526054,132,135,-0.0590536542832626,-0.495742920614636,0.242193210834245,FALSE,FALSE,FALSE,FALSE
"mneg","log","none","pooled_cl","y2009_2013","none","beta","unemp",-0.179895738470412,0.172192619694958,-1.04473547582411,132,135,-0.090558918566201,-0.520509760076889,0.160718283136064,FALSE,FALSE,FALSE,FALSE
"mneg","log","none","pooled_cl","y2009_2013","n_cy","beta","unemp",-0.297986672754211,0.175968146929206,-1.69341257468657,132,135,-0.145817245951504,-0.646069060410406,0.0500957149019833,FALSE,FALSE,FALSE,FALSE
"mneg","log","none","pooled_cl","no_bailout","none","beta","unemp",-0.271882264110348,0.157448953027267,-1.72679626560148,187,190,-0.125280960033948,-0.582486699924979,0.0387221717042832,FALSE,FALSE,FALSE,FALSE
"mneg","log","none","pooled_cl","no_bailout","n_cy","beta","unemp",-0.315651177729352,0.154393558835175,-2.04445820221249,187,190,-0.147862220544625,-0.620228142601946,-0.011074212856757,FALSE,TRUE,FALSE,FALSE
"mneg","log","none","pooled_cl","no_GR_ES","none","beta","unemp",-0.0790335643708209,0.135298502040494,-0.584142198020542,247,250,-0.0371424313521523,-0.345519490343971,0.187452361602329,FALSE,FALSE,FALSE,FALSE
"mneg","log","none","pooled_cl","no_GR_ES","n_cy","beta","unemp",-0.14227055279878,0.136766795759517,-1.04024190965869,247,250,-0.0660444958313805,-0.41164845174586,0.127107346148301,FALSE,FALSE,FALSE,FALSE
"mneg","log","growth","fe_twoway","all","none","beta","unemp",0.280921721998853,0.0471939844550605,5.95249003114697,231,270,0.364674479862485,0.187936044028648,0.373907399969058,FALSE,TRUE,TRUE,FALSE
"mneg","log","growth","fe_twoway","all","n_cy","beta","unemp",0.225580403141287,0.0430133016447681,5.24443357090503,231,270,0.326185675365132,0.140831868738894,0.31032893754368,FALSE,TRUE,TRUE,FALSE
"mneg","log","growth","fe_twoway","y2004_2008","none","beta","unemp",0.479590249595548,0.0838790824735846,5.71763824129313,101,135,0.494498477983403,0.313196713193228,0.645983785997868,FALSE,TRUE,TRUE,FALSE
"mneg","log","growth","fe_twoway","y2004_2008","n_cy","beta","unemp",0.449210842353184,0.0774566512942979,5.79951282229333,101,135,0.499819937234284,0.295557681795564,0.602864002910804,FALSE,TRUE,TRUE,FALSE
"mneg","log","growth","fe_twoway","y2009_2013","none","beta","unemp",0.299001761151456,0.0726801475074058,4.11393993278549,101,135,0.378840081438458,0.154823899241629,0.443179623061284,FALSE,TRUE,TRUE,FALSE
"mneg","log","growth","fe_twoway","y2009_2013","n_cy","beta","unemp",0.241244720544366,0.0699988518663471,3.44640967833285,101,135,0.324386482980486,0.102385827925797,0.380103613162936,FALSE,TRUE,TRUE,FALSE
"mneg","log","growth","fe_twoway","no_bailout","none","beta","unemp",0.107145134811536,0.0543873492402547,1.97003781776944,159,190,0.154361604560825,-0.000269673960429165,0.214559943583501,FALSE,FALSE,TRUE,FALSE
"mneg","log","growth","fe_twoway","no_bailout","n_cy","beta","unemp",0.0854127639295923,0.0489226875827039,1.74587227623589,159,190,0.137148334228144,-0.0112093587646541,0.182034886623839,FALSE,FALSE,TRUE,FALSE
"mneg","log","growth","fe_twoway","no_GR_ES","none","beta","unemp",0.232790834966987,0.0480874849313842,4.84098586771912,213,250,0.314831224941605,0.138002521327388,0.327579148606586,FALSE,TRUE,TRUE,FALSE
"mneg","log","growth","fe_twoway","no_GR_ES","n_cy","beta","unemp",0.170215566052497,0.0432894642166463,3.93203217301643,213,250,0.260142400169009,0.0848849375675031,0.25554619453749,FALSE,TRUE,TRUE,FALSE
"mneg","log","growth","fe_country","all","none","beta","unemp",0.463920131256464,0.043371992186673,10.6963067147055,240,270,0.568172572659148,0.378481746419372,0.549358516093555,FALSE,TRUE,TRUE,FALSE
"mneg","log","growth","fe_country","all","n_cy","beta","unemp",0.402004737632721,0.0408794231039834,9.83391415798987,240,270,0.535921364522793,0.321476458736884,0.482533016528557,FALSE,TRUE,TRUE,FALSE
"mneg","log","growth","fe_country","y2004_2008","none","beta","unemp",0.448851509694349,0.0641472832658801,6.99720217041667,105,135,0.563922325810289,0.321659296662305,0.576043722726394,FALSE,TRUE,TRUE,FALSE
"mneg","log","growth","fe_country","y2004_2008","n_cy","beta","unemp",0.422650573233122,0.0604321813353157,6.99379972548055,105,135,0.563735272354007,0.302824721052706,0.542476425413538,FALSE,TRUE,TRUE,FALSE
"mneg","log","growth","fe_country","y2009_2013","none","beta","unemp",0.610048424147243,0.0771570110692624,7.90658445283234,105,135,0.610890341633144,0.457060324118736,0.76303652417575,FALSE,TRUE,TRUE,FALSE
"mneg","log","growth","fe_country","y2009_2013","n_cy","beta","unemp",0.504562922510537,0.0821532789267142,6.14172591894523,105,135,0.51409904858655,0.341668146262304,0.667457698758771,FALSE,TRUE,TRUE,FALSE
"mneg","log","growth","fe_country","no_bailout","none","beta","unemp",0.3190611213502,0.0535731758010283,5.95561335649017,168,190,0.417519743690253,0.213297751041292,0.424824491659108,FALSE,TRUE,TRUE,FALSE
"mneg","log","growth","fe_country","no_bailout","n_cy","beta","unemp",0.283378773872991,0.049978102552004,5.67005867375867,168,190,0.400783863339729,0.184712743933382,0.382044803812599,FALSE,TRUE,TRUE,FALSE
"mneg","log","growth","fe_country","no_GR_ES","none","beta","unemp",0.408575030177503,0.0445161378045558,9.17813292723901,222,250,0.524474908019573,0.320846748194964,0.496303312160043,FALSE,TRUE,TRUE,FALSE
"mneg","log","growth","fe_country","no_GR_ES","n_cy","beta","unemp",0.342325998108507,0.041612602135916,8.22649823700988,222,250,0.483347299304122,0.260319735340732,0.424332260876282,FALSE,TRUE,TRUE,FALSE
"mneg","log","growth","re","all","none","beta","unemp",0.440701121521882,0.0456671841006989,9.65028017821525,267,270,0.508524092757145,0.350787522326718,0.530614720717045,FALSE,TRUE,TRUE,FALSE
"mneg","log","growth","re","y2004_2008","none","beta","unemp",0.408217398992197,0.0706520545903153,5.77785602073849,132,135,0.449283498861023,0.268460651627535,0.54797414635686,FALSE,TRUE,TRUE,FALSE
"mneg","log","growth","re","y2009_2013","none","beta","unemp",0.518127366408536,0.0859075587180896,6.03121976855145,132,135,0.464799401636448,0.348193723995755,0.688061008821317,FALSE,TRUE,TRUE,FALSE
"mneg","log","growth","re","no_bailout","none","beta","unemp",0.297011035159112,0.05582469212343,5.32042406077963,187,190,0.362591202390061,0.186883932576724,0.4071381377415,FALSE,TRUE,TRUE,FALSE
"mneg","log","growth","re","no_GR_ES","none","beta","unemp",0.388769731976519,0.0466730156381761,8.32964672757348,247,250,0.468295519719072,0.296841871706668,0.48069759224637,FALSE,TRUE,TRUE,FALSE
"mneg","log","growth","pooled_cl","all","none","beta","unemp",-0.124989500886998,0.119369870863819,-1.04707745750676,266,270,-0.0640685383144512,-0.360019504460654,0.110040502686657,FALSE,FALSE,FALSE,FALSE
"mneg","log","growth","pooled_cl","all","n_cy","beta","unemp",-0.168929467970317,0.121389369022879,-1.39163313336342,266,270,-0.0850175733173303,-0.407935706552908,0.0700767706122737,FALSE,FALSE,FALSE,FALSE
"mneg","log","growth","pooled_cl","y2004_2008","none","beta","unemp",-0.113218280697587,0.149684961366361,-0.756377124756575,131,135,-0.0659411432188471,-0.409330840015731,0.182894278620557,FALSE,FALSE,FALSE,FALSE
"mneg","log","growth","pooled_cl","y2004_2008","n_cy","beta","unemp",-0.0802839916014412,0.180014051428694,-0.445987360232501,131,135,-0.0389365480135851,-0.436394725740682,0.2758267425378,FALSE,FALSE,FALSE,FALSE
"mneg","log","growth","pooled_cl","y2009_2013","none","beta","unemp",-0.190697105757157,0.167446413456786,-1.13885452557854,131,135,-0.0990132397201068,-0.521946054113274,0.140551842598961,FALSE,FALSE,FALSE,FALSE
"mneg","log","growth","pooled_cl","y2009_2013","n_cy","beta","unemp",-0.313070871654952,0.169530508625858,-1.84669340163356,131,135,-0.159286349815572,-0.64844265739395,0.0223009140840456,FALSE,FALSE,FALSE,FALSE
"mneg","log","growth","pooled_cl","no_bailout","none","beta","unemp",-0.28133708252911,0.159383981848052,-1.76515280435973,186,190,-0.12835666977174,-0.595769820087994,0.0330956550297745,FALSE,FALSE,FALSE,FALSE
"mneg","log","growth","pooled_cl","no_bailout","n_cy","beta","unemp",-0.309398190911706,0.155341034562399,-1.99173509937855,186,190,-0.144508197740956,-0.615855001604577,-0.00294138021883544,FALSE,TRUE,FALSE,FALSE
"mneg","log","growth","pooled_cl","no_GR_ES","none","beta","unemp",-0.132724054443765,0.132700190960924,-1.00017983005652,246,250,-0.0636398722724687,-0.39409753974969,0.12864943086216,FALSE,FALSE,FALSE,FALSE
"mneg","log","growth","pooled_cl","no_GR_ES","n_cy","beta","unemp",-0.174160010122619,0.134196142014727,-1.29780191522575,246,250,-0.0824630094773526,-0.438480001669025,0.0901599814237876,FALSE,FALSE,FALSE,FALSE
"mcosmo","raw","none","fe_twoway","all","none","gaussian","growth",0.00107700503257794,0.000947579838799833,1.13658500157837,233,270,0.0742545982490674,-0.000789914490660265,0.00294392455581614,TRUE,FALSE,TRUE,FALSE
"mcosmo","raw","none","fe_twoway","all","none","beta","growth",0.00439897484639248,0.00356003346976825,1.23565547451969,232,270,0.0808591165797907,-0.00261515239002611,0.0114131020828111,TRUE,FALSE,TRUE,FALSE
"mcosmo","raw","none","fe_twoway","all","n_cy","gaussian","growth",0.000766563121807673,0.000917153679469018,0.835806625397252,233,270,0.0546736136421004,-0.001040410855371,0.00257353709898635,TRUE,FALSE,TRUE,FALSE
"mcosmo","raw","none","fe_twoway","all","n_cy","beta","growth",0.00311570340127157,0.00344684887243098,0.903928056199964,232,270,0.0592415539333996,-0.00367542279494103,0.00990682959748417,TRUE,FALSE,TRUE,FALSE
"mcosmo","raw","none","fe_twoway","y2004_2008","none","gaussian","growth",-0.00162695414843851,0.00154364719544258,-1.05396761205662,103,135,-0.103294993828551,-0.00468841428333988,0.00143450598646286,TRUE,FALSE,FALSE,FALSE
"mcosmo","raw","none","fe_twoway","y2004_2008","none","beta","growth",-0.00658859503880928,0.00544448273271729,-1.21014159879996,102,135,-0.118970867611673,-0.0173877007244815,0.00421051064686293,TRUE,FALSE,FALSE,FALSE
"mcosmo","raw","none","fe_twoway","y2004_2008","n_cy","gaussian","growth",-0.00256994602470185,0.00139923241039243,-1.83668274520677,103,135,-0.17808101342072,-0.0053449934944381,0.000205101445034397,TRUE,FALSE,FALSE,FALSE
"mcosmo","raw","none","fe_twoway","y2004_2008","n_cy","beta","growth",-0.0103743126477239,0.00493566658863729,-2.10190710037166,102,135,-0.203753906232979,-0.0201641839241332,-0.000584441371314628,TRUE,TRUE,FALSE,FALSE
"mcosmo","raw","none","fe_twoway","y2009_2013","none","gaussian","growth",0.00339052631469367,0.000925326589026957,3.66414015862122,103,135,0.339584010222859,0.00155535926847098,0.00522569336091636,TRUE,TRUE,TRUE,FALSE
"mcosmo","raw","none","fe_twoway","y2009_2013","none","beta","growth",0.013831369851091,0.0032809562585521,4.2156520115251,102,135,0.38520117879651,0.00732360866870074,0.0203391310334813,TRUE,TRUE,TRUE,FALSE
"mcosmo","raw","none","fe_twoway","y2009_2013","n_cy","gaussian","growth",0.00295138482677121,0.000888287312387567,3.32255654855453,103,135,0.311132195507187,0.00118967644985577,0.00471309320368665,TRUE,TRUE,TRUE,FALSE
"mcosmo","raw","none","fe_twoway","y2009_2013","n_cy","beta","growth",0.0120297925219006,0.00314844701038655,3.82086548771981,102,135,0.353846017100182,0.00578486280496237,0.0182747222388387,TRUE,TRUE,TRUE,FALSE
"mcosmo","raw","none","fe_twoway","no_bailout","none","gaussian","growth",-0.00300444286495038,0.00115765902773969,-2.59527442274304,161,190,-0.200387606732384,-0.00529059728042022,-0.000718288449480546,TRUE,TRUE,FALSE,FALSE
"mcosmo","raw","none","fe_twoway","no_bailout","none","beta","growth",-0.0123111853672762,0.00434090656893476,-2.8360862349307,160,190,-0.218780555765121,-0.0208840485220831,-0.0037383222124692,TRUE,TRUE,FALSE,FALSE
"mcosmo","raw","none","fe_twoway","no_bailout","n_cy","gaussian","growth",-0.00328417741297945,0.00121598451930755,-2.70083817748736,161,190,-0.208191774904404,-0.0056855134811529,-0.000882841344805996,TRUE,TRUE,FALSE,FALSE
"mcosmo","raw","none","fe_twoway","no_bailout","n_cy","beta","growth",-0.0134775317532266,0.004560388847174,-2.9553470558938,160,190,-0.227513457130781,-0.0224838508017207,-0.00447121270473242,TRUE,TRUE,FALSE,FALSE
"mcosmo","raw","none","fe_twoway","no_GR_ES","none","gaussian","growth",-0.000163418278336211,0.000967297569224717,-0.168943129328021,215,250,-0.0115210610901363,-0.00207001897597429,0.00174318241930187,TRUE,FALSE,FALSE,FALSE
"mcosmo","raw","none","fe_twoway","no_GR_ES","none","beta","growth",-0.000594375442259373,0.00363543522956645,-0.163494988832535,214,250,-0.0111755894042143,-0.00776022274975994,0.0065714718652412,TRUE,FALSE,FALSE,FALSE
"mcosmo","raw","none","fe_twoway","no_GR_ES","n_cy","gaussian","growth",-0.000781058038396481,0.000938768363151287,-0.8320029402936,215,250,-0.0566510041113437,-0.0026314259841563,0.00106930990736333,TRUE,FALSE,FALSE,FALSE
"mcosmo","raw","none","fe_twoway","no_GR_ES","n_cy","beta","growth",-0.00312917862659599,0.00353109853658789,-0.886177090266,214,250,-0.0604669733907353,-0.0100893667039793,0.00383100945078729,TRUE,FALSE,FALSE,FALSE
"mcosmo","raw","none","fe_country","all","none","gaussian","growth",0.000683801956384411,0.000692562295685385,0.987350828430092,242,270,0.0633418616168489,-0.000680417734988242,0.00204802164775706,TRUE,FALSE,TRUE,FALSE
"mcosmo","raw","none","fe_country","all","none","beta","growth",0.00278641611243598,0.00264450166503267,1.0536639659864,241,270,0.0677166675766029,-0.00242287192164936,0.00799570414652131,TRUE,FALSE,TRUE,FALSE
"mcosmo","raw","none","fe_country","all","n_cy","gaussian","growth",0.000719251743819187,0.000713235555182276,1.00843506551685,242,270,0.0646888846902674,-0.000685690446982351,0.00212419393462072,TRUE,FALSE,TRUE,FALSE
"mcosmo","raw","none","fe_country","all","n_cy","beta","growth",0.0029388974838416,0.00272460707593196,1.0786500225308,241,270,0.0693148403230257,-0.00242818669156627,0.00830598165924946,TRUE,FALSE,TRUE,FALSE
"mcosmo","raw","none","fe_country","y2004_2008","none","gaussian","growth",-0.0012965190162033,0.00134552145388489,-0.963581080375862,107,135,-0.0927513451266914,-0.00396385837059933,0.00137082033819272,TRUE,FALSE,FALSE,FALSE
"mcosmo","raw","none","fe_country","y2004_2008","none","beta","growth",-0.00526359649455386,0.00483169001195345,-1.08939035441675,106,135,-0.105223545435369,-0.0148428918819525,0.00431569889284476,TRUE,FALSE,FALSE,FALSE
"mcosmo","raw","none","fe_country","y2004_2008","n_cy","gaussian","growth",-0.00239296512542428,0.00120893534105943,-1.97939876861176,107,135,-0.187945634485047,-0.00478953844115818,3.60819030962006e-06,TRUE,FALSE,FALSE,FALSE
"mcosmo","raw","none","fe_country","y2004_2008","n_cy","beta","growth",-0.00966651217723899,0.00434183737460838,-2.22636440364395,106,135,-0.211358387413575,-0.0182746270671687,-0.00105839728730932,TRUE,TRUE,FALSE,FALSE
"mcosmo","raw","none","fe_country","y2009_2013","none","gaussian","growth",-0.00130893100322687,0.000853669450913658,-1.53329957142774,107,135,-0.146627564098544,-0.00300123112634512,0.000383369119891382,TRUE,FALSE,FALSE,FALSE
"mcosmo","raw","none","fe_country","y2009_2013","none","beta","growth",-0.00531919390310057,0.00309084557924564,-1.72095103644705,106,135,-0.16486620222285,-0.011447095885053,0.000808708078851846,TRUE,FALSE,FALSE,FALSE
"mcosmo","raw","none","fe_country","y2009_2013","n_cy","gaussian","growth",-0.000869662968243861,0.00082312391811552,-1.05653954295835,107,135,-0.101610881086028,-0.00250141013510992,0.000762084198622203,TRUE,FALSE,FALSE,FALSE
"mcosmo","raw","none","fe_country","y2009_2013","n_cy","beta","growth",-0.00352343700331949,0.00297929175168191,-1.18264248586275,106,135,-0.114117980955721,-0.00943017267220458,0.0023832986655656,TRUE,FALSE,FALSE,FALSE
"mcosmo","raw","none","fe_country","no_bailout","none","gaussian","growth",-0.00165371144773462,0.000774806107528876,-2.13435520405083,170,190,-0.16154739649878,-0.00318319164917114,-0.000124231246298107,TRUE,TRUE,FALSE,FALSE
"mcosmo","raw","none","fe_country","no_bailout","none","beta","growth",-0.00669230287928205,0.00297075521205188,-2.25272780878493,169,190,-0.170742167190561,-0.0125568720725065,-0.000827733686057597,TRUE,TRUE,FALSE,FALSE
"mcosmo","raw","none","fe_country","no_bailout","n_cy","gaussian","growth",-0.00170360828556385,0.000849793341050795,-2.00473244878253,170,190,-0.15197009861734,-0.00338111453883166,-2.61020322960364e-05,TRUE,TRUE,FALSE,FALSE
"mcosmo","raw","none","fe_country","no_bailout","n_cy","beta","growth",-0.00688088111000952,0.00325964251450206,-2.11093120776179,169,190,-0.160280016584974,-0.0133157428562487,-0.000446019363770291,TRUE,TRUE,FALSE,FALSE
"mcosmo","raw","none","fe_country","no_GR_ES","none","gaussian","growth",-5.04596612384966e-05,0.000683280890118814,-0.0738490743239171,224,250,-0.00493418876395696,-0.00139694047281841,0.00129602115034142,TRUE,FALSE,FALSE,FALSE
"mcosmo","raw","none","fe_country","no_GR_ES","none","beta","growth",-0.00016563295648302,0.00261330799914298,-0.0633805722621821,223,250,-0.00424423881635796,-0.00531557178241805,0.00498430586945201,TRUE,FALSE,FALSE,FALSE
"mcosmo","raw","none","fe_country","no_GR_ES","n_cy","gaussian","growth",-0.000366540577363075,0.000707021621371986,-0.518429092241618,224,250,-0.0346182384588397,-0.00175980513417507,0.00102672397944892,TRUE,FALSE,FALSE,FALSE
"mcosmo","raw","none","fe_country","no_GR_ES","n_cy","beta","growth",-0.00143589958125514,0.00270649387195633,-0.530538641204174,223,250,-0.0355050949316448,-0.0067694759824731,0.00389767681996283,TRUE,FALSE,FALSE,FALSE
"mcosmo","raw","none","re","all","none","gaussian","growth",0.000860736423353193,0.000697613554630446,1.2338298441021,268,270,0.0751550018299638,-0.000512763632701139,0.00223423647940752,TRUE,FALSE,TRUE,FALSE
"mcosmo","raw","none","re","all","none","beta","growth",0.00336926803168368,0.00278022960976791,1.21186682561982,268,270,0.0738245480460093,-0.00210460141869279,0.00884313748206014,TRUE,FALSE,TRUE,FALSE
"mcosmo","raw","none","re","y2004_2008","none","gaussian","growth",-0.000603512527517022,0.00131675366961002,-0.458333659093402,133,135,-0.0397112195159293,-0.00320800028045633,0.00200097522542228,TRUE,FALSE,FALSE,FALSE
"mcosmo","raw","none","re","y2004_2008","none","beta","growth",-0.00265042251932701,0.00529342963474347,-0.500700434729678,133,135,-0.0433753724923241,-0.0131206212914471,0.00781977625279302,TRUE,FALSE,FALSE,FALSE
"mcosmo","raw","none","re","y2009_2013","none","gaussian","growth",-0.00114456309158152,0.000855606654309793,-1.33772111964794,133,135,-0.115222569544282,-0.00283691991117043,0.000547793728007386,TRUE,FALSE,FALSE,FALSE
"mcosmo","raw","none","re","y2009_2013","none","beta","growth",-0.00469129469972553,0.00344133582858311,-1.36321909090083,133,135,-0.117388813311114,-0.0114981236656554,0.00211553426620437,TRUE,FALSE,FALSE,FALSE
"mcosmo","raw","none","re","no_bailout","none","gaussian","growth",-0.0015266643903186,0.000782886715881229,-1.95004508232097,188,190,-0.140804754892635,-0.00307103580709842,1.77070264612159e-05,TRUE,FALSE,FALSE,FALSE
"mcosmo","raw","none","re","no_bailout","none","beta","growth",-0.0062686820330268,0.00312592348237187,-2.00538563031949,188,190,-0.144718112252152,-0.0124350746659404,-0.000102289400113181,TRUE,TRUE,FALSE,FALSE
"mcosmo","raw","none","re","no_GR_ES","none","gaussian","growth",0.000127458873313081,0.000694087716885425,0.183635108664689,248,250,0.0116600483492148,-0.00123959939534537,0.00149451714197153,TRUE,FALSE,TRUE,FALSE
"mcosmo","raw","none","re","no_GR_ES","none","beta","growth",0.000361190626385058,0.00274962003304756,0.131360195970325,248,250,0.00834109060970512,-0.00505439404742799,0.00577677530019811,TRUE,FALSE,TRUE,FALSE
"mcosmo","raw","none","pooled_cl","all","none","gaussian","growth",0.00286766403707256,0.00154819821211552,1.85225897732699,268,270,0.112427381120093,-0.000180514022269112,0.00591584209641423,TRUE,FALSE,TRUE,FALSE
"mcosmo","raw","none","pooled_cl","all","none","beta","growth",0.0114479930262494,0.00614900522254682,1.86176342545174,267,270,0.113205629570821,-0.000658713395804316,0.0235546994483031,TRUE,FALSE,TRUE,FALSE
"mcosmo","raw","none","pooled_cl","all","n_cy","gaussian","growth",0.00317098202905206,0.0015690857023078,2.02091066433668,268,270,0.122516773213721,8.1679526586372e-05,0.00626028453151774,TRUE,TRUE,TRUE,FALSE
"mcosmo","raw","none","pooled_cl","all","n_cy","beta","growth",0.0126746337312161,0.00621890011042361,2.03808286130404,267,270,0.12376960473108,0.000430312059654438,0.0249189554027778,TRUE,TRUE,TRUE,FALSE
"mcosmo","raw","none","pooled_cl","y2004_2008","none","gaussian","growth",0.0034661989888489,0.00297216005099299,1.16622218500341,133,135,0.100611165793987,-0.00241261846292197,0.00934501644061976,TRUE,FALSE,TRUE,FALSE
"mcosmo","raw","none","pooled_cl","y2004_2008","none","beta","growth",0.0139992775740618,0.011836145987035,1.18275641322744,132,135,0.102404529526844,-0.00941378909573686,0.0374123442438605,TRUE,FALSE,TRUE,FALSE
"mcosmo","raw","none","pooled_cl","y2004_2008","n_cy","gaussian","growth",0.00309338612973037,0.0031640318768826,0.977672239123636,133,135,0.0844719369515559,-0.00316494636133528,0.00935171862079602,TRUE,FALSE,TRUE,FALSE
"mcosmo","raw","none","pooled_cl","y2004_2008","n_cy","beta","growth",0.0125092857322141,0.0125979216158717,0.992964245503332,132,135,0.0861054587754053,-0.0124106484267924,0.0374292198912207,TRUE,FALSE,TRUE,FALSE
"mcosmo","raw","none","pooled_cl","y2009_2013","none","gaussian","growth",0.0011664232430997,0.00137746444361703,0.846790092117979,133,135,0.0732288761227746,-0.00155814806914311,0.00389099455534252,TRUE,FALSE,TRUE,FALSE
"mcosmo","raw","none","pooled_cl","y2009_2013","none","beta","growth",0.00451565734698339,0.00546713733961543,0.825963766130855,132,135,0.0717058581189496,-0.00629888069315002,0.0153301953871168,TRUE,FALSE,TRUE,FALSE
"mcosmo","raw","none","pooled_cl","y2009_2013","n_cy","gaussian","growth",0.00203233219301847,0.00147900946379598,1.37411709848181,133,135,0.118314171679363,-0.000893091235707444,0.00495775562174438,TRUE,FALSE,TRUE,FALSE
"mcosmo","raw","none","pooled_cl","y2009_2013","n_cy","beta","growth",0.00794283633527464,0.0058778241649643,1.35132254935749,132,135,0.116812322109944,-0.00368408083847486,0.0195697535090241,TRUE,FALSE,TRUE,FALSE
"mcosmo","raw","none","pooled_cl","no_bailout","none","gaussian","growth",0.00106798902883833,0.00186750973599873,0.571878693990945,188,190,0.0416723095447112,-0.00261597775502521,0.00475195581270186,TRUE,FALSE,TRUE,FALSE
"mcosmo","raw","none","pooled_cl","no_bailout","none","beta","growth",0.00427050917417994,0.00741874651806211,0.575637564079418,187,190,0.0420575418072783,-0.0103646823109955,0.0189057006593553,TRUE,FALSE,TRUE,FALSE
"mcosmo","raw","none","pooled_cl","no_bailout","n_cy","gaussian","growth",0.00164082897102555,0.00216224736699369,0.758853494781634,188,190,0.0552605103717187,-0.0026245557415426,0.0059062136835937,TRUE,FALSE,TRUE,FALSE
"mcosmo","raw","none","pooled_cl","no_bailout","n_cy","beta","growth",0.00659926292491766,0.00858389062849141,0.768796249921169,187,190,0.0561313130803604,-0.0103344445052952,0.0235329703551306,TRUE,FALSE,TRUE,FALSE
"mcosmo","raw","none","pooled_cl","no_GR_ES","none","gaussian","growth",0.00240242783682798,0.00165210238699592,1.45416401291956,248,250,0.0919483365926787,-0.000851512801896742,0.0056563684755527,TRUE,FALSE,TRUE,FALSE
"mcosmo","raw","none","pooled_cl","no_GR_ES","none","beta","growth",0.00961443877346238,0.00656918561479282,1.46356631357959,247,250,0.092723306203777,-0.00332432614297123,0.022553203689896,TRUE,FALSE,TRUE,FALSE
"mcosmo","raw","none","pooled_cl","no_GR_ES","n_cy","gaussian","growth",0.00259322447132121,0.00173853403840841,1.49161558763339,248,250,0.0942956451439545,-0.000830949843728253,0.00601739878637067,TRUE,FALSE,TRUE,FALSE
"mcosmo","raw","none","pooled_cl","no_GR_ES","n_cy","beta","growth",0.0104147114282958,0.00690786586137048,1.50765976602643,247,250,0.0954917147230985,-0.0031911230990863,0.0240205459556779,TRUE,FALSE,TRUE,FALSE
"mcosmo","raw","unemp","fe_twoway","all","none","gaussian","growth",-0.000242088964685305,0.000993108373403505,-0.243768929120632,232,270,-0.0160021650373794,-0.00219875272915782,0.00171457479978721,TRUE,FALSE,FALSE,FALSE
"mcosmo","raw","unemp","fe_twoway","all","none","beta","growth",-0.000934188139542199,0.00372632885569062,-0.250699327869456,231,270,-0.0164925612859251,-0.00827612417200993,0.00640774789292553,TRUE,FALSE,FALSE,FALSE
"mcosmo","raw","unemp","fe_twoway","all","n_cy","gaussian","growth",-0.000197592243172579,0.000961199056563534,-0.205568494708066,232,270,-0.0134950038841714,-0.00209138693345144,0.00169620244710628,TRUE,FALSE,FALSE,FALSE
"mcosmo","raw","unemp","fe_twoway","all","n_cy","beta","growth",-0.000788521406948695,0.00360760516038631,-0.218571981104567,231,270,-0.014379493690469,-0.00789653772641757,0.00631949491252018,TRUE,FALSE,FALSE,FALSE
"mcosmo","raw","unemp","fe_twoway","y2004_2008","none","gaussian","growth",-0.00320237202545419,0.00150730506171968,-2.12456795029973,102,135,-0.205857980878238,-0.00619210446858301,-0.000212639582325373,TRUE,TRUE,FALSE,FALSE
"mcosmo","raw","unemp","fe_twoway","y2004_2008","none","beta","growth",-0.0129997942001382,0.005282878439528,-2.4607407399099,101,135,-0.237827398127131,-0.0234796039454756,-0.00251998445480074,TRUE,TRUE,FALSE,FALSE
"mcosmo","raw","unemp","fe_twoway","y2004_2008","n_cy","gaussian","growth",-0.0038979439335704,0.00136894062454209,-2.84741636246952,102,135,-0.271357589832766,-0.00661323117160374,-0.00118265669553705,TRUE,TRUE,FALSE,FALSE
"mcosmo","raw","unemp","fe_twoway","y2004_2008","n_cy","beta","growth",-0.0157635649008138,0.00480197438925105,-3.28272573383558,101,135,-0.310498679640043,-0.0252893903721699,-0.0062377394294577,TRUE,TRUE,FALSE,FALSE
"mcosmo","raw","unemp","fe_twoway","y2009_2013","none","gaussian","growth",0.00197534531283437,0.000921559649984709,2.14348068827356,102,135,0.207611859086815,0.000147436116606832,0.0038032545090619,TRUE,TRUE,TRUE,FALSE
"mcosmo","raw","unemp","fe_twoway","y2009_2013","none","beta","growth",0.00803581064926495,0.00325286258968169,2.47038121891626,101,135,0.23870614450583,0.00158300628175893,0.014488615016771,TRUE,TRUE,TRUE,FALSE
"mcosmo","raw","unemp","fe_twoway","y2009_2013","n_cy","gaussian","growth",0.00195867402156588,0.000885673934301968,2.21150690531452,102,135,0.213903658025957,0.000201943972245193,0.00371540407088656,TRUE,TRUE,TRUE,FALSE
"mcosmo","raw","unemp","fe_twoway","y2009_2013","n_cy","beta","growth",0.00795591872486315,0.00312431963979764,2.54644839264219,101,135,0.245619114855198,0.00175810899225347,0.0141537284574728,TRUE,TRUE,TRUE,FALSE
"mcosmo","raw","unemp","fe_twoway","no_bailout","none","gaussian","growth",-0.00276723998958474,0.00122140044775742,-2.26562876627857,160,190,-0.176307877773876,-0.00517938563924654,-0.000355094339922941,TRUE,TRUE,FALSE,FALSE
"mcosmo","raw","unemp","fe_twoway","no_bailout","none","beta","growth",-0.0113250209750076,0.00456327367585881,-2.48177553647957,159,190,-0.193112817895712,-0.0203374692026502,-0.00231257274736493,TRUE,TRUE,FALSE,FALSE
"mcosmo","raw","unemp","fe_twoway","no_bailout","n_cy","gaussian","growth",-0.00294095359465193,0.00127060652523358,-2.31460608476828,160,190,-0.179997001833363,-0.00545027640348292,-0.000431630785820937,TRUE,TRUE,FALSE,FALSE
"mcosmo","raw","unemp","fe_twoway","no_bailout","n_cy","beta","growth",-0.0120593429096281,0.00474984928298835,-2.53888959231165,159,190,-0.197385720609182,-0.0214402772547463,-0.00267840856450978,TRUE,TRUE,FALSE,FALSE
"mcosmo","raw","unemp","fe_twoway","no_GR_ES","none","gaussian","growth",-0.000866980659302673,0.0010379725365697,-0.835263582375582,214,250,-0.0570045977791997,-0.0029129400112795,0.00117897869267415,TRUE,FALSE,FALSE,FALSE
"mcosmo","raw","unemp","fe_twoway","no_GR_ES","none","beta","growth",-0.00347360195885073,0.00389423327024922,-0.891986102986695,213,250,-0.0610040497890188,-0.0111497739427432,0.00420257002504178,TRUE,FALSE,FALSE,FALSE
"mcosmo","raw","unemp","fe_twoway","no_GR_ES","n_cy","gaussian","growth",-0.00100036458959873,0.000993092227220446,-1.00732294763663,214,250,-0.068696506485413,-0.00295785985856988,0.000957130679372421,TRUE,FALSE,FALSE,FALSE
"mcosmo","raw","unemp","fe_twoway","no_GR_ES","n_cy","beta","growth",-0.00402923851543878,0.00372868399788561,-1.08060605771999,213,250,-0.0738397813248116,-0.0113790857523831,0.00332060872150554,TRUE,FALSE,FALSE,FALSE
"mcosmo","raw","unemp","fe_country","all","none","gaussian","growth",-0.00112248235704126,0.000683163592848903,-1.64306524643727,241,270,-0.105251270031581,-0.00246821640463414,0.000223251690551628,TRUE,FALSE,FALSE,FALSE
"mcosmo","raw","unemp","fe_country","all","none","beta","growth",-0.0045417945155618,0.00260880002159371,-1.74095157849133,240,270,-0.111674992885263,-0.00968086350848728,0.000597274477363679,TRUE,FALSE,FALSE,FALSE
"mcosmo","raw","unemp","fe_country","all","n_cy","gaussian","growth",-0.000787290384623578,0.000709213003200125,-1.11009017188228,241,270,-0.0713250740284518,-0.00218433802503128,0.000609757255784126,TRUE,FALSE,FALSE,FALSE
"mcosmo","raw","unemp","fe_country","all","n_cy","beta","growth",-0.00316708626084955,0.00270819493464883,-1.16944545620762,240,270,-0.075273217898735,-0.00850195305794095,0.00216778053624184,TRUE,FALSE,FALSE,FALSE
"mcosmo","raw","unemp","fe_country","y2004_2008","none","gaussian","growth",-0.00164314941607731,0.00118259007915223,-1.38944968763415,106,135,-0.133742854831796,-0.00398774926879557,0.000701450436640954,TRUE,FALSE,FALSE,FALSE
"mcosmo","raw","unemp","fe_country","y2004_2008","none","beta","growth",-0.00670499162527399,0.00421899583520602,-1.58923874001563,105,135,-0.153261490435056,-0.0150704810073982,0.0016604977568502,TRUE,FALSE,FALSE,FALSE
"mcosmo","raw","unemp","fe_country","y2004_2008","n_cy","gaussian","growth",-0.0022337056548073,0.00108326302692053,-2.06201596407957,106,135,-0.196380771846731,-0.00438137996575176,-8.60313438628421e-05,TRUE,TRUE,FALSE,FALSE
"mcosmo","raw","unemp","fe_country","y2004_2008","n_cy","beta","growth",-0.00900957344147716,0.00386695632793297,-2.32988755947319,105,135,-0.221714767031994,-0.0166770335116011,-0.00134211337135326,TRUE,TRUE,FALSE,FALSE
"mcosmo","raw","unemp","fe_country","y2009_2013","none","gaussian","growth",-0.00161392215279301,0.000714028160985989,-2.26030602289464,106,135,-0.214433510466637,-0.00302955242958729,-0.000198291875998735,TRUE,TRUE,FALSE,FALSE
"mcosmo","raw","unemp","fe_country","y2009_2013","none","beta","growth",-0.00661122800287533,0.00257399589952869,-2.56846873924153,105,135,-0.243135269533721,-0.0117149863871466,-0.00150746961860401,TRUE,TRUE,FALSE,FALSE
"mcosmo","raw","unemp","fe_country","y2009_2013","n_cy","gaussian","growth",-0.00118543786531592,0.000731066849935762,-1.62151773865836,106,135,-0.15557799634064,-0.0026348490001661,0.000263973269534247,TRUE,FALSE,FALSE,FALSE
"mcosmo","raw","unemp","fe_country","y2009_2013","n_cy","beta","growth",-0.00485031740458839,0.002635506496593,-1.84037391327191,105,135,-0.176773645636564,-0.0100760399402191,0.000375405131042286,TRUE,FALSE,FALSE,FALSE
"mcosmo","raw","unemp","fe_country","no_bailout","none","gaussian","growth",-0.00200805327954194,0.000786304595756167,-2.55378550548958,169,190,-0.192760862322491,-0.00356029753381606,-0.000455809025267822,TRUE,TRUE,FALSE,FALSE
"mcosmo","raw","unemp","fe_country","no_bailout","none","beta","growth",-0.00813435452908339,0.00300600513809169,-2.70603480546522,168,190,-0.204368706797519,-0.0140687653572047,-0.00219994370096204,TRUE,TRUE,FALSE,FALSE
"mcosmo","raw","unemp","fe_country","no_bailout","n_cy","gaussian","growth",-0.00192744521707659,0.000857374569577637,-2.24807836092701,169,190,-0.170400011737413,-0.00361998873846831,-0.000234901695684875,TRUE,TRUE,FALSE,FALSE
"mcosmo","raw","unemp","fe_country","no_bailout","n_cy","beta","growth",-0.00778689136445758,0.00327913471965933,-2.37467869733225,168,190,-0.180210916178317,-0.0142605105677729,-0.00131327216114221,TRUE,TRUE,FALSE,FALSE
"mcosmo","raw","unemp","fe_country","no_GR_ES","none","gaussian","growth",-0.0012071206118387,0.000697054782245448,-1.73174425107616,223,250,-0.115194184678984,-0.00258077786466415,0.000166536640986748,TRUE,FALSE,FALSE,FALSE
"mcosmo","raw","unemp","fe_country","no_GR_ES","none","beta","growth",-0.0048838652448614,0.00266299428564058,-1.83397511260021,222,250,-0.122166373621638,-0.0101318477772692,0.000364117287546425,TRUE,FALSE,FALSE,FALSE
"mcosmo","raw","unemp","fe_country","no_GR_ES","n_cy","gaussian","growth",-0.00110129045343957,0.000720143119235998,-1.52926609172901,223,250,-0.101874434355314,-0.00252044694444624,0.000317866037567104,TRUE,FALSE,FALSE,FALSE
"mcosmo","raw","unemp","fe_country","no_GR_ES","n_cy","beta","growth",-0.00442984492149944,0.00275244247768013,-1.60942325132008,222,250,-0.107392716640802,-0.00985410366745764,0.000994413824458767,TRUE,FALSE,FALSE,FALSE
"mcosmo","raw","unemp","re","all","none","gaussian","growth",-0.000758053813313615,0.000695754048718948,-1.08954279850671,267,270,-0.0665311989074853,-0.00212791604385938,0.000611808417232153,TRUE,FALSE,FALSE,FALSE
"mcosmo","raw","unemp","re","all","none","beta","growth",-0.00355699515869236,0.00274807253747497,-1.29435999602858,267,270,-0.0789661848199587,-0.00896764391139219,0.00185365359400747,TRUE,FALSE,FALSE,FALSE
"mcosmo","raw","unemp","re","y2004_2008","none","gaussian","growth",-0.00084494343659469,0.00121986793329273,-0.692651567874216,132,135,-0.0601783180278847,-0.00325796278274141,0.00156807590955203,TRUE,FALSE,FALSE,FALSE
"mcosmo","raw","unemp","re","y2004_2008","none","beta","growth",-0.00454478859379895,0.00469579330437705,-0.96784255592397,132,135,-0.0839425650358384,-0.0138335318911022,0.00474395470350433,TRUE,FALSE,FALSE,FALSE
"mcosmo","raw","unemp","re","y2009_2013","none","gaussian","growth",-0.00153292114498622,0.000736834933354292,-2.08041323177758,132,135,-0.178179151180384,-0.00299045347334358,-7.538881662886e-05,TRUE,TRUE,FALSE,FALSE
"mcosmo","raw","unemp","re","y2009_2013","none","beta","growth",-0.00635901707287259,0.00288232499620459,-2.20621098635514,132,135,-0.188580631961325,-0.0120605408099138,-0.000657493335831361,TRUE,TRUE,FALSE,FALSE
"mcosmo","raw","unemp","re","no_bailout","none","gaussian","growth",-0.00176495954658196,0.000795944364254387,-2.21744084868961,187,190,-0.160064591586975,-0.00333514369481351,-0.000194775398350406,TRUE,TRUE,FALSE,FALSE
"mcosmo","raw","unemp","re","no_bailout","none","beta","growth",-0.00737565026653316,0.00316473689248726,-2.33057297244588,187,190,-0.168005903935234,-0.0136188249469168,-0.00113247558614948,TRUE,TRUE,FALSE,FALSE
"mcosmo","raw","unemp","re","no_GR_ES","none","gaussian","growth",-0.000844362050583744,0.00070988073455326,-1.18944212666247,247,250,-0.0754665691488029,-0.00224255361978018,0.000553829518612695,TRUE,FALSE,FALSE,FALSE
"mcosmo","raw","unemp","re","no_GR_ES","none","beta","growth",-0.00390479262172174,0.00280433934776363,-1.39241088095693,247,250,-0.0882512987737204,-0.009428260779618,0.00161867553617452,TRUE,FALSE,FALSE,FALSE
"mcosmo","raw","unemp","pooled_cl","all","none","gaussian","growth",0.00277068057123078,0.00162419415093229,1.7058801557932,267,270,0.103833862065165,-0.000427176813188491,0.00596853795565006,TRUE,FALSE,TRUE,FALSE
"mcosmo","raw","unemp","pooled_cl","all","none","beta","growth",0.0110859272509346,0.00644372321487312,1.72042263164664,266,270,0.104903847469272,-0.00160126323741766,0.0237731177392868,TRUE,FALSE,TRUE,FALSE
"mcosmo","raw","unemp","pooled_cl","all","n_cy","gaussian","growth",0.00340318527667238,0.00167579944931245,2.03078314536304,267,270,0.123333059322481,0.000103722807414315,0.00670264774593045,TRUE,TRUE,TRUE,FALSE
"mcosmo","raw","unemp","pooled_cl","all","n_cy","beta","growth",0.0136382374054388,0.00663732532476461,2.05477910726374,266,270,0.124998469378916,0.00056985940092039,0.0267066154099573,TRUE,TRUE,TRUE,FALSE
"mcosmo","raw","unemp","pooled_cl","y2004_2008","none","gaussian","growth",0.00315954398232249,0.00280076157214005,1.12810173266848,132,135,0.0977187288746382,-0.00238063924003333,0.0086997272046783,TRUE,FALSE,TRUE,FALSE
"mcosmo","raw","unemp","pooled_cl","y2004_2008","none","beta","growth",0.0127731906886192,0.0111067005126668,1.15004367625217,131,135,0.0999763600008037,-0.00919851230922791,0.0347448936864662,TRUE,FALSE,TRUE,FALSE
"mcosmo","raw","unemp","pooled_cl","y2004_2008","n_cy","gaussian","growth",0.00260465355175225,0.002991434855447,0.870703751749609,132,135,0.0755683362565547,-0.00331270027149891,0.00852200737500342,TRUE,FALSE,TRUE,FALSE
"mcosmo","raw","unemp","pooled_cl","y2004_2008","n_cy","beta","growth",0.0105600112231835,0.0118633293418473,0.890138924655297,131,135,0.0775376610176231,-0.0129084840844411,0.0340285065308082,TRUE,FALSE,TRUE,FALSE
"mcosmo","raw","unemp","pooled_cl","y2009_2013","none","gaussian","growth",0.000862564826810686,0.0010950710758974,0.787679307577201,132,135,0.0683981265773735,-0.00130359400024656,0.00302872365386793,TRUE,FALSE,TRUE,FALSE
"mcosmo","raw","unemp","pooled_cl","y2009_2013","none","beta","growth",0.00332877224049542,0.00433046318380973,0.768687343409517,131,135,0.0670095705098847,-0.00523791692243523,0.0118954614034261,TRUE,FALSE,TRUE,FALSE
"mcosmo","raw","unemp","pooled_cl","y2009_2013","n_cy","gaussian","growth",0.00220246100504325,0.00122150069107558,1.80307798524772,132,135,0.155040129913681,-0.000213788097382868,0.00461871010746936,TRUE,FALSE,TRUE,FALSE
"mcosmo","raw","unemp","pooled_cl","y2009_2013","n_cy","beta","growth",0.00866901181044565,0.00482334597500518,1.79730250646935,131,135,0.155130040381174,-0.000872717085351271,0.0182107407062426,TRUE,FALSE,TRUE,FALSE
"mcosmo","raw","unemp","pooled_cl","no_bailout","none","gaussian","growth",0.00104234609470007,0.00166196906382391,0.627175389355204,187,190,0.0458154463272365,-0.00223627185407092,0.00432096404347105,TRUE,FALSE,TRUE,FALSE
"mcosmo","raw","unemp","pooled_cl","no_bailout","none","beta","growth",0.00419053083147043,0.00659682689174234,0.635234317989453,186,190,0.0465271975594042,-0.00882369001256704,0.0172047516755079,TRUE,FALSE,TRUE,FALSE
"mcosmo","raw","unemp","pooled_cl","no_bailout","n_cy","gaussian","growth",0.001146433793912,0.0019123387483264,0.599493052637933,187,190,0.0437972074562094,-0.00262609620130185,0.00491896378912585,TRUE,FALSE,TRUE,FALSE
"mcosmo","raw","unemp","pooled_cl","no_bailout","n_cy","beta","growth",0.00464147523669112,0.00759180437523142,0.611379720456724,186,190,0.0447835602096469,-0.0103356373001965,0.0196185877735788,TRUE,FALSE,TRUE,FALSE
"mcosmo","raw","unemp","pooled_cl","no_GR_ES","none","gaussian","growth",0.00262893654996333,0.00167251713547452,1.57184431429903,247,250,0.0995175694130939,-0.000665277878364136,0.0059231509782908,TRUE,FALSE,TRUE,FALSE
"mcosmo","raw","unemp","pooled_cl","no_GR_ES","none","beta","growth",0.0105190606189948,0.00663700194225638,1.58491148722169,246,250,0.100538263410678,-0.00255353797387812,0.0235916592118677,TRUE,FALSE,TRUE,FALSE
"mcosmo","raw","unemp","pooled_cl","no_GR_ES","n_cy","gaussian","growth",0.00289037216409738,0.00176526158196956,1.63736196018751,247,250,0.103622004408032,-0.000586513094508024,0.00636725742270278,TRUE,FALSE,TRUE,FALSE
"mcosmo","raw","unemp","pooled_cl","no_GR_ES","n_cy","beta","growth",0.0116005956965698,0.0070022519498085,1.65669498608759,246,250,0.105042655857518,-0.00219141909902752,0.0253926104921671,TRUE,FALSE,TRUE,FALSE
"mutil","raw","none","fe_twoway","all","none","gaussian","growth",0.00216571391047803,0.00039811940909851,5.43986015497716,233,270,0.335696586228927,0.00138134000656779,0.00295008781438828,TRUE,TRUE,TRUE,FALSE
"mutil","raw","none","fe_twoway","all","none","beta","growth",0.0196363886115131,0.0035327206779137,5.55843226844349,232,270,0.342815294137362,0.0126760741830011,0.0265967030400251,TRUE,TRUE,TRUE,FALSE
"mutil","raw","none","fe_twoway","all","n_cy","gaussian","growth",0.00229275485544488,0.000394106333286015,5.81760469649941,233,270,0.356135330416973,0.00151628750386491,0.00306922220702485,TRUE,TRUE,TRUE,FALSE
"mutil","raw","none","fe_twoway","all","n_cy","beta","growth",0.0198039237110423,0.00352742951706473,5.61426489607698,232,270,0.345848688803592,0.0128540341495261,0.0267538132725585,TRUE,TRUE,TRUE,FALSE
"mutil","raw","none","fe_twoway","y2004_2008","none","gaussian","growth",0.00148208469567832,0.00072229437437243,2.05191227879359,103,135,0.198171157279125,4.95841610139043e-05,0.00291458523034274,TRUE,TRUE,TRUE,FALSE
"mutil","raw","none","fe_twoway","y2004_2008","none","beta","growth",0.0137640781494746,0.00569027444383794,2.41887773345975,102,135,0.232917376659412,0.00247744577020058,0.0250507105287487,TRUE,TRUE,TRUE,FALSE
"mutil","raw","none","fe_twoway","y2004_2008","n_cy","gaussian","growth",0.0016562628171214,0.000689906167512397,2.40070736444263,103,135,0.230196038407632,0.000287996651835998,0.00302452898240681,TRUE,TRUE,TRUE,FALSE
"mutil","raw","none","fe_twoway","y2004_2008","n_cy","beta","growth",0.0151925338235938,0.00550857413886547,2.75797936827311,102,135,0.26343468570643,0.00426630313771201,0.0261187645094755,TRUE,TRUE,TRUE,FALSE
"mutil","raw","none","fe_twoway","y2009_2013","none","gaussian","growth",0.0013473090066583,0.00045491305136837,2.96168466172959,103,135,0.280138712810905,0.000445096262889931,0.00224952175042668,TRUE,TRUE,TRUE,FALSE
"mutil","raw","none","fe_twoway","y2009_2013","none","beta","growth",0.0157597803858693,0.00431421430374834,3.65298969320477,102,135,0.340134209982389,0.00720255676996028,0.0243170040017782,TRUE,TRUE,TRUE,FALSE
"mutil","raw","none","fe_twoway","y2009_2013","n_cy","gaussian","growth",0.00120544426217614,0.000429192903997213,2.80863045718941,103,135,0.266717512823804,0.000354241364487273,0.00205664715986501,TRUE,TRUE,TRUE,FALSE
"mutil","raw","none","fe_twoway","y2009_2013","n_cy","beta","growth",0.0142866979867892,0.00408945027051439,3.4935497540583,102,135,0.326907273149212,0.00617529276509523,0.0223981032084832,TRUE,TRUE,TRUE,FALSE
"mutil","raw","none","fe_twoway","no_bailout","none","gaussian","growth",0.00232397479738013,0.000536104470311979,4.33492896641529,161,190,0.32329372534831,0.00126527135138373,0.00338267824337653,TRUE,TRUE,TRUE,FALSE
"mutil","raw","none","fe_twoway","no_bailout","none","beta","growth",0.0211451696146663,0.00483473601124485,4.37359342174751,160,190,0.326780612143755,0.0115970419238668,0.0306932973054658,TRUE,TRUE,TRUE,FALSE
"mutil","raw","none","fe_twoway","no_bailout","n_cy","gaussian","growth",0.00259642545327598,0.000556066035313714,4.66927538886845,161,190,0.345349522492688,0.00149830174719012,0.00369454915936183,TRUE,TRUE,TRUE,FALSE
"mutil","raw","none","fe_twoway","no_bailout","n_cy","beta","growth",0.0229999071084997,0.00521597547079247,4.40951213004942,160,190,0.329174599793461,0.0126988690143057,0.0333009452026936,TRUE,TRUE,TRUE,FALSE
"mutil","raw","none","fe_twoway","no_GR_ES","none","gaussian","growth",0.00227615134388384,0.000405269666275361,5.61638714489257,215,250,0.35769262831109,0.00147734087124773,0.00307496181651995,TRUE,TRUE,TRUE,FALSE
"mutil","raw","none","fe_twoway","no_GR_ES","none","beta","growth",0.0202327453987428,0.00353810820793579,5.7185208053733,214,250,0.364080842846798,0.0132587404792532,0.0272067503182324,TRUE,TRUE,TRUE,FALSE
"mutil","raw","none","fe_twoway","no_GR_ES","n_cy","gaussian","growth",0.00245355082371201,0.000408674183263595,6.00368441216035,215,250,0.378915818636725,0.00164802984680978,0.00325907180061423,TRUE,TRUE,TRUE,FALSE
"mutil","raw","none","fe_twoway","no_GR_ES","n_cy","beta","growth",0.0206554847643341,0.00359684543990415,5.74266676437576,214,250,0.365413246027976,0.0135657022256677,0.0277452673030004,TRUE,TRUE,TRUE,FALSE
"mutil","raw","none","fe_country","all","none","gaussian","growth",0.00220090756012629,0.000344798021439808,6.38317920426498,242,270,0.379611698992435,0.0015217191992742,0.00288009592097838,TRUE,TRUE,TRUE,FALSE
"mutil","raw","none","fe_country","all","none","beta","growth",0.0255542621918256,0.00341290845914094,7.48753226104922,241,270,0.434424513503731,0.018831323260565,0.0322772011230862,TRUE,TRUE,TRUE,FALSE
"mutil","raw","none","fe_country","all","n_cy","gaussian","growth",0.00248019262064214,0.000358879818678831,6.91092809223056,242,270,0.405991052985962,0.0017732657224728,0.00318711951881149,TRUE,TRUE,TRUE,FALSE
"mutil","raw","none","fe_country","all","n_cy","beta","growth",0.0291061816620977,0.00356959528041391,8.15391644587863,241,270,0.465000407889512,0.0220745922225207,0.0361377711016748,TRUE,TRUE,TRUE,FALSE
"mutil","raw","none","fe_country","y2004_2008","none","gaussian","growth",0.00162391367766278,0.000602677417809084,2.69449896358519,107,135,0.252075300745618,0.000429175987017621,0.00281865136830793,TRUE,TRUE,TRUE,FALSE
"mutil","raw","none","fe_country","y2004_2008","none","beta","growth",0.0156832165781563,0.00501374682758502,3.12804318157214,106,135,0.290701477004489,0.00574297584660073,0.0256234573097118,TRUE,TRUE,TRUE,FALSE
"mutil","raw","none","fe_country","y2004_2008","n_cy","gaussian","growth",0.00191561640098698,0.00055665707992247,3.4412863324289,107,135,0.315671234335781,0.000812108662858113,0.00301912413911584,TRUE,TRUE,TRUE,FALSE
"mutil","raw","none","fe_country","y2004_2008","n_cy","beta","growth",0.0185313848254334,0.00469278335633739,3.94891121500582,106,135,0.358114145269505,0.00922748539310013,0.0278352842577666,TRUE,TRUE,TRUE,FALSE
"mutil","raw","none","fe_country","y2009_2013","none","gaussian","growth",-0.000921831787479979,0.000412803028535013,-2.23310325690062,107,135,-0.21102090640309,-0.00174016564640595,-0.000103497928554007,TRUE,TRUE,FALSE,FALSE
"mutil","raw","none","fe_country","y2009_2013","none","beta","growth",-0.0102817046193913,0.00418889359897068,-2.4545155842387,106,135,-0.231904407249691,-0.0185865935985376,-0.00197681564024498,TRUE,TRUE,FALSE,FALSE
"mutil","raw","none","fe_country","y2009_2013","n_cy","gaussian","growth",-0.000626212694627114,0.000392073921387252,-1.597180175645,107,135,-0.15259692023878,-0.00140345351626477,0.000151028127010546,TRUE,FALSE,FALSE,FALSE
"mutil","raw","none","fe_country","y2009_2013","n_cy","beta","growth",-0.00681286798638399,0.00405000980351184,-1.68218555433531,106,135,-0.161250135009575,-0.01484240633295,0.00121667036018201,TRUE,FALSE,FALSE,FALSE
"mutil","raw","none","fe_country","no_bailout","none","gaussian","growth",0.00201378123241334,0.000415845485795976,4.84261895631433,170,190,0.348172811909163,0.00119289529565916,0.00283466716916751,TRUE,TRUE,TRUE,FALSE
"mutil","raw","none","fe_country","no_bailout","none","beta","growth",0.0249881036438054,0.00436452324834749,5.72527678785224,169,190,0.403049814972695,0.0163720963465594,0.0336041109410514,TRUE,TRUE,TRUE,FALSE
"mutil","raw","none","fe_country","no_bailout","n_cy","gaussian","growth",0.00218841868257504,0.000447845153937406,4.88655211144901,170,190,0.350944007064698,0.00130436486627104,0.00307247249887904,TRUE,TRUE,TRUE,FALSE
"mutil","raw","none","fe_country","no_bailout","n_cy","beta","growth",0.0287712433842631,0.00483768907850331,5.9473113954575,169,190,0.416017462763564,0.0192211592100125,0.0383213275585136,TRUE,TRUE,TRUE,FALSE
"mutil","raw","none","fe_country","no_GR_ES","none","gaussian","growth",0.00224747328781427,0.000346852922521299,6.47961467782143,224,250,0.397301565146525,0.00156396111680341,0.00293098545882513,TRUE,TRUE,TRUE,FALSE
"mutil","raw","none","fe_country","no_GR_ES","none","beta","growth",0.0259964192359395,0.00343230481304578,7.57404154116214,223,250,0.452339932031229,0.0192325169997909,0.0327603214720881,TRUE,TRUE,TRUE,FALSE
"mutil","raw","none","fe_country","no_GR_ES","n_cy","gaussian","growth",0.00246309469623229,0.000367739584373303,6.69793190860828,224,250,0.408484686403011,0.00173842304043503,0.00318776635202955,TRUE,TRUE,TRUE,FALSE
"mutil","raw","none","fe_country","no_GR_ES","n_cy","beta","growth",0.0289102980100296,0.00365995662320186,7.89908214396756,223,250,0.467576925098399,0.0216977716942465,0.0361228243258127,TRUE,TRUE,TRUE,FALSE
"mutil","raw","none","re","all","none","gaussian","growth",0.00223607769034983,0.000344882461970577,6.48359350479409,268,270,0.368221401167383,0.00155705407089094,0.00291510130980871,TRUE,TRUE,TRUE,FALSE
"mutil","raw","none","re","all","none","beta","growth",0.0257800697142044,0.0038225122445888,6.74427393939653,268,270,0.380913758616881,0.0182540967061364,0.0333060427222724,TRUE,TRUE,TRUE,FALSE
"mutil","raw","none","re","y2004_2008","none","gaussian","growth",0.00193972871039323,0.00061475502113121,3.15528729936023,133,135,0.26389913188503,0.000723767091643096,0.00315569032914337,TRUE,TRUE,TRUE,FALSE
"mutil","raw","none","re","y2004_2008","none","beta","growth",0.0176572740290424,0.00556979586822178,3.1701833328911,133,135,0.265057655750241,0.00664043355237834,0.0286741145057065,TRUE,TRUE,TRUE,FALSE
"mutil","raw","none","re","y2009_2013","none","gaussian","growth",-0.00092394686277696,0.000408770431513457,-2.26030747712373,133,135,-0.19233421409989,-0.0017324789422477,-0.000115414783306219,TRUE,TRUE,FALSE,FALSE
"mutil","raw","none","re","y2009_2013","none","beta","growth",-0.0103944295691701,0.00472689697825307,-2.19899642767582,133,135,-0.18730261746549,-0.0197440486918661,-0.00104481044647414,TRUE,TRUE,FALSE,FALSE
"mutil","raw","none","re","no_bailout","none","gaussian","growth",0.00205535194191284,0.000416949791272947,4.92949507334648,188,190,0.338319881430212,0.00123285064407252,0.00287785323975315,TRUE,TRUE,TRUE,FALSE
"mutil","raw","none","re","no_bailout","none","beta","growth",0.0253354056639967,0.00498777559833255,5.07949990221423,188,190,0.34738876280926,0.0154962068231963,0.0351746045047971,TRUE,TRUE,TRUE,FALSE
"mutil","raw","none","re","no_GR_ES","none","gaussian","growth",0.00228423088197383,0.000348046535599674,6.56300422022063,248,250,0.384681857373295,0.0015987268991278,0.00296973486481986,TRUE,TRUE,TRUE,FALSE
"mutil","raw","none","re","no_GR_ES","none","beta","growth",0.0262584606836914,0.00386791703251648,6.78878591834934,248,250,0.395871053165629,0.0186403054662013,0.0338766159011816,TRUE,TRUE,TRUE,FALSE
"mutil","raw","none","pooled_cl","all","none","gaussian","growth",0.00306426396276456,0.000817697004059883,3.74743205313267,268,270,0.223139221854142,0.00145433698606374,0.00467419093946538,TRUE,TRUE,TRUE,FALSE
"mutil","raw","none","pooled_cl","all","none","beta","growth",0.0318868394099739,0.00722578329220509,4.4129249550526,267,270,0.260725798811684,0.0176600768976671,0.0461136019222807,TRUE,TRUE,TRUE,FALSE
"mutil","raw","none","pooled_cl","all","n_cy","gaussian","growth",0.00321058291898913,0.000915883536090545,3.50544888348308,268,270,0.209382920505085,0.00140734088074348,0.00501382495723479,TRUE,TRUE,TRUE,FALSE
"mutil","raw","none","pooled_cl","all","n_cy","beta","growth",0.0331660580486123,0.00838297102556614,3.95636081139531,267,270,0.235325642146018,0.016660921774053,0.0496711943231715,TRUE,TRUE,TRUE,FALSE
"mutil","raw","none","pooled_cl","y2004_2008","none","gaussian","growth",0.00681215286624183,0.00249572557435402,2.72952801231163,133,135,0.230317100383998,0.00187570435417686,0.0117486013783068,TRUE,TRUE,TRUE,FALSE
"mutil","raw","none","pooled_cl","y2004_2008","none","beta","growth",0.06147084239107,0.0209225411857751,2.9380199013714,132,135,0.247749460253433,0.0200839879013786,0.102857696880761,TRUE,TRUE,TRUE,FALSE
"mutil","raw","none","pooled_cl","y2004_2008","n_cy","gaussian","growth",0.00713700462863762,0.00244796704062818,2.9154823207122,133,135,0.245093692765162,0.00229502064631581,0.0119789886109594,TRUE,TRUE,TRUE,FALSE
"mutil","raw","none","pooled_cl","y2004_2008","n_cy","beta","growth",0.0670615075308842,0.0212748862465013,3.15214411742918,132,135,0.264581677278316,0.0249776796846125,0.109145335377156,TRUE,TRUE,TRUE,FALSE
"mutil","raw","none","pooled_cl","y2009_2013","none","gaussian","growth",-0.000952697938735005,0.000492657725570658,-1.93379275161365,133,135,-0.165372330944035,-0.00192715583640674,2.17599589367252e-05,TRUE,FALSE,FALSE,FALSE
"mutil","raw","none","pooled_cl","y2009_2013","none","beta","growth",-0.0115659690569895,0.00560441775621083,-2.06372357666808,132,135,-0.17679460119665,-0.0226520613302091,-0.000479876783769902,TRUE,TRUE,FALSE,FALSE
"mutil","raw","none","pooled_cl","y2009_2013","n_cy","gaussian","growth",-0.001046299704965,0.000521869944361243,-2.00490508462917,133,135,-0.171278321865472,-0.0020785382398449,-1.40611700850974e-05,TRUE,TRUE,FALSE,FALSE
"mutil","raw","none","pooled_cl","y2009_2013","n_cy","beta","growth",-0.0137321027772521,0.00604142345771169,-2.27299126991727,132,135,-0.194076859546878,-0.0256826355225248,-0.00178157003197937,TRUE,TRUE,FALSE,FALSE
"mutil","raw","none","pooled_cl","no_bailout","none","gaussian","growth",0.00312389159892795,0.00101436024079115,3.07966684152711,188,190,0.219147942191286,0.00112290099528434,0.00512488220257155,TRUE,TRUE,TRUE,FALSE
"mutil","raw","none","pooled_cl","no_bailout","none","beta","growth",0.0361532417089516,0.0100019515757444,3.61461875066726,187,190,0.255550320046232,0.0164220814408275,0.0558844019770757,TRUE,TRUE,TRUE,FALSE
"mutil","raw","none","pooled_cl","no_bailout","n_cy","gaussian","growth",0.00345533665032053,0.00130146375519413,2.65496187391337,188,190,0.190101972169801,0.000887987654962606,0.00602268564567845,TRUE,TRUE,TRUE,FALSE
"mutil","raw","none","pooled_cl","no_bailout","n_cy","beta","growth",0.0405859787298479,0.0135069133145341,3.00483002923957,187,190,0.2146148379248,0.0139404716687025,0.0672314857909933,TRUE,TRUE,TRUE,FALSE
"mutil","raw","none","pooled_cl","no_GR_ES","none","gaussian","growth",0.00326466685623851,0.000862779304848985,3.78389564734627,248,250,0.23362817439209,0.0015653577429555,0.00496397596952152,TRUE,TRUE,TRUE,FALSE
"mutil","raw","none","pooled_cl","no_GR_ES","none","beta","growth",0.0346692617207444,0.00773828062647892,4.48022802405392,247,250,0.274148313534623,0.0194278300190826,0.0499106934224061,TRUE,TRUE,TRUE,FALSE
"mutil","raw","none","pooled_cl","no_GR_ES","n_cy","gaussian","growth",0.00348763522935691,0.000983909929631972,3.54466920631795,248,250,0.219592720729632,0.00154975018659282,0.00542552027212101,TRUE,TRUE,TRUE,FALSE
"mutil","raw","none","pooled_cl","no_GR_ES","n_cy","beta","growth",0.0372049477696212,0.00915405471220091,4.06431345882529,247,250,0.250369557600636,0.0191749865387154,0.0552349090005271,TRUE,TRUE,TRUE,FALSE
"mutil","raw","unemp","fe_twoway","all","none","gaussian","growth",0.00191439315015709,0.000426510105784632,4.48850595611391,232,270,0.28266704172889,0.00107406505352644,0.00275472124678774,TRUE,TRUE,TRUE,FALSE
"mutil","raw","unemp","fe_twoway","all","none","beta","growth",0.0180112464981931,0.0037412895330388,4.81418140433621,231,270,0.301963804076368,0.0106398336427324,0.0253826593536538,TRUE,TRUE,TRUE,FALSE
"mutil","raw","unemp","fe_twoway","all","n_cy","gaussian","growth",0.00199580393232316,0.000416706518404141,4.78947135256361,232,270,0.299964189378185,0.00117479127467476,0.00281681658997155,TRUE,TRUE,TRUE,FALSE
"mutil","raw","unemp","fe_twoway","all","n_cy","beta","growth",0.0180651443674221,0.00368997142392835,4.89574099416465,231,270,0.306602263463189,0.0107948428977214,0.0253354458371229,TRUE,TRUE,TRUE,FALSE
"mutil","raw","unemp","fe_twoway","y2004_2008","none","gaussian","growth",0.00155049388555515,0.000753990631237059,2.05638348982041,102,135,0.199518489543293,5.4957043495616e-05,0.00304603072761469,TRUE,TRUE,TRUE,FALSE
"mutil","raw","unemp","fe_twoway","y2004_2008","none","beta","growth",0.0142412484021016,0.00598769199499468,2.37842033524877,101,135,0.230300120424823,0.00236327815548158,0.0261192186487217,TRUE,TRUE,TRUE,FALSE
"mutil","raw","unemp","fe_twoway","y2004_2008","n_cy","gaussian","growth",0.00171655610244278,0.000718218597924055,2.39001901009571,102,135,0.230286736664557,0.000291972918848738,0.00314113928603682,TRUE,TRUE,TRUE,FALSE
"mutil","raw","unemp","fe_twoway","y2004_2008","n_cy","beta","growth",0.0156645247074283,0.00578015804057095,2.71005128189904,101,135,0.26036003353742,0.00419824600036462,0.0271308034144921,TRUE,TRUE,TRUE,FALSE
"mutil","raw","unemp","fe_twoway","y2009_2013","none","gaussian","growth",0.000775901501742454,0.000465715977556236,1.66604011701266,102,135,0.162762814314917,-0.000147843931577315,0.00169964693506222,TRUE,FALSE,TRUE,FALSE
"mutil","raw","unemp","fe_twoway","y2009_2013","none","beta","growth",0.00947531364604822,0.00446639627499233,2.1214672999575,101,135,0.206542214366357,0.00061518488386051,0.0183354424082359,TRUE,TRUE,TRUE,FALSE
"mutil","raw","unemp","fe_twoway","y2009_2013","n_cy","gaussian","growth",0.00081498888276524,0.000436923451620809,1.86528985739255,102,135,0.181619592272597,-5.16467118795619e-05,0.00168162447741004,TRUE,FALSE,TRUE,FALSE
"mutil","raw","unemp","fe_twoway","y2009_2013","n_cy","beta","growth",0.0100964215815344,0.00421485910185792,2.395435134969,101,135,0.231859375641137,0.00173527490808917,0.0184575682549795,TRUE,TRUE,TRUE,FALSE
"mutil","raw","unemp","fe_twoway","no_bailout","none","gaussian","growth",0.00209256565723414,0.000563283955068545,3.71493922098225,160,190,0.28179018386275,0.000980135295645853,0.00320499601882243,TRUE,TRUE,TRUE,FALSE
"mutil","raw","unemp","fe_twoway","no_bailout","none","beta","growth",0.0206655631047746,0.0051289030733106,4.02923642919136,159,190,0.304377566053821,0.0105359989593347,0.0307951272502145,TRUE,TRUE,TRUE,FALSE
"mutil","raw","unemp","fe_twoway","no_bailout","n_cy","gaussian","growth",0.00234434695698871,0.00057853046169467,4.05224463051002,160,190,0.305085032442873,0.00120180624567993,0.00348688766829749,TRUE,TRUE,TRUE,FALSE
"mutil","raw","unemp","fe_twoway","no_bailout","n_cy","beta","growth",0.0223442528511796,0.00547627233489482,4.08019387728436,159,190,0.307864219517329,0.011528635729679,0.0331598699726801,TRUE,TRUE,TRUE,FALSE
"mutil","raw","unemp","fe_twoway","no_GR_ES","none","gaussian","growth",0.00196103828306236,0.000434406152060454,4.5142967560677,214,250,0.294870191619314,0.00110477542633824,0.00281730113978648,TRUE,TRUE,TRUE,FALSE
"mutil","raw","unemp","fe_twoway","no_GR_ES","none","beta","growth",0.018454075782769,0.00375260259444662,4.91767388587289,213,250,0.319313642158095,0.0110570810720926,0.0258510704934454,TRUE,TRUE,TRUE,FALSE
"mutil","raw","unemp","fe_twoway","no_GR_ES","n_cy","gaussian","growth",0.00211301657289828,0.000426744941429527,4.95147421272297,214,250,0.320608302174611,0.0012718548146961,0.00295417833110046,TRUE,TRUE,TRUE,FALSE
"mutil","raw","unemp","fe_twoway","no_GR_ES","n_cy","beta","growth",0.0188374775271638,0.00373351878297209,5.04550227872917,213,250,0.326737727249922,0.0114781001364631,0.0261968549178646,TRUE,TRUE,TRUE,FALSE
"mutil","raw","unemp","fe_country","all","none","gaussian","growth",0.00150278163968537,0.000353602468321405,4.24991840927824,241,270,0.264045577360445,0.000806235620673132,0.0021993276586976,TRUE,TRUE,TRUE,FALSE
"mutil","raw","unemp","fe_country","all","none","beta","growth",0.0166913631269286,0.00344478353553666,4.84540260795466,240,270,0.298509220433284,0.00990549218692383,0.0234772340669334,TRUE,TRUE,TRUE,FALSE
"mutil","raw","unemp","fe_country","all","n_cy","gaussian","growth",0.00177456419142555,0.000360530856244687,4.92208686354762,241,270,0.302232008378469,0.00106437024441936,0.00248475813843174,TRUE,TRUE,TRUE,FALSE
"mutil","raw","unemp","fe_country","all","n_cy","beta","growth",0.019955269039502,0.00354880704006455,5.6230921586368,240,270,0.341188980469602,0.0129644824439354,0.0269460556350687,TRUE,TRUE,TRUE,FALSE
"mutil","raw","unemp","fe_country","y2004_2008","none","gaussian","growth",0.00169937904416776,0.000589107000671932,2.88466957993956,106,135,0.269794108819582,0.0005314171177487,0.00286734097058682,TRUE,TRUE,TRUE,FALSE
"mutil","raw","unemp","fe_country","y2004_2008","none","beta","growth",0.0173040804047545,0.00490417181273937,3.52844090001178,105,135,0.325579109362835,0.00758001362913977,0.0270281471803693,TRUE,TRUE,TRUE,FALSE
"mutil","raw","unemp","fe_country","y2004_2008","n_cy","gaussian","growth",0.00188627188771709,0.000550227194481951,3.42816913928264,106,135,0.315920247647527,0.000795392958588262,0.00297715081684592,TRUE,TRUE,TRUE,FALSE
"mutil","raw","unemp","fe_country","y2004_2008","n_cy","beta","growth",0.0189221161238346,0.00461097052572246,4.10371656428443,105,135,0.371776161784371,0.00977941333841328,0.0280648189092558,TRUE,TRUE,TRUE,FALSE
"mutil","raw","unemp","fe_country","y2009_2013","none","gaussian","growth",-0.00105991398605011,0.000354703214426329,-2.98817135831244,106,135,-0.278734269548376,-0.00176314760771117,-0.00035668036438905,TRUE,TRUE,FALSE,FALSE
"mutil","raw","unemp","fe_country","y2009_2013","none","beta","growth",-0.0121898738427372,0.00353585578718326,-3.44750311563129,105,135,-0.318878149276719,-0.0192008227035008,-0.00517892498197364,TRUE,TRUE,FALSE,FALSE
"mutil","raw","unemp","fe_country","y2009_2013","n_cy","gaussian","growth",-0.000769123258519693,0.000353060037032134,-2.17844892609494,106,135,-0.207006538950635,-0.00146909912117843,-6.91473958609587e-05,TRUE,TRUE,FALSE,FALSE
"mutil","raw","unemp","fe_country","y2009_2013","n_cy","beta","growth",-0.00865396039006006,0.00358608714876197,-2.41320415011322,105,135,-0.22923346880333,-0.0157645087617854,-0.0015434120183347,TRUE,TRUE,FALSE,FALSE
"mutil","raw","unemp","fe_country","no_bailout","none","gaussian","growth",0.00174160923034576,0.000416375044257805,4.18278966130211,169,190,0.306289127221969,0.000919643069190655,0.00256357539150086,TRUE,TRUE,TRUE,FALSE
"mutil","raw","unemp","fe_country","no_bailout","none","beta","growth",0.0210239058615694,0.0043624201697705,4.81932162501335,168,190,0.348507876733453,0.0124116805648635,0.0296361311582752,TRUE,TRUE,TRUE,FALSE
"mutil","raw","unemp","fe_country","no_bailout","n_cy","gaussian","growth",0.00193749879126934,0.000439587517421774,4.40753823637434,169,190,0.321088847217042,0.00106970887645601,0.00280528870608267,TRUE,TRUE,TRUE,FALSE
"mutil","raw","unemp","fe_country","no_bailout","n_cy","beta","growth",0.0244510390202338,0.00473801261160851,5.16061079287269,168,190,0.369908312684538,0.015097324686946,0.0338047533535216,TRUE,TRUE,TRUE,FALSE
"mutil","raw","unemp","fe_country","no_GR_ES","none","gaussian","growth",0.00165073019721319,0.000353259257952417,4.67285756863459,223,250,0.298638133480168,0.000954576675031049,0.00234688371939533,TRUE,TRUE,TRUE,FALSE
"mutil","raw","unemp","fe_country","no_GR_ES","none","beta","growth",0.0186042755045944,0.00345549569255414,5.38396721045918,222,250,0.339841728088195,0.0117945045887802,0.0254140464204086,TRUE,TRUE,TRUE,FALSE
"mutil","raw","unemp","fe_country","no_GR_ES","n_cy","gaussian","growth",0.00190194876067008,0.00036221566108333,5.25087389921696,223,250,0.331715373224736,0.00118814522240114,0.00261575229893901,TRUE,TRUE,TRUE,FALSE
"mutil","raw","unemp","fe_country","no_GR_ES","n_cy","beta","growth",0.0215263618609182,0.00358185280743904,6.00983988404291,222,250,0.374070627587929,0.014467578044349,0.0285851456774875,TRUE,TRUE,TRUE,FALSE
"mutil","raw","unemp","re","all","none","gaussian","growth",0.0015847259204628,0.000354520526244829,4.47005406780989,267,270,0.26386750695352,0.000886714489914619,0.00228273735101098,TRUE,TRUE,TRUE,FALSE
"mutil","raw","unemp","re","all","none","beta","growth",0.0174016191634167,0.00383360916731962,4.53922619753738,267,270,0.26766028141016,0.00985366969096376,0.0249495686358696,TRUE,TRUE,TRUE,FALSE
"mutil","raw","unemp","re","y2004_2008","none","gaussian","growth",0.00197696479365657,0.000602126880636729,3.2833026679792,132,135,0.274774935478069,0.000785898308377671,0.00316803127893546,TRUE,TRUE,TRUE,FALSE
"mutil","raw","unemp","re","y2004_2008","none","beta","growth",0.0188925406747593,0.00546132151026978,3.4593350051325,132,135,0.288310955941471,0.0080895069199194,0.0296955744295993,TRUE,TRUE,TRUE,FALSE
"mutil","raw","unemp","re","y2009_2013","none","gaussian","growth",-0.00107085351733438,0.000364155778510136,-2.94064677956105,132,135,-0.247957359089269,-0.00179118964108525,-0.000350517393583503,TRUE,TRUE,FALSE,FALSE
"mutil","raw","unemp","re","y2009_2013","none","beta","growth",-0.0123095994745891,0.00403095641984546,-3.05376644956657,132,135,-0.256877206766652,-0.020283229700532,-0.00433596924864616,TRUE,TRUE,FALSE,FALSE
"mutil","raw","unemp","re","no_bailout","none","gaussian","growth",0.00181977592551551,0.00041719056925191,4.36197761799521,187,190,0.303893578265543,0.000996771142706741,0.00264278070832428,TRUE,TRUE,TRUE,FALSE
"mutil","raw","unemp","re","no_bailout","none","beta","growth",0.0217960935680933,0.00495778118299131,4.39634037154954,187,190,0.306064124132874,0.0120157247715556,0.031576462364631,TRUE,TRUE,TRUE,FALSE
"mutil","raw","unemp","re","no_GR_ES","none","gaussian","growth",0.00172775941076381,0.000354217563963351,4.87767854149259,247,250,0.296411782034572,0.00103008727023653,0.0024254315512911,TRUE,TRUE,TRUE,FALSE
"mutil","raw","unemp","re","no_GR_ES","none","beta","growth",0.0192675087167834,0.00386980764113266,4.97893190141719,247,250,0.30200882867432,0.0116454784870875,0.0268895389464792,TRUE,TRUE,TRUE,FALSE
"mutil","raw","unemp","pooled_cl","all","none","gaussian","growth",0.00310203005283472,0.000871173055748382,3.5607506825035,267,270,0.212917657527119,0.00138678733518734,0.00481727277048209,TRUE,TRUE,TRUE,FALSE
"mutil","raw","unemp","pooled_cl","all","none","beta","growth",0.0321405124437066,0.00774690384722817,4.14882036456492,266,270,0.246529140171283,0.0168874605159217,0.0473935643714915,TRUE,TRUE,TRUE,FALSE
"mutil","raw","unemp","pooled_cl","all","n_cy","gaussian","growth",0.00330285132537122,0.000967188734337394,3.41489846615506,267,270,0.204568747271806,0.00139856443057319,0.00520713822016925,TRUE,TRUE,TRUE,FALSE
"mutil","raw","unemp","pooled_cl","all","n_cy","beta","growth",0.0342022862686872,0.00889281829277627,3.8460570251919,266,270,0.229521426536484,0.0166930178075066,0.0517115547298679,TRUE,TRUE,TRUE,FALSE
"mutil","raw","unemp","pooled_cl","y2004_2008","none","gaussian","growth",0.00684173617960606,0.00250652023790308,2.72957547924279,132,135,0.231145233430538,0.00188359139975061,0.0117998809594615,TRUE,TRUE,TRUE,FALSE
"mutil","raw","unemp","pooled_cl","y2004_2008","none","beta","growth",0.0620088525235132,0.0211937852013366,2.92580357564456,131,135,0.247664738457811,0.020082489846059,0.103935215200967,TRUE,TRUE,TRUE,FALSE
"mutil","raw","unemp","pooled_cl","y2004_2008","n_cy","gaussian","growth",0.00726234111761989,0.00247743474536567,2.93139552159948,132,135,0.247225035474512,0.00236173031686947,0.0121629519183703,TRUE,TRUE,TRUE,FALSE
"mutil","raw","unemp","pooled_cl","y2004_2008","n_cy","beta","growth",0.0684024884686926,0.0216867946413737,3.15410781537054,131,135,0.265672416108915,0.0255008355167526,0.111304141420633,TRUE,TRUE,TRUE,FALSE
"mutil","raw","unemp","pooled_cl","y2009_2013","none","gaussian","growth",-0.000897158834639006,0.000498195296739086,-1.80081755189444,132,135,-0.154850426957124,-0.00188263837417063,8.83207048926228e-05,TRUE,FALSE,FALSE,FALSE
"mutil","raw","unemp","pooled_cl","y2009_2013","none","beta","growth",-0.0104258262996564,0.00527827017218586,-1.97523543879885,131,135,-0.170063217318285,-0.0208675037747446,1.58511754317758e-05,TRUE,FALSE,FALSE,FALSE
"mutil","raw","unemp","pooled_cl","y2009_2013","n_cy","gaussian","growth",-0.000822846984248093,0.000577008146519606,-1.42605782814564,132,135,-0.123177172129246,-0.00196422613065931,0.000318532162163122,TRUE,FALSE,FALSE,FALSE
"mutil","raw","unemp","pooled_cl","y2009_2013","n_cy","beta","growth",-0.0097637525053241,0.00612637791463974,-1.59372350863181,131,135,-0.137913686236945,-0.0218831894019542,0.00235568439130601,TRUE,FALSE,FALSE,FALSE
"mutil","raw","unemp","pooled_cl","no_bailout","none","gaussian","growth",0.00311825809844392,0.000987949355898732,3.15629346770236,187,190,0.224898182622196,0.00116929974462615,0.00506721645226169,TRUE,TRUE,TRUE,FALSE
"mutil","raw","unemp","pooled_cl","no_bailout","none","beta","growth",0.0356062354120423,0.00955436494399386,3.7266982809177,186,190,0.263590993785168,0.0167573831613771,0.0544550876627074,TRUE,TRUE,TRUE,FALSE
"mutil","raw","unemp","pooled_cl","no_bailout","n_cy","gaussian","growth",0.00336717439849069,0.00122959953867622,2.73843173535652,187,190,0.19635556911391,0.000941505229878844,0.00579284356710254,TRUE,TRUE,TRUE,FALSE
"mutil","raw","unemp","pooled_cl","no_bailout","n_cy","beta","growth",0.0392035087589115,0.0125154927662902,3.13239833948081,186,190,0.223850167076073,0.0145129432028651,0.0638940743149579,TRUE,TRUE,TRUE,FALSE
"mutil","raw","unemp","pooled_cl","no_GR_ES","none","gaussian","growth",0.00328653666042933,0.0009074712313739,3.62164281004649,247,250,0.224554536938734,0.00149916793321096,0.00507390538764769,TRUE,TRUE,TRUE,FALSE
"mutil","raw","unemp","pooled_cl","no_GR_ES","none","beta","growth",0.0346516293873552,0.00807133942909546,4.29316963953262,246,250,0.264010752429916,0.0187538819734798,0.0505493768012307,TRUE,TRUE,TRUE,FALSE
"mutil","raw","unemp","pooled_cl","no_GR_ES","n_cy","gaussian","growth",0.00351040756550833,0.00101377347572872,3.46271395884072,247,250,0.215166568914273,0.00151366436929961,0.00550715076171705,TRUE,TRUE,TRUE,FALSE
"mutil","raw","unemp","pooled_cl","no_GR_ES","n_cy","beta","growth",0.03727142903883,0.009347672878989,3.98724147938531,246,250,0.24638052099012,0.0188597461151749,0.0556831119624852,TRUE,TRUE,TRUE,FALSE
"mcomm","raw","none","fe_twoway","all","none","gaussian","growth",-0.00356866302097882,0.000742137932360868,-4.80862500805786,233,270,-0.300466962829512,-0.00503082139342264,-0.002106504648535,FALSE,TRUE,TRUE,FALSE
"mcomm","raw","none","fe_twoway","all","none","beta","growth",-0.0252375090423523,0.00441398001787487,-5.71763101331461,232,270,-0.351436032770768,-0.0339341175791251,-0.0165409005055795,FALSE,TRUE,TRUE,FALSE
"mcomm","raw","none","fe_twoway","all","n_cy","gaussian","growth",-0.0035650651410649,0.000693538893458119,-5.14039684679945,233,270,-0.319147789625864,-0.00493147380375015,-0.00219865647837965,FALSE,TRUE,TRUE,FALSE
"mcomm","raw","none","fe_twoway","all","n_cy","beta","growth",-0.0253404464341681,0.00419138404048913,-6.04584218229044,232,270,-0.368928701172098,-0.0335984870414658,-0.0170824058268705,FALSE,TRUE,TRUE,FALSE
"mcomm","raw","none","fe_twoway","y2004_2008","none","gaussian","growth",-0.000805221965926245,0.00105918288916905,-0.760229393960429,103,135,-0.0746983492389116,-0.00290586141277279,0.0012954174809203,FALSE,FALSE,TRUE,FALSE
"mcomm","raw","none","fe_twoway","y2004_2008","none","beta","growth",-0.00606335085714103,0.00679839899896119,-0.891879228928388,102,135,-0.0879668633896274,-0.0195479430373992,0.00742124132311711,FALSE,FALSE,TRUE,FALSE
"mcomm","raw","none","fe_twoway","y2004_2008","n_cy","gaussian","growth",-0.000723745549304702,0.000973420175326678,-0.743507857808489,103,135,-0.073064199636938,-0.00265429488082919,0.00120680378221979,FALSE,FALSE,TRUE,FALSE
"mcomm","raw","none","fe_twoway","y2004_2008","n_cy","beta","growth",-0.00522666608373117,0.00626040185226026,-0.834877090492862,102,135,-0.0823841421046633,-0.0176441434743877,0.00719081130692533,FALSE,FALSE,TRUE,FALSE
"mcomm","raw","none","fe_twoway","y2009_2013","none","gaussian","growth",-0.00354398563688737,0.000768898826148034,-4.60917030481336,103,135,-0.413508322376079,-0.00506891510974516,-0.00201905616402957,FALSE,TRUE,TRUE,FALSE
"mcomm","raw","none","fe_twoway","y2009_2013","none","beta","growth",-0.0242341717127371,0.00447118112571295,-5.42008275472689,102,135,-0.472874348772195,-0.0331027382757646,-0.0153656051497097,FALSE,TRUE,TRUE,FALSE
"mcomm","raw","none","fe_twoway","y2009_2013","n_cy","gaussian","growth",-0.00294424176368244,0.000714556234398236,-4.12037796600002,103,135,-0.37617257121053,-0.0043613955227888,-0.00152708800457608,FALSE,TRUE,TRUE,FALSE
"mcomm","raw","none","fe_twoway","y2009_2013","n_cy","beta","growth",-0.0209693477224527,0.00427254929487483,-4.9079241163131,102,135,-0.437080513844296,-0.0294439289908131,-0.0124947664540923,FALSE,TRUE,TRUE,FALSE
"mcomm","raw","none","fe_twoway","no_bailout","none","gaussian","growth",-0.000797591441996004,0.000739839595927567,-1.07805995568003,161,190,-0.0846580153375366,-0.00225863266263213,0.000663449778640126,FALSE,FALSE,TRUE,FALSE
"mcomm","raw","none","fe_twoway","no_bailout","none","beta","growth",-0.00599899082446929,0.00495399801062659,-1.21093928814689,160,190,-0.0952974596103378,-0.0157826492238966,0.003784667574958,FALSE,FALSE,TRUE,FALSE
"mcomm","raw","none","fe_twoway","no_bailout","n_cy","gaussian","growth",-0.00129858768370727,0.000795932846359468,-1.63152920456406,161,190,-0.127532559054,-0.00287040230918898,0.000273226941774435,FALSE,FALSE,TRUE,FALSE
"mcomm","raw","none","fe_twoway","no_bailout","n_cy","beta","growth",-0.00928125105287124,0.00522868866075281,-1.77506286089234,160,190,-0.138969363870746,-0.0196073964457504,0.00104489434000795,FALSE,FALSE,TRUE,FALSE
"mcomm","raw","none","fe_twoway","no_GR_ES","none","gaussian","growth",-0.00278492576788885,0.000755206768966237,-3.68763348308038,215,250,-0.243899510001975,-0.00427348295895683,-0.00129636857682087,FALSE,TRUE,TRUE,FALSE
"mcomm","raw","none","fe_twoway","no_GR_ES","none","beta","growth",-0.0208479616124371,0.00455235699274286,-4.57959726042396,214,250,-0.298757332445147,-0.0298211637297302,-0.0118747594951439,FALSE,TRUE,TRUE,FALSE
"mcomm","raw","none","fe_twoway","no_GR_ES","n_cy","gaussian","growth",-0.00254568552420208,0.000699614581258313,-3.63869706606666,215,250,-0.240851807894319,-0.00392466722656898,-0.00116670382183517,FALSE,TRUE,TRUE,FALSE
"mcomm","raw","none","fe_twoway","no_GR_ES","n_cy","beta","growth",-0.0194641369254715,0.00436019350396311,-4.464053466384,214,250,-0.291869352096491,-0.0280585634267192,-0.0108697104242238,FALSE,TRUE,TRUE,FALSE
"mcomm","raw","none","fe_country","all","none","gaussian","growth",-0.0015961903528751,0.00051023963518132,-3.12831509513735,242,270,-0.197148916503894,-0.002601268108291,-0.000591112597459189,FALSE,TRUE,TRUE,FALSE
"mcomm","raw","none","fe_country","all","none","beta","growth",-0.0110089502977792,0.00310043613484489,-3.5507747358679,241,270,-0.222967541665557,-0.0171163636797608,-0.00490153691579753,FALSE,TRUE,TRUE,FALSE
"mcomm","raw","none","fe_country","all","n_cy","gaussian","growth",-0.00157787171706182,0.000512828667203577,-3.07680092391452,242,270,-0.194025652501368,-0.00258804938693793,-0.000567694047185705,FALSE,TRUE,TRUE,FALSE
"mcomm","raw","none","fe_country","all","n_cy","beta","growth",-0.0110322487070965,0.00316107779101327,-3.49002759073517,241,270,-0.219338016422066,-0.0172591174322235,-0.00480537998196944,FALSE,TRUE,TRUE,FALSE
"mcomm","raw","none","fe_country","y2004_2008","none","gaussian","growth",0.000109695046908614,0.000887156144325893,0.123647959392725,107,135,0.0119526455108608,-0.00164898854035222,0.00186837863416945,FALSE,FALSE,FALSE,FALSE
"mcomm","raw","none","fe_country","y2004_2008","none","beta","growth",0.000565917211879154,0.00569023099321894,0.0994541719929399,106,135,0.00965939246006857,-0.0107155191740899,0.0118473535978482,FALSE,FALSE,FALSE,FALSE
"mcomm","raw","none","fe_country","y2004_2008","n_cy","gaussian","growth",0.000536083538900546,0.000832992921560933,0.643563138442986,107,135,0.062095533875209,-0.00111522777627591,0.002187394854077,FALSE,FALSE,FALSE,FALSE
"mcomm","raw","none","fe_country","y2004_2008","n_cy","beta","growth",0.0035776842683978,0.00537181706284808,0.666010071925448,106,135,0.0645536914685274,-0.00707246553111,0.0142278340679056,FALSE,FALSE,FALSE,FALSE
"mcomm","raw","none","fe_country","y2009_2013","none","gaussian","growth",-0.000274231921953005,0.000618270937152031,-0.443546518968224,107,135,-0.0428398951546973,-0.00149988194602613,0.000951418102120121,FALSE,FALSE,TRUE,FALSE
"mcomm","raw","none","fe_country","y2009_2013","none","beta","growth",-0.00164058705002339,0.0037612110369422,-0.436185854478711,106,135,-0.0423281452775699,-0.00909755375278717,0.00581637965274039,FALSE,FALSE,TRUE,FALSE
"mcomm","raw","none","fe_country","y2009_2013","n_cy","gaussian","growth",-0.000269056632859375,0.000568737694056833,-0.473076843105267,107,135,-0.0456863107423544,-0.00139651277954971,0.000858399513830959,FALSE,FALSE,TRUE,FALSE
"mcomm","raw","none","fe_country","y2009_2013","n_cy","beta","growth",-0.00155114473899262,0.0035153360160574,-0.441250774295054,106,135,-0.042818756885981,-0.00852064029861366,0.00541835082062843,FALSE,FALSE,TRUE,FALSE
"mcomm","raw","none","fe_country","no_bailout","none","gaussian","growth",0.000526904438580273,0.000475388763799038,1.10836536053051,170,190,0.0847022509107596,-0.00041152092377906,0.00146532980093961,FALSE,FALSE,FALSE,FALSE
"mcomm","raw","none","fe_country","no_bailout","none","beta","growth",0.00350985988142559,0.00317105739052106,1.10684211894659,169,190,0.0848347684451355,-0.00275012593192986,0.00976984569478104,FALSE,FALSE,FALSE,FALSE
"mcomm","raw","none","fe_country","no_bailout","n_cy","gaussian","growth",0.000562063797133321,0.000547658460170923,1.02630350484845,170,190,0.0784711622183978,-0.000519023153319529,0.00164315074758617,FALSE,FALSE,FALSE,FALSE
"mcomm","raw","none","fe_country","no_bailout","n_cy","beta","growth",0.00365080394651937,0.00360079092061261,1.01388945568055,169,190,0.0777553748287981,-0.00345751902085214,0.0107591269138909,FALSE,FALSE,FALSE,FALSE
"mcomm","raw","none","fe_country","no_GR_ES","none","gaussian","growth",-0.00113274268159305,0.000501343384865935,-2.25941483579355,224,250,-0.149272131641364,-0.00212069545108602,-0.000144789912100075,FALSE,TRUE,TRUE,FALSE
"mcomm","raw","none","fe_country","no_GR_ES","none","beta","growth",-0.00840443700147648,0.00306239340005655,-2.74440148719014,223,250,-0.180751654938062,-0.0144393699969024,-0.00236950400605058,FALSE,TRUE,TRUE,FALSE
"mcomm","raw","none","fe_country","no_GR_ES","n_cy","gaussian","growth",-0.000832102776841312,0.000502595832178434,-1.65561018131542,224,250,-0.10994943866566,-0.0018225236327365,0.000158318079053874,FALSE,FALSE,TRUE,FALSE
"mcomm","raw","none","fe_country","no_GR_ES","n_cy","beta","growth",-0.00647595827433473,0.0031603145064576,-2.04914993779959,223,250,-0.135947277467372,-0.0127038603755448,-0.00024805617312464,FALSE,TRUE,TRUE,FALSE
"mcomm","raw","none","re","all","none","gaussian","growth",-0.00171843222525583,0.00051835469963334,-3.31516667346003,268,270,-0.19847727678394,-0.0027389975572749,-0.000697866893236773,FALSE,TRUE,TRUE,FALSE
"mcomm","raw","none","re","all","none","beta","growth",-0.0114654356482791,0.00320654087897911,-3.57563994379184,268,270,-0.21338636878441,-0.0177786502465123,-0.00515222105004584,FALSE,TRUE,TRUE,FALSE
"mcomm","raw","none","re","y2004_2008","none","gaussian","growth",-0.000426915689032385,0.000898622412229667,-0.475077945110582,133,135,-0.0411595734573389,-0.00220435601153562,0.00135052463347085,FALSE,FALSE,TRUE,FALSE
"mcomm","raw","none","re","y2004_2008","none","beta","growth",-0.00258551569713266,0.00618279127824988,-0.418179359576331,133,135,-0.0362369340793018,-0.0148148373499449,0.0096438059556796,FALSE,FALSE,TRUE,FALSE
"mcomm","raw","none","re","y2009_2013","none","gaussian","growth",-0.000406422149793713,0.000629500698896693,-0.645626209003479,133,135,-0.0558953703636685,-0.00165155014797788,0.000838705848390451,FALSE,FALSE,TRUE,FALSE
"mcomm","raw","none","re","y2009_2013","none","beta","growth",-0.00239567671378986,0.00416037185004988,-0.575832353485696,133,135,-0.0498688719906701,-0.0106247310777223,0.00583337765014257,FALSE,FALSE,TRUE,FALSE
"mcomm","raw","none","re","no_bailout","none","gaussian","growth",0.000470855939973613,0.000480146311977999,0.980650956234333,188,190,0.0713390940223219,-0.000476310776549857,0.00141802265649708,FALSE,FALSE,FALSE,FALSE
"mcomm","raw","none","re","no_bailout","none","beta","growth",0.0031210495811485,0.00332002565477206,0.940067910819436,188,190,0.0684009220000987,-0.00342824116576913,0.00967034032806613,FALSE,FALSE,FALSE,FALSE
"mcomm","raw","none","re","no_GR_ES","none","gaussian","growth",-0.00124153289311973,0.000510987151507603,-2.42967536357175,248,250,-0.152480412500842,-0.00224796074604485,-0.000235105040194607,FALSE,TRUE,TRUE,FALSE
"mcomm","raw","none","re","no_GR_ES","none","beta","growth",-0.00883335970835007,0.00317625259140917,-2.78106336134655,248,250,-0.173906727033469,-0.0150892294821564,-0.00257748993454378,FALSE,TRUE,TRUE,FALSE
"mcomm","raw","none","pooled_cl","all","none","gaussian","growth",-0.00417027139012068,0.00152345345717668,-2.73738023992488,268,270,-0.164922400034704,-0.00716973061068699,-0.00117081216955437,FALSE,TRUE,TRUE,FALSE
"mcomm","raw","none","pooled_cl","all","none","beta","growth",-0.0225327814090119,0.00855251770626115,-2.63463721244518,267,270,-0.159181302851366,-0.0393717362141656,-0.00569382660385818,FALSE,TRUE,TRUE,FALSE
"mcomm","raw","none","pooled_cl","all","n_cy","gaussian","growth",-0.00462573793202103,0.00164888323760699,-2.80537628530587,268,270,-0.168903549706587,-0.00787215022468352,-0.00137932563935855,FALSE,TRUE,TRUE,FALSE
"mcomm","raw","none","pooled_cl","all","n_cy","beta","growth",-0.0256643366212636,0.0096254292497723,-2.66630567378288,267,270,-0.161045332321389,-0.0446157347573309,-0.00671293848519623,FALSE,TRUE,TRUE,FALSE
"mcomm","raw","none","pooled_cl","y2004_2008","none","gaussian","growth",-0.0062218059761712,0.00237705840527639,-2.6174392528011,133,135,-0.221331812896961,-0.0109235354244722,-0.00152007652787022,FALSE,TRUE,TRUE,FALSE
"mcomm","raw","none","pooled_cl","y2004_2008","none","beta","growth",-0.0409180524442523,0.0173587994418395,-2.35719368619632,132,135,-0.20098096556342,-0.075255473517348,-0.0065806313711565,FALSE,TRUE,TRUE,FALSE
"mcomm","raw","none","pooled_cl","y2004_2008","n_cy","gaussian","growth",-0.00607857282001152,0.00255733480768283,-2.37691709421468,133,135,-0.201861972320292,-0.0111368820091159,-0.0010202636309071,FALSE,TRUE,TRUE,FALSE
"mcomm","raw","none","pooled_cl","y2004_2008","n_cy","beta","growth",-0.038982348389639,0.0184698538820109,-2.110593220643,132,135,-0.180680150035627,-0.0755175449641524,-0.00244715181512554,FALSE,TRUE,TRUE,FALSE
"mcomm","raw","none","pooled_cl","y2009_2013","none","gaussian","growth",-0.00373015783619499,0.00216171151202645,-1.72555764978013,133,135,-0.147977562286666,-0.00800593947128873,0.000545623798898737,FALSE,FALSE,TRUE,FALSE
"mcomm","raw","none","pooled_cl","y2009_2013","none","beta","growth",-0.0173739190491458,0.0115682540568538,-1.50186181629131,132,135,-0.12961754420363,-0.0402570690020924,0.00550923090380077,FALSE,FALSE,TRUE,FALSE
"mcomm","raw","none","pooled_cl","y2009_2013","n_cy","gaussian","growth",-0.00453524621229782,0.00239480864599039,-1.89378229441887,133,135,-0.16204151857683,-0.00927208494916075,0.000201592524565105,FALSE,FALSE,TRUE,FALSE
"mcomm","raw","none","pooled_cl","y2009_2013","n_cy","beta","growth",-0.0224217114206512,0.0131277727858915,-1.7079600467147,132,135,-0.147042935499044,-0.0483897435654661,0.00354632072416376,FALSE,FALSE,TRUE,FALSE
"mcomm","raw","none","pooled_cl","no_bailout","none","gaussian","growth",-0.00157901303281803,0.00110779885008044,-1.42536077980526,188,190,-0.103397926846238,-0.00376432649503463,0.000606300429398565,FALSE,FALSE,TRUE,FALSE
"mcomm","raw","none","pooled_cl","no_bailout","none","beta","growth",-0.0101675235671373,0.00746728156555456,-1.36160977430375,187,190,-0.0990808190646197,-0.024898461646709,0.00456341451243444,FALSE,FALSE,TRUE,FALSE
"mcomm","raw","none","pooled_cl","no_bailout","n_cy","gaussian","growth",-0.00210298975994492,0.00126858437932073,-1.65774527435927,188,190,-0.120029408555696,-0.0046054788371686,0.000399499317278765,FALSE,FALSE,TRUE,FALSE
"mcomm","raw","none","pooled_cl","no_bailout","n_cy","beta","growth",-0.0132143500464813,0.00878450807627689,-1.5042788886685,187,190,-0.109344178748204,-0.0305438217417839,0.00411512164882132,FALSE,FALSE,TRUE,FALSE
"mcomm","raw","none","pooled_cl","no_GR_ES","none","gaussian","growth",-0.00352050488362825,0.00142858469047961,-2.46433054133202,248,250,-0.154603658139351,-0.00633421050913987,-0.000706799258116644,FALSE,TRUE,TRUE,FALSE
"mcomm","raw","none","pooled_cl","no_GR_ES","none","beta","growth",-0.0197055443370427,0.00804931328203099,-2.4481025457206,247,250,-0.153912954931339,-0.0355595905464236,-0.00385149812766179,FALSE,TRUE,TRUE,FALSE
"mcomm","raw","none","pooled_cl","no_GR_ES","n_cy","gaussian","growth",-0.00362536620631474,0.00134790849305819,-2.68962338688835,248,250,-0.168353498635818,-0.00628017395755799,-0.000970558455071492,FALSE,TRUE,TRUE,FALSE
"mcomm","raw","none","pooled_cl","no_GR_ES","n_cy","beta","growth",-0.0209470857269061,0.0082867197244235,-2.52778981593509,247,250,-0.158798524516538,-0.0372687311681989,-0.00462544028561338,FALSE,TRUE,TRUE,FALSE
"mcomm","raw","unemp","fe_twoway","all","none","gaussian","growth",-0.00162937678496223,0.000720201456846715,-2.262390292983,232,270,-0.146921343764368,-0.00304834789775509,-0.000210405672169363,FALSE,TRUE,TRUE,FALSE
"mcomm","raw","unemp","fe_twoway","all","none","beta","growth",-0.0116798443423612,0.00430114525885238,-2.71551962080852,231,270,-0.175882836266218,-0.0201543334655154,-0.00320535521920692,FALSE,TRUE,TRUE,FALSE
"mcomm","raw","unemp","fe_twoway","all","n_cy","gaussian","growth",-0.00187049568541361,0.000665469185166638,-2.81079233585432,232,270,-0.181473466692138,-0.0031816309812788,-0.00055936038954841,FALSE,TRUE,TRUE,FALSE
"mcomm","raw","unemp","fe_twoway","all","n_cy","beta","growth",-0.0131206458185555,0.00404756884343984,-3.24161152683567,231,270,-0.208590808077652,-0.0210955167133137,-0.00514577492379733,FALSE,TRUE,TRUE,FALSE
"mcomm","raw","unemp","fe_twoway","y2004_2008","none","gaussian","growth",0.000311608217490886,0.00102920956687844,0.302764594810349,102,135,0.0299647004976587,-0.00172982407848006,0.00235304051346183,FALSE,FALSE,FALSE,FALSE
"mcomm","raw","unemp","fe_twoway","y2004_2008","none","beta","growth",0.00313866888117471,0.00649519952353956,0.483229017030149,101,135,0.048027596892601,-0.00974605978405319,0.0160233975464026,FALSE,FALSE,FALSE,FALSE
"mcomm","raw","unemp","fe_twoway","y2004_2008","n_cy","gaussian","growth",0.000282851028991992,0.000940386772332329,0.300781590419941,102,135,0.0297686164644894,-0.00158240167514443,0.00214810373312842,FALSE,FALSE,FALSE,FALSE
"mcomm","raw","unemp","fe_twoway","y2004_2008","n_cy","beta","growth",0.00299901219783823,0.00593274145164159,0.505501920534293,101,135,0.0502358123619562,-0.00876995095230303,0.0147679753479795,FALSE,FALSE,FALSE,FALSE
"mcomm","raw","unemp","fe_twoway","y2009_2013","none","gaussian","growth",-0.00172790460526285,0.000667119933025817,-2.59009590288464,102,135,-0.248418479897416,-0.00305113382931234,-0.000404675381213353,FALSE,TRUE,TRUE,FALSE
"mcomm","raw","unemp","fe_twoway","y2009_2013","none","beta","growth",-0.013377290006304,0.00405153087999725,-3.30178651046419,101,135,-0.312126371722905,-0.0214144374223866,-0.00534014259022149,FALSE,TRUE,TRUE,FALSE
"mcomm","raw","unemp","fe_twoway","y2009_2013","n_cy","gaussian","growth",-0.00167039574958929,0.000639431468508154,-2.61231395678173,102,135,-0.250416338199086,-0.00293870503555111,-0.000402086463627468,FALSE,TRUE,TRUE,FALSE
"mcomm","raw","unemp","fe_twoway","y2009_2013","n_cy","beta","growth",-0.0134557199997773,0.0038930480257878,-3.45634575033385,101,135,-0.325222905821976,-0.0211784800645277,-0.00573295993502689,FALSE,TRUE,TRUE,FALSE
"mcomm","raw","unemp","fe_twoway","no_bailout","none","gaussian","growth",-6.05640296363052e-05,0.000759070662808845,-0.0797870772823648,160,190,-0.00630759682143714,-0.00155965386576833,0.00143852580649572,FALSE,FALSE,TRUE,FALSE
"mcomm","raw","unemp","fe_twoway","no_bailout","none","beta","growth",-0.000190024194366219,0.00497076985113769,-0.0382283227864045,159,190,-0.0030316892680743,-0.0100072758249019,0.00962722743616945,FALSE,FALSE,TRUE,FALSE
"mcomm","raw","unemp","fe_twoway","no_bailout","n_cy","gaussian","growth",-0.000547495391374498,0.00080821733922077,-0.677411093286314,160,190,-0.0534774165004669,-0.00214364507542129,0.00104865429267229,FALSE,FALSE,TRUE,FALSE
"mcomm","raw","unemp","fe_twoway","no_bailout","n_cy","beta","growth",-0.00332617854625881,0.00523089700755982,-0.635871542003549,159,190,-0.0503638971281173,-0.0136571803255662,0.00700482323304853,FALSE,FALSE,TRUE,FALSE
"mcomm","raw","unemp","fe_twoway","no_GR_ES","none","gaussian","growth",-0.00118063268679016,0.000762375519787023,-1.54862355380978,214,250,-0.10527348577365,-0.00268335965640851,0.000322094282828193,FALSE,FALSE,TRUE,FALSE
"mcomm","raw","unemp","fe_twoway","no_GR_ES","none","beta","growth",-0.00887319680696214,0.00457766350206146,-1.93836807859867,213,250,-0.1316586543796,-0.0178965217820381,0.000150128168113817,FALSE,FALSE,TRUE,FALSE
"mcomm","raw","unemp","fe_twoway","no_GR_ES","n_cy","gaussian","growth",-0.00134271771379521,0.000695732969936085,-1.92993256294662,214,250,-0.130794157153739,-0.00271408480316306,2.86493755726328e-05,FALSE,FALSE,TRUE,FALSE
"mcomm","raw","unemp","fe_twoway","no_GR_ES","n_cy","beta","growth",-0.0100823527872974,0.00432538083776776,-2.3309745813043,213,250,-0.157716805692023,-0.0186083872855886,-0.00155631828900611,FALSE,TRUE,TRUE,FALSE
"mcomm","raw","unemp","fe_country","all","none","gaussian","growth",9.53098412141608e-05,0.000470731188208464,0.202471906688181,241,270,0.013041252903011,-0.000831962914341026,0.00102258259676935,FALSE,FALSE,FALSE,FALSE
"mcomm","raw","unemp","fe_country","all","none","beta","growth",0.000336481839895319,0.00287106452807214,0.117197588770761,240,270,0.00756485535899564,-0.00531922138410657,0.0059921850638972,FALSE,FALSE,FALSE,FALSE
"mcomm","raw","unemp","fe_country","all","n_cy","gaussian","growth",-4.66819936087858e-05,0.00046882038888819,-0.0995733008103432,241,270,-0.00641394821804026,-0.000970190749251905,0.000876826762034333,FALSE,FALSE,TRUE,FALSE
"mcomm","raw","unemp","fe_country","all","n_cy","beta","growth",-0.000487582499413609,0.00290756878640329,-0.16769422676901,240,270,-0.0108239816753143,-0.00621519537557225,0.00524003037674504,FALSE,FALSE,TRUE,FALSE
"mcomm","raw","unemp","fe_country","y2004_2008","none","gaussian","growth",0.000336065461951622,0.000782018196548623,0.429741230363719,106,135,0.0417038448920596,-0.00121436167317647,0.00188649259707972,FALSE,FALSE,FALSE,FALSE
"mcomm","raw","unemp","fe_country","y2004_2008","none","beta","growth",0.00212534762667297,0.00495041799571224,0.429326903003709,105,135,0.0418612891383751,-0.00769041678689513,0.0119411120402411,FALSE,FALSE,FALSE,FALSE
"mcomm","raw","unemp","fe_country","y2004_2008","n_cy","gaussian","growth",0.000410689974226954,0.000716328751592087,0.573326106643311,106,135,0.0556002136200293,-0.00100950144720342,0.00183088139565732,FALSE,FALSE,FALSE,FALSE
"mcomm","raw","unemp","fe_country","y2004_2008","n_cy","beta","growth",0.00241535237817286,0.00454180609278157,0.531804381083475,105,135,0.0518290400030613,-0.00659021011320985,0.0114209148695556,FALSE,FALSE,FALSE,FALSE
"mcomm","raw","unemp","fe_country","y2009_2013","none","gaussian","growth",1.84546428796115e-06,0.000447236599735146,0.0041263713413751,106,135,0.000400788582481744,-0.000884844593708252,0.000888535522284174,FALSE,FALSE,FALSE,FALSE
"mcomm","raw","unemp","fe_country","y2009_2013","none","beta","growth",0.000274849087207297,0.00284266134691705,0.0966872425747722,105,135,0.00943528869340329,-0.00536162324968663,0.00591132142410122,FALSE,FALSE,FALSE,FALSE
"mcomm","raw","unemp","fe_country","y2009_2013","n_cy","gaussian","growth",1.82639388791335e-05,0.000448658783306791,0.0407078598674055,106,135,0.00395386597173647,-0.000871245736371951,0.000907773614130218,FALSE,FALSE,FALSE,FALSE
"mcomm","raw","unemp","fe_country","y2009_2013","n_cy","beta","growth",0.000344657625916348,0.00285435894107286,0.120747822201647,105,135,0.0117829628015672,-0.00531500887933638,0.00600432413116908,FALSE,FALSE,FALSE,FALSE
"mcomm","raw","unemp","fe_country","no_bailout","none","gaussian","growth",0.0010382952705077,0.000453893580490649,2.28753019460052,169,190,0.173301325447424,0.00014226375018959,0.00193432679082581,FALSE,TRUE,FALSE,FALSE
"mcomm","raw","unemp","fe_country","no_bailout","none","beta","growth",0.00710481416094045,0.00297542671406289,2.3878303328261,168,190,0.181176300839881,0.00123077080470526,0.0129788575171756,FALSE,TRUE,FALSE,FALSE
"mcomm","raw","unemp","fe_country","no_bailout","n_cy","gaussian","growth",0.00101881727504279,0.000513301119255536,1.98483353498319,169,190,0.15093046460627,5.50930587004403e-06,0.00203212524421554,FALSE,TRUE,FALSE,FALSE
"mcomm","raw","unemp","fe_country","no_bailout","n_cy","beta","growth",0.00675649159879414,0.00332449216545919,2.03233795194128,168,190,0.154905608246682,0.000193328397672624,0.0133196547999157,FALSE,TRUE,FALSE,FALSE
"mcomm","raw","unemp","fe_country","no_GR_ES","none","gaussian","growth",0.000132195045233409,0.000479045244621256,0.275955239547206,223,250,0.0184761752465695,-0.000811839758725255,0.00107622984919207,FALSE,FALSE,FALSE,FALSE
"mcomm","raw","unemp","fe_country","no_GR_ES","none","beta","growth",0.00047156875648059,0.00290577295078072,0.162286856016706,222,250,0.0108913345808311,-0.00525485948674493,0.00619799699970611,FALSE,FALSE,FALSE,FALSE
"mcomm","raw","unemp","fe_country","no_GR_ES","n_cy","gaussian","growth",0.000159302703986015,0.000473075829885904,0.336738201197966,223,250,0.022543926903456,-0.000772968419333482,0.00109157382730551,FALSE,FALSE,FALSE,FALSE
"mcomm","raw","unemp","fe_country","no_GR_ES","n_cy","beta","growth",0.000611567726466197,0.0029579989891266,0.206750485282205,222,250,0.0138748482853612,-0.00521778275675583,0.00644091820968823,FALSE,FALSE,FALSE,FALSE
"mcomm","raw","unemp","re","all","none","gaussian","growth",-0.000131524750749302,0.000488135829556066,-0.269442935317648,267,270,-0.0164873984746092,-0.00109260983177209,0.000829560330273484,FALSE,FALSE,TRUE,FALSE
"mcomm","raw","unemp","re","all","none","beta","growth",-0.000444286620449262,0.00299913960264509,-0.148138026005,267,270,-0.00906552741983412,-0.00634925846123427,0.00546068522033574,FALSE,FALSE,TRUE,FALSE
"mcomm","raw","unemp","re","y2004_2008","none","gaussian","growth",-0.000165761978161817,0.000812921195749352,-0.203909036975001,132,135,-0.0177452090162758,-0.00177380045404918,0.00144227649772555,FALSE,FALSE,TRUE,FALSE
"mcomm","raw","unemp","re","y2004_2008","none","beta","growth",-0.000323078639000283,0.00544835003952217,-0.059298436527881,132,135,-0.00516119767303999,-0.0111004535425763,0.0104542962645758,FALSE,FALSE,TRUE,FALSE
"mcomm","raw","unemp","re","y2009_2013","none","gaussian","growth",-6.310133535533e-05,0.000478728431242616,-0.131810294181903,132,135,-0.0114718585778974,-0.0010100734907925,0.00088387082008184,FALSE,FALSE,TRUE,FALSE
"mcomm","raw","unemp","re","y2009_2013","none","beta","growth",-1.63957631444877e-05,0.00316853192119621,-0.00517456145377821,132,135,-0.000450387718555831,-0.00628406508706231,0.00625127356077334,FALSE,FALSE,TRUE,FALSE
"mcomm","raw","unemp","re","no_bailout","none","gaussian","growth",0.00092075748003169,0.000464369983563209,1.98281007089761,187,190,0.143496822067455,4.68040247296258e-06,0.00183683455759042,FALSE,TRUE,FALSE,FALSE
"mcomm","raw","unemp","re","no_bailout","none","beta","growth",0.00651867514007675,0.00313155177241551,2.08161180584557,187,190,0.150488973398364,0.000340965775906009,0.0126963845042475,FALSE,TRUE,FALSE,FALSE
"mcomm","raw","unemp","re","no_GR_ES","none","gaussian","growth",-8.37347364174901e-05,0.000493792338564008,-0.169574798711941,247,250,-0.010789158044685,-0.00105631541244961,0.000888845939614632,FALSE,FALSE,TRUE,FALSE
"mcomm","raw","unemp","re","no_GR_ES","none","beta","growth",-0.000339776130076652,0.003033220107261,-0.112018290154179,247,250,-0.0071273720798434,-0.00631405120905649,0.00563449894890319,FALSE,FALSE,TRUE,FALSE
"mcomm","raw","unemp","pooled_cl","all","none","gaussian","growth",-0.00433845398751047,0.00144113689661871,-3.01043849317136,267,270,-0.181186510723628,-0.00717589202665493,-0.00150101594836601,FALSE,TRUE,TRUE,FALSE
"mcomm","raw","unemp","pooled_cl","all","none","beta","growth",-0.0242391089735436,0.00816173658016574,-2.96984700932989,266,270,-0.179147155418061,-0.0403089343299938,-0.00816928361709334,FALSE,TRUE,TRUE,FALSE
"mcomm","raw","unemp","pooled_cl","all","n_cy","gaussian","growth",-0.00487433499278913,0.00156648614947004,-3.11163618933891,267,270,-0.187067413333353,-0.00795857174970508,-0.00179009823587317,FALSE,TRUE,TRUE,FALSE
"mcomm","raw","unemp","pooled_cl","all","n_cy","beta","growth",-0.0276142224328775,0.0092970933298311,-2.97019955089331,266,270,-0.179167738812603,-0.0459194770396086,-0.00930896782614648,FALSE,TRUE,TRUE,FALSE
"mcomm","raw","unemp","pooled_cl","y2004_2008","none","gaussian","growth",-0.00607278940933944,0.00239564199643909,-2.53493193823038,132,135,-0.215455535642025,-0.0108116060681604,-0.00133397275051848,FALSE,TRUE,TRUE,FALSE
"mcomm","raw","unemp","pooled_cl","y2004_2008","none","beta","growth",-0.0400832327165418,0.0174731411867938,-2.2939912342056,131,135,-0.196518637214237,-0.0746492740136707,-0.00551719141941289,FALSE,TRUE,TRUE,FALSE
"mcomm","raw","unemp","pooled_cl","y2004_2008","n_cy","gaussian","growth",-0.00609942849801743,0.00260617000393324,-2.34038013207587,132,135,-0.199604707958881,-0.0112546903646551,-0.000944166631379713,FALSE,TRUE,TRUE,FALSE
"mcomm","raw","unemp","pooled_cl","y2004_2008","n_cy","beta","growth",-0.03906197308717,0.0187384920746086,-2.08458465770042,131,135,-0.179183344109353,-0.0761311802762235,-0.00199276589811642,FALSE,TRUE,TRUE,FALSE
"mcomm","raw","unemp","pooled_cl","y2009_2013","none","gaussian","growth",-0.00371836777247184,0.00175190800489233,-2.12246748236096,132,135,-0.181663206376815,-0.00718381496810694,-0.00025292057683673,FALSE,TRUE,TRUE,FALSE
"mcomm","raw","unemp","pooled_cl","y2009_2013","none","beta","growth",-0.0180896222079888,0.0093812333325184,-1.92827761199418,131,135,-0.166133163626222,-0.0366479395318892,0.000468695115911681,FALSE,FALSE,TRUE,FALSE
"mcomm","raw","unemp","pooled_cl","y2009_2013","n_cy","gaussian","growth",-0.00480708525287189,0.00200218889716022,-2.40091494847962,132,135,-0.204554145217433,-0.00876761279165784,-0.00084655771408593,FALSE,TRUE,TRUE,FALSE
"mcomm","raw","unemp","pooled_cl","y2009_2013","n_cy","beta","growth",-0.0242727348405811,0.0109758174257938,-2.21147399769412,131,135,-0.189708636091334,-0.0459855198718428,-0.00255994980931951,FALSE,TRUE,TRUE,FALSE
"mcomm","raw","unemp","pooled_cl","no_bailout","none","gaussian","growth",-0.00155967404522621,0.00110346831036755,-1.41342894088794,187,190,-0.102812430607611,-0.00373652022547157,0.000617172135019153,FALSE,FALSE,TRUE,FALSE
"mcomm","raw","unemp","pooled_cl","no_bailout","none","beta","growth",-0.0111952056203792,0.00769503725082152,-1.45486048416257,186,190,-0.106073711673752,-0.0263759759859991,0.00398556474524062,FALSE,FALSE,TRUE,FALSE
"mcomm","raw","unemp","pooled_cl","no_bailout","n_cy","gaussian","growth",-0.00180262884741709,0.0012221949318868,-1.47491108037425,187,190,-0.107234257900488,-0.00421369071842527,0.00060843302359109,FALSE,FALSE,TRUE,FALSE
"mcomm","raw","unemp","pooled_cl","no_bailout","n_cy","beta","growth",-0.0125104667792966,0.00879184146278917,-1.42296319061783,186,190,-0.103773405757323,-0.0298550126193169,0.00483407906072368,FALSE,FALSE,TRUE,FALSE
"mcomm","raw","unemp","pooled_cl","no_GR_ES","none","gaussian","growth",-0.00377366134095228,0.00145948979306658,-2.58560310519427,247,250,-0.16233575017931,-0.00664829397241559,-0.000899028709488979,FALSE,TRUE,TRUE,FALSE
"mcomm","raw","unemp","pooled_cl","no_GR_ES","none","beta","growth",-0.0216790728472463,0.00822025190233121,-2.6372759746083,246,250,-0.165818793733302,-0.0378701263359157,-0.0054880193585769,FALSE,TRUE,TRUE,FALSE
"mcomm","raw","unemp","pooled_cl","no_GR_ES","n_cy","gaussian","growth",-0.003817431286534,0.00140331076794699,-2.72030356620068,247,250,-0.170552768472354,-0.00658141288118995,-0.00105344969187805,FALSE,TRUE,TRUE,FALSE
"mcomm","raw","unemp","pooled_cl","no_GR_ES","n_cy","beta","growth",-0.0224665102419625,0.00859119174836462,-2.61506329971499,246,250,-0.164460101915984,-0.0393881869474828,-0.00554483353644228,FALSE,TRUE,TRUE,FALSE
"mlib","raw","none","fe_twoway","all","none","gaussian","growth",-3.35709283141853e-05,0.000506717805018752,-0.0662517242964118,233,270,-0.00434025388769339,-0.00103190513111876,0.000964763274490389,FALSE,FALSE,TRUE,FALSE
"mlib","raw","none","fe_twoway","all","none","beta","growth",-0.00682626098502822,0.00437095679550291,-1.56173151655296,232,270,-0.101997949158392,-0.0154381033648533,0.00178558139479684,FALSE,FALSE,TRUE,FALSE
"mlib","raw","none","fe_twoway","all","n_cy","gaussian","growth",0.000227667933451344,0.00052173289778162,0.43636875194065,233,270,0.0285757931385891,-0.000800248969062981,0.00125558483596567,FALSE,FALSE,FALSE,FALSE
"mlib","raw","none","fe_twoway","all","n_cy","beta","growth",-0.00582721271701257,0.00435337881276418,-1.33854942738433,232,270,-0.0875426833881975,-0.014404422218092,0.00274999678406681,FALSE,FALSE,TRUE,FALSE
"mlib","raw","none","fe_twoway","y2004_2008","none","gaussian","growth",8.52420562104892e-05,0.000869915413507551,0.0979889020092059,103,135,0.00965468340644868,-0.00164002999238481,0.00181051410480579,FALSE,FALSE,FALSE,FALSE
"mlib","raw","none","fe_twoway","y2004_2008","none","beta","growth",0.00171278248836673,0.007169938662063,0.238883841144872,102,135,0.0236464110849621,-0.0125087568520219,0.0159343218287554,FALSE,FALSE,FALSE,FALSE
"mlib","raw","none","fe_twoway","y2004_2008","n_cy","gaussian","growth",0.000825679654167866,0.000820003336657353,1.00692231025992,103,135,0.0987302618584057,-0.000800603562019261,0.00245196287035499,FALSE,FALSE,FALSE,FALSE
"mlib","raw","none","fe_twoway","y2004_2008","n_cy","beta","growth",0.00861932142621744,0.00652775613111392,1.32041106516438,102,135,0.129636930033575,-0.00432845190890179,0.0215670947613367,FALSE,FALSE,FALSE,FALSE
"mlib","raw","none","fe_twoway","y2009_2013","none","gaussian","growth",-0.00106937267980641,0.000575814547948064,-1.85714772858234,103,135,-0.1800013089361,-0.00221136502679074,7.26196671779196e-05,FALSE,FALSE,TRUE,FALSE
"mlib","raw","none","fe_twoway","y2009_2013","none","beta","growth",-0.0122257959336408,0.00456816001748796,-2.67630640932841,102,135,-0.256152658050175,-0.0212867196686847,-0.00316487219859694,FALSE,TRUE,TRUE,FALSE
"mlib","raw","none","fe_twoway","y2009_2013","n_cy","gaussian","growth",-0.00118313498032005,0.000574213025865892,-2.0604460836393,103,135,-0.198962780210655,-0.00232195108598175,-4.43188746583542e-05,FALSE,TRUE,TRUE,FALSE
"mlib","raw","none","fe_twoway","y2009_2013","n_cy","beta","growth",-0.0115162713903564,0.00446425379637013,-2.57966323503386,102,135,-0.247479272584515,-0.0203710976284779,-0.00266144515223489,FALSE,TRUE,TRUE,FALSE
"mlib","raw","none","fe_twoway","no_bailout","none","gaussian","growth",0.000611260241051522,0.000683253534573012,0.894631655924793,161,190,0.0703322500964927,-0.00073803436774127,0.00196055484984431,FALSE,FALSE,FALSE,FALSE
"mlib","raw","none","fe_twoway","no_bailout","none","beta","growth",0.00118950569249537,0.00548819462377137,0.216738977758403,160,190,0.0171322058746172,-0.00964913843157869,0.0120281498165694,FALSE,FALSE,FALSE,FALSE
"mlib","raw","none","fe_twoway","no_bailout","n_cy","gaussian","growth",0.00125879178595234,0.000746643798960274,1.68593349024695,161,190,0.131712600598939,-0.000215686429890705,0.00273327000179538,FALSE,FALSE,FALSE,FALSE
"mlib","raw","none","fe_twoway","no_bailout","n_cy","beta","growth",0.0046053112271153,0.00572183473044364,0.804866173888638,160,190,0.063501834464325,-0.00669474910810457,0.0159053715623352,FALSE,FALSE,FALSE,FALSE
"mlib","raw","none","fe_twoway","no_GR_ES","none","gaussian","growth",9.57027162759902e-05,0.000518998902955352,0.184398687031952,215,250,0.0125748917376063,-0.00092727480577151,0.00111868023832349,FALSE,FALSE,FALSE,FALSE
"mlib","raw","none","fe_twoway","no_GR_ES","none","beta","growth",-0.004331654460964,0.00440503182228335,-0.983342376563965,214,250,-0.0670685466679881,-0.0130144622762274,0.00435115335429939,FALSE,FALSE,TRUE,FALSE
"mlib","raw","none","fe_twoway","no_GR_ES","n_cy","gaussian","growth",0.000405325359285036,0.000546286036406654,0.741965439847546,215,250,0.0505369638090754,-0.000671436716068532,0.0014820874346386,FALSE,FALSE,FALSE,FALSE
"mlib","raw","none","fe_twoway","no_GR_ES","n_cy","beta","growth",-0.00249769646397857,0.00443412854841445,-0.563289141644686,214,250,-0.0384771388285608,-0.0112378571636801,0.00624246423572295,FALSE,FALSE,TRUE,FALSE
"mlib","raw","none","fe_country","all","none","gaussian","growth",-0.001453384040359,0.000465916668856984,-3.11940769134647,242,270,-0.196609293751211,-0.00237115374591946,-0.000535614334798545,FALSE,TRUE,TRUE,FALSE
"mlib","raw","none","fe_country","all","none","beta","growth",-0.0120642066374508,0.00380212406275219,-3.1730176181358,241,270,-0.200251955948553,-0.0195538443435243,-0.00457456893137723,FALSE,TRUE,TRUE,FALSE
"mlib","raw","none","fe_country","all","n_cy","gaussian","growth",-0.00168039619388919,0.00052275842152842,-3.21447943196422,242,270,-0.202359561981082,-0.00271013364411263,-0.000650658743665757,FALSE,TRUE,TRUE,FALSE
"mlib","raw","none","fe_country","all","n_cy","beta","growth",-0.01374273642525,0.00415376643637989,-3.30850004104399,241,270,-0.20843817491181,-0.0219250590456261,-0.00556041380487392,FALSE,TRUE,TRUE,FALSE
"mlib","raw","none","fe_country","y2004_2008","none","gaussian","growth",-0.000354383963947255,0.000681808557590907,-0.519770483960235,107,135,-0.0501847941148742,-0.00170598991015894,0.000997221982264433,FALSE,FALSE,TRUE,FALSE
"mlib","raw","none","fe_country","y2004_2008","none","beta","growth",-0.00270947890285189,0.00552439396972587,-0.490457218963755,106,135,-0.0475834557576532,-0.0136621272601442,0.00824316945444046,FALSE,FALSE,TRUE,FALSE
"mlib","raw","none","fe_country","y2004_2008","n_cy","gaussian","growth",9.13982117111328e-05,0.00064248316387525,0.142257753743847,107,135,0.0137512757884354,-0.00118224972797303,0.00136504615139529,FALSE,FALSE,FALSE,FALSE
"mlib","raw","none","fe_country","y2004_2008","n_cy","beta","growth",0.000940771380588611,0.00506595742774173,0.185704557136001,106,135,0.0180342876810193,-0.00910298194387274,0.01098452470505,FALSE,FALSE,FALSE,FALSE
"mlib","raw","none","fe_country","y2009_2013","none","gaussian","growth",0.00189905438297493,0.000580784204827678,3.26981065805394,107,135,0.301404517741242,0.000747717433663824,0.00305039133228603,FALSE,TRUE,FALSE,FALSE
"mlib","raw","none","fe_country","y2009_2013","none","beta","growth",0.016547289548146,0.0043934996870776,3.76631176208247,106,135,0.343550784202026,0.00783674909897836,0.0252578299973136,FALSE,TRUE,FALSE,FALSE
"mlib","raw","none","fe_country","y2009_2013","n_cy","gaussian","growth",0.00131014181313698,0.000599760090116128,2.18444313772746,107,135,0.206621084954365,0.000121187384395692,0.00249909624187826,FALSE,TRUE,FALSE,FALSE
"mlib","raw","none","fe_country","y2009_2013","n_cy","beta","growth",0.0114155286889021,0.00437562697244661,2.60888982556919,106,135,0.245634322038027,0.00274042263482215,0.020090634742982,FALSE,TRUE,FALSE,FALSE
"mlib","raw","none","fe_country","no_bailout","none","gaussian","growth",-0.000909023047642047,0.000617937072265168,-1.47106087082597,170,190,-0.112113896380104,-0.00212884115255805,0.000310795057273959,FALSE,FALSE,TRUE,FALSE
"mlib","raw","none","fe_country","no_bailout","none","beta","growth",-0.00677973645527372,0.00463252039920437,-1.46350925004845,169,190,-0.111870955833678,-0.0159247970479279,0.00236532413738051,FALSE,FALSE,TRUE,FALSE
"mlib","raw","none","fe_country","no_bailout","n_cy","gaussian","growth",-0.000990116016558232,0.000726422152632017,-1.36300361018835,170,190,-0.103971044968856,-0.00242408548264708,0.000443853449530621,FALSE,FALSE,TRUE,FALSE
"mlib","raw","none","fe_country","no_bailout","n_cy","beta","growth",-0.00722183958423849,0.00524434683252707,-1.37707131409509,169,190,-0.10533921296281,-0.0175747070126456,0.0031310278441686,FALSE,FALSE,TRUE,FALSE
"mlib","raw","none","fe_country","no_GR_ES","none","gaussian","growth",-0.00117216663305616,0.000470328826466267,-2.49222792033189,224,250,-0.164257244394204,-0.002099001773813,-0.000245331492299328,FALSE,TRUE,TRUE,FALSE
"mlib","raw","none","fe_country","no_GR_ES","none","beta","growth",-0.00971442691034432,0.00377769076910467,-2.5715251734717,223,250,-0.169704277044115,-0.0171589670757472,-0.00226988674494147,FALSE,TRUE,TRUE,FALSE
"mlib","raw","none","fe_country","no_GR_ES","n_cy","gaussian","growth",-0.00129497497160137,0.000538417108104285,-2.40515197624543,224,250,-0.158665285172853,-0.00235598562647671,-0.000233964316726029,FALSE,TRUE,TRUE,FALSE
"mlib","raw","none","fe_country","no_GR_ES","n_cy","beta","growth",-0.0104391223023223,0.00417291998241663,-2.50163490944217,223,250,-0.165219578984492,-0.0186625244585224,-0.00221572014612209,FALSE,TRUE,TRUE,FALSE
"mlib","raw","none","re","all","none","gaussian","growth",-0.00145919332483329,0.000464341889220626,-3.14249771280051,268,270,-0.188516776193722,-0.00237341525564247,-0.000544971394024104,FALSE,TRUE,TRUE,FALSE
"mlib","raw","none","re","all","none","beta","growth",-0.0122029052484377,0.00385012830443397,-3.16948015326771,268,270,-0.190077197338171,-0.0197832502788003,-0.00462256021807523,FALSE,TRUE,TRUE,FALSE
"mlib","raw","none","re","y2004_2008","none","gaussian","growth",-0.000452822859818184,0.000677483080275772,-0.668389917035066,133,135,-0.0578596626385197,-0.00179285814973269,0.00088721243009632,FALSE,FALSE,TRUE,FALSE
"mlib","raw","none","re","y2004_2008","none","beta","growth",-0.00377432965090323,0.00610851756724181,-0.617879806246912,133,135,-0.0535002430073095,-0.0158567407803955,0.00830808147858909,FALSE,FALSE,TRUE,FALSE
"mlib","raw","none","re","y2009_2013","none","gaussian","growth",0.00194186464096432,0.000578108054181091,3.35899945852689,133,135,0.279642088190663,0.000798389303290748,0.00308533997863789,FALSE,TRUE,FALSE,FALSE
"mlib","raw","none","re","y2009_2013","none","beta","growth",0.0169401939960134,0.00486508299199914,3.48199486501512,133,135,0.289040084108538,0.00731724829087793,0.0265631397011489,FALSE,TRUE,FALSE,FALSE
"mlib","raw","none","re","no_bailout","none","gaussian","growth",-0.000976673622521231,0.000620642520953402,-1.57364922567811,188,190,-0.114021664681221,-0.00220099196891149,0.000247644723869024,FALSE,FALSE,TRUE,FALSE
"mlib","raw","none","re","no_bailout","none","beta","growth",-0.00730246530250399,0.00470375442865824,-1.55247588139652,188,190,-0.112507060662557,-0.0165813861780414,0.00197645557303343,FALSE,FALSE,TRUE,FALSE
"mlib","raw","none","re","no_GR_ES","none","gaussian","growth",-0.00119617088857523,0.000469834407515574,-2.54594144115676,248,250,-0.159595275616011,-0.00212154529885375,-0.00027079647829672,FALSE,TRUE,TRUE,FALSE
"mlib","raw","none","re","no_GR_ES","none","beta","growth",-0.00998511013012887,0.00383381645246318,-2.6044830924844,248,250,-0.163168392829416,-0.0175361016753715,-0.00243411858488622,FALSE,TRUE,TRUE,FALSE
"mlib","raw","none","pooled_cl","all","none","gaussian","growth",-0.00165158402982961,0.00105700081062086,-1.56251917050044,268,270,-0.0950142432074026,-0.0037326655440876,0.000429497484428387,FALSE,FALSE,TRUE,FALSE
"mlib","raw","none","pooled_cl","all","none","beta","growth",-0.0152485231803624,0.00844111439893099,-1.80645853849505,267,270,-0.109884001602846,-0.0318681372812105,0.00137109092048575,FALSE,FALSE,TRUE,FALSE
"mlib","raw","none","pooled_cl","all","n_cy","gaussian","growth",-0.00140878844571867,0.00128045466097183,-1.10022516896416,268,270,-0.0670556817182545,-0.00392981822925189,0.00111224133781454,FALSE,FALSE,TRUE,FALSE
"mlib","raw","none","pooled_cl","all","n_cy","beta","growth",-0.0134124398983087,0.0100724648218918,-1.33159461318324,267,270,-0.0812230126026051,-0.0332440012861522,0.00641912148953474,FALSE,FALSE,TRUE,FALSE
"mlib","raw","none","pooled_cl","y2004_2008","none","gaussian","growth",-0.00319384192153504,0.00264980088114468,-1.20531393293044,133,135,-0.1039477949363,-0.0084350454221967,0.00204736157912662,FALSE,FALSE,TRUE,FALSE
"mlib","raw","none","pooled_cl","y2004_2008","none","beta","growth",-0.033076728159693,0.0241509636293373,-1.36958212795755,132,135,-0.118368764141156,-0.0808497213462366,0.0146962650268506,FALSE,FALSE,TRUE,FALSE
"mlib","raw","none","pooled_cl","y2004_2008","n_cy","gaussian","growth",-0.00335466926813205,0.00269866628704117,-1.24308414280082,133,135,-0.107168296712767,-0.00869252664881479,0.00198318811255069,FALSE,FALSE,TRUE,FALSE
"mlib","raw","none","pooled_cl","y2004_2008","n_cy","beta","growth",-0.0329148737329253,0.0238240300151759,-1.38158295267251,132,135,-0.119391237309457,-0.0800411599159103,0.0142114124500597,FALSE,FALSE,TRUE,FALSE
"mlib","raw","none","pooled_cl","y2009_2013","none","gaussian","growth",0.00292974652633182,0.00112863074820611,2.5958414928784,133,135,0.219593913067822,0.000697358624831507,0.00516213442783214,FALSE,TRUE,FALSE,FALSE
"mlib","raw","none","pooled_cl","y2009_2013","none","beta","growth",0.0235027633087738,0.00813774581655225,2.88811715659255,132,135,0.243793533246783,0.00740549773317891,0.0396000288843686,FALSE,TRUE,FALSE,FALSE
"mlib","raw","none","pooled_cl","y2009_2013","n_cy","gaussian","growth",0.00347827442828445,0.00140773359938149,2.47083285489006,133,135,0.209494185599132,0.000693831898440455,0.00626271695812844,FALSE,TRUE,FALSE,FALSE
"mlib","raw","none","pooled_cl","y2009_2013","n_cy","beta","growth",0.0261471975332846,0.00969506597125369,2.69695921727734,132,135,0.228528303465014,0.00696939876316971,0.0453249963033994,FALSE,TRUE,FALSE,FALSE
"mlib","raw","none","pooled_cl","no_bailout","none","gaussian","growth",-0.0027679568563453,0.00168116904966828,-1.64644766502896,188,190,-0.119223069256596,-0.00608433632021203,0.000548422607521437,FALSE,FALSE,TRUE,FALSE
"mlib","raw","none","pooled_cl","no_bailout","none","beta","growth",-0.0204754729588342,0.0124734649391538,-1.6415224685935,187,190,-0.119184382878278,-0.0450822643384409,0.00413131842077244,FALSE,FALSE,TRUE,FALSE
"mlib","raw","none","pooled_cl","no_bailout","n_cy","gaussian","growth",-0.0029994465607412,0.00204643722768627,-1.46569194508468,188,190,-0.106291009415381,-0.00703637693209811,0.00103748381061572,FALSE,FALSE,TRUE,FALSE
"mlib","raw","none","pooled_cl","no_bailout","n_cy","beta","growth",-0.0222649349362884,0.0152454371417669,-1.46043270056787,187,190,-0.106193528050376,-0.0523400819037367,0.00781021203116,FALSE,FALSE,TRUE,FALSE
"mlib","raw","none","pooled_cl","no_GR_ES","none","gaussian","growth",-0.00205165595801646,0.00110957511380321,-1.84904647958816,248,250,-0.116613493002238,-0.00423704808803266,0.000133736171999748,FALSE,FALSE,TRUE,FALSE
"mlib","raw","none","pooled_cl","no_GR_ES","none","beta","growth",-0.0177341569052987,0.00872543027580697,-2.03246789496104,247,250,-0.12825479043031,-0.0349198931218509,-0.000548420688746484,FALSE,TRUE,TRUE,FALSE
"mlib","raw","none","pooled_cl","no_GR_ES","n_cy","gaussian","growth",-0.00208406249481379,0.00131285464018064,-1.58742821256056,248,250,-0.100293538737292,-0.00466982903086362,0.000501704041236039,FALSE,FALSE,TRUE,FALSE
"mlib","raw","none","pooled_cl","no_GR_ES","n_cy","beta","growth",-0.017696835883812,0.0101629000015512,-1.74131752561876,247,250,-0.110123501408918,-0.0377138336823194,0.00232016191469532,FALSE,FALSE,TRUE,FALSE
"mlib","raw","unemp","fe_twoway","all","none","gaussian","growth",5.13999915759651e-06,0.000545819245200744,0.00941703540648534,232,270,0.00061825854550692,-0.0010702559673228,0.00108053596563799,FALSE,FALSE,FALSE,FALSE
"mlib","raw","unemp","fe_twoway","all","none","beta","growth",-0.00350840708015822,0.00466927908127333,-0.75138089180171,231,270,-0.04937693035832,-0.0127082253624593,0.00569141120214281,FALSE,FALSE,TRUE,FALSE
"mlib","raw","unemp","fe_twoway","all","n_cy","gaussian","growth",0.000104882688847028,0.000556248924507968,0.188553513051378,232,270,0.0123781961999772,-0.000991062269185591,0.00120082764687965,FALSE,FALSE,FALSE,FALSE
"mlib","raw","unemp","fe_twoway","all","n_cy","beta","growth",-0.00384214247733084,0.00463647774670114,-0.828677001645166,231,270,-0.0544420824428698,-0.0129773327277176,0.00529304777305594,FALSE,FALSE,TRUE,FALSE
"mlib","raw","unemp","fe_twoway","y2004_2008","none","gaussian","growth",0.000720513400484484,0.000878796559783256,0.819886460026869,102,135,0.080914667003276,-0.00102257540908697,0.00246360221005594,FALSE,FALSE,FALSE,FALSE
"mlib","raw","unemp","fe_twoway","y2004_2008","none","beta","growth",0.00742280045471293,0.00709873051812431,1.04565181559734,101,135,0.103487593586325,-0.00665917135571737,0.0215047722651432,FALSE,FALSE,FALSE,FALSE
"mlib","raw","unemp","fe_twoway","y2004_2008","n_cy","gaussian","growth",0.00135892725975078,0.000830151309356309,1.63696333961634,102,135,0.159995520839649,-0.000287673926247222,0.00300552844574879,FALSE,FALSE,FALSE,FALSE
"mlib","raw","unemp","fe_twoway","y2004_2008","n_cy","beta","growth",0.0131875929298889,0.00648494727937712,2.03356979814269,101,135,0.198328252351503,0.000323201959255939,0.026051983900522,FALSE,TRUE,FALSE,FALSE
"mlib","raw","unemp","fe_twoway","y2009_2013","none","gaussian","growth",-0.00115520654778249,0.000620934759188355,-1.86043143935525,102,135,-0.181162082810785,-0.00238682769850948,7.64146029444909e-05,FALSE,FALSE,TRUE,FALSE
"mlib","raw","unemp","fe_twoway","y2009_2013","none","beta","growth",-0.00982451375204948,0.00479971694664087,-2.0468944025804,101,135,-0.199576164409876,-0.0193458610645124,-0.000303166439586557,FALSE,TRUE,TRUE,FALSE
"mlib","raw","unemp","fe_twoway","y2009_2013","n_cy","gaussian","growth",-0.00131481847838192,0.000606066684297832,-2.16942873193108,102,135,-0.210014901413308,-0.0025169488730596,-0.000112688083704245,FALSE,TRUE,TRUE,FALSE
"mlib","raw","unemp","fe_twoway","y2009_2013","n_cy","beta","growth",-0.0101231879396274,0.00464436701063067,-2.17967010713322,101,135,-0.211957410576366,-0.0193363627677197,-0.000910013111535051,FALSE,TRUE,TRUE,FALSE
"mlib","raw","unemp","fe_twoway","no_bailout","none","gaussian","growth",0.000175944376777751,0.000713334312676373,0.246650656853477,160,190,0.0194957404858347,-0.00123282067012891,0.00158470942368441,FALSE,FALSE,FALSE,FALSE
"mlib","raw","unemp","fe_twoway","no_bailout","none","beta","growth",-0.000629598032744012,0.00568995137280113,-0.1106508635124,159,190,-0.00877484643494352,-0.0118672304448573,0.0106080343793693,FALSE,FALSE,TRUE,FALSE
"mlib","raw","unemp","fe_twoway","no_bailout","n_cy","gaussian","growth",0.000689520121997099,0.000766637034539674,0.899408834861623,160,190,0.0709254434387263,-0.000824512553469687,0.00220355279746388,FALSE,FALSE,FALSE,FALSE
"mlib","raw","unemp","fe_twoway","no_bailout","n_cy","beta","growth",0.00209492863516486,0.00586913258177195,0.356940076915485,159,190,0.028295854979069,-0.00949658598606492,0.0136864432563946,FALSE,FALSE,FALSE,FALSE
"mlib","raw","unemp","fe_twoway","no_GR_ES","none","gaussian","growth",-0.000195561677619651,0.000558637163995776,-0.350069222428477,214,250,-0.0239233904332307,-0.00129669768052027,0.000905574325280966,FALSE,FALSE,TRUE,FALSE
"mlib","raw","unemp","fe_twoway","no_GR_ES","none","beta","growth",-0.00436302212402519,0.00474862598114629,-0.918796751175586,213,250,-0.0628305303818452,-0.0137233421636428,0.00499729791559238,FALSE,FALSE,TRUE,FALSE
"mlib","raw","unemp","fe_twoway","no_GR_ES","n_cy","gaussian","growth",-1.8675200513781e-05,0.000571519039318298,-0.0326764276060804,214,250,-0.0022337090331783,-0.00114520281288242,0.00110785241185486,FALSE,FALSE,TRUE,FALSE
"mlib","raw","unemp","fe_twoway","no_GR_ES","n_cy","beta","growth",-0.00384387712463186,0.00468899891996493,-0.819764984006568,213,250,-0.0560809731579976,-0.0130866624546523,0.00539890820538858,FALSE,FALSE,TRUE,FALSE
"mlib","raw","unemp","fe_country","all","none","gaussian","growth",-0.000512755007974448,0.000477970575037628,-1.07277526013831,241,270,-0.0689391228649976,-0.00145428831465045,0.000428778298701553,FALSE,FALSE,TRUE,FALSE
"mlib","raw","unemp","fe_country","all","none","beta","growth",-0.0043167953906796,0.00385530774156304,-1.11970189672316,240,270,-0.0720884011581677,-0.0119113569932775,0.00327776621191829,FALSE,FALSE,TRUE,FALSE
"mlib","raw","unemp","fe_country","all","n_cy","gaussian","growth",-0.000866624216246589,0.000537906425014465,-1.61110590233847,241,270,-0.103226051031663,-0.00192622252935669,0.000192974096863512,FALSE,FALSE,TRUE,FALSE
"mlib","raw","unemp","fe_country","all","n_cy","beta","growth",-0.00747587674345958,0.00421273772299023,-1.7745886962441,240,270,-0.113804993822136,-0.0157745388211764,0.000822785334257234,FALSE,FALSE,TRUE,FALSE
"mlib","raw","unemp","fe_country","y2004_2008","none","gaussian","growth",-0.000258306341236829,0.000661174945596126,-0.390677751716583,106,135,-0.037918688011244,-0.00156914997792366,0.00105253729545,FALSE,FALSE,TRUE,FALSE
"mlib","raw","unemp","fe_country","y2004_2008","none","beta","growth",-0.00259699361449935,0.00530238742388039,-0.489778171018447,105,135,-0.0477429497021872,-0.0131106483861482,0.00791666115714947,FALSE,FALSE,TRUE,FALSE
"mlib","raw","unemp","fe_country","y2004_2008","n_cy","gaussian","growth",5.43648599797092e-05,0.000632947944812426,0.0858915182919509,106,135,0.00834223144645661,-0.00120051600224551,0.00130924572220493,FALSE,FALSE,FALSE,FALSE
"mlib","raw","unemp","fe_country","y2004_2008","n_cy","beta","growth",-3.19140099406649e-05,0.00496721016240588,-0.00642493651309637,105,135,-0.000627009477930478,-0.00988097418810902,0.00981714616822768,FALSE,FALSE,TRUE,FALSE
"mlib","raw","unemp","fe_country","y2009_2013","none","gaussian","growth",0.00200833451873993,0.000558974831838075,3.59288898953811,106,135,0.329485803580046,0.000900112547741934,0.00311655648973793,FALSE,TRUE,FALSE,FALSE
"mlib","raw","unemp","fe_country","y2009_2013","none","beta","growth",0.0171978958484561,0.00415608417593312,4.13800469876067,105,135,0.37444850406893,0.00895714866523804,0.0254386430316742,FALSE,TRUE,FALSE,FALSE
"mlib","raw","unemp","fe_country","y2009_2013","n_cy","gaussian","growth",0.0014135309729394,0.000590650231196588,2.39317771886036,106,135,0.226409840993001,0.000242509441907881,0.00258455250397091,FALSE,TRUE,FALSE,FALSE
"mlib","raw","unemp","fe_country","y2009_2013","n_cy","beta","growth",0.0121836689332063,0.00426596883874853,2.85601451715726,105,135,0.268485011454303,0.00372504076220201,0.0206422971042106,FALSE,TRUE,FALSE,FALSE
"mlib","raw","unemp","fe_country","no_bailout","none","gaussian","growth",-0.000667968222053114,0.000629268127278591,-1.06150016677611,169,190,-0.0813830051034667,-0.00191020671364769,0.000574270269541468,FALSE,FALSE,TRUE,FALSE
"mlib","raw","unemp","fe_country","no_bailout","none","beta","growth",-0.00501506517060963,0.00468093875910084,-1.07138021424851,168,190,-0.0823778349471047,-0.0142561051494753,0.00422597480825606,FALSE,FALSE,TRUE,FALSE
"mlib","raw","unemp","fe_country","no_bailout","n_cy","gaussian","growth",-0.000857468417425992,0.000735786228344345,-1.1653770951319,169,190,-0.089286352020641,-0.00230998433999057,0.000595047505138583,FALSE,FALSE,TRUE,FALSE
"mlib","raw","unemp","fe_country","no_bailout","n_cy","beta","growth",-0.00638415730816572,0.0052727392075459,-1.21078571438338,168,190,-0.0930092187125733,-0.0167935209684636,0.00402520635213217,FALSE,FALSE,TRUE,FALSE
"mlib","raw","unemp","fe_country","no_GR_ES","none","gaussian","growth",-0.000590968981457676,0.000490937555297287,-1.20375590557503,223,250,-0.0803488316357343,-0.0015584394740151,0.000376501511099751,FALSE,FALSE,TRUE,FALSE
"mlib","raw","unemp","fe_country","no_GR_ES","none","beta","growth",-0.00486080037157918,0.00390898565573643,-1.2434940415926,222,250,-0.0831687142407779,-0.0125642673115403,0.00284266656838193,FALSE,FALSE,TRUE,FALSE
"mlib","raw","unemp","fe_country","no_GR_ES","n_cy","gaussian","growth",-0.000892791607739281,0.000555794592736926,-1.60633374164881,223,250,-0.106951083638527,-0.0019880732023004,0.000202489986821833,FALSE,FALSE,TRUE,FALSE
"mlib","raw","unemp","fe_country","no_GR_ES","n_cy","beta","growth",-0.00729627196733181,0.00426889436436318,-1.70917135552504,222,250,-0.113964698366799,-0.0157090136610239,0.00111646972636024,FALSE,FALSE,TRUE,FALSE
"mlib","raw","unemp","re","all","none","gaussian","growth",-0.000592229223655969,0.000479910979797374,-1.23403974609211,267,270,-0.0753075502797148,-0.00153712049156751,0.000352662044255574,FALSE,FALSE,TRUE,FALSE
"mlib","raw","unemp","re","all","none","beta","growth",-0.00493644043061795,0.0039318744015195,-1.25549290910977,267,270,-0.076609116052537,-0.0126778632046693,0.00280498234343343,FALSE,FALSE,TRUE,FALSE
"mlib","raw","unemp","re","y2004_2008","none","gaussian","growth",-0.000369701560937885,0.000657992887846177,-0.561862548618174,132,135,-0.0488454834783384,-0.00167127653038071,0.000931873408504944,FALSE,FALSE,TRUE,FALSE
"mlib","raw","unemp","re","y2004_2008","none","beta","growth",-0.00364546579092618,0.00588766163131204,-0.619170397214862,132,135,-0.0538137757833464,-0.0152918424454656,0.00800091086361324,FALSE,FALSE,TRUE,FALSE
"mlib","raw","unemp","re","y2009_2013","none","gaussian","growth",0.0020375365466849,0.000567868490469042,3.5880429727699,132,135,0.298100244114371,0.000914236543322887,0.00316083655004691,FALSE,TRUE,FALSE,FALSE
"mlib","raw","unemp","re","y2009_2013","none","beta","growth",0.0175054541701444,0.00461903669403978,3.78984955731846,132,135,0.313261035360679,0.00836854303485928,0.0266423653054295,FALSE,TRUE,FALSE,FALSE
"mlib","raw","unemp","re","no_bailout","none","gaussian","growth",-0.000791012145209377,0.000630887970947888,-1.25380761979169,187,190,-0.0913045168337098,-0.00203558442410265,0.000453560133683899,FALSE,FALSE,TRUE,FALSE
"mlib","raw","unemp","re","no_bailout","none","beta","growth",-0.00585577399103339,0.00474962314003762,-1.23289234079885,187,190,-0.0897938126144151,-0.0152255029563827,0.00351395497431589,FALSE,FALSE,TRUE,FALSE
"mlib","raw","unemp","re","no_GR_ES","none","gaussian","growth",-0.00066718793775603,0.000490485181929764,-1.36026115025748,247,250,-0.0862289705290745,-0.00163325478928364,0.000298878913771583,FALSE,FALSE,TRUE,FALSE
"mlib","raw","unemp","re","no_GR_ES","none","beta","growth",-0.00547974651136462,0.00397946941623484,-1.37700430339009,247,250,-0.0872823068559216,-0.0133177681913813,0.00235827516865208,FALSE,FALSE,TRUE,FALSE
"mlib","raw","unemp","pooled_cl","all","none","gaussian","growth",-0.00207768963727452,0.00109824511607099,-1.89182688533825,267,270,-0.115009665990629,-0.00424001195096719,8.46326764181544e-05,FALSE,FALSE,TRUE,FALSE
"mlib","raw","unemp","pooled_cl","all","none","beta","growth",-0.0177885470555454,0.00877086050493706,-2.02814159973612,266,270,-0.123402864745219,-0.0350576901056465,-0.00051940400544424,FALSE,TRUE,TRUE,FALSE
"mlib","raw","unemp","pooled_cl","all","n_cy","gaussian","growth",-0.00207426258640889,0.00122857704999122,-1.68834554285685,267,270,-0.102777893790126,-0.00449319396193891,0.000344668789121132,FALSE,FALSE,TRUE,FALSE
"mlib","raw","unemp","pooled_cl","all","n_cy","beta","growth",-0.0178473638460015,0.00975433643868337,-1.82968507988131,266,270,-0.111485830305499,-0.0370528946173117,0.00135816692530859,FALSE,FALSE,TRUE,FALSE
"mlib","raw","unemp","pooled_cl","y2004_2008","none","gaussian","growth",-0.00302763596317897,0.00263700998582036,-1.14813215704873,132,135,-0.0994368019110493,-0.00824390236227257,0.00218863043591463,FALSE,FALSE,TRUE,FALSE
"mlib","raw","unemp","pooled_cl","y2004_2008","none","beta","growth",-0.0320558291514604,0.0241758996426007,-1.32594152132293,131,135,-0.115078401910834,-0.0798815255450188,0.0157698672420979,FALSE,FALSE,TRUE,FALSE
"mlib","raw","unemp","pooled_cl","y2004_2008","n_cy","gaussian","growth",-0.0030797590620461,0.0027308215707973,-1.12777747729117,132,135,-0.0976909092328049,-0.00848159404874165,0.00232207592464946,FALSE,FALSE,TRUE,FALSE
"mlib","raw","unemp","pooled_cl","y2004_2008","n_cy","beta","growth",-0.0311727681428236,0.024236373006688,-1.2861977381773,131,135,-0.111672713189038,-0.0791180952758163,0.0167725589901692,FALSE,FALSE,TRUE,FALSE
"mlib","raw","unemp","pooled_cl","y2009_2013","none","gaussian","growth",0.00217911454859478,0.000962220457230189,2.26467285352413,132,135,0.193393212012465,0.00027574737647205,0.00408248172071752,FALSE,TRUE,FALSE,FALSE
"mlib","raw","unemp","pooled_cl","y2009_2013","none","beta","growth",0.0196423078631818,0.00741823810781877,2.64784003663606,131,135,0.225390083168544,0.00496726334510739,0.0343173523812563,FALSE,TRUE,FALSE,FALSE
"mlib","raw","unemp","pooled_cl","y2009_2013","n_cy","gaussian","growth",0.00223145208080895,0.000984057536224281,2.26760326369816,132,135,0.193634079433358,0.000284889008016999,0.0041780151536009,FALSE,TRUE,FALSE,FALSE
"mlib","raw","unemp","pooled_cl","y2009_2013","n_cy","beta","growth",0.0198691599813915,0.00727243727611283,2.73211843939227,131,135,0.232182961718507,0.00548254428764962,0.0342557756751335,FALSE,TRUE,FALSE,FALSE
"mlib","raw","unemp","pooled_cl","no_bailout","none","gaussian","growth",-0.00275235262692831,0.00154604553488189,-1.78025327510071,187,190,-0.129095643741445,-0.00580228463265308,0.000297579378796467,FALSE,FALSE,TRUE,FALSE
"mlib","raw","unemp","pooled_cl","no_bailout","none","beta","growth",-0.021306352239977,0.0116733594105699,-1.82521170561105,186,190,-0.13264837216915,-0.044335557015859,0.00172285253590501,FALSE,FALSE,TRUE,FALSE
"mlib","raw","unemp","pooled_cl","no_bailout","n_cy","gaussian","growth",-0.00268362660311658,0.00187444965829942,-1.43168774431172,187,190,-0.104126261697863,-0.00638141161460658,0.00101415840837342,FALSE,FALSE,TRUE,FALSE
"mlib","raw","unemp","pooled_cl","no_bailout","n_cy","beta","growth",-0.0215005347443375,0.0144285050496276,-1.49014292682334,186,190,-0.108616157408847,-0.0499650911510266,0.00696402166235171,FALSE,FALSE,TRUE,FALSE
"mlib","raw","unemp","pooled_cl","no_GR_ES","none","gaussian","growth",-0.00229993930112985,0.00114211178330032,-2.01376024199994,247,250,-0.127093437273344,-0.00454945952158684,-5.04190806728546e-05,FALSE,TRUE,TRUE,FALSE
"mlib","raw","unemp","pooled_cl","no_GR_ES","none","beta","growth",-0.0191807204314302,0.00919125949993514,-2.0868435312446,246,250,-0.131889987072767,-0.0372843230898216,-0.00107711777303873,FALSE,TRUE,TRUE,FALSE
"mlib","raw","unemp","pooled_cl","no_GR_ES","n_cy","gaussian","growth",-0.00234998163634008,0.00128292786743978,-1.83173325327302,247,250,-0.11576676060117,-0.00487685529388527,0.000176892021205116,FALSE,FALSE,TRUE,FALSE
"mlib","raw","unemp","pooled_cl","no_GR_ES","n_cy","beta","growth",-0.0197611444624286,0.0102152363184638,-1.93447746546116,246,250,-0.122410227704703,-0.0398816273377455,0.000359338412888179,FALSE,FALSE,TRUE,FALSE
"mpos","raw","none","fe_twoway","all","none","gaussian","growth",0.00324271894305597,0.001010497049004,3.20903356051575,233,270,0.20573353200577,0.00125184008333946,0.00523359780277248,TRUE,TRUE,TRUE,FALSE
"mpos","raw","none","fe_twoway","all","none","beta","growth",0.0151972512012897,0.00408268181237036,3.72236973139633,232,270,0.237399101072789,0.00715338028239022,0.0232411221201893,TRUE,TRUE,TRUE,FALSE
"mpos","raw","none","fe_twoway","all","n_cy","gaussian","growth",0.00305931797725255,0.000975660494701908,3.13563785134834,233,270,0.201220738683386,0.00113707401317851,0.0049815619413266,TRUE,TRUE,TRUE,FALSE
"mpos","raw","none","fe_twoway","all","n_cy","beta","growth",0.0144829182528309,0.00392517645009533,3.68974960411759,232,270,0.235434505036806,0.0067493710038623,0.0222164655017996,TRUE,TRUE,TRUE,FALSE
"mpos","raw","none","fe_twoway","y2004_2008","none","gaussian","growth",-0.000144869452760191,0.00159445008039953,-0.0908585690709676,103,135,-0.00895220208286956,-0.00330708512784774,0.00301734622232736,TRUE,FALSE,FALSE,FALSE
"mpos","raw","none","fe_twoway","y2004_2008","none","beta","growth",-0.000303985214687289,0.00623108160561812,-0.0487853046914372,102,135,-0.00483040860278022,-0.0126633060351492,0.0120553356057746,TRUE,FALSE,FALSE,FALSE
"mpos","raw","none","fe_twoway","y2004_2008","n_cy","gaussian","growth",-0.000913683207580445,0.00149666660318629,-0.610478783742003,103,135,-0.0600437320603253,-0.00388196841835971,0.00205460200319882,TRUE,FALSE,FALSE,FALSE
"mpos","raw","none","fe_twoway","y2004_2008","n_cy","beta","growth",-0.00377819698036776,0.00581532436175531,-0.649696688496898,102,135,-0.0641968624389307,-0.0153128652789146,0.00775647131817909,TRUE,FALSE,FALSE,FALSE
"mpos","raw","none","fe_twoway","y2009_2013","none","gaussian","growth",0.00473783532135198,0.00119174386531517,3.97554831977171,103,135,0.364736902403471,0.00237429244351867,0.00710137819918529,TRUE,TRUE,TRUE,FALSE
"mpos","raw","none","fe_twoway","y2009_2013","none","beta","growth",0.02026367097143,0.00449929094320722,4.50374764095284,102,135,0.407276813502705,0.0113393487186836,0.0291879932241764,TRUE,TRUE,TRUE,FALSE
"mpos","raw","none","fe_twoway","y2009_2013","n_cy","gaussian","growth",0.00415682908894735,0.00112070139400679,3.70913171981134,103,135,0.343265035197821,0.00193418219721607,0.00637947598067864,TRUE,TRUE,TRUE,FALSE
"mpos","raw","none","fe_twoway","y2009_2013","n_cy","beta","growth",0.0177524382159932,0.00422579291370382,4.20097212014907,102,135,0.384057963732849,0.00937059800799312,0.0261342784239934,TRUE,TRUE,TRUE,FALSE
"mpos","raw","none","fe_twoway","no_bailout","none","gaussian","growth",-0.000680468067570258,0.00118144121034236,-0.575964391298885,161,190,-0.0453456604909318,-0.00301358772968338,0.00165265159454286,TRUE,FALSE,FALSE,FALSE
"mpos","raw","none","fe_twoway","no_bailout","none","beta","growth",-0.00236543740275769,0.00480335987303287,-0.492454753606488,160,190,-0.038902495594502,-0.0118516003092555,0.00712072550374014,TRUE,FALSE,FALSE,FALSE
"mpos","raw","none","fe_twoway","no_bailout","n_cy","gaussian","growth",-0.000687751959703472,0.00124026552989952,-0.554519933936398,161,190,-0.0436606194294215,-0.00313703836406985,0.00176153444466291,TRUE,FALSE,FALSE,FALSE
"mpos","raw","none","fe_twoway","no_bailout","n_cy","beta","growth",-0.00218685208932639,0.0049885851355426,-0.438371207448287,160,190,-0.0346354935238756,-0.0120388166557063,0.00766511247705347,TRUE,FALSE,FALSE,FALSE
"mpos","raw","none","fe_twoway","no_GR_ES","none","gaussian","growth",0.00211273306554763,0.00101245525554928,2.08674215869562,215,250,0.140894981119126,0.000117123898345071,0.00410834223275019,TRUE,TRUE,TRUE,FALSE
"mpos","raw","none","fe_twoway","no_GR_ES","none","beta","growth",0.0103139147849541,0.00410940939993858,2.50982897569375,214,250,0.169097671740688,0.00221381165439189,0.0184140179155163,TRUE,TRUE,TRUE,FALSE
"mpos","raw","none","fe_twoway","no_GR_ES","n_cy","gaussian","growth",0.00167249278531552,0.000982485237080958,1.70230831181203,215,250,0.115321887919644,-0.000264043703594534,0.00360902927422558,TRUE,FALSE,TRUE,FALSE
"mpos","raw","none","fe_twoway","no_GR_ES","n_cy","beta","growth",0.00851503247779721,0.00397984570591976,2.13953834067779,214,250,0.144716224199558,0.000670313803099799,0.0163597511524946,TRUE,TRUE,TRUE,FALSE
"mpos","raw","none","fe_country","all","none","gaussian","growth",0.0028847095165107,0.000833876896487566,3.45939494026228,242,270,0.217075668940624,0.00124212618580361,0.0045272928472178,TRUE,TRUE,TRUE,FALSE
"mpos","raw","none","fe_country","all","none","beta","growth",0.0122395552915053,0.0034017103229895,3.59805924942748,241,270,0.225786305014305,0.00553867507831215,0.0189404355046985,TRUE,TRUE,TRUE,FALSE
"mpos","raw","none","fe_country","all","n_cy","gaussian","growth",0.00319944436446133,0.000858855885222949,3.72524007753733,242,270,0.232883269947439,0.00150765704370788,0.00489123168521478,TRUE,TRUE,TRUE,FALSE
"mpos","raw","none","fe_country","all","n_cy","beta","growth",0.0136443779328843,0.00349128540325723,3.90812447477214,241,270,0.244127436633312,0.00676704769133198,0.0205217081744366,TRUE,TRUE,TRUE,FALSE
"mpos","raw","none","fe_country","y2004_2008","none","gaussian","growth",0.000327394661459472,0.0013063254617003,0.250622583007254,107,135,0.0242214913292893,-0.00226224320985228,0.00291703253277122,TRUE,FALSE,TRUE,FALSE
"mpos","raw","none","fe_country","y2004_2008","none","beta","growth",0.00159199842720497,0.00513142977615626,0.310244609524302,106,135,0.0301199484284981,-0.00858156019594437,0.0117655570503543,TRUE,FALSE,TRUE,FALSE
"mpos","raw","none","fe_country","y2004_2008","n_cy","gaussian","growth",-0.000477348724437305,0.00122220563107617,-0.390563348997985,107,135,-0.0377302994035558,-0.00290022884241779,0.00194553139354318,TRUE,FALSE,FALSE,FALSE
"mpos","raw","none","fe_country","y2004_2008","n_cy","beta","growth",-0.00188639997738997,0.0047799896766412,-0.394645199048945,106,135,-0.038303201304799,-0.0113631944215662,0.00759039446678623,TRUE,FALSE,FALSE,FALSE
"mpos","raw","none","fe_country","y2009_2013","none","gaussian","growth",-0.00223076279070685,0.00117022959053048,-1.90626079596535,107,135,-0.181233443456704,-0.00455060647026198,8.90808888482889e-05,TRUE,FALSE,FALSE,FALSE
"mpos","raw","none","fe_country","y2009_2013","none","beta","growth",-0.0100181494116001,0.00451812352922193,-2.21732525611696,106,135,-0.210538373796763,-0.0189757687489538,-0.00106053007424639,TRUE,TRUE,FALSE,FALSE
"mpos","raw","none","fe_country","y2009_2013","n_cy","gaussian","growth",-0.00149587566287097,0.00110743544107186,-1.35075653838851,107,135,-0.129483268008219,-0.00369123726479501,0.000699485939053062,TRUE,FALSE,FALSE,FALSE
"mpos","raw","none","fe_country","y2009_2013","n_cy","beta","growth",-0.00678542723217321,0.00425811761381593,-1.59352743337975,106,135,-0.152955809532985,-0.0152275595536001,0.0016567050892537,TRUE,FALSE,FALSE,FALSE
"mpos","raw","none","fe_country","no_bailout","none","gaussian","growth",0.00036006978467871,0.000896771482815508,0.401517880060406,170,190,0.0307804240530945,-0.0014101721053261,0.00213031167468352,TRUE,FALSE,TRUE,FALSE
"mpos","raw","none","fe_country","no_bailout","none","beta","growth",0.00148652565957836,0.00367846457435196,0.404115801452361,169,190,0.0310708221894806,-0.00577513290239112,0.00874818422154784,TRUE,FALSE,TRUE,FALSE
"mpos","raw","none","fe_country","no_bailout","n_cy","gaussian","growth",0.000484810397011193,0.00098869703876478,0.490352836109317,170,190,0.0375817775375229,-0.00146689407629574,0.00243651487031813,TRUE,FALSE,TRUE,FALSE
"mpos","raw","none","fe_country","no_bailout","n_cy","beta","growth",0.00205009869095856,0.0040217351988818,0.509754767426898,169,190,0.0391817943121871,-0.00588921056447421,0.00998940794639134,TRUE,FALSE,TRUE,FALSE
"mpos","raw","none","fe_country","no_GR_ES","none","gaussian","growth",0.00219701362657577,0.000804452569430498,2.73106670307625,224,250,0.179512844579828,0.00061175057556907,0.00378227667758247,TRUE,TRUE,TRUE,FALSE
"mpos","raw","none","fe_country","no_GR_ES","none","beta","growth",0.00952906534117563,0.00329232313879457,2.89432869723248,223,250,0.190277583668259,0.00304101924574303,0.0160171114366082,TRUE,TRUE,TRUE,FALSE
"mpos","raw","none","fe_country","no_GR_ES","n_cy","gaussian","growth",0.00209655411886921,0.000836338638450801,2.50682441594805,224,250,0.165193089169767,0.00044845603074464,0.00374465220699379,TRUE,TRUE,TRUE,FALSE
"mpos","raw","none","fe_country","no_GR_ES","n_cy","beta","growth",0.0091392563137534,0.00341403372021948,2.67696720733205,223,250,0.176450267565092,0.00241136017040725,0.0158671524570995,TRUE,TRUE,TRUE,FALSE
"mpos","raw","none","re","all","none","gaussian","growth",0.00306938747249164,0.000840957349253063,3.64987293971313,268,270,0.217608686639577,0.00141366424482261,0.00472511070016066,TRUE,TRUE,TRUE,FALSE
"mpos","raw","none","re","all","none","beta","growth",0.0128827313864591,0.00354074251697428,3.63842649520529,268,270,0.216958410974301,0.00591152216430691,0.0198539406086113,TRUE,TRUE,TRUE,FALSE
"mpos","raw","none","re","y2004_2008","none","gaussian","growth",0.00108297758806137,0.00132682923566091,0.816214746370079,133,135,0.0705981995374831,-0.00154143924424116,0.00370739442036391,TRUE,FALSE,TRUE,FALSE
"mpos","raw","none","re","y2004_2008","none","beta","growth",0.00428807633332392,0.00568720060384275,0.753987177879138,133,135,0.0652396979200583,-0.00696098616262827,0.0155371388292761,TRUE,FALSE,TRUE,FALSE
"mpos","raw","none","re","y2009_2013","none","gaussian","growth",-0.00204140259567863,0.00116628119896574,-1.75035197128184,133,135,-0.150056287881079,-0.00434826163035995,0.000265456439002688,TRUE,FALSE,FALSE,FALSE
"mpos","raw","none","re","y2009_2013","none","beta","growth",-0.00917733064008287,0.00499694368128523,-1.83658876814125,133,135,-0.157270632701949,-0.0190610916808927,0.000706430400726944,TRUE,FALSE,FALSE,FALSE
"mpos","raw","none","re","no_bailout","none","gaussian","growth",0.000498517693943431,0.000908587301016468,0.548673411333971,188,190,0.0399841209592758,-0.00129381857754317,0.00229085396543004,TRUE,FALSE,TRUE,FALSE
"mpos","raw","none","re","no_bailout","none","beta","growth",0.00196916161671774,0.00383388130131692,0.513620913626445,188,190,0.0374334005506952,-0.0055937929934084,0.00953211622684389,TRUE,FALSE,TRUE,FALSE
"mpos","raw","none","re","no_GR_ES","none","gaussian","growth",0.00237997772890209,0.000818727018811628,2.90692462104963,248,250,0.181523242298995,0.000767432925684831,0.00399252253211935,TRUE,TRUE,TRUE,FALSE
"mpos","raw","none","re","no_GR_ES","none","beta","growth",0.0100998728221622,0.00342980223319818,2.94473912355711,248,250,0.183805292268702,0.00334461784690267,0.0168551277974218,TRUE,TRUE,TRUE,FALSE
"mpos","raw","none","pooled_cl","all","none","gaussian","growth",0.00593192799983709,0.00201639937659817,2.94184181401838,268,270,0.176868502817103,0.00196192965562109,0.00990192634405309,TRUE,TRUE,TRUE,FALSE
"mpos","raw","none","pooled_cl","all","none","beta","growth",0.0245100343542784,0.00847887885960569,2.8907164213711,267,270,0.174203961576276,0.00781606623647491,0.0412040024720819,TRUE,TRUE,TRUE,FALSE
"mpos","raw","none","pooled_cl","all","n_cy","gaussian","growth",0.00638156494804119,0.00209072094232664,3.05232746219088,268,270,0.183291831162384,0.00226523820464699,0.0104978916914354,TRUE,TRUE,TRUE,FALSE
"mpos","raw","none","pooled_cl","all","n_cy","beta","growth",0.026378137204182,0.00871779553846705,3.02578066757693,267,270,0.1820793583078,0.00921376875565502,0.043542505652709,TRUE,TRUE,TRUE,FALSE
"mpos","raw","none","pooled_cl","y2004_2008","none","gaussian","growth",0.0102783518550909,0.00492034095640309,2.08895114102105,133,135,0.178234702442797,0.000546108036827614,0.0200105956733541,TRUE,TRUE,TRUE,FALSE
"mpos","raw","none","pooled_cl","y2004_2008","none","beta","growth",0.0460407396422994,0.0216628542055067,2.12533118699548,132,135,0.181900207784248,0.00318947282561569,0.0888920064589832,TRUE,TRUE,TRUE,FALSE
"mpos","raw","none","pooled_cl","y2004_2008","n_cy","gaussian","growth",0.010230390758368,0.00510026642914752,2.00585418438188,133,135,0.17135702285609,0.000142261324579172,0.0203185201921567,TRUE,TRUE,TRUE,FALSE
"mpos","raw","none","pooled_cl","y2004_2008","n_cy","beta","growth",0.0450639359215236,0.0220745890912477,2.04143940053638,132,135,0.174944301510757,0.00139821680417567,0.0887296550388716,TRUE,TRUE,TRUE,FALSE
"mpos","raw","none","pooled_cl","y2009_2013","none","gaussian","growth",0.000213725304364696,0.00164229691317173,0.130138041818475,133,135,0.0112836809515707,-0.0030346743741512,0.0034621249828806,TRUE,FALSE,TRUE,FALSE
"mpos","raw","none","pooled_cl","y2009_2013","none","beta","growth",0.000187635927714251,0.00660117200284062,0.0284246384783652,132,135,0.002474039647176,-0.0128701347664467,0.0132454066218752,TRUE,FALSE,TRUE,FALSE
"mpos","raw","none","pooled_cl","y2009_2013","n_cy","gaussian","growth",0.000986032488053483,0.00177448294983116,0.555673126161794,133,135,0.0481271371872991,-0.00252382605063862,0.00449589102674558,TRUE,FALSE,TRUE,FALSE
"mpos","raw","none","pooled_cl","y2009_2013","n_cy","beta","growth",0.00340094245747351,0.00716105449576828,0.47492201874504,132,135,0.0413013847202583,-0.0107643311475612,0.0175662160625082,TRUE,FALSE,TRUE,FALSE
"mpos","raw","none","pooled_cl","no_bailout","none","gaussian","growth",0.00419188062776622,0.00243074250967677,1.72452681066726,188,190,0.124790876921585,-0.000603154435858427,0.00898691569139087,TRUE,FALSE,TRUE,FALSE
"mpos","raw","none","pooled_cl","no_bailout","none","beta","growth",0.0169819750223252,0.00986858612189111,1.72081135155266,187,190,0.124853528225202,-0.00248609107619783,0.0364500411208483,TRUE,FALSE,TRUE,FALSE
"mpos","raw","none","pooled_cl","no_bailout","n_cy","gaussian","growth",0.00509616562134607,0.00294971635926062,1.72767988533768,188,190,0.125015478189572,-0.000722629793674151,0.0109149610363663,TRUE,FALSE,TRUE,FALSE
"mpos","raw","none","pooled_cl","no_bailout","n_cy","beta","growth",0.0206861128781173,0.011883291349572,1.7407730122566,187,190,0.126278882141425,-0.00275642474622301,0.0441286505024577,TRUE,FALSE,TRUE,FALSE
"mpos","raw","none","pooled_cl","no_GR_ES","none","gaussian","growth",0.00566709469306648,0.00219136678721966,2.58610047670601,248,250,0.162047085609388,0.00135103202079381,0.00998315736533914,TRUE,TRUE,TRUE,FALSE
"mpos","raw","none","pooled_cl","no_GR_ES","none","beta","growth",0.0235864744135117,0.00919311189930432,2.56566815153165,247,250,0.161116757315563,0.00547958557059102,0.0416933632564324,TRUE,TRUE,TRUE,FALSE
"mpos","raw","none","pooled_cl","no_GR_ES","n_cy","gaussian","growth",0.00608085970067818,0.0023627067297633,2.57368365869401,248,250,0.161289325917337,0.00142733004907785,0.0107343893522785,TRUE,TRUE,TRUE,FALSE
"mpos","raw","none","pooled_cl","no_GR_ES","n_cy","beta","growth",0.0252750773833305,0.00980596273303309,2.5775212563461,247,250,0.161841646349321,0.00596110849557122,0.0445890462710897,TRUE,TRUE,TRUE,FALSE
"mpos","raw","unemp","fe_twoway","all","none","gaussian","growth",0.00167230418547178,0.00105165120002065,1.59016999689531,232,270,0.103835441025391,-0.000399703111065596,0.00374431148200917,TRUE,FALSE,TRUE,FALSE
"mpos","raw","unemp","fe_twoway","all","none","beta","growth",0.00848387184356738,0.0042664950012081,1.98848746832355,231,270,0.129727294436428,7.76536607903586e-05,0.0168900900263444,TRUE,TRUE,TRUE,FALSE
"mpos","raw","unemp","fe_twoway","all","n_cy","gaussian","growth",0.00179821168915057,0.00101285532505242,1.77538849297901,232,270,0.115776137952388,-0.00019735834757277,0.00379378172587392,TRUE,FALSE,TRUE,FALSE
"mpos","raw","unemp","fe_twoway","all","n_cy","beta","growth",0.00899468809228977,0.00408983463235478,2.19927916428028,231,270,0.143210396294554,0.000936541477488435,0.0170528347070911,TRUE,TRUE,TRUE,FALSE
"mpos","raw","unemp","fe_twoway","y2004_2008","none","gaussian","growth",-0.00165187813989904,0.0015727994406513,-1.05027894670092,102,135,-0.103435311816602,-0.00477151837310123,0.00146776209330316,TRUE,FALSE,FALSE,FALSE
"mpos","raw","unemp","fe_twoway","y2004_2008","none","beta","growth",-0.00701172338418852,0.0060756515305755,-1.15406937822261,101,135,-0.114084449075591,-0.0190641816885458,0.00504073492016879,TRUE,FALSE,FALSE,FALSE
"mpos","raw","unemp","fe_twoway","y2004_2008","n_cy","gaussian","growth",-0.00218138783112762,0.00148400788508071,-1.46993008127378,102,135,-0.144027275109032,-0.00512491043485514,0.000762134772599899,TRUE,FALSE,FALSE,FALSE
"mpos","raw","unemp","fe_twoway","y2004_2008","n_cy","beta","growth",-0.00934048976319858,0.00570629678155535,-1.63687416213439,101,135,-0.160756723470898,-0.0206602476008357,0.00197926807443856,TRUE,FALSE,FALSE,FALSE
"mpos","raw","unemp","fe_twoway","y2009_2013","none","gaussian","growth",0.00275124681457682,0.00116731401281329,2.35690378456621,102,135,0.227261862018042,0.000435885004907647,0.005066608624246,TRUE,TRUE,TRUE,FALSE
"mpos","raw","unemp","fe_twoway","y2009_2013","none","beta","growth",0.0116735877167224,0.00439699263041012,2.65490272510045,101,135,0.255410781067204,0.00295113711601057,0.0203960383174343,TRUE,TRUE,TRUE,FALSE
"mpos","raw","unemp","fe_twoway","y2009_2013","n_cy","gaussian","growth",0.00277366290433112,0.00110184528055443,2.51728890914291,102,135,0.241849488927556,0.000588158014681524,0.00495916779398072,TRUE,TRUE,TRUE,FALSE
"mpos","raw","unemp","fe_twoway","y2009_2013","n_cy","beta","growth",0.0117542924144404,0.00413482672171937,2.8427533257192,101,135,0.272184963995536,0.00355190845471637,0.0199566763741644,TRUE,TRUE,TRUE,FALSE
"mpos","raw","unemp","fe_twoway","no_bailout","none","gaussian","growth",-0.0006746743323506,0.00124798639618348,-0.540610325892857,160,190,-0.0427000183062548,-0.00313932461303311,0.00178997594833191,TRUE,FALSE,FALSE,FALSE
"mpos","raw","unemp","fe_twoway","no_bailout","none","beta","growth",-0.00271374690923209,0.00503519037706075,-0.538956167694343,159,190,-0.0427030155213332,-0.0126582288344903,0.0072307350160261,TRUE,FALSE,FALSE,FALSE
"mpos","raw","unemp","fe_twoway","no_bailout","n_cy","gaussian","growth",-0.000596606637663223,0.00129927654268206,-0.459183721143509,160,190,-0.0362777648412317,-0.00316254990867847,0.00196933663335202,TRUE,FALSE,FALSE,FALSE
"mpos","raw","unemp","fe_twoway","no_bailout","n_cy","beta","growth",-0.00220672028153164,0.00519474386075143,-0.424798669710047,159,190,-0.0336696249425365,-0.0124663197328128,0.0080528791697495,TRUE,FALSE,FALSE,FALSE
"mpos","raw","unemp","fe_twoway","no_GR_ES","none","gaussian","growth",0.00109405762375969,0.00107882585122238,1.01411884274005,214,250,0.0691577575973276,-0.00103242815664187,0.00322054340416124,TRUE,FALSE,TRUE,FALSE
"mpos","raw","unemp","fe_twoway","no_GR_ES","none","beta","growth",0.00571955702466863,0.00438436520679649,1.30453480832354,213,250,0.0890302960975484,-0.002922745331659,0.0143618593809963,TRUE,FALSE,TRUE,FALSE
"mpos","raw","unemp","fe_twoway","no_GR_ES","n_cy","gaussian","growth",0.00111265198329955,0.00103369801090409,1.07638011446534,214,250,0.0733814546948511,-0.00092488180301664,0.00315018576961573,TRUE,FALSE,TRUE,FALSE
"mpos","raw","unemp","fe_twoway","no_GR_ES","n_cy","beta","growth",0.00589473700781842,0.00419098617229404,1.40652742945983,213,250,0.0959292113907432,-0.00236638357949186,0.0141558575951287,TRUE,FALSE,TRUE,FALSE
"mpos","raw","unemp","fe_country","all","none","gaussian","growth",0.000380299282644111,0.000794803685689101,0.478482032093735,241,270,0.0308071075722797,-0.00118534969540484,0.00194594826069306,TRUE,FALSE,TRUE,FALSE
"mpos","raw","unemp","fe_country","all","none","beta","growth",0.00160477549037152,0.00327025617021852,0.490718588037797,240,270,0.0316598696210674,-0.00483729440543689,0.00804684538617993,TRUE,FALSE,TRUE,FALSE
"mpos","raw","unemp","fe_country","all","n_cy","gaussian","growth",0.000987273806801964,0.000821138240573429,1.20232350415506,241,270,0.0772172267814476,-0.000630250457791835,0.00260479807139576,TRUE,FALSE,TRUE,FALSE
"mpos","raw","unemp","fe_country","all","n_cy","beta","growth",0.00430515919155237,0.00335778305731478,1.28214334221914,240,270,0.0824800035452499,-0.00230932971215261,0.0109196480952573,TRUE,FALSE,TRUE,FALSE
"mpos","raw","unemp","fe_country","y2004_2008","none","gaussian","growth",5.62296280904465e-05,0.00120898214496724,0.0465098912539939,106,135,0.00451739388988811,-0.00234069506204498,0.00245315431822587,TRUE,FALSE,TRUE,FALSE
"mpos","raw","unemp","fe_country","y2004_2008","none","beta","growth",0.000493437114491697,0.00470962133576399,0.104772141816291,105,135,0.0102241796558201,-0.00884487200385217,0.00983174623283557,TRUE,FALSE,TRUE,FALSE
"mpos","raw","unemp","fe_country","y2004_2008","n_cy","gaussian","growth",-0.00034743376709021,0.00114342889323582,-0.303852534377541,106,135,-0.029499922617756,-0.0026143927598431,0.00191952522566268,TRUE,FALSE,FALSE,FALSE
"mpos","raw","unemp","fe_country","y2004_2008","n_cy","beta","growth",-0.00113946544851974,0.00443869928930292,-0.256711566666795,105,135,-0.0250446255556605,-0.0099405861951328,0.00766165529809331,TRUE,FALSE,FALSE,FALSE
"mpos","raw","unemp","fe_country","y2009_2013","none","gaussian","growth",-0.00267383613884313,0.000951409379575818,-2.81039497428041,106,135,-0.263335070287325,-0.00456009776960815,-0.000787574508078096,TRUE,TRUE,FALSE,FALSE
"mpos","raw","unemp","fe_country","y2009_2013","none","beta","growth",-0.0120694186534852,0.00366585685134906,-3.29238678510962,105,135,-0.305901727957564,-0.0193381356098863,-0.00480070169708405,TRUE,TRUE,FALSE,FALSE
"mpos","raw","unemp","fe_country","y2009_2013","n_cy","gaussian","growth",-0.00195456112383562,0.00095987101769022,-2.03627475755958,106,135,-0.194022097198618,-0.00385759877515631,-5.15234725149253e-05,TRUE,TRUE,FALSE,FALSE
"mpos","raw","unemp","fe_country","y2009_2013","n_cy","beta","growth",-0.00889787232748267,0.00368117813772331,-2.41712625539652,105,135,-0.229586411965931,-0.0161969685645208,-0.00159877609044448,TRUE,TRUE,FALSE,FALSE
"mpos","raw","unemp","fe_country","no_bailout","none","gaussian","growth",-0.000266444049196185,0.00089457079197394,-0.297845683747684,169,190,-0.0229051954945212,-0.00203241664986199,0.00149952855146962,TRUE,FALSE,FALSE,FALSE
"mpos","raw","unemp","fe_country","no_bailout","none","beta","growth",-0.00122790755392765,0.00364915725712487,-0.336490720297184,168,190,-0.0259520787720393,-0.00843201977109676,0.00597620466324146,TRUE,FALSE,FALSE,FALSE
"mpos","raw","unemp","fe_country","no_bailout","n_cy","gaussian","growth",1.00535741927458e-05,0.000979769789098825,0.0102611596158654,169,190,0.00078931972456786,-0.00192411040481524,0.00194421755320073,TRUE,FALSE,TRUE,FALSE
"mpos","raw","unemp","fe_country","no_bailout","n_cy","beta","growth",9.00554272111102e-05,0.0039650469757601,0.0227123228959593,168,190,0.00175229106390156,-0.0077376815945221,0.00791779244894432,TRUE,FALSE,TRUE,FALSE
"mpos","raw","unemp","fe_country","no_GR_ES","none","gaussian","growth",0.000443609585374489,0.000793090093664469,0.55934324349557,223,250,0.0374301463242435,-0.00111930051445551,0.00200651968520449,TRUE,FALSE,TRUE,FALSE
"mpos","raw","unemp","fe_country","no_GR_ES","none","beta","growth",0.00194113352112239,0.00325439175768761,0.596465842361171,222,250,0.0400001274251973,-0.0044723203830223,0.00835458742526708,TRUE,FALSE,TRUE,FALSE
"mpos","raw","unemp","fe_country","no_GR_ES","n_cy","gaussian","growth",0.000800658307230503,0.000822116833242057,0.973898447101573,223,250,0.0650788118746336,-0.000819453597051921,0.00242077021151293,TRUE,FALSE,TRUE,FALSE
"mpos","raw","unemp","fe_country","no_GR_ES","n_cy","beta","growth",0.00359265668573239,0.0033578994085732,1.06991194452098,222,250,0.0716233675627496,-0.00302478051148478,0.0102100938829496,TRUE,FALSE,TRUE,FALSE
"mpos","raw","unemp","re","all","none","gaussian","growth",0.000748809034755247,0.00081286784741841,0.921194062643014,267,270,0.0562867847086524,-0.00085163722158171,0.0023492552910922,TRUE,FALSE,TRUE,FALSE
"mpos","raw","unemp","re","all","none","beta","growth",0.00266437582258217,0.00341750669999567,0.779625632507332,267,270,0.0476580987106192,-0.00406431423618354,0.00939306588134787,TRUE,FALSE,TRUE,FALSE
"mpos","raw","unemp","re","y2004_2008","none","gaussian","growth",0.000798481683458878,0.00124725674880439,0.64019030903164,132,135,0.0556351110586008,-0.00166871544693312,0.00326567881385087,TRUE,FALSE,TRUE,FALSE
"mpos","raw","unemp","re","y2004_2008","none","beta","growth",0.00284754322548926,0.00524308874448435,0.543104144190738,132,135,0.0472184213870655,-0.00752380454808061,0.0132188909990591,TRUE,FALSE,TRUE,FALSE
"mpos","raw","unemp","re","y2009_2013","none","gaussian","growth",-0.00259408453614061,0.000990489369577392,-2.61899280882481,132,135,-0.222252725989626,-0.0045533704110398,-0.000634798661241419,TRUE,TRUE,FALSE,FALSE
"mpos","raw","unemp","re","y2009_2013","none","beta","growth",-0.011774524543774,0.00409610018259886,-2.87456947312831,132,135,-0.242717458393489,-0.019877015571378,-0.00367203351617001,TRUE,TRUE,FALSE,FALSE
"mpos","raw","unemp","re","no_bailout","none","gaussian","growth",-7.66237552229698e-06,0.000910301931357661,-0.00841740004974944,187,190,-0.000615541137311312,-0.00180344324528362,0.00178811849423903,TRUE,FALSE,FALSE,FALSE
"mpos","raw","unemp","re","no_bailout","none","beta","growth",-0.000416707595044735,0.00381028429269807,-0.109363911727873,187,190,-0.00799722553811537,-0.00793337366536074,0.00709995847527127,TRUE,FALSE,FALSE,FALSE
"mpos","raw","unemp","re","no_GR_ES","none","gaussian","growth",0.000797446726789075,0.000811823308315156,0.982290996847679,247,250,0.0623799557727012,-0.000801532439870152,0.0023964258934483,TRUE,FALSE,TRUE,FALSE
"mpos","raw","unemp","re","no_GR_ES","none","beta","growth",0.00294269801211487,0.00339916993306469,0.865710767646658,247,250,0.055000478173136,-0.00375235724342466,0.0096377532676544,TRUE,FALSE,TRUE,FALSE
"mpos","raw","unemp","pooled_cl","all","none","gaussian","growth",0.00587271062406548,0.00212071559561052,2.769211786918,267,270,0.167090483907761,0.00169725781641715,0.0100481634317138,TRUE,TRUE,TRUE,FALSE
"mpos","raw","unemp","pooled_cl","all","none","beta","growth",0.0242835213395398,0.00880832398505703,2.75688330501192,266,270,0.166670989981034,0.00694061560709035,0.0416264270719892,TRUE,TRUE,TRUE,FALSE
"mpos","raw","unemp","pooled_cl","all","n_cy","gaussian","growth",0.00670603660204357,0.00224501744666607,2.98707549556119,267,270,0.179826025864999,0.00228584729410257,0.0111262259099846,TRUE,TRUE,TRUE,FALSE
"mpos","raw","unemp","pooled_cl","all","n_cy","beta","growth",0.0276471618143605,0.00921328673305924,3.00079250927431,266,270,0.180953032214638,0.00950691588692389,0.0457874077417971,TRUE,TRUE,TRUE,FALSE
"mpos","raw","unemp","pooled_cl","y2004_2008","none","gaussian","growth",0.0100012801619287,0.00483400371339731,2.06894341727757,132,135,0.177227744945493,0.000439143014600575,0.0195634173092568,TRUE,TRUE,TRUE,FALSE
"mpos","raw","unemp","pooled_cl","y2004_2008","none","beta","growth",0.0450187478065974,0.0213710790814952,2.10652665852415,131,135,0.181007915942054,0.00274165554264365,0.0872958400705511,TRUE,TRUE,TRUE,FALSE
"mpos","raw","unemp","pooled_cl","y2004_2008","n_cy","gaussian","growth",0.00986699466937213,0.00505407594142499,1.9522846082503,132,135,0.167523212630415,-0.000130467097357187,0.0198644564361014,TRUE,FALSE,TRUE,FALSE
"mpos","raw","unemp","pooled_cl","y2004_2008","n_cy","beta","growth",0.0437778440337946,0.0219732370429269,1.99232566181625,131,135,0.171491552538402,0.000309539683832342,0.0872461483837569,TRUE,TRUE,TRUE,FALSE
"mpos","raw","unemp","pooled_cl","y2009_2013","none","gaussian","growth",-3.45940078282786e-05,0.0013904938301979,-0.0248789365885608,132,135,-0.002165428405052,-0.00278512824304537,0.00271594022738882,TRUE,FALSE,FALSE,FALSE
"mpos","raw","unemp","pooled_cl","y2009_2013","none","beta","growth",-0.000750405566543515,0.00568963036894839,-0.131890038171708,131,135,-0.0115225211483166,-0.0120058516363727,0.0105050405032857,TRUE,FALSE,FALSE,FALSE
"mpos","raw","unemp","pooled_cl","y2009_2013","n_cy","gaussian","growth",0.0013796140207953,0.00160669588892117,0.85866530829406,132,135,0.0745293643502131,-0.00179858925640392,0.00455781729799451,TRUE,FALSE,TRUE,FALSE
"mpos","raw","unemp","pooled_cl","y2009_2013","n_cy","beta","growth",0.00486929412419024,0.00658067194408195,0.739938742664302,131,135,0.0645140716752266,-0.00814884472962469,0.0178874329780052,TRUE,FALSE,TRUE,FALSE
"mpos","raw","unemp","pooled_cl","no_bailout","none","gaussian","growth",0.00416060419314393,0.00217719719355679,1.91099097750854,187,190,0.138400635116636,-0.000134420276436316,0.00845562866272419,TRUE,FALSE,TRUE,FALSE
"mpos","raw","unemp","pooled_cl","no_bailout","none","beta","growth",0.0171328712043303,0.00891890137853531,1.92096206440438,186,190,0.139475029228414,-0.000462338451958252,0.0347280808606189,TRUE,FALSE,TRUE,FALSE
"mpos","raw","unemp","pooled_cl","no_bailout","n_cy","gaussian","growth",0.00451360819240266,0.00263129190844425,1.71535821545217,187,190,0.124464014501986,-0.000677223013343059,0.00970443939814838,TRUE,FALSE,TRUE,FALSE
"mpos","raw","unemp","pooled_cl","no_bailout","n_cy","beta","growth",0.0186615379313218,0.0107584972899074,1.73458592110519,186,190,0.126169626696672,-0.00256282674862719,0.0398859026112708,TRUE,FALSE,TRUE,FALSE
"mpos","raw","unemp","pooled_cl","no_GR_ES","none","gaussian","growth",0.00591547321039262,0.00221363894104302,2.67228458115458,247,250,0.167627492670229,0.00155545728946602,0.0102754891313192,TRUE,TRUE,TRUE,FALSE
"mpos","raw","unemp","pooled_cl","no_GR_ES","none","beta","growth",0.0245891978345366,0.00920986655083437,2.66987558384425,246,250,0.167811116816282,0.0064489457206351,0.0427294499484381,TRUE,TRUE,TRUE,FALSE
"mpos","raw","unemp","pooled_cl","no_GR_ES","n_cy","gaussian","growth",0.00640077972960577,0.0023916913853578,2.67625654747601,247,250,0.167869630653094,0.00169006908716034,0.0111114903720512,TRUE,TRUE,TRUE,FALSE
"mpos","raw","unemp","pooled_cl","no_GR_ES","n_cy","beta","growth",0.0265913192265967,0.00986672882482012,2.69504915952542,246,250,0.169348193927223,0.00715727559156479,0.0460253628616286,TRUE,TRUE,TRUE,FALSE
"mneg","raw","none","fe_twoway","all","none","gaussian","growth",-0.00360223394929301,0.00096494091743744,-3.73311348311287,233,270,-0.237563036623763,-0.0055033582279786,-0.00170110967060741,FALSE,TRUE,TRUE,FALSE
"mneg","raw","none","fe_twoway","all","none","beta","growth",-0.0189505269550709,0.00431129708448951,-4.39555117258053,232,270,-0.277267561622669,-0.0274448252703557,-0.0104562286397861,FALSE,TRUE,TRUE,FALSE
"mneg","raw","none","fe_twoway","all","n_cy","gaussian","growth",-0.00333739720761355,0.000918073756289498,-3.63521687092117,233,270,-0.231671839118771,-0.00514618391793481,-0.0015286104972923,FALSE,TRUE,TRUE,FALSE
"mneg","raw","none","fe_twoway","all","n_cy","beta","growth",-0.0179958879329306,0.00410174894321899,-4.38736943241771,232,270,-0.276791038466467,-0.0260773257126312,-0.00991445015323012,FALSE,TRUE,TRUE,FALSE
"mneg","raw","none","fe_twoway","y2004_2008","none","gaussian","growth",-0.000719979909715756,0.00158503781317738,-0.454235163180415,103,135,-0.0447123590554352,-0.00386352857270059,0.00242356875326907,FALSE,FALSE,TRUE,FALSE
"mneg","raw","none","fe_twoway","y2004_2008","none","beta","growth",-0.00396246197732342,0.00694237080907739,-0.570764957144376,102,135,-0.0564241187559835,-0.0177326215603138,0.00980769760566691,FALSE,FALSE,TRUE,FALSE
"mneg","raw","none","fe_twoway","y2004_2008","n_cy","gaussian","growth",0.000101934104863164,0.00144762718137203,0.0704146110095507,103,135,0.00693799079521918,-0.00276909297895145,0.00297296118867777,FALSE,FALSE,FALSE,FALSE
"mneg","raw","none","fe_twoway","y2004_2008","n_cy","beta","growth",0.000182803339905962,0.00631456965247513,0.0289494534016753,102,135,0.00286641123987956,-0.0123421156256435,0.0127077223054554,FALSE,FALSE,FALSE,FALSE
"mneg","raw","none","fe_twoway","y2009_2013","none","gaussian","growth",-0.00461335831669378,0.00103327164021306,-4.46480686892993,103,135,-0.402685310553986,-0.00666260891253961,-0.00256410772084795,FALSE,TRUE,TRUE,FALSE
"mneg","raw","none","fe_twoway","y2009_2013","none","beta","growth",-0.0214621717341439,0.00443108963499859,-4.84354267280596,102,135,-0.432424858601601,-0.0302512170154307,-0.0126731264528571,FALSE,TRUE,TRUE,FALSE
"mneg","raw","none","fe_twoway","y2009_2013","n_cy","gaussian","growth",-0.00412737674400248,0.000966724249965001,-4.26944575369027,103,135,-0.387766003422719,-0.00604464628684108,-0.00221010720116389,FALSE,TRUE,TRUE,FALSE
"mneg","raw","none","fe_twoway","y2009_2013","n_cy","beta","growth",-0.0192053312833285,0.00415841154398175,-4.61842967686144,102,135,-0.415872457131569,-0.0274535208639694,-0.0109571417026876,FALSE,TRUE,TRUE,FALSE
"mneg","raw","none","fe_twoway","no_bailout","none","gaussian","growth",-0.000186331200944482,0.00109016817164976,-0.170919685411935,161,190,-0.0134691363347426,-0.00233920412768868,0.00196654172579972,FALSE,FALSE,TRUE,FALSE
"mneg","raw","none","fe_twoway","no_bailout","none","beta","growth",-0.00207638382616652,0.00488697956268847,-0.424880808182516,160,190,-0.033570843997042,-0.011727687388212,0.00757491973587895,FALSE,FALSE,TRUE,FALSE
"mneg","raw","none","fe_twoway","no_bailout","n_cy","gaussian","growth",-3.9795897754937e-05,0.00112512927208405,-0.0353700670156985,161,190,-0.00278754095824886,-0.00226171028853332,0.00218211849302344,FALSE,FALSE,TRUE,FALSE
"mneg","raw","none","fe_twoway","no_bailout","n_cy","beta","growth",-0.00167623084050126,0.00497856405593465,-0.336689620072905,160,190,-0.0266082273119258,-0.0115084047611305,0.00815594308012796,FALSE,FALSE,TRUE,FALSE
"mneg","raw","none","fe_twoway","no_GR_ES","none","gaussian","growth",-0.00268922305161286,0.000976041644914214,-2.75523392431603,215,250,-0.184673410863271,-0.00461305883940335,-0.000765387263822369,FALSE,TRUE,TRUE,FALSE
"mneg","raw","none","fe_twoway","no_GR_ES","none","beta","growth",-0.0147418704681339,0.00432721475708101,-3.40678041088913,214,250,-0.226813380531829,-0.0232712921901388,-0.00621244874612911,FALSE,TRUE,TRUE,FALSE
"mneg","raw","none","fe_twoway","no_GR_ES","n_cy","gaussian","growth",-0.00214036016491704,0.00093178067840824,-2.29706433554022,215,250,-0.154770815458207,-0.00397695497092148,-0.000303765358912603,FALSE,TRUE,TRUE,FALSE
"mneg","raw","none","fe_twoway","no_GR_ES","n_cy","beta","growth",-0.0124173870853477,0.00414745434497932,-2.99397800493682,214,250,-0.200507824609488,-0.0205924810353769,-0.00424229313531855,FALSE,TRUE,TRUE,FALSE
"mneg","raw","none","fe_country","all","none","gaussian","growth",-0.0030495743932341,0.000778699043043664,-3.91624263632631,242,270,-0.244128516045606,-0.00458346755315829,-0.0015156812333099,FALSE,TRUE,TRUE,FALSE
"mneg","raw","none","fe_country","all","none","beta","growth",-0.0142585217637829,0.00347593104264597,-4.10207267890131,241,270,-0.255469555809025,-0.0211056061226947,-0.00741143740487115,FALSE,TRUE,TRUE,FALSE
"mneg","raw","none","fe_country","all","n_cy","gaussian","growth",-0.00325826791095101,0.00080256683691004,-4.05980880482883,242,270,-0.252516864762027,-0.00483917621245161,-0.0016773596094504,FALSE,TRUE,TRUE,FALSE
"mneg","raw","none","fe_country","all","n_cy","beta","growth",-0.0152664955078306,0.00358267747575866,-4.2611972780491,241,270,-0.264697291103442,-0.022323854991182,-0.00820913602447934,FALSE,TRUE,TRUE,FALSE
"mneg","raw","none","fe_country","y2004_2008","none","gaussian","growth",-0.00024468891703864,0.00130065556132505,-0.188127375390116,107,135,-0.0181839527742496,-0.00282308687213596,0.00233370903805868,FALSE,FALSE,TRUE,FALSE
"mneg","raw","none","fe_country","y2004_2008","none","beta","growth",-0.00117094643973937,0.00569725812883272,-0.205528065125474,106,135,-0.0199586739537816,-0.0124663148055344,0.0101244219260556,FALSE,FALSE,TRUE,FALSE
"mneg","raw","none","fe_country","y2004_2008","n_cy","gaussian","growth",0.000627481750611677,0.00119286080106786,0.52603099209057,107,135,0.0507877077705928,-0.0017372256643597,0.00299218916558305,FALSE,FALSE,FALSE,FALSE
"mneg","raw","none","fe_country","y2004_2008","n_cy","beta","growth",0.00292754038615698,0.00521849188385411,0.560993568891948,106,135,0.0544078037658867,-0.00741862733331766,0.0132737081056316,FALSE,FALSE,FALSE,FALSE
"mneg","raw","none","fe_country","y2009_2013","none","gaussian","growth",0.00162482246102192,0.00101263817062102,1.60454396067794,107,135,0.15328397351291,-0.000382614608422331,0.00363225953046617,FALSE,FALSE,FALSE,FALSE
"mneg","raw","none","fe_country","y2009_2013","none","beta","growth",0.00827275042696552,0.00433988698059298,1.90621333319495,106,135,0.182053724299832,-0.00033149761712987,0.0168769984710609,FALSE,FALSE,FALSE,FALSE
"mneg","raw","none","fe_country","y2009_2013","n_cy","gaussian","growth",0.0010410851802776,0.000958632872860939,1.08601030670959,107,135,0.104414695384926,-0.00085929268498567,0.00294146304554087,FALSE,FALSE,FALSE,FALSE
"mneg","raw","none","fe_country","y2009_2013","n_cy","beta","growth",0.00543992034775586,0.00409081905923807,1.32978757285077,106,135,0.128096328897027,-0.00267052631746765,0.0135503670129794,FALSE,FALSE,FALSE,FALSE
"mneg","raw","none","fe_country","no_bailout","none","gaussian","growth",-0.000382118609061774,0.000823740059905192,-0.463882513017218,170,190,-0.035555668473292,-0.00200819525005956,0.00124395803193601,FALSE,FALSE,TRUE,FALSE
"mneg","raw","none","fe_country","no_bailout","none","beta","growth",-0.00184723121759234,0.00367293105216259,-0.502931090009081,169,190,-0.038658088259419,-0.0090979660509321,0.00540350361574743,FALSE,FALSE,TRUE,FALSE
"mneg","raw","none","fe_country","no_bailout","n_cy","gaussian","growth",-0.00042805221942491,0.000915497288697906,-0.46756252007444,170,190,-0.0358373728296182,-0.00223525916310543,0.00137915472425561,FALSE,FALSE,TRUE,FALSE
"mneg","raw","none","fe_country","no_bailout","n_cy","beta","growth",-0.00205843667529702,0.00404036457118784,-0.509468053941442,169,190,-0.0391597901691136,-0.0100345221829339,0.00591764883233987,FALSE,FALSE,TRUE,FALSE
"mneg","raw","none","fe_country","no_GR_ES","none","gaussian","growth",-0.00230490931464921,0.000756415722082183,-3.04714622840532,224,250,-0.199503167445359,-0.00379551042773452,-0.000814308201563903,FALSE,TRUE,TRUE,FALSE
"mneg","raw","none","fe_country","no_GR_ES","none","beta","growth",-0.0111006493023088,0.00336010983567697,-3.30365667944669,223,250,-0.216006422330119,-0.0177222798593781,-0.00447901874523938,FALSE,TRUE,TRUE,FALSE
"mneg","raw","none","fe_country","no_GR_ES","n_cy","gaussian","growth",-0.00212707774844268,0.000785077389971078,-2.70938607532824,224,250,-0.17813317279233,-0.00367415985843332,-0.00057999563845204,FALSE,TRUE,TRUE,FALSE
"mneg","raw","none","fe_country","no_GR_ES","n_cy","beta","growth",-0.0102885551492513,0.00349341532273354,-2.94512796182524,223,250,-0.193493209286381,-0.0171728853589173,-0.00340422493958532,FALSE,TRUE,TRUE,FALSE
"mneg","raw","none","re","all","none","gaussian","growth",-0.00316716370796556,0.000782535271816609,-4.04731112070282,268,270,-0.240002911387716,-0.0047078623262342,-0.00162646508969692,FALSE,TRUE,TRUE,FALSE
"mneg","raw","none","re","all","none","beta","growth",-0.0147273542148611,0.00359640281751069,-4.09502354495843,268,270,-0.242666531089542,-0.0218081505076763,-0.00764655792204594,FALSE,TRUE,TRUE,FALSE
"mneg","raw","none","re","y2004_2008","none","gaussian","growth",-0.000784387827840777,0.00131047936952776,-0.598550306155094,133,135,-0.0518311318888449,-0.00337646525825763,0.00180768960257607,FALSE,FALSE,TRUE,FALSE
"mneg","raw","none","re","y2004_2008","none","beta","growth",-0.00353683994024644,0.00628263920148845,-0.562954488841014,133,135,-0.0487562903033251,-0.0159636569175322,0.00888997703703929,FALSE,FALSE,TRUE,FALSE
"mneg","raw","none","re","y2009_2013","none","gaussian","growth",0.00149732823610506,0.00101066982238471,1.48152067365785,133,135,0.127417052975428,-0.000501737523435161,0.00349639399564527,FALSE,FALSE,FALSE,FALSE
"mneg","raw","none","re","y2009_2013","none","beta","growth",0.00761291398810171,0.00480474846944804,1.58445630120077,133,135,0.136111176935707,-0.00189069236853564,0.0171165203447391,FALSE,FALSE,FALSE,FALSE
"mneg","raw","none","re","no_bailout","none","gaussian","growth",-0.000488845074317575,0.000834187580267799,-0.586013369032228,188,190,-0.042700435796911,-0.00213441579235969,0.00115672564372454,FALSE,FALSE,TRUE,FALSE
"mneg","raw","none","re","no_bailout","none","beta","growth",-0.00226617170616275,0.00381919325825846,-0.593363978442955,188,190,-0.0432350501140019,-0.00980015176172339,0.00526780834939788,FALSE,FALSE,TRUE,FALSE
"mneg","raw","none","re","no_GR_ES","none","gaussian","growth",-0.00243323659980469,0.000766100519891477,-3.17613229155539,248,250,-0.197703715734999,-0.00394212953201324,-0.000924343667596144,FALSE,TRUE,TRUE,FALSE
"mneg","raw","none","re","no_GR_ES","none","beta","growth",-0.0115590724576244,0.00348251686207308,-3.31917199985744,248,250,-0.20623658332793,-0.0184181528825058,-0.00469999203274287,FALSE,TRUE,TRUE,FALSE
"mneg","raw","none","pooled_cl","all","none","gaussian","growth",-0.00582185541995033,0.00189290969485903,-3.07561181379225,268,270,-0.184642558103216,-0.00954872046541515,-0.00209499037448551,FALSE,TRUE,TRUE,FALSE
"mneg","raw","none","pooled_cl","all","none","beta","growth",-0.0258727938954606,0.00870147957343068,-2.97337868544348,267,270,-0.179027946285028,-0.0430050380260632,-0.00874054976485803,FALSE,TRUE,TRUE,FALSE
"mneg","raw","none","pooled_cl","all","n_cy","gaussian","growth",-0.00603452637773968,0.00194025005026152,-3.11017973014679,268,270,-0.186645915310415,-0.00985459772684834,-0.00221445502863102,FALSE,TRUE,TRUE,FALSE
"mneg","raw","none","pooled_cl","all","n_cy","beta","growth",-0.0270538125336093,0.00902225992235797,-2.99856275106501,267,270,-0.180495086498817,-0.0448176374435202,-0.00928998762369845,FALSE,TRUE,TRUE,FALSE
"mneg","raw","none","pooled_cl","y2004_2008","none","gaussian","growth",-0.00941564789770626,0.00466109872563649,-2.02004901675206,133,135,-0.172533690733895,-0.0186351206254767,-0.000196175169935784,FALSE,TRUE,TRUE,FALSE
"mneg","raw","none","pooled_cl","y2004_2008","none","beta","growth",-0.0464988719789928,0.023090866805317,-2.01373436393846,132,135,-0.172641311560583,-0.0921748888656145,-0.000822855092371136,FALSE,TRUE,TRUE,FALSE
"mneg","raw","none","pooled_cl","y2004_2008","n_cy","gaussian","growth",-0.00943324208814357,0.00493767667411792,-1.91046168283766,133,135,-0.16343073355787,-0.0191997752845333,0.000333291108246149,FALSE,FALSE,TRUE,FALSE
"mneg","raw","none","pooled_cl","y2004_2008","n_cy","beta","growth",-0.0456809262501112,0.0239546770879189,-1.90697315945659,132,135,-0.163740540055646,-0.0930656452563898,0.00170379275616743,FALSE,FALSE,TRUE,FALSE
"mneg","raw","none","pooled_cl","y2009_2013","none","gaussian","growth",-0.000800411309863169,0.00195206292161326,-0.410033560394498,133,135,-0.0355319676219749,-0.00466151615403225,0.00306069353430591,FALSE,FALSE,TRUE,FALSE
"mneg","raw","none","pooled_cl","y2009_2013","none","beta","growth",-0.00254970215066645,0.00847860440367906,-0.300721914748148,132,135,-0.0261655214955896,-0.0193212197027167,0.0142218154013838,FALSE,FALSE,TRUE,FALSE
"mneg","raw","none","pooled_cl","y2009_2013","n_cy","gaussian","growth",-0.00105697178401338,0.00208126890032413,-0.507849698733677,133,135,-0.0439935186005021,-0.00517364104917144,0.00305969748114468,FALSE,FALSE,TRUE,FALSE
"mneg","raw","none","pooled_cl","y2009_2013","n_cy","beta","growth",-0.00400721574775489,0.00901937061279212,-0.444289953233707,132,135,-0.0386415951728798,-0.0218484223118034,0.0138339908162936,FALSE,FALSE,TRUE,FALSE
"mneg","raw","none","pooled_cl","no_bailout","none","gaussian","growth",-0.00434696988916335,0.00244303080979282,-1.77933486214691,188,190,-0.128692229391857,-0.00916624562397971,0.000472305845653007,FALSE,FALSE,TRUE,FALSE
"mneg","raw","none","pooled_cl","no_bailout","none","beta","growth",-0.0191112037295879,0.0109515585497204,-1.74506702793237,187,190,-0.126585392628503,-0.0407156831448159,0.00249327568564014,FALSE,FALSE,TRUE,FALSE
"mneg","raw","none","pooled_cl","no_bailout","n_cy","gaussian","growth",-0.0051024363206861,0.00295174457255734,-1.72861716021229,188,190,-0.125082238881373,-0.010925232716409,0.000720360075036752,FALSE,FALSE,TRUE,FALSE
"mneg","raw","none","pooled_cl","no_bailout","n_cy","beta","growth",-0.0224631898857675,0.0132617669815972,-1.69383083845002,187,190,-0.122925768490697,-0.0486250891682019,0.00369870939666685,FALSE,FALSE,TRUE,FALSE
"mneg","raw","none","pooled_cl","no_GR_ES","none","gaussian","growth",-0.00557216084164477,0.00202872606695006,-2.74663047536124,248,250,-0.171817504944281,-0.00956789031098622,-0.00157643137230332,FALSE,TRUE,TRUE,FALSE
"mneg","raw","none","pooled_cl","no_GR_ES","none","beta","growth",-0.024908419906673,0.00929565019950061,-2.67957801467305,247,250,-0.168072089754492,-0.0432172696986317,-0.00659957011471428,FALSE,TRUE,TRUE,FALSE
"mneg","raw","none","pooled_cl","no_GR_ES","n_cy","gaussian","growth",-0.00570942870112846,0.00211860133511067,-2.69490470269632,248,250,-0.168674679426341,-0.00988217431050218,-0.00153668309175473,FALSE,TRUE,TRUE,FALSE
"mneg","raw","none","pooled_cl","no_GR_ES","n_cy","beta","growth",-0.0256803936142056,0.00981826245857029,-2.61557416320536,247,250,-0.164167036510765,-0.0450185882228676,-0.00634219900554359,FALSE,TRUE,TRUE,FALSE
"mneg","raw","unemp","fe_twoway","all","none","gaussian","growth",-0.00162423678580463,0.000977348529804163,-1.66188082989196,232,270,-0.108464125361409,-0.00354984984550974,0.000301376273900482,FALSE,FALSE,TRUE,FALSE
"mneg","raw","unemp","fe_twoway","all","none","beta","growth",-0.00887313512042848,0.00438132406145981,-2.02521771865285,231,270,-0.132082114242627,-0.0175055994687174,-0.000240670772139549,FALSE,TRUE,TRUE,FALSE
"mneg","raw","unemp","fe_twoway","all","n_cy","gaussian","growth",-0.00176561299656658,0.000932498640093084,-1.8934215243363,232,270,-0.123359741559884,-0.0036028609227289,7.16349295957512e-05,FALSE,FALSE,TRUE,FALSE
"mneg","raw","unemp","fe_twoway","all","n_cy","beta","growth",-0.00969191456792808,0.00417519579532773,-2.32130780040875,231,270,-0.150980057351666,-0.0179182471433559,-0.00146558199250026,FALSE,TRUE,TRUE,FALSE
"mneg","raw","unemp","fe_twoway","y2004_2008","none","gaussian","growth",0.00103212161797537,0.00152829203919516,0.675343188019817,102,135,0.0667199386003591,-0.00199923839546763,0.00406348163141837,FALSE,FALSE,FALSE,FALSE
"mneg","raw","unemp","fe_twoway","y2004_2008","none","beta","growth",0.00503975565767029,0.00658285488960419,0.765588144078521,101,135,0.0759587836500509,-0.00801885767479545,0.018098368990136,FALSE,FALSE,FALSE,FALSE
"mneg","raw","unemp","fe_twoway","y2004_2008","n_cy","gaussian","growth",0.00164177828874278,0.00139188724020873,1.17953397467497,102,135,0.116002795642106,-0.0011190234526654,0.00440258003015096,FALSE,FALSE,FALSE,FALSE
"mneg","raw","unemp","fe_twoway","y2004_2008","n_cy","beta","growth",0.0079348377697993,0.00597261267592965,1.32853714117067,101,135,0.131054236259052,-0.00391321916408798,0.0197828947036866,FALSE,FALSE,FALSE,FALSE
"mneg","raw","unemp","fe_twoway","y2009_2013","none","gaussian","growth",-0.00288311115304534,0.00101110477528832,-2.85144648063126,102,135,-0.271713321905932,-0.00488863268074,-0.000877589625350676,FALSE,TRUE,TRUE,FALSE
"mneg","raw","unemp","fe_twoway","y2009_2013","none","beta","growth",-0.0134207968270644,0.00435324518681297,-3.0829407146005,101,135,-0.293275068736363,-0.0220564642676125,-0.00478512938651619,FALSE,TRUE,TRUE,FALSE
"mneg","raw","unemp","fe_twoway","y2009_2013","n_cy","gaussian","growth",-0.00298521422797121,0.00095671333874816,-3.1202807644318,102,135,-0.295186721976419,-0.00488285059918205,-0.00108757785676037,FALSE,TRUE,TRUE,FALSE
"mneg","raw","unemp","fe_twoway","y2009_2013","n_cy","beta","growth",-0.0138885352366846,0.00410041580491757,-3.38710411271664,101,135,-0.319378312264339,-0.0220226571939088,-0.00575441327946048,FALSE,TRUE,TRUE,FALSE
"mneg","raw","unemp","fe_twoway","no_bailout","none","gaussian","growth",0.000115380347141446,0.00114905488414397,0.100413260265982,160,190,0.00793811512638361,-0.00215388993608101,0.0023846506303639,FALSE,FALSE,FALSE,FALSE
"mneg","raw","unemp","fe_twoway","no_bailout","none","beta","growth",0.00011271814930709,0.00507934688459032,0.0221914651367981,159,190,0.00175989493620847,-0.00991897271109104,0.0101444090097052,FALSE,FALSE,FALSE,FALSE
"mneg","raw","unemp","fe_twoway","no_bailout","n_cy","gaussian","growth",0.000142024730622606,0.00117782844222319,0.120581848367092,160,190,0.00953239901481766,-0.00218407049733728,0.0024681199585825,FALSE,FALSE,FALSE,FALSE
"mneg","raw","unemp","fe_twoway","no_bailout","n_cy","beta","growth",2.38831764232995e-05,0.00515808665625677,0.00463023946957719,159,190,0.000367201850604056,-0.0101633184348103,0.0102110847876569,FALSE,FALSE,FALSE,FALSE
"mneg","raw","unemp","fe_twoway","no_GR_ES","none","gaussian","growth",-0.00137619436440981,0.00102781635008355,-1.33894967160033,214,250,-0.0911477162839732,-0.00340213474286887,0.000649746014049245,FALSE,FALSE,TRUE,FALSE
"mneg","raw","unemp","fe_twoway","no_GR_ES","none","beta","growth",-0.00776975651701533,0.00455775668346829,-1.7047326254158,213,250,-0.116017580209639,-0.0167538418902059,0.00121432885617526,FALSE,FALSE,TRUE,FALSE
"mneg","raw","unemp","fe_twoway","no_GR_ES","n_cy","gaussian","growth",-0.00136139291430899,0.000972890887130119,-1.39932743981691,214,250,-0.0952214047498441,-0.00327906909440823,0.000556283265790248,FALSE,FALSE,TRUE,FALSE
"mneg","raw","unemp","fe_twoway","no_GR_ES","n_cy","beta","growth",-0.00795955664437447,0.00433090040390294,-1.83785261771465,213,250,-0.124940842141454,-0.0164964711120948,0.00057735782334589,FALSE,FALSE,TRUE,FALSE
"mneg","raw","unemp","fe_country","all","none","gaussian","growth",-0.000417445166760285,0.00071303232856824,-0.585450546959784,241,270,-0.0376853961940424,-0.00182201632897229,0.000987125995451725,FALSE,FALSE,TRUE,FALSE
"mneg","raw","unemp","fe_country","all","none","beta","growth",-0.0019804431276185,0.0032054091020226,-0.617844108063725,240,270,-0.039849986632991,-0.00829477093714612,0.00433388468190912,FALSE,FALSE,TRUE,FALSE
"mneg","raw","unemp","fe_country","all","n_cy","gaussian","growth",-0.000913306209855376,0.000739370584886476,-1.2352482348153,241,270,-0.0793186355546383,-0.00236975994990481,0.000543147530194061,FALSE,FALSE,TRUE,FALSE
"mneg","raw","unemp","fe_country","all","n_cy","beta","growth",-0.00440019634912687,0.00331407338908053,-1.32773050941629,240,270,-0.0853915968511385,-0.0109285816807472,0.00212818898249347,FALSE,FALSE,TRUE,FALSE
"mneg","raw","unemp","fe_country","y2004_2008","none","gaussian","growth",7.77591207147937e-05,0.00115618986788007,0.0672546290838623,106,135,0.00653220767247164,-0.00221449974542524,0.00237001798685483,FALSE,FALSE,FALSE,FALSE
"mneg","raw","unemp","fe_country","y2004_2008","none","beta","growth",-3.25498802255579e-05,0.0049985851609376,-0.00651181868019877,105,135,-0.000635488304183812,-0.00994382088469792,0.0098787211242468,FALSE,FALSE,TRUE,FALSE
"mneg","raw","unemp","fe_country","y2004_2008","n_cy","gaussian","growth",0.000465054834206664,0.00105937852754812,0.438988352239885,106,135,0.0425996120065563,-0.0016352661336834,0.00256537580209673,FALSE,FALSE,FALSE,FALSE
"mneg","raw","unemp","fe_country","y2004_2008","n_cy","beta","growth",0.00155607715944405,0.00457986271633022,0.339765022627341,105,135,0.0331394587645416,-0.00752494458637998,0.0106370989052681,FALSE,FALSE,FALSE,FALSE
"mneg","raw","unemp","fe_country","y2009_2013","none","gaussian","growth",0.00201017998302789,0.000821043313024232,2.44832392048063,106,135,0.231350762523825,0.000382381758835176,0.00363797820722061,FALSE,TRUE,FALSE,FALSE
"mneg","raw","unemp","fe_country","y2009_2013","none","beta","growth",0.0101074480858463,0.00354520299045517,2.85102097483806,105,135,0.268049340101329,0.00307796544766792,0.0171369307240247,FALSE,TRUE,FALSE,FALSE
"mneg","raw","unemp","fe_country","y2009_2013","n_cy","gaussian","growth",0.00143179491181853,0.000835517973006446,1.71366141492624,106,135,0.164186724678006,-0.00022470073361991,0.00308829055725697,FALSE,FALSE,FALSE,FALSE
"mneg","raw","unemp","fe_country","y2009_2013","n_cy","beta","growth",0.00728280737160172,0.00357449767808082,2.03743519439406,105,135,0.195015738309855,0.000195238779358139,0.0143703759638453,FALSE,TRUE,FALSE,FALSE
"mneg","raw","unemp","fe_country","no_bailout","none","gaussian","growth",0.000370327048454589,0.000803680497277896,0.460788895225036,169,190,0.0354230543991304,-0.00121621898078753,0.00195687307769671,FALSE,FALSE,FALSE,FALSE
"mneg","raw","unemp","fe_country","no_bailout","none","beta","growth",0.00163706181714846,0.00354258561645217,0.462109316298738,168,190,0.0356298703806433,-0.00535665824520876,0.00863078187950567,FALSE,FALSE,FALSE,FALSE
"mneg","raw","unemp","fe_country","no_bailout","n_cy","gaussian","growth",0.000161348857616801,0.000888110707832926,0.181676514193267,169,190,0.0139737519790313,-0.001591870888056,0.0019145686032896,FALSE,FALSE,FALSE,FALSE
"mneg","raw","unemp","fe_country","no_bailout","n_cy","beta","growth",0.000487609127743254,0.0038807917275107,0.125646816933416,168,190,0.00969340694373285,-0.00717379243061989,0.0081490106861064,FALSE,FALSE,FALSE,FALSE
"mneg","raw","unemp","fe_country","no_GR_ES","none","gaussian","growth",-0.000458773936224265,0.00072865910942339,-0.629613944698101,223,250,-0.0421246436251345,-0.00189471253960411,0.000977164667155582,FALSE,FALSE,TRUE,FALSE
"mneg","raw","unemp","fe_country","no_GR_ES","none","beta","growth",-0.00227057246340107,0.00323362906786018,-0.702174682300094,222,250,-0.0470746329454108,-0.00864310918115612,0.00410196425435397,FALSE,FALSE,TRUE,FALSE
"mneg","raw","unemp","fe_country","no_GR_ES","n_cy","gaussian","growth",-0.000733488903753266,0.000755414239264652,-0.970975744999553,223,250,-0.0648843316205212,-0.00222215274350312,0.00075517493599659,FALSE,FALSE,TRUE,FALSE
"mneg","raw","unemp","fe_country","no_GR_ES","n_cy","beta","growth",-0.00370696252709019,0.00335222384896019,-1.10582189439408,222,250,-0.0740143394790006,-0.0103132148570054,0.00289928980282505,FALSE,FALSE,TRUE,FALSE
"mneg","raw","unemp","re","all","none","gaussian","growth",-0.00073706362085265,0.00073743018541475,-0.999502916249768,267,270,-0.0610544711705592,-0.00218898152276643,0.000714854281061125,FALSE,FALSE,TRUE,FALSE
"mneg","raw","unemp","re","all","none","beta","growth",-0.00284925442891427,0.00334231300683098,-0.852479831509197,267,270,-0.0521000635203953,-0.00942989648072808,0.00373138762289953,FALSE,FALSE,TRUE,FALSE
"mneg","raw","unemp","re","y2004_2008","none","gaussian","growth",-0.00043887428741076,0.00118672129399102,-0.369820858219201,132,135,-0.0321721113376121,-0.00278632630474109,0.00190857772991957,FALSE,FALSE,TRUE,FALSE
"mneg","raw","unemp","re","y2004_2008","none","beta","growth",-0.0019160357987168,0.00554956098960046,-0.345258985766141,132,135,-0.030037377770711,-0.0128936159654327,0.00906154436799914,FALSE,FALSE,TRUE,FALSE
"mneg","raw","unemp","re","y2009_2013","none","gaussian","growth",0.00191867530683755,0.00088167421548254,2.1761726419406,132,135,0.186102558428797,0.000174636562237179,0.00366271405143792,FALSE,TRUE,FALSE,FALSE
"mneg","raw","unemp","re","y2009_2013","none","beta","growth",0.00982210658360463,0.00395970478110462,2.480514868299,132,135,0.211038526932562,0.00198941914174019,0.0176547940254691,FALSE,TRUE,FALSE,FALSE
"mneg","raw","unemp","re","no_bailout","none","gaussian","growth",0.000160842877321116,0.00082109935958885,0.19588722782789,187,190,0.0143232233303369,-0.00145896531085199,0.00178065106549422,FALSE,FALSE,FALSE,FALSE
"mneg","raw","unemp","re","no_bailout","none","beta","growth",0.000977388742922454,0.00369266571236398,0.264683786471629,187,190,0.0193519707532782,-0.00630724750386297,0.00826202498970788,FALSE,FALSE,FALSE,FALSE
"mneg","raw","unemp","re","no_GR_ES","none","gaussian","growth",-0.000749355401086635,0.000747129472683453,-1.0029793074488,247,250,-0.0636884834659567,-0.00222091263451626,0.000722201832342989,FALSE,FALSE,TRUE,FALSE
"mneg","raw","unemp","re","no_GR_ES","none","beta","growth",-0.00313628483256892,0.00336791820853036,-0.931223574439915,247,250,-0.0591485974926066,-0.00976978623034072,0.00349721656520288,FALSE,FALSE,TRUE,FALSE
"mneg","raw","unemp","pooled_cl","all","none","gaussian","growth",-0.00641614362478502,0.00202386933773346,-3.17023609437677,267,270,-0.190463700504483,-0.0104009169371724,-0.00243137031239763,FALSE,TRUE,TRUE,FALSE
"mneg","raw","unemp","pooled_cl","all","none","beta","growth",-0.02846569248748,0.00913705683159938,-3.1154115610877,266,270,-0.187625768680817,-0.0464558476601652,-0.0104755373147948,FALSE,TRUE,TRUE,FALSE
"mneg","raw","unemp","pooled_cl","all","n_cy","gaussian","growth",-0.00694859757919798,0.00216014946239084,-3.21672074093767,267,270,-0.193152971668574,-0.0112016912784893,-0.0026955038799067,FALSE,TRUE,TRUE,FALSE
"mneg","raw","unemp","pooled_cl","all","n_cy","beta","growth",-0.0308856554464937,0.00986207480172203,-3.13176041223098,266,270,-0.188575453535121,-0.0503033146859571,-0.0114679962070303,FALSE,TRUE,TRUE,FALSE
"mneg","raw","unemp","pooled_cl","y2004_2008","none","gaussian","growth",-0.00910042537251841,0.00465470184158009,-1.95510382452964,132,135,-0.167758322846989,-0.0183078856948501,0.000107034949813237,FALSE,FALSE,TRUE,FALSE
"mneg","raw","unemp","pooled_cl","y2004_2008","none","beta","growth",-0.0452245859156198,0.0230948838245163,-1.95820798490494,131,135,-0.168639061329892,-0.090911775156326,0.000462603325086491,FALSE,FALSE,TRUE,FALSE
"mneg","raw","unemp","pooled_cl","y2004_2008","n_cy","gaussian","growth",-0.00917918756006356,0.00504851612079158,-1.81819515684231,132,135,-0.156308370604771,-0.0191656514520366,0.000807276331909513,FALSE,FALSE,TRUE,FALSE
"mneg","raw","unemp","pooled_cl","y2004_2008","n_cy","beta","growth",-0.0447139452430737,0.0244167613928165,-1.83128075520404,131,135,-0.157990253159223,-0.0930161236335354,0.00358823314738804,FALSE,FALSE,TRUE,FALSE
"mneg","raw","unemp","pooled_cl","y2009_2013","none","gaussian","growth",-0.00153925322387708,0.00178636041148022,-0.861670026935727,132,135,-0.0747887079690884,-0.0050728506850852,0.00199434423733104,FALSE,FALSE,TRUE,FALSE
"mneg","raw","unemp","pooled_cl","y2009_2013","none","beta","growth",-0.00535806709083357,0.00788174579082142,-0.679807143370855,131,135,-0.0592905363027175,-0.0209500403706532,0.0102339061889861,FALSE,FALSE,TRUE,FALSE
"mneg","raw","unemp","pooled_cl","y2009_2013","n_cy","gaussian","growth",-0.00257563317206296,0.00206083974523437,-1.24979789331948,132,135,-0.108142981756744,-0.00665217788550226,0.00150091154137634,FALSE,FALSE,TRUE,FALSE
"mneg","raw","unemp","pooled_cl","y2009_2013","n_cy","beta","growth",-0.00950652145559179,0.00908420705799155,-1.04648885641909,131,135,-0.0910523564972885,-0.0274772499560592,0.00846420704487562,FALSE,FALSE,TRUE,FALSE
"mneg","raw","unemp","pooled_cl","no_bailout","none","gaussian","growth",-0.00431202667215454,0.002229479832783,-1.93409539245392,187,190,-0.140041313594774,-0.00871019072664487,8.61373823357933e-05,FALSE,FALSE,TRUE,FALSE
"mneg","raw","unemp","pooled_cl","no_bailout","none","beta","growth",-0.0197363530643837,0.0102666809913289,-1.92236936952193,186,190,-0.139575219359087,-0.0399904624944322,0.000517756365664767,FALSE,FALSE,TRUE,FALSE
"mneg","raw","unemp","pooled_cl","no_bailout","n_cy","gaussian","growth",-0.00448625545053365,0.00271326713382304,-1.65345144037198,187,190,-0.120038062228063,-0.00983880172735479,0.000866290826287498,FALSE,FALSE,TRUE,FALSE
"mneg","raw","unemp","pooled_cl","no_bailout","n_cy","beta","growth",-0.0207234357586398,0.0125974991461785,-1.64504363272185,186,190,-0.119752440556041,-0.0455757835102781,0.00412891199299856,FALSE,FALSE,TRUE,FALSE
"mneg","raw","unemp","pooled_cl","no_GR_ES","none","gaussian","growth",-0.00607360064208221,0.00208628721965748,-2.91120061746788,247,250,-0.182136864169212,-0.0101827827334699,-0.00196441855069455,FALSE,TRUE,TRUE,FALSE
"mneg","raw","unemp","pooled_cl","no_GR_ES","none","beta","growth",-0.0271762639518561,0.00947779084274715,-2.86736270115653,246,250,-0.179835846501033,-0.0458442342662234,-0.00850829363748887,FALSE,TRUE,TRUE,FALSE
"mneg","raw","unemp","pooled_cl","no_GR_ES","n_cy","gaussian","growth",-0.00616741292287399,0.00218150307308993,-2.82713923209759,247,250,-0.177044854694586,-0.0104641335641096,-0.00187069228163842,FALSE,TRUE,TRUE,FALSE
"mneg","raw","unemp","pooled_cl","no_GR_ES","n_cy","beta","growth",-0.0278362783084348,0.01010339893624,-2.75513997656656,246,250,-0.173012278099046,-0.0477364802168015,-0.00793607640006803,FALSE,TRUE,TRUE,FALSE
