"outcome","pred_form","copredictor","estimator","sample","weights","estimate","se","statistic","df","n","r","conf_low","conf_high","positive_outcome","sig","supports_claim","baseline"
"mcosmo","raw","none","fe_twoway","all","none",-0.00347298532133785,0.000913049241965656,-3.80372181664709,233,270,-0.241795915508855,-0.00527187274560227,-0.00167409789707343,TRUE,TRUE,TRUE,TRUE
"mcosmo","raw","none","fe_twoway","all","n_cy",-0.00263198653882703,0.000865789971169866,-3.03998270535597,233,270,-0.195320057732152,-0.0043377638612404,-0.000926209216413676,TRUE,TRUE,TRUE,FALSE
"mcosmo","raw","none","fe_twoway","y2004_2008","none",-0.00685632228103366,0.00206101918602657,-3.32666591728916,103,135,-0.311479693287982,-0.0109438677343704,-0.00276877682769698,TRUE,TRUE,TRUE,FALSE
"mcosmo","raw","none","fe_twoway","y2004_2008","n_cy",-0.00579221008373617,0.00196550564130873,-2.94693129442225,103,135,-0.278851988064307,-0.00969032694849375,-0.0018940932189786,TRUE,TRUE,TRUE,FALSE
"mcosmo","raw","none","fe_twoway","y2009_2013","none",-0.00596195769651928,0.00113081609637085,-5.27226108264033,103,135,-0.460997376291117,-0.00820466471478428,-0.00371925067825429,TRUE,TRUE,TRUE,FALSE
"mcosmo","raw","none","fe_twoway","y2009_2013","n_cy",-0.00496908993246153,0.00112460513171213,-4.418519702908,103,135,-0.399178759501356,-0.00719947896721444,-0.00273870089770861,TRUE,TRUE,TRUE,FALSE
"mcosmo","raw","none","fe_twoway","no_bailout","none",0.00193819950650146,0.00140184374403712,1.38260738027742,161,190,0.108323544437672,-0.000830172862594666,0.00470657187559759,TRUE,FALSE,FALSE,FALSE
"mcosmo","raw","none","fe_twoway","no_bailout","n_cy",0.00218394230273701,0.00132123894129255,1.65295029875556,161,190,0.129179228776318,-0.00042525104966509,0.00479313565513911,TRUE,FALSE,FALSE,FALSE
"mcosmo","raw","none","fe_twoway","no_GR_ES","none",-0.00181067467924072,0.00112240896913616,-1.61320403616719,215,250,-0.109359730727014,-0.00402300911662118,0.000401659758139747,TRUE,FALSE,TRUE,FALSE
"mcosmo","raw","none","fe_twoway","no_GR_ES","n_cy",-0.000396174362278718,0.0010445852965083,-0.379264731758137,215,250,-0.0258569918993196,-0.00245511373980809,0.00166276501525066,TRUE,FALSE,TRUE,FALSE
"mcosmo","raw","none","fe_country","all","none",-0.00564494113650914,0.000821797971198258,-6.86901322995272,242,270,-0.403931494200778,-0.00726373121737726,-0.00402615105564101,TRUE,TRUE,TRUE,FALSE
"mcosmo","raw","none","fe_country","all","n_cy",-0.00480784646175823,0.000787542411329783,-6.10487307425143,242,270,-0.365312812636264,-0.00635915942236915,-0.00325653350114731,TRUE,TRUE,TRUE,FALSE
"mcosmo","raw","none","fe_country","y2004_2008","none",-0.00965119895962002,0.00170944502528578,-5.64580832776797,107,135,-0.479086415774325,-0.0130399743499761,-0.00626242356926391,TRUE,TRUE,TRUE,FALSE
"mcosmo","raw","none","fe_country","y2004_2008","n_cy",-0.00858153880984302,0.00164610237859947,-5.21324731766944,107,135,-0.450057243778836,-0.0118447447907853,-0.00531833282890076,TRUE,TRUE,TRUE,FALSE
"mcosmo","raw","none","fe_country","y2009_2013","none",-0.00848954792731053,0.00127833553841427,-6.64109513675999,107,135,-0.540258381750928,-0.0110236990401676,-0.00595539681445348,TRUE,TRUE,TRUE,FALSE
"mcosmo","raw","none","fe_country","y2009_2013","n_cy",-0.00701826294648301,0.00130698964771682,-5.36979229999504,107,135,-0.460736026838057,-0.00960921748910862,-0.0044273084038574,TRUE,TRUE,TRUE,FALSE
"mcosmo","raw","none","fe_country","no_bailout","none",-0.00205098378542486,0.00134418074205857,-1.52582440831866,170,190,-0.116232199856969,-0.00470441902832429,0.000602451457474555,TRUE,FALSE,TRUE,FALSE
"mcosmo","raw","none","fe_country","no_bailout","n_cy",-0.00156988058531672,0.00126880280550637,-1.23729280744315,170,190,-0.0944716092757511,-0.00407451852207534,0.000934757351441901,TRUE,FALSE,TRUE,FALSE
"mcosmo","raw","none","fe_country","no_GR_ES","none",-0.00450021475303364,0.00102608337870538,-4.38581780626015,224,250,-0.281214168181522,-0.00652222590611542,-0.00247820359995187,TRUE,TRUE,TRUE,FALSE
"mcosmo","raw","none","fe_country","no_GR_ES","n_cy",-0.00313153435063207,0.00097145442994639,-3.22355249417607,224,250,-0.210554249834063,-0.00504589309849587,-0.00121717560276827,TRUE,TRUE,TRUE,FALSE
"mcosmo","raw","none","re","all","none",-0.00525043801639775,0.000812121060807304,-6.46509279192742,268,270,-0.367312629271566,-0.00684938676837926,-0.00365148926441624,TRUE,TRUE,TRUE,FALSE
"mcosmo","raw","none","re","y2004_2008","none",-0.00724474201467167,0.00167056743048258,-4.33669535421198,133,135,-0.351976056190418,-0.0105490596813464,-0.00394042434799693,TRUE,TRUE,TRUE,FALSE
"mcosmo","raw","none","re","y2009_2013","none",-0.00732821284756865,0.00121542219845134,-6.02935577193343,133,135,-0.46331279682142,-0.00973227087571499,-0.00492415481942232,TRUE,TRUE,TRUE,FALSE
"mcosmo","raw","none","re","no_bailout","none",-0.0013452140064871,0.00132721225486997,-1.0135635815229,188,190,-0.0737205758838483,-0.00396335610654036,0.00127292809356616,TRUE,FALSE,TRUE,FALSE
"mcosmo","raw","none","re","no_GR_ES","none",-0.0040387534532215,0.00101586158081494,-3.97569268244352,248,250,-0.24477686210224,-0.00603956969024874,-0.00203793721619426,TRUE,TRUE,TRUE,FALSE
"mcosmo","raw","none","pooled_cl","all","none",-0.00109756688838125,0.00219532750977191,-0.499955876057548,268,270,-0.0305254340115491,-0.00541984881325963,0.00322471503649713,TRUE,FALSE,TRUE,FALSE
"mcosmo","raw","none","pooled_cl","all","n_cy",0.000173297579338261,0.0023844440716123,0.0726783997164927,268,270,0.00443949610509466,-0.00452132746669147,0.00486792262536799,TRUE,FALSE,FALSE,FALSE
"mcosmo","raw","none","pooled_cl","y2004_2008","none",0.0028031290863793,0.0032137585413226,0.872227658156824,133,135,0.0754163406709394,-0.00355356082074494,0.00915981899350356,TRUE,FALSE,FALSE,FALSE
"mcosmo","raw","none","pooled_cl","y2004_2008","n_cy",0.00389391539118511,0.00343187942456394,1.13463059433677,133,135,0.0979122157591782,-0.00289420917389655,0.0106820399562668,TRUE,FALSE,FALSE,FALSE
"mcosmo","raw","none","pooled_cl","y2009_2013","none",-0.00133222152877562,0.00251955302127617,-0.528753123084049,133,135,-0.0458005969012804,-0.00631579980787664,0.00365135675032538,TRUE,FALSE,TRUE,FALSE
"mcosmo","raw","none","pooled_cl","y2009_2013","n_cy",0.000175610123395259,0.00274842598133293,0.0638947981819366,133,135,0.00554029661908305,-0.00526067000511342,0.00561189025190394,TRUE,FALSE,FALSE,FALSE
"mcosmo","raw","none","pooled_cl","no_bailout","none",0.00597275046312717,0.00315336154151127,1.89408996859418,188,190,0.136841218194676,-0.00024776820540209,0.0121932691316564,TRUE,FALSE,FALSE,FALSE
"mcosmo","raw","none","pooled_cl","no_bailout","n_cy",0.00739082806154745,0.00314298507224555,2.35153139186466,188,190,0.169035128923551,0.00119077866681729,0.0135908774562776,TRUE,TRUE,FALSE,FALSE
"mcosmo","raw","none","pooled_cl","no_GR_ES","none",0.00115780907692042,0.00292303802121869,0.396097850426764,248,250,0.0251442863327148,-0.0045993354442953,0.00691495359813615,TRUE,FALSE,FALSE,FALSE
"mcosmo","raw","none","pooled_cl","no_GR_ES","n_cy",0.00297345830549261,0.00290201594012866,1.0246181850265,248,250,0.0649260413278751,-0.00274228163661964,0.00868919824760487,TRUE,FALSE,FALSE,FALSE
"mcosmo","raw","growth","fe_twoway","all","none",-0.003560929397102,0.000983458981985486,-3.62082147026906,232,270,-0.231273721305104,-0.0054985815259439,-0.00162327726826009,TRUE,TRUE,TRUE,FALSE
"mcosmo","raw","growth","fe_twoway","all","n_cy",-0.00269722930974059,0.000923804371307163,-2.91969749604462,232,270,-0.188260009667028,-0.00451734742293629,-0.000877111196544901,TRUE,TRUE,TRUE,FALSE
"mcosmo","raw","growth","fe_twoway","y2004_2008","none",-0.008076383226124,0.00210652492883458,-3.83398416775072,102,135,-0.354908122805409,-0.0122546654345119,-0.0038981010177361,TRUE,TRUE,TRUE,FALSE
"mcosmo","raw","growth","fe_twoway","y2004_2008","n_cy",-0.00726777934364099,0.00197037454516508,-3.68852681408959,102,135,-0.34305535568367,-0.0111760079115689,-0.00335955077571305,TRUE,TRUE,TRUE,FALSE
"mcosmo","raw","growth","fe_twoway","y2009_2013","none",-0.00502938885627265,0.00119369672109404,-4.21328865816363,102,135,-0.385017249217701,-0.00739708064272474,-0.00266169706982055,TRUE,TRUE,TRUE,FALSE
"mcosmo","raw","growth","fe_twoway","y2009_2013","n_cy",-0.00416517808383234,0.00116225763940309,-3.58369602627131,102,135,-0.334409905304576,-0.00647051060081686,-0.00185984556684782,TRUE,TRUE,TRUE,FALSE
"mcosmo","raw","growth","fe_twoway","no_bailout","none",0.00090332675295698,0.00145760752059764,0.619732500135975,160,190,0.0489354582098635,-0.0019753046133402,0.00378195811925416,TRUE,FALSE,FALSE,FALSE
"mcosmo","raw","growth","fe_twoway","no_bailout","n_cy",0.00127360971876974,0.00136174726714594,0.935276133462765,160,190,0.0737387754407947,-0.00141570708344359,0.00396292652098307,TRUE,FALSE,FALSE,FALSE
"mcosmo","raw","growth","fe_twoway","no_GR_ES","none",-0.00219015321152816,0.00121160402574928,-1.80764768437752,214,250,-0.122635530892104,-0.00457835954651153,0.00019805312345521,TRUE,FALSE,TRUE,FALSE
"mcosmo","raw","growth","fe_twoway","no_GR_ES","n_cy",-0.00075502511688159,0.00110362684647038,-0.68413079955087,214,250,-0.0467151617034057,-0.0029303964182177,0.00142034618445453,TRUE,FALSE,TRUE,FALSE
"mcosmo","raw","growth","fe_country","all","none",-0.00619353553818512,0.000884375900794102,-7.00328393460723,241,270,-0.411214390696596,-0.00793562890063466,-0.00445144217573559,TRUE,TRUE,TRUE,FALSE
"mcosmo","raw","growth","fe_country","all","n_cy",-0.00513168258607803,0.000839481471607254,-6.11291941471087,241,270,-0.366386265115097,-0.00678534037828289,-0.00347802479387316,TRUE,TRUE,TRUE,FALSE
"mcosmo","raw","growth","fe_country","y2004_2008","none",-0.00977224947271801,0.0017042879323637,-5.73391930268772,106,135,-0.486558556861716,-0.0131511660606823,-0.00639333288475374,TRUE,TRUE,TRUE,FALSE
"mcosmo","raw","growth","fe_country","y2004_2008","n_cy",-0.00848753702372453,0.00162228520829025,-5.23184023398059,106,135,-0.453024712711383,-0.0117038752354835,-0.0052711988119656,TRUE,TRUE,TRUE,FALSE
"mcosmo","raw","growth","fe_country","y2009_2013","none",-0.00866555783978087,0.0012568899592327,-6.89444431958938,106,135,-0.556413793812228,-0.0111574644312962,-0.00617365124826555,TRUE,TRUE,TRUE,FALSE
"mcosmo","raw","growth","fe_country","y2009_2013","n_cy",-0.00718333133201646,0.0013011392974121,-5.52080115196251,106,135,-0.472572884409649,-0.0097629665402412,-0.00460369612379173,TRUE,TRUE,TRUE,FALSE
"mcosmo","raw","growth","fe_country","no_bailout","none",-0.00280477576395747,0.0013553979173349,-2.06933751932602,169,190,-0.157200675683411,-0.00548046739897195,-0.000129084128942991,TRUE,TRUE,TRUE,FALSE
"mcosmo","raw","growth","fe_country","no_bailout","n_cy",-0.00203560385323858,0.00127093782369761,-1.60165494745941,169,190,-0.122279663350507,-0.00454456277961632,0.000473355073139155,TRUE,FALSE,TRUE,FALSE
"mcosmo","raw","growth","fe_country","no_GR_ES","none",-0.00516248180234612,0.00109077300682639,-4.73286538082415,223,250,-0.30212513646631,-0.00731202340248639,-0.00301294020220585,TRUE,TRUE,TRUE,FALSE
"mcosmo","raw","growth","fe_country","no_GR_ES","n_cy",-0.00357778540531487,0.00101156755024894,-3.53687245546219,223,250,-0.230470431146964,-0.00557124006270369,-0.00158433074792605,TRUE,TRUE,TRUE,FALSE
"mcosmo","raw","growth","re","all","none",-0.00550007578379258,0.00088084944869554,-6.24405883654433,267,270,-0.356955926618885,-0.00723437024141996,-0.0037657813261652,TRUE,TRUE,TRUE,FALSE
"mcosmo","raw","growth","re","y2004_2008","none",-0.00721211204470233,0.00167707228717443,-4.30041811546087,132,135,-0.350551373341203,-0.0105295267937851,-0.00389469729561955,TRUE,TRUE,TRUE,FALSE
"mcosmo","raw","growth","re","y2009_2013","none",-0.00743789502652254,0.00120808790404628,-6.15674985372389,132,135,-0.472332361600552,-0.00982761231045903,-0.00504817774258606,TRUE,TRUE,TRUE,FALSE
"mcosmo","raw","growth","re","no_bailout","none",-0.00195117435107215,0.00134133478472596,-1.45465127221821,187,190,-0.105777851713992,-0.00459726710709192,0.00069491840494761,TRUE,FALSE,TRUE,FALSE
"mcosmo","raw","growth","re","no_GR_ES","none",-0.00435343401592098,0.00108772619134705,-4.00232526397992,247,250,-0.246785218311947,-0.00649583557199744,-0.00221103245984451,TRUE,TRUE,TRUE,FALSE
"mcosmo","raw","growth","pooled_cl","all","none",-0.000374368652187245,0.00219453533553705,-0.170591307474039,267,270,-0.0104394495697806,-0.0046951643058891,0.00394642700151461,TRUE,FALSE,TRUE,FALSE
"mcosmo","raw","growth","pooled_cl","all","n_cy",0.000910366359864002,0.002324725747929,0.391601616093859,267,270,0.0239587503229505,-0.00366675971554833,0.00548749243527634,TRUE,FALSE,FALSE,FALSE
"mcosmo","raw","growth","pooled_cl","y2004_2008","none",0.00233271414087063,0.00309144326326804,0.754571228457436,132,135,0.0655358041550147,-0.00378246619807401,0.00844789447981527,TRUE,FALSE,FALSE,FALSE
"mcosmo","raw","growth","pooled_cl","y2004_2008","n_cy",0.00346120000560871,0.00328489936224829,1.05367002879496,132,135,0.0913269439959663,-0.00303665561869191,0.00995905562990934,TRUE,FALSE,FALSE,FALSE
"mcosmo","raw","growth","pooled_cl","y2009_2013","none",-0.00116842043439472,0.00248997739287657,-0.469249414768739,132,135,-0.0408088957157421,-0.00609384183166111,0.00375700096287166,TRUE,FALSE,TRUE,FALSE
"mcosmo","raw","growth","pooled_cl","y2009_2013","n_cy",0.000585870027231837,0.0026553699111068,0.220635936553049,132,135,0.0192003532092203,-0.00466671411880868,0.00583845417327235,TRUE,FALSE,FALSE,FALSE
"mcosmo","raw","growth","pooled_cl","no_bailout","none",0.00596615472750838,0.00315896567898882,1.8886418321006,187,190,0.136812504343589,-0.000265634900906513,0.0121979443559233,TRUE,FALSE,FALSE,FALSE
"mcosmo","raw","growth","pooled_cl","no_bailout","n_cy",0.00730162332714842,0.00312985240802386,2.33289701087169,187,190,0.168168703066581,0.00112726635185015,0.0134759803024467,TRUE,TRUE,FALSE,FALSE
"mcosmo","raw","growth","pooled_cl","no_GR_ES","none",0.0016775672642028,0.00284872790214494,0.588882940676675,247,250,0.0374434485214936,-0.00393332924536414,0.00728846377376976,TRUE,FALSE,FALSE,FALSE
"mcosmo","raw","growth","pooled_cl","no_GR_ES","n_cy",0.00328259805703385,0.00283714106614195,1.15700910899635,247,250,0.0734200376038068,-0.00230547684937572,0.00887067296344343,TRUE,FALSE,FALSE,FALSE
"mcosmo","log","none","fe_twoway","all","none",-0.0357898221551868,0.0101271211794218,-3.53405686780082,233,270,-0.225557369801998,-0.0557422519873874,-0.0158373923229861,TRUE,TRUE,TRUE,FALSE
"mcosmo","log","none","fe_twoway","all","n_cy",-0.0249547919656623,0.00954838616417074,-2.61350887329027,233,270,-0.168760901677343,-0.0437669994603739,-0.00614258447095059,TRUE,TRUE,TRUE,FALSE
"mcosmo","log","none","fe_twoway","y2004_2008","none",-0.0676517312647445,0.0185145811847698,-3.65397038094469,103,135,-0.33874978653346,-0.104371036283996,-0.0309324262454934,TRUE,TRUE,TRUE,FALSE
"mcosmo","log","none","fe_twoway","y2004_2008","n_cy",-0.0599437227165003,0.0175138484089528,-3.42264711426061,103,135,-0.319560388838631,-0.0946783103029741,-0.0252091351300264,TRUE,TRUE,TRUE,FALSE
"mcosmo","log","none","fe_twoway","y2009_2013","none",-0.0678240877854485,0.0148382827414746,-4.57088525452294,103,135,-0.410654842502666,-0.0972523219166258,-0.0383958536542711,TRUE,TRUE,TRUE,FALSE
"mcosmo","log","none","fe_twoway","y2009_2013","n_cy",-0.0575023548479424,0.0151220271810985,-3.80255597740337,103,135,-0.350858229811384,-0.0874933291525047,-0.0275113805433801,TRUE,TRUE,TRUE,FALSE
"mcosmo","log","none","fe_twoway","no_bailout","none",0.0121449120128361,0.0131040265526098,0.926807646800544,161,190,0.0728486015061149,-0.0137330256577879,0.0380228496834601,TRUE,FALSE,FALSE,FALSE
"mcosmo","log","none","fe_twoway","no_bailout","n_cy",0.0137708361689886,0.012274090805131,1.1219434814049,161,190,0.0880778910009961,-0.0104681376718803,0.0380098100098575,TRUE,FALSE,FALSE,FALSE
"mcosmo","log","none","fe_twoway","no_GR_ES","none",-0.0242280659237067,0.0106050175873912,-2.28458517150528,215,250,-0.153949979600438,-0.045131182579722,-0.0033249492676915,TRUE,TRUE,TRUE,FALSE
"mcosmo","log","none","fe_twoway","no_GR_ES","n_cy",-0.0106597828936099,0.0098935569411235,-1.07744696442808,215,250,-0.0732836918773963,-0.03016056855276,0.0088410027655402,TRUE,FALSE,TRUE,FALSE
"mcosmo","log","none","fe_country","all","none",-0.0592372748309414,0.00857581442999044,-6.90748095292069,242,270,-0.405821904536474,-0.0761300438826737,-0.0423445057792092,TRUE,TRUE,TRUE,FALSE
"mcosmo","log","none","fe_country","all","n_cy",-0.0495075095667449,0.00824416355070101,-6.00515859035029,242,270,-0.360125367937356,-0.0657469876972035,-0.0332680314362863,TRUE,TRUE,TRUE,FALSE
"mcosmo","log","none","fe_country","y2004_2008","none",-0.0900114965502391,0.0147146470051189,-6.11713597471457,107,135,-0.509020692561643,-0.119181568071192,-0.0608414250292858,TRUE,TRUE,TRUE,FALSE
"mcosmo","log","none","fe_country","y2004_2008","n_cy",-0.0812078332176788,0.0140911923822543,-5.76302068801129,107,135,-0.486695079457391,-0.109141978662206,-0.0532736877731514,TRUE,TRUE,TRUE,FALSE
"mcosmo","log","none","fe_country","y2009_2013","none",-0.102708741808471,0.0164055373110738,-6.26061431947994,107,135,-0.517785944545416,-0.135230806152741,-0.0701866774642016,TRUE,TRUE,TRUE,FALSE
"mcosmo","log","none","fe_country","y2009_2013","n_cy",-0.0857852303536065,0.017385084886559,-4.93441538614113,107,135,-0.430549631169319,-0.120249133521814,-0.0513213271853991,TRUE,TRUE,TRUE,FALSE
"mcosmo","log","none","fe_country","no_bailout","none",-0.0268408590316392,0.0117851391381094,-2.27751736463123,170,190,-0.172072177002542,-0.0501049205920228,-0.00357679747125569,TRUE,TRUE,TRUE,FALSE
"mcosmo","log","none","fe_country","no_bailout","n_cy",-0.0227379674570109,0.0111000050730442,-2.0484646004558,170,190,-0.155206217834658,-0.0446495629259886,-0.000826371988033096,TRUE,TRUE,TRUE,FALSE
"mcosmo","log","none","fe_country","no_GR_ES","none",-0.048222347165491,0.00916939316635519,-5.25905545662835,224,250,-0.331514607714239,-0.0662916538457676,-0.0301530404852144,TRUE,TRUE,TRUE,FALSE
"mcosmo","log","none","fe_country","no_GR_ES","n_cy",-0.0359413894015399,0.00875273637190813,-4.10630320329235,224,250,-0.264586156023882,-0.0531896276356614,-0.0186931511674184,TRUE,TRUE,TRUE,FALSE
"mcosmo","log","none","re","all","none",-0.0540979056605202,0.00846674741369973,-6.38945548003315,268,270,-0.363586311267646,-0.0707677051076867,-0.0374281062133537,TRUE,TRUE,TRUE,FALSE
"mcosmo","log","none","re","y2004_2008","none",-0.0671779916835653,0.0143077436710881,-4.69521912244716,133,135,-0.377074242179993,-0.0954781544426185,-0.0388778289245122,TRUE,TRUE,TRUE,FALSE
"mcosmo","log","none","re","y2009_2013","none",-0.0832339735945761,0.0153502186020026,-5.42233148287003,133,135,-0.425491419682562,-0.113596111385844,-0.0528718358033082,TRUE,TRUE,TRUE,FALSE
"mcosmo","log","none","re","no_bailout","none",-0.020192428720911,0.0116406312828688,-1.73465065856245,188,190,-0.125511955265064,-0.0431554677683929,0.00277061032657088,TRUE,FALSE,TRUE,FALSE
"mcosmo","log","none","re","no_GR_ES","none",-0.0435131906202442,0.00908920475007644,-4.78734848831283,248,250,-0.290854338672623,-0.0614150670068175,-0.025611314233671,TRUE,TRUE,TRUE,FALSE
"mcosmo","log","none","pooled_cl","all","none",-0.00515018811377387,0.0236583870448427,-0.217689739541926,268,270,-0.0132963417569782,-0.0517301258408445,0.0414297496132967,TRUE,FALSE,TRUE,FALSE
"mcosmo","log","none","pooled_cl","all","n_cy",0.00907012143230723,0.0248139303421563,0.365525384622284,268,270,0.0223224529405919,-0.0397849136937441,0.0579251565583585,TRUE,FALSE,FALSE,FALSE
"mcosmo","log","none","pooled_cl","y2004_2008","none",0.0213947272993398,0.0284764781913746,0.751312263951941,133,135,0.0650092274852796,-0.034930643503116,0.0777200981017956,TRUE,FALSE,FALSE,FALSE
"mcosmo","log","none","pooled_cl","y2004_2008","n_cy",0.0322566687080066,0.0309125518234671,1.04348126586946,133,135,0.090113180508804,-0.0288871613753884,0.0934004987914016,TRUE,FALSE,FALSE,FALSE
"mcosmo","log","none","pooled_cl","y2009_2013","none",-0.00593030829929031,0.032785100336048,-0.180884250421823,133,135,-0.0156827247649815,-0.0707779668058453,0.0589173502072647,TRUE,FALSE,TRUE,FALSE
"mcosmo","log","none","pooled_cl","y2009_2013","n_cy",0.013127712266968,0.0333562719293879,0.393560536224135,133,135,0.0341061724558093,-0.0528497015264062,0.0791051260603421,TRUE,FALSE,FALSE,FALSE
"mcosmo","log","none","pooled_cl","no_bailout","none",0.0478362049148711,0.0300618794141657,1.59125796015035,188,190,0.11528067479228,-0.011465743068319,0.107138152898061,TRUE,FALSE,FALSE,FALSE
"mcosmo","log","none","pooled_cl","no_bailout","n_cy",0.0611939654441915,0.0293377373013311,2.08584475399932,188,190,0.150395569072318,0.00332050559097246,0.119067425297411,TRUE,TRUE,FALSE,FALSE
"mcosmo","log","none","pooled_cl","no_GR_ES","none",0.00879713695016981,0.0273214016306842,0.32198702940225,248,250,0.020441924417497,-0.0450144305245661,0.0626087044249058,TRUE,FALSE,FALSE,FALSE
"mcosmo","log","none","pooled_cl","no_GR_ES","n_cy",0.0260711447772621,0.0272630985499503,0.956279592706444,248,250,0.0606121675890106,-0.0276255903691289,0.0797678799236531,TRUE,FALSE,FALSE,FALSE
"mcosmo","log","growth","fe_twoway","all","none",-0.0362597827557041,0.010881806822656,-3.33214725703556,232,270,-0.213711967858651,-0.0576995748993453,-0.0148199906120628,TRUE,TRUE,TRUE,FALSE
"mcosmo","log","growth","fe_twoway","all","n_cy",-0.0249469276015553,0.0101112516988403,-2.46724424874287,232,270,-0.159898369638764,-0.0448685397260997,-0.0050253154770108,TRUE,TRUE,TRUE,FALSE
"mcosmo","log","growth","fe_twoway","y2004_2008","none",-0.0814724903920175,0.0190064664172892,-4.28656692955331,102,135,-0.39069880196231,-0.119171726412745,-0.0437732543712898,TRUE,TRUE,TRUE,FALSE
"mcosmo","log","growth","fe_twoway","y2004_2008","n_cy",-0.0759150311192988,0.0175471153056782,-4.32635392181716,102,135,-0.393765097879596,-0.110719651129568,-0.0411104111090299,TRUE,TRUE,TRUE,FALSE
"mcosmo","log","growth","fe_twoway","y2009_2013","none",-0.0539348804045451,0.0159676481490043,-3.3777598241923,102,135,-0.3171790578369,-0.0856066347984954,-0.0222631260105948,TRUE,TRUE,TRUE,FALSE
"mcosmo","log","growth","fe_twoway","y2009_2013","n_cy",-0.0454229774833174,0.0157680925601531,-2.88068942454739,102,135,-0.274291208510828,-0.0766989143129617,-0.0141470406536732,TRUE,TRUE,TRUE,FALSE
"mcosmo","log","growth","fe_twoway","no_bailout","none",0.00264396282336538,0.0134955153208638,0.19591418041502,160,190,0.0154865184834843,-0.0240083514368232,0.029296277083554,TRUE,FALSE,FALSE,FALSE
"mcosmo","log","growth","fe_twoway","no_bailout","n_cy",0.005609708551615,0.0125214773614736,0.448006923597936,160,190,0.0353958631388863,-0.0191189766230739,0.0303383937263039,TRUE,FALSE,FALSE,FALSE
"mcosmo","log","growth","fe_twoway","no_GR_ES","none",-0.0283162612913505,0.0113160845939873,-2.50230201587536,214,250,-0.16860498635518,-0.0506215230272177,-0.00601099955548321,TRUE,TRUE,TRUE,FALSE
"mcosmo","log","growth","fe_twoway","no_GR_ES","n_cy",-0.0143716039240472,0.0103493442481726,-1.38864874714984,214,250,-0.0945012554777605,-0.0347713128810428,0.00602810503294827,TRUE,FALSE,TRUE,FALSE
"mcosmo","log","growth","fe_country","all","none",-0.0656215669720461,0.00927383774658377,-7.07598825483218,241,270,-0.414752174385593,-0.0838896938717624,-0.0473534400723299,TRUE,TRUE,TRUE,FALSE
"mcosmo","log","growth","fe_country","all","n_cy",-0.0525454442285798,0.0087640572355486,-5.99556150950794,241,270,-0.360273003539312,-0.069809376821573,-0.0352815116355866,TRUE,TRUE,TRUE,FALSE
"mcosmo","log","growth","fe_country","y2004_2008","none",-0.0910436037984472,0.0146621236716686,-6.20944181328721,106,135,-0.516455309526573,-0.120112690041565,-0.0619745175553299,TRUE,TRUE,TRUE,FALSE
"mcosmo","log","growth","fe_country","y2004_2008","n_cy",-0.0802239496938228,0.0138908542068806,-5.77530715527092,106,135,-0.48923227277367,-0.107763919207968,-0.0526839801796775,TRUE,TRUE,TRUE,FALSE
"mcosmo","log","growth","fe_country","y2009_2013","none",-0.105060592217846,0.0161446830444398,-6.50744222903953,106,135,-0.534282837283792,-0.137068996613824,-0.0730521878218678,TRUE,TRUE,TRUE,FALSE
"mcosmo","log","growth","fe_country","y2009_2013","n_cy",-0.0877701745513389,0.0173212828440072,-5.06718672870731,106,135,-0.441583631880859,-0.122111302488133,-0.0534290466145445,TRUE,TRUE,TRUE,FALSE
"mcosmo","log","growth","fe_country","no_bailout","none",-0.0347585492514221,0.0118911850810696,-2.92305174080223,169,190,-0.219373022858415,-0.0582329430400658,-0.0112841554627785,TRUE,TRUE,TRUE,FALSE
"mcosmo","log","growth","fe_country","no_bailout","n_cy",-0.027324830123554,0.0111066221853578,-2.46022865165767,169,190,-0.185947795553767,-0.0492504179487602,-0.00539924229834781,TRUE,TRUE,TRUE,FALSE
"mcosmo","log","growth","fe_country","no_GR_ES","none",-0.0554434903212004,0.00973299015415966,-5.69644985179658,223,250,-0.35641150544133,-0.0746238945842219,-0.0362630860581789,TRUE,TRUE,TRUE,FALSE
"mcosmo","log","growth","fe_country","no_GR_ES","n_cy",-0.0405752102279483,0.00908664154658445,-4.46536930283114,223,250,-0.286489226771955,-0.058481881815628,-0.0226685386402687,TRUE,TRUE,TRUE,FALSE
"mcosmo","log","growth","re","all","none",-0.0567227780137111,0.00921286078557016,-6.15691253063916,267,270,-0.352597216048881,-0.0748618747946294,-0.0385836812327927,TRUE,TRUE,TRUE,FALSE
"mcosmo","log","growth","re","y2004_2008","none",-0.0666710998821644,0.0143667734729984,-4.64064530616212,132,135,-0.374518992313631,-0.0950899978512887,-0.0382522019130401,TRUE,TRUE,TRUE,FALSE
"mcosmo","log","growth","re","y2009_2013","none",-0.0842096053748693,0.0152630874104245,-5.51720651991781,132,135,-0.432885788333121,-0.114401500905617,-0.0540177098441221,TRUE,TRUE,TRUE,FALSE
"mcosmo","log","growth","re","no_bailout","none",-0.0264894989646459,0.0117900831409603,-2.24676099803044,187,190,-0.162125771369453,-0.0497481618632894,-0.00323083606600228,TRUE,TRUE,TRUE,FALSE
"mcosmo","log","growth","re","no_GR_ES","none",-0.0472635385838255,0.00973152449239688,-4.85674558192315,247,250,-0.295250815197948,-0.0664308928144778,-0.0280961843531732,TRUE,TRUE,TRUE,FALSE
"mcosmo","log","growth","pooled_cl","all","none",0.002136856993421,0.0235745124612597,0.0906426801798141,267,270,0.0055471565929286,-0.0442787323713423,0.0485524463581843,TRUE,FALSE,FALSE,FALSE
"mcosmo","log","growth","pooled_cl","all","n_cy",0.0159859726383062,0.024224874254959,0.659899096691235,267,270,0.0403522757626158,-0.0317101066625474,0.0636820519391597,TRUE,FALSE,FALSE,FALSE
"mcosmo","log","growth","pooled_cl","y2004_2008","none",0.0180750498956837,0.0271084402982613,0.666768345829288,132,135,0.057937250154969,-0.0355481244646761,0.0716982242560436,TRUE,FALSE,FALSE,FALSE
"mcosmo","log","growth","pooled_cl","y2004_2008","n_cy",0.0290969623468638,0.0294774202886237,0.987093241605451,132,135,0.0856000927699988,-0.0292122885889732,0.0874062132827009,TRUE,FALSE,FALSE,FALSE
"mcosmo","log","growth","pooled_cl","y2009_2013","none",-0.00380557340446964,0.0324854418324455,-0.117147041560899,132,135,-0.010195811206646,-0.0680649882726234,0.0604538414636841,TRUE,FALSE,TRUE,FALSE
"mcosmo","log","growth","pooled_cl","y2009_2013","n_cy",0.0175312270586883,0.0321743514668707,0.544882064732209,132,135,0.0473726505706238,-0.0461128203175883,0.0811752744349649,TRUE,FALSE,FALSE,FALSE
"mcosmo","log","growth","pooled_cl","no_bailout","none",0.048076414432659,0.0300984656700953,1.59730449251524,187,190,0.116017695845156,-0.0112997628527308,0.107452591718049,TRUE,FALSE,FALSE,FALSE
"mcosmo","log","growth","pooled_cl","no_bailout","n_cy",0.0605658277737995,0.029173319202556,2.07606914226246,187,190,0.150097308917729,0.00301471563537319,0.118116939912226,TRUE,TRUE,FALSE,FALSE
"mcosmo","log","growth","pooled_cl","no_GR_ES","none",0.0135375697390833,0.0267991793175156,0.505148668124899,247,250,0.0321252500762906,-0.0392464892714977,0.0663216287496644,TRUE,FALSE,FALSE,FALSE
"mcosmo","log","growth","pooled_cl","no_GR_ES","n_cy",0.028953174173065,0.026694641841546,1.08460620468052,247,250,0.0688480858105486,-0.0236249862823765,0.0815313346285066,TRUE,FALSE,FALSE,FALSE
"mutil","raw","none","fe_twoway","all","none",-0.00137389199139912,0.000408746371280965,-3.36123348836959,233,270,-0.215049691228807,-0.00217920311068561,-0.00056858087211264,TRUE,TRUE,TRUE,FALSE
"mutil","raw","none","fe_twoway","all","n_cy",-0.00148971400816263,0.000393426977771456,-3.78650700722414,233,270,-0.240765171231091,-0.00226484289513897,-0.000714585121186295,TRUE,TRUE,TRUE,FALSE
"mutil","raw","none","fe_twoway","y2004_2008","none",-0.000240017586545956,0.0010295913131768,-0.23311928089737,103,135,-0.0229638680072154,-0.00228196912173973,0.00180193394864782,TRUE,FALSE,TRUE,FALSE
"mutil","raw","none","fe_twoway","y2004_2008","n_cy",-0.00031983433626529,0.00101992856769928,-0.3135850356528,103,135,-0.0308837126380457,-0.00234262209481343,0.00170295342228285,TRUE,FALSE,TRUE,FALSE
"mutil","raw","none","fe_twoway","y2009_2013","none",-0.00239702224911803,0.000566568617113766,-4.23077130768209,103,135,-0.384775517691724,-0.00352067747299365,-0.00127336702524242,TRUE,TRUE,TRUE,FALSE
"mutil","raw","none","fe_twoway","y2009_2013","n_cy",-0.00197275917771777,0.000551118636864079,-3.57955446570085,103,135,-0.332621199239322,-0.00306577300972672,-0.000879745345708827,TRUE,TRUE,TRUE,FALSE
"mutil","raw","none","fe_twoway","no_bailout","none",-0.00166382562704972,0.00066325072548131,-2.5085922459298,161,190,-0.193950608009549,-0.00297361852659045,-0.000354032727508997,TRUE,TRUE,TRUE,FALSE
"mutil","raw","none","fe_twoway","no_bailout","n_cy",-0.00166105538960004,0.000621383117539404,-2.67315822189956,161,190,-0.206149215080267,-0.0028881677981948,-0.000433942981005276,TRUE,TRUE,TRUE,FALSE
"mutil","raw","none","fe_twoway","no_GR_ES","none",-0.0018392795588334,0.0004908025435951,-3.74749394198489,215,250,-0.247617739051053,-0.00280668038955292,-0.000871878728113892,TRUE,TRUE,TRUE,FALSE
"mutil","raw","none","fe_twoway","no_GR_ES","n_cy",-0.0019303671583637,0.000472768344009267,-4.08311424151923,215,250,-0.268259384747923,-0.00286222151547918,-0.000998512801248219,TRUE,TRUE,TRUE,FALSE
"mutil","raw","none","fe_country","all","none",-0.00312825060259047,0.000438560859133073,-7.13299086647689,242,270,-0.416799449970439,-0.00399213442015023,-0.0022643667850307,TRUE,TRUE,TRUE,FALSE
"mutil","raw","none","fe_country","all","n_cy",-0.00313348924779364,0.000418921347124708,-7.47989871917614,242,270,-0.433336064926964,-0.0039586868573723,-0.00230829163821499,TRUE,TRUE,TRUE,FALSE
"mutil","raw","none","fe_country","y2004_2008","none",0.00200233652227058,0.000876408270721155,2.28470746929733,107,135,0.215672953439009,0.000264959340908527,0.00373971370363263,TRUE,TRUE,FALSE,FALSE
"mutil","raw","none","fe_country","y2004_2008","n_cy",0.00164326024934626,0.000864085450430933,1.90173350161924,107,135,0.180817109947469,-6.96883779987922e-05,0.00335620887669131,TRUE,FALSE,FALSE,FALSE
"mutil","raw","none","fe_country","y2009_2013","none",-0.00380766771427523,0.000645855245313886,-5.89554353224259,107,135,-0.495166128675744,-0.00508800041212622,-0.00252733501642424,TRUE,TRUE,TRUE,FALSE
"mutil","raw","none","fe_country","y2009_2013","n_cy",-0.00314386958723466,0.000637313923683578,-4.93300000267305,107,135,-0.430449017942142,-0.00440727011112641,-0.00188046906334292,TRUE,TRUE,TRUE,FALSE
"mutil","raw","none","fe_country","no_bailout","none",-0.00280813744550109,0.000733703237102369,-3.82734776609592,170,190,-0.281659838934012,-0.00425647989398409,-0.00135979499701809,TRUE,TRUE,TRUE,FALSE
"mutil","raw","none","fe_country","no_bailout","n_cy",-0.00275005250128658,0.000676858561743011,-4.0629647857372,170,190,-0.297505291778875,-0.00408618261087035,-0.00141392239170281,TRUE,TRUE,TRUE,FALSE
"mutil","raw","none","fe_country","no_GR_ES","none",-0.00356906746035912,0.000541244349844976,-6.59418885644051,224,250,-0.403193036800715,-0.00463564950879836,-0.00250248541191989,TRUE,TRUE,TRUE,FALSE
"mutil","raw","none","fe_country","no_GR_ES","n_cy",-0.0035031234456544,0.000515251164952876,-6.79886564831891,224,250,-0.413593817975343,-0.0045184830390313,-0.0024877638522775,TRUE,TRUE,TRUE,FALSE
"mutil","raw","none","re","all","none",-0.00298792069248327,0.000435031639024747,-6.86828364755629,268,270,-0.386877523330623,-0.00384443498556123,-0.00213140639940532,TRUE,TRUE,TRUE,FALSE
"mutil","raw","none","re","y2004_2008","none",0.00191544392410252,0.000851629540818403,2.24915157623797,133,135,0.191419801654474,0.000230953680942788,0.00359993416726226,TRUE,TRUE,FALSE,FALSE
"mutil","raw","none","re","y2009_2013","none",-0.00296449498740311,0.000611989035525642,-4.84403284260949,133,135,-0.387256714631839,-0.00417498559376819,-0.00175400438103803,TRUE,TRUE,TRUE,FALSE
"mutil","raw","none","re","no_bailout","none",-0.00252483099845861,0.000725266389135203,-3.48124638930143,188,190,-0.246088045575994,-0.00395553694634372,-0.00109412505057349,TRUE,TRUE,TRUE,FALSE
"mutil","raw","none","re","no_GR_ES","none",-0.0034148557466951,0.000537806947564117,-6.34959396147999,248,250,-0.373947445124168,-0.00447410721696836,-0.00235560427642185,TRUE,TRUE,TRUE,FALSE
"mutil","raw","none","pooled_cl","all","none",-0.000663904537910341,0.000673246871299249,-0.986123465570841,268,270,-0.0601280891520062,-0.00198943012342992,0.000661621047609244,TRUE,FALSE,TRUE,FALSE
"mutil","raw","none","pooled_cl","all","n_cy",-0.000353594586989574,0.000718470770792644,-0.492148882548798,268,270,-0.0300492020346477,-0.00176815948098715,0.00106097030700801,TRUE,FALSE,TRUE,FALSE
"mutil","raw","none","pooled_cl","y2004_2008","none",0.000793606150249399,0.00195504218493512,0.405927890643309,133,135,0.0351766281750069,-0.00307339156136608,0.00466060386186488,TRUE,FALSE,FALSE,FALSE
"mutil","raw","none","pooled_cl","y2004_2008","n_cy",0.000318872733643075,0.00222343451493952,0.143414492983953,133,135,0.0124346522260236,-0.00407899461032084,0.00471674007760699,TRUE,FALSE,FALSE,FALSE
"mutil","raw","none","pooled_cl","y2009_2013","none",0.000383933857120149,0.000839718139809206,0.457217533977988,133,135,0.0396146674795329,-0.00127699609624143,0.00204486381048172,TRUE,FALSE,FALSE,FALSE
"mutil","raw","none","pooled_cl","y2009_2013","n_cy",0.000922775275301789,0.000960034035943491,0.961190166966231,133,135,0.0830577758344979,-0.000976134860077032,0.00282168541068061,TRUE,FALSE,FALSE,FALSE
"mutil","raw","none","pooled_cl","no_bailout","none",0.00133043717640818,0.00123417324592141,1.07799871760703,188,190,0.078379267854219,-0.00110417034175611,0.00376504469457247,TRUE,FALSE,FALSE,FALSE
"mutil","raw","none","pooled_cl","no_bailout","n_cy",0.00156405259274741,0.00123144659384212,1.27009372600362,188,190,0.0922362330179153,-0.000865176160584969,0.0039932813460798,TRUE,FALSE,FALSE,FALSE
"mutil","raw","none","pooled_cl","no_GR_ES","none",-0.000487798096887274,0.000979721834068912,-0.497894483846894,248,250,-0.0316005414548472,-0.0024174343685953,0.00144183817482076,TRUE,FALSE,TRUE,FALSE
"mutil","raw","none","pooled_cl","no_GR_ES","n_cy",-0.000123889065347937,0.000998128760642157,-0.124121326058406,248,250,-0.00788146728639309,-0.00208977917149271,0.00184200104079684,TRUE,FALSE,TRUE,FALSE
"mutil","raw","growth","fe_twoway","all","none",-0.000678447089734022,0.000422365983083952,-1.60630144686432,232,270,-0.1048772691454,-0.00151061026203102,0.000153716082562982,TRUE,FALSE,TRUE,FALSE
"mutil","raw","growth","fe_twoway","all","n_cy",-0.000830721647661888,0.000400494882537881,-2.07423785891525,232,270,-0.134934943901978,-0.00161979346047214,-4.16498348516332e-05,TRUE,TRUE,TRUE,FALSE
"mutil","raw","growth","fe_twoway","y2004_2008","none",0.000350699862997997,0.00105373497452234,0.332816003527803,102,135,0.0329358164089901,-0.00173937846274894,0.00244077818874493,TRUE,FALSE,FALSE,FALSE
"mutil","raw","growth","fe_twoway","y2004_2008","n_cy",0.000329969114177501,0.00103376261748904,0.31919234512366,102,135,0.0315889790748183,-0.00172049413609156,0.00238043236444656,TRUE,FALSE,FALSE,FALSE
"mutil","raw","growth","fe_twoway","y2009_2013","none",-0.00203071588287195,0.000603242161675818,-3.36633612814892,102,135,-0.316213772978079,-0.00322724385032116,-0.000834187915422749,TRUE,TRUE,TRUE,FALSE
"mutil","raw","growth","fe_twoway","y2009_2013","n_cy",-0.00163825776903913,0.000573368595160117,-2.85725061133082,102,135,-0.272225447555314,-0.00277553165894808,-0.000500983879130188,TRUE,TRUE,TRUE,FALSE
"mutil","raw","growth","fe_twoway","no_bailout","none",-0.00088126278760497,0.000672217642172475,-1.31097836819174,160,190,-0.103089742031983,-0.00220882645779144,0.000446300882581508,TRUE,FALSE,TRUE,FALSE
"mutil","raw","growth","fe_twoway","no_bailout","n_cy",-0.000935394356745858,0.000620028513570375,-1.50863119400667,160,190,-0.118428431954412,-0.00215988963544096,0.000289100921949249,TRUE,FALSE,TRUE,FALSE
"mutil","raw","growth","fe_twoway","no_GR_ES","none",-0.000980930619406626,0.000507073380174505,-1.9344944099985,214,250,-0.131098012415269,-0.00198042866752946,1.85674287162168e-05,TRUE,FALSE,TRUE,FALSE
"mutil","raw","growth","fe_twoway","no_GR_ES","n_cy",-0.00117238591876676,0.00047424313779521,-2.47211994298383,214,250,-0.166628119387343,-0.002107171906544,-0.000237599930989536,TRUE,TRUE,TRUE,FALSE
"mutil","raw","growth","fe_country","all","none",-0.00239379131305122,0.000457749073162224,-5.22948369182798,241,270,-0.319234659185881,-0.00329549116862993,-0.0014920914574725,TRUE,TRUE,TRUE,FALSE
"mutil","raw","growth","fe_country","all","n_cy",-0.00240355782562503,0.000426753277780369,-5.63219534745328,241,270,-0.341049896422243,-0.00324420042110644,-0.00156291523014362,TRUE,TRUE,TRUE,FALSE
"mutil","raw","growth","fe_country","y2004_2008","none",0.00212752946165377,0.000848990677171839,2.5059515008351,106,135,0.236494943804949,0.000444322869828449,0.0038107360534791,TRUE,TRUE,FALSE,FALSE
"mutil","raw","growth","fe_country","y2004_2008","n_cy",0.00156387963526718,0.000824015420654245,1.89787666112548,106,135,0.181283748492085,-6.98110813744639e-05,0.00319757035190884,TRUE,FALSE,FALSE,FALSE
"mutil","raw","growth","fe_country","y2009_2013","none",-0.00392325901933782,0.00062437720678186,-6.28347572064479,106,135,-0.520949001168949,-0.00516114755981233,-0.00268537047886331,TRUE,TRUE,TRUE,FALSE
"mutil","raw","growth","fe_country","y2009_2013","n_cy",-0.00325096751136436,0.000628369742888286,-5.17365380519656,106,135,-0.449006672071283,-0.00449677164299097,-0.00200516337973775,TRUE,TRUE,TRUE,FALSE
"mutil","raw","growth","fe_country","no_bailout","none",-0.00215436442017955,0.000717729326349081,-3.00163911531705,169,190,-0.22497614688665,-0.00357123420443664,-0.000737494635922475,TRUE,TRUE,TRUE,FALSE
"mutil","raw","growth","fe_country","no_bailout","n_cy",-0.00228190001598107,0.000651626981415941,-3.50185010912634,169,190,-0.260101601360304,-0.00356827713153153,-0.000995522900430627,TRUE,TRUE,TRUE,FALSE
"mutil","raw","growth","fe_country","no_GR_ES","none",-0.00266342124224495,0.000552791075824423,-4.81813357473758,223,250,-0.307059191050686,-0.00375278392928842,-0.00157405855520149,TRUE,TRUE,TRUE,FALSE
"mutil","raw","growth","fe_country","no_GR_ES","n_cy",-0.00273243971026848,0.000508795542381337,-5.37040811615552,223,250,-0.338410499240672,-0.00373510220509558,-0.00172977721544138,TRUE,TRUE,TRUE,FALSE
"mutil","raw","growth","re","all","none",-0.00222951913025544,0.000453501535154758,-4.9162328182519,267,270,-0.288110852010555,-0.00312241314308493,-0.00133662511742594,TRUE,TRUE,TRUE,FALSE
"mutil","raw","growth","re","y2004_2008","none",0.00198010616569239,0.00084742955580334,2.33660267349929,132,135,0.199295344761787,0.000303806742745539,0.00365640558863925,TRUE,TRUE,FALSE,FALSE
"mutil","raw","growth","re","y2009_2013","none",-0.00317206332178275,0.000594422540724459,-5.33637792052227,132,135,-0.421250351025198,-0.00434788986120339,-0.0019962367823621,TRUE,TRUE,TRUE,FALSE
"mutil","raw","growth","re","no_bailout","none",-0.0018983119819922,0.000707092362599455,-2.68467329361828,187,190,-0.192645325986077,-0.00329321502917857,-0.000503408934805837,TRUE,TRUE,TRUE,FALSE
"mutil","raw","growth","re","no_GR_ES","none",-0.00249363642048911,0.000548519609452894,-4.54612082688589,247,250,-0.277871102657188,-0.0035740087367749,-0.00141326410420333,TRUE,TRUE,TRUE,FALSE
"mutil","raw","growth","pooled_cl","all","none",0.000145781965154929,0.000628954486895465,0.231784601576678,267,270,0.0141835603614557,-0.00109255936813198,0.00138412329844184,TRUE,FALSE,FALSE,FALSE
"mutil","raw","growth","pooled_cl","all","n_cy",0.000361743662542813,0.000680340418218057,0.531709792415816,267,270,0.0325228968263565,-0.000977770846279115,0.00170125817136474,TRUE,FALSE,FALSE,FALSE
"mutil","raw","growth","pooled_cl","y2004_2008","none",-0.00022503925241673,0.00156242965090011,-0.144031606342778,132,135,-0.0125353572189482,-0.00331567953545016,0.0028656010306167,TRUE,FALSE,TRUE,FALSE
"mutil","raw","growth","pooled_cl","y2004_2008","n_cy",-0.000887631960535731,0.00170002071514849,-0.522130085019697,132,135,-0.0453987337917392,-0.00425044096841798,0.00247517704734652,TRUE,FALSE,TRUE,FALSE
"mutil","raw","growth","pooled_cl","y2009_2013","none",0.000213563359298298,0.000882684083866241,0.241947672108089,132,135,0.0210541738317735,-0.00153247300478236,0.00195959972337896,TRUE,FALSE,FALSE,FALSE
"mutil","raw","growth","pooled_cl","y2009_2013","n_cy",0.000769500768349414,0.00101937065635208,0.754878280588483,132,135,0.0655623575515922,-0.00124691514647207,0.00278591668317089,TRUE,FALSE,FALSE,FALSE
"mutil","raw","growth","pooled_cl","no_bailout","none",0.00131070552862537,0.00121089235741319,1.08242943363306,187,190,0.078908264674004,-0.00107805940296131,0.00369947046021205,TRUE,FALSE,FALSE,FALSE
"mutil","raw","growth","pooled_cl","no_bailout","n_cy",0.00130205063547125,0.00115642805965957,1.12592445729357,187,190,0.0820580774625805,-0.000979270885724029,0.00358337215666653,TRUE,FALSE,FALSE,FALSE
"mutil","raw","growth","pooled_cl","no_GR_ES","none",0.000161971992499503,0.000903188533807207,0.179333534956143,247,250,0.0114099767872129,-0.00161696147039951,0.00194090545539852,TRUE,FALSE,FALSE,FALSE
"mutil","raw","growth","pooled_cl","no_GR_ES","n_cy",0.000251566571849748,0.000912270725028022,0.275758681001213,247,250,0.0175434043987256,-0.00154525530888718,0.00204838845258667,TRUE,FALSE,FALSE,FALSE
"mutil","log","none","fe_twoway","all","none",-0.017224376366231,0.0044838351909727,-3.84143832960427,233,270,-0.244051345708514,-0.026058417693674,-0.0083903350387881,TRUE,TRUE,TRUE,FALSE
"mutil","log","none","fe_twoway","all","n_cy",-0.0187271826026759,0.00427558148168693,-4.38003174138715,233,270,-0.275815017886952,-0.0271509229721069,-0.0103034422332449,TRUE,TRUE,TRUE,FALSE
"mutil","log","none","fe_twoway","y2004_2008","none",-0.00422633066475677,0.00933439236638303,-0.452769767850933,103,135,-0.0445684007502652,-0.0227388963582513,0.0142862350287378,TRUE,FALSE,TRUE,FALSE
"mutil","log","none","fe_twoway","y2004_2008","n_cy",-0.00611717686053121,0.00919530561613755,-0.665249978184054,103,135,-0.0654086588216861,-0.0243538967892508,0.0121195430681884,TRUE,FALSE,TRUE,FALSE
"mutil","log","none","fe_twoway","y2009_2013","none",-0.0275166191098073,0.00735522659157594,-3.74109740430329,103,135,-0.345870770901657,-0.0421039762855642,-0.0129292619340504,TRUE,TRUE,TRUE,FALSE
"mutil","log","none","fe_twoway","y2009_2013","n_cy",-0.0235614589500239,0.00733534779924433,-3.21204387233706,103,135,-0.301740427718406,-0.0381093912297081,-0.00901352667033975,TRUE,TRUE,TRUE,FALSE
"mutil","log","none","fe_twoway","no_bailout","none",-0.0165481606072388,0.00616294899329228,-2.6851042618152,161,190,-0.207031069745798,-0.0287188021482459,-0.0043775190662317,TRUE,TRUE,TRUE,FALSE
"mutil","log","none","fe_twoway","no_bailout","n_cy",-0.0169812923787827,0.00571812764405751,-2.96972950515196,161,190,-0.227889008657831,-0.028273497119937,-0.00568908763762832,TRUE,TRUE,TRUE,FALSE
"mutil","log","none","fe_twoway","no_GR_ES","none",-0.0186687768485219,0.00464369353806486,-4.02024308785495,215,250,-0.264419670231002,-0.0278217713571177,-0.00951578233992613,TRUE,TRUE,TRUE,FALSE
"mutil","log","none","fe_twoway","no_GR_ES","n_cy",-0.0199441980579324,0.00445609174545387,-4.47571531225307,215,250,-0.291943581068993,-0.0287274183418737,-0.0111609777739911,TRUE,TRUE,TRUE,FALSE
"mutil","log","none","fe_country","all","none",-0.0347535793738097,0.00451708998507755,-7.69379832782167,242,270,-0.443319930138133,-0.043651411588667,-0.0258557471589523,TRUE,TRUE,TRUE,FALSE
"mutil","log","none","fe_country","all","n_cy",-0.0346872271708743,0.00431314835390652,-8.04220590730603,242,270,-0.459234525888665,-0.0431833320741707,-0.0261911222675779,TRUE,TRUE,TRUE,FALSE
"mutil","log","none","fe_country","y2004_2008","none",0.0169459833631883,0.00770631400932452,2.19897389889432,107,135,0.207936274840246,0.00166911462575141,0.0322228521006252,TRUE,TRUE,FALSE,FALSE
"mutil","log","none","fe_country","y2004_2008","n_cy",0.0129905499163628,0.0075848264679736,1.71270232367404,107,135,0.163349254668805,-0.0020454839394165,0.0280265837721421,TRUE,FALSE,FALSE,FALSE
"mutil","log","none","fe_country","y2009_2013","none",-0.0469186956298296,0.00821504129566784,-5.71131585845733,107,135,-0.483352219435355,-0.0632040568796681,-0.0306333343799911,TRUE,TRUE,TRUE,FALSE
"mutil","log","none","fe_country","y2009_2013","n_cy",-0.0399135144999139,0.00839087000665204,-4.7567790310506,107,135,-0.417797013796138,-0.0565474356624069,-0.0232795933374209,TRUE,TRUE,TRUE,FALSE
"mutil","log","none","fe_country","no_bailout","none",-0.0290216564264296,0.00638257891578409,-4.54701098245087,170,190,-0.329290175738896,-0.0416209738439606,-0.0164223390088987,TRUE,TRUE,TRUE,FALSE
"mutil","log","none","fe_country","no_bailout","n_cy",-0.0281926437808586,0.0058643398249582,-4.80747102357076,170,190,-0.345949171156113,-0.0397689485745518,-0.0166163389871654,TRUE,TRUE,TRUE,FALSE
"mutil","log","none","fe_country","no_GR_ES","none",-0.034981080479489,0.00484144757837614,-7.22533496711367,224,250,-0.434752263583153,-0.0445216901450395,-0.0254404708139384,TRUE,TRUE,TRUE,FALSE
"mutil","log","none","fe_country","no_GR_ES","n_cy",-0.0344760878909816,0.00462714993180634,-7.4508257564766,224,250,-0.445658300325257,-0.0435944002652633,-0.0253577755167,TRUE,TRUE,TRUE,FALSE
"mutil","log","none","re","all","none",-0.033131047421391,0.00447528266313659,-7.40311839837407,268,270,-0.412044182576741,-0.0419422308450464,-0.0243198639977356,TRUE,TRUE,TRUE,FALSE
"mutil","log","none","re","y2004_2008","none",0.0158833111191063,0.0074527285696448,2.1312075128832,133,135,0.181722205524182,0.00114210269599278,0.0306245195422198,TRUE,TRUE,FALSE,FALSE
"mutil","log","none","re","y2009_2013","none",-0.0341754668981617,0.0076153184826919,-4.4877265443114,133,135,-0.362645676854242,-0.0492382718712267,-0.0191126619250966,TRUE,TRUE,TRUE,FALSE
"mutil","log","none","re","no_bailout","none",-0.0266269074682806,0.00630301081570912,-4.22447434199507,188,190,-0.294443022419833,-0.0390606217541058,-0.0141931931824554,TRUE,TRUE,TRUE,FALSE
"mutil","log","none","re","no_GR_ES","none",-0.0335920204499277,0.00480689185020928,-6.98830377231498,248,250,-0.405614250378037,-0.0430595576077136,-0.0241244832921418,TRUE,TRUE,TRUE,FALSE
"mutil","log","none","pooled_cl","all","none",-0.00754495336177107,0.00724711077487734,-1.04109811428938,268,270,-0.0634669773003435,-0.021813464902948,0.00672355817940585,TRUE,FALSE,TRUE,FALSE
"mutil","log","none","pooled_cl","all","n_cy",-0.00489213787773779,0.00760393094209251,-0.643369582784708,268,270,-0.0392697379833988,-0.0198631766511027,0.0100789008956271,TRUE,FALSE,TRUE,FALSE
"mutil","log","none","pooled_cl","y2004_2008","none",0.00392739287773591,0.0173789871793271,0.225985141551153,133,135,0.0195916358872735,-0.0304475705734404,0.0383023563289122,TRUE,FALSE,FALSE,FALSE
"mutil","log","none","pooled_cl","y2004_2008","n_cy",-0.000650631617329145,0.0198029480425307,-0.032855290835071,133,135,-0.00284890346219237,-0.0398200957617807,0.0385188325271224,TRUE,FALSE,TRUE,FALSE
"mutil","log","none","pooled_cl","y2009_2013","none",0.00562222069304541,0.00997869190577758,0.5634226155224,133,135,0.0487967372601328,-0.0141152453636466,0.0253596867497374,TRUE,FALSE,FALSE,FALSE
"mutil","log","none","pooled_cl","y2009_2013","n_cy",0.012226869517387,0.0113360969377098,1.07857841941295,133,135,0.093118250883645,-0.0101954911122532,0.0346492301470273,TRUE,FALSE,FALSE,FALSE
"mutil","log","none","pooled_cl","no_bailout","none",0.00661996661688135,0.0123701460433114,0.535156706614698,188,190,0.0390006194372204,-0.0177821589820671,0.0310220922158298,TRUE,FALSE,FALSE,FALSE
"mutil","log","none","pooled_cl","no_bailout","n_cy",0.0082570402693165,0.0124004467991581,0.665866351676705,188,190,0.0485061302735386,-0.0162048585002418,0.0327189390388749,TRUE,FALSE,FALSE,FALSE
"mutil","log","none","pooled_cl","no_GR_ES","none",-0.00718372999523597,0.00907456860461988,-0.791633223377552,248,250,-0.0502053667944898,-0.025056779386055,0.0106893193955831,TRUE,FALSE,TRUE,FALSE
"mutil","log","none","pooled_cl","no_GR_ES","n_cy",-0.00464637330221151,0.0092469447367127,-0.502476594649067,248,250,-0.0318910660404526,-0.0228589305260668,0.0135661839216438,TRUE,FALSE,TRUE,FALSE
"mutil","log","growth","fe_twoway","all","none",-0.00997356714983188,0.00463401008719924,-2.15225408709885,232,270,-0.139912534108489,-0.0191036881564129,-0.000843446143250836,TRUE,TRUE,TRUE,FALSE
"mutil","log","growth","fe_twoway","all","n_cy",-0.0121866364928284,0.00432816618823952,-2.81565817087659,232,270,-0.181777248198431,-0.0207141710237476,-0.0036591019619092,TRUE,TRUE,TRUE,FALSE
"mutil","log","growth","fe_twoway","y2004_2008","none",0.00164411794180196,0.00965991598594943,0.170200024947771,102,135,0.0168499211287122,-0.0175162796144445,0.0208045154980484,TRUE,FALSE,FALSE,FALSE
"mutil","log","growth","fe_twoway","y2004_2008","n_cy",0.000107022318918078,0.00941218306523811,0.011370615953417,102,135,0.00112585803129581,-0.0185619981637076,0.0187760428015437,TRUE,FALSE,FALSE,FALSE
"mutil","log","growth","fe_twoway","y2009_2013","none",-0.0221093932243713,0.00798275511706391,-2.76964442728681,102,135,-0.264471119373987,-0.0379431501493362,-0.00627563629940651,TRUE,TRUE,TRUE,FALSE
"mutil","log","growth","fe_twoway","y2009_2013","n_cy",-0.0186376931440685,0.0077045837726476,-2.41903958656859,102,135,-0.232932116160127,-0.0339196985263155,-0.00335568776182149,TRUE,TRUE,TRUE,FALSE
"mutil","log","growth","fe_twoway","no_bailout","none",-0.00986141050878188,0.00620162525277464,-1.59013324843674,160,190,-0.124729368375456,-0.0221090098950269,0.00238618887746308,TRUE,FALSE,TRUE,FALSE
"mutil","log","growth","fe_twoway","no_bailout","n_cy",-0.0109806235558309,0.00566347977061226,-1.938847493163,160,190,-0.151509857177109,-0.0221654385898461,0.000204191478184164,TRUE,FALSE,TRUE,FALSE
"mutil","log","growth","fe_twoway","no_GR_ES","none",-0.0112159977256542,0.00474847275824087,-2.36202212725957,214,250,-0.159400035360908,-0.0205757658361256,-0.00185622961518285,TRUE,TRUE,TRUE,FALSE
"mutil","log","growth","fe_twoway","no_GR_ES","n_cy",-0.0134456712722005,0.0044313178846499,-3.03423758398745,214,250,-0.203093521329571,-0.0221802918409142,-0.00471105070348677,TRUE,TRUE,TRUE,FALSE
"mutil","log","growth","fe_country","all","none",-0.0272975902937739,0.0047596332553545,-5.7352297602057,241,270,-0.346545660687539,-0.036673383431513,-0.0179217971560348,TRUE,TRUE,TRUE,FALSE
"mutil","log","growth","fe_country","all","n_cy",-0.0274385106460884,0.00438442475395582,-6.25817802468436,241,270,-0.37388766247182,-0.0360751969863284,-0.0188018243058484,TRUE,TRUE,TRUE,FALSE
"mutil","log","growth","fe_country","y2004_2008","none",0.0180044842070478,0.00746730646009488,2.4111082494422,106,135,0.228018297486702,0.00319982286649989,0.0328091455475958,TRUE,TRUE,FALSE,FALSE
"mutil","log","growth","fe_country","y2004_2008","n_cy",0.0121412970032526,0.00723822311383634,1.67738639888617,106,135,0.160802011707358,-0.00220918432228711,0.0264917783287923,TRUE,FALSE,FALSE,FALSE
"mutil","log","growth","fe_country","y2009_2013","none",-0.0484658202898276,0.0079459419042283,-6.0994430709388,106,135,-0.509699035807844,-0.0642194229512983,-0.0327122176283568,TRUE,TRUE,TRUE,FALSE
"mutil","log","growth","fe_country","y2009_2013","n_cy",-0.0412218458858115,0.0082782811419985,-4.97951750837251,106,135,-0.435402286543837,-0.0576343434100627,-0.0248093483615603,TRUE,TRUE,TRUE,FALSE
"mutil","log","growth","fe_country","no_bailout","none",-0.0230468817707622,0.00629663535080892,-3.66019000414266,169,190,-0.271015915711379,-0.0354770724339022,-0.0106166911076221,TRUE,TRUE,TRUE,FALSE
"mutil","log","growth","fe_country","no_bailout","n_cy",-0.0240168122463171,0.00566342907877589,-4.24068385288373,169,190,-0.310123281622505,-0.0351969901245409,-0.0128366343680932,TRUE,TRUE,TRUE,FALSE
"mutil","log","growth","fe_country","no_GR_ES","none",-0.0270479284665577,0.00496813898589948,-5.44427773524952,223,250,-0.342522478842657,-0.0368384360777982,-0.0172574208553171,TRUE,TRUE,TRUE,FALSE
"mutil","log","growth","fe_country","no_GR_ES","n_cy",-0.0277229981004225,0.00457029893286126,-6.06590477071186,223,250,-0.376339692781651,-0.0367294986461639,-0.0187164975546811,TRUE,TRUE,TRUE,FALSE
"mutil","log","growth","re","all","none",-0.0254015315637079,0.00470380191719793,-5.40021285140333,267,270,-0.313794980158658,-0.0346627936407341,-0.0161402694866817,TRUE,TRUE,TRUE,FALSE
"mutil","log","growth","re","y2004_2008","none",0.0163138345678273,0.00739938611307906,2.20475514029349,132,135,0.188460611634998,0.00167711746659619,0.0309505516690584,TRUE,TRUE,FALSE,FALSE
"mutil","log","growth","re","y2009_2013","none",-0.0369288824990349,0.00742153394632611,-4.97590966586036,132,135,-0.397425113983111,-0.0516094102035631,-0.0222483547945067,TRUE,TRUE,TRUE,FALSE
"mutil","log","growth","re","no_bailout","none",-0.0207688163630756,0.0062011889242489,-3.34916684796716,187,190,-0.2378846523264,-0.033002094197973,-0.00853553852817813,TRUE,TRUE,TRUE,FALSE
"mutil","log","growth","re","no_GR_ES","none",-0.0254822914552435,0.00492799942813592,-5.17092013236748,247,250,-0.312535932526585,-0.0351885518424347,-0.0157760310680522,TRUE,TRUE,TRUE,FALSE
"mutil","log","growth","pooled_cl","all","none",0.000107800685141726,0.00718148435326453,0.0150109197261876,267,270,0.000918652980796545,-0.0140317421502984,0.0142473435205819,TRUE,FALSE,FALSE,FALSE
"mutil","log","growth","pooled_cl","all","n_cy",0.00145697499875252,0.00753068257541358,0.193471837932633,267,270,0.0118394543255644,-0.0133701002432564,0.0162840502407615,TRUE,FALSE,FALSE,FALSE
"mutil","log","growth","pooled_cl","y2004_2008","none",-0.003134561176376,0.0138276386575913,-0.226688103008474,132,135,-0.0197268273568391,-0.0304869971915025,0.0242178748387505,TRUE,FALSE,TRUE,FALSE
"mutil","log","growth","pooled_cl","y2004_2008","n_cy",-0.00930076464396346,0.0149354074744742,-0.622732567548574,132,135,-0.0541224693517909,-0.0388444768728857,0.0202429475849588,TRUE,FALSE,TRUE,FALSE
"mutil","log","growth","pooled_cl","y2009_2013","none",0.00392022567892931,0.0104127405934998,0.376483562970593,132,135,0.0327511089355173,-0.0166772044303288,0.0245176557881875,TRUE,FALSE,FALSE,FALSE
"mutil","log","growth","pooled_cl","y2009_2013","n_cy",0.0107577644201292,0.011890118322354,0.904765127518041,132,135,0.0785066424900067,-0.0127620648636599,0.0342775937039183,TRUE,FALSE,FALSE,FALSE
"mutil","log","growth","pooled_cl","no_bailout","none",0.00727062022154331,0.0122132057746366,0.595308091561216,187,190,0.0434920468068999,-0.0168227498274911,0.0313639902705777,TRUE,FALSE,FALSE,FALSE
"mutil","log","growth","pooled_cl","no_bailout","n_cy",0.00661221672082587,0.0118265555519149,0.559099113161081,187,190,0.0408512468796082,-0.0167183964347711,0.0299428298764228,TRUE,FALSE,FALSE,FALSE
"mutil","log","growth","pooled_cl","no_GR_ES","none",-0.00130049443860343,0.00872926983259421,-0.148980895715644,247,250,-0.00947900151202668,-0.0184937931028572,0.0158928042256503,TRUE,FALSE,TRUE,FALSE
"mutil","log","growth","pooled_cl","no_GR_ES","n_cy",-0.00118611555325014,0.0086806845640201,-0.13663848104404,247,250,-0.00869376978916314,-0.0182837199556358,0.0159114888491355,TRUE,FALSE,TRUE,FALSE
"mcomm","raw","none","fe_twoway","all","none",0.00582706138770308,0.00066932120574695,8.70592674738311,233,270,0.495428712383418,0.00450836635519905,0.00714575642020712,FALSE,TRUE,TRUE,FALSE
"mcomm","raw","none","fe_twoway","all","n_cy",0.00535818323575264,0.000609479704476046,8.79140551588824,233,270,0.499085848146716,0.00415738778537145,0.00655897868613383,FALSE,TRUE,TRUE,FALSE
"mcomm","raw","none","fe_twoway","y2004_2008","none",0.0056067138354936,0.00137777062456097,4.06941020191961,103,135,0.372167406321606,0.00287423075607968,0.00833919691490752,FALSE,TRUE,TRUE,FALSE
"mcomm","raw","none","fe_twoway","y2004_2008","n_cy",0.00540176190097951,0.00130010908195844,4.15485283191966,103,135,0.37886979774599,0.00282330217443699,0.00798022162752203,FALSE,TRUE,TRUE,FALSE
"mcomm","raw","none","fe_twoway","y2009_2013","none",0.00726989202329921,0.000826679132584751,8.79409160912128,103,135,0.654861882650745,0.00563036894041145,0.00890941510618697,FALSE,TRUE,TRUE,FALSE
"mcomm","raw","none","fe_twoway","y2009_2013","n_cy",0.00603034630082579,0.000819243161663087,7.36087474759511,103,135,0.587120660911228,0.00440557071244855,0.00765512188920304,FALSE,TRUE,TRUE,FALSE
"mcomm","raw","none","fe_twoway","no_bailout","none",0.00282943053965661,0.000857581370782685,3.29931436952075,161,190,0.251654157022066,0.00113587190929938,0.00452298917001384,FALSE,TRUE,TRUE,FALSE
"mcomm","raw","none","fe_twoway","no_bailout","n_cy",0.0029565679007019,0.000827882141152031,3.57124251597905,161,190,0.27092695828927,0.00132165954933808,0.00459147625206572,FALSE,TRUE,TRUE,FALSE
"mcomm","raw","none","fe_twoway","no_GR_ES","none",0.00551084559908586,0.000827651305319758,6.65841467737042,215,250,0.413466856888033,0.00387949594378953,0.00714219525438219,FALSE,TRUE,TRUE,FALSE
"mcomm","raw","none","fe_twoway","no_GR_ES","n_cy",0.00462321815862763,0.000736404823879418,6.27809325619609,215,250,0.393601614462927,0.00317172071293689,0.00607471560431838,FALSE,TRUE,TRUE,FALSE
"mcomm","raw","none","fe_country","all","none",0.00575337326787184,0.000563159370972112,10.2162435083705,242,270,0.548933933443644,0.00464405341600079,0.0068626931197429,FALSE,TRUE,TRUE,FALSE
"mcomm","raw","none","fe_country","all","n_cy",0.00523484054309039,0.000519284285477782,10.0808761009857,242,270,0.543821649461152,0.00421194649863755,0.00625773458754323,FALSE,TRUE,TRUE,FALSE
"mcomm","raw","none","fe_country","y2004_2008","none",0.00635710640464862,0.00112123450944765,5.66973844551064,107,135,0.480648691586602,0.00413438975905249,0.00857982305024475,FALSE,TRUE,TRUE,FALSE
"mcomm","raw","none","fe_country","y2004_2008","n_cy",0.00669997854779537,0.00106897488604529,6.26766693517204,107,135,0.518212658799914,0.00458086051056373,0.00881909658502701,FALSE,TRUE,TRUE,FALSE
"mcomm","raw","none","fe_country","y2009_2013","none",0.00784384458115033,0.000782069303146368,10.0296029387594,107,135,0.696109331222116,0.00629348340026808,0.00939420576203258,FALSE,TRUE,TRUE,FALSE
"mcomm","raw","none","fe_country","y2009_2013","n_cy",0.00653350157815451,0.000792344463951886,8.24578434683334,107,135,0.623335246009377,0.00496277108936552,0.0081042320669435,FALSE,TRUE,TRUE,FALSE
"mcomm","raw","none","fe_country","no_bailout","none",0.0036581296868381,0.000773072614904897,4.73193541759092,170,190,0.341150641670501,0.00213207142880387,0.00518418794487233,FALSE,TRUE,TRUE,FALSE
"mcomm","raw","none","fe_country","no_bailout","n_cy",0.00390760496734662,0.000757183425418624,5.16071117798997,170,190,0.368028471550465,0.00241291223482901,0.00540229769986424,FALSE,TRUE,TRUE,FALSE
"mcomm","raw","none","fe_country","no_GR_ES","none",0.00557322285367959,0.000700592763499876,7.95501059108582,224,250,0.469338745453735,0.00419262707465774,0.00695381863270144,FALSE,TRUE,TRUE,FALSE
"mcomm","raw","none","fe_country","no_GR_ES","n_cy",0.00476299160010844,0.000635008222435215,7.50067704925564,224,250,0.448043093280963,0.00351163743658747,0.0060143457636294,FALSE,TRUE,TRUE,FALSE
"mcomm","raw","none","re","all","none",0.00554025631923557,0.000564694676300712,9.81106525659056,268,270,0.514058104203725,0.00442845428442063,0.0066520583540505,FALSE,TRUE,TRUE,FALSE
"mcomm","raw","none","re","y2004_2008","none",0.00561063619059309,0.00111088985758314,5.05057828397103,133,135,0.401157620684463,0.00341333908353684,0.00780793329764934,FALSE,TRUE,TRUE,FALSE
"mcomm","raw","none","re","y2009_2013","none",0.00739913472236883,0.000777375462625711,9.5180965673615,133,135,0.636531464813255,0.00586151616958072,0.00893675327515695,FALSE,TRUE,TRUE,FALSE
"mcomm","raw","none","re","no_bailout","none",0.00326722417036787,0.000780119499610379,4.18810729894543,188,190,0.292125431691878,0.00172831153788731,0.00480613680284843,FALSE,TRUE,TRUE,FALSE
"mcomm","raw","none","re","no_GR_ES","none",0.00527583863410376,0.00070447888586162,7.48899468811063,248,250,0.429463237920683,0.00388831417201708,0.00666336309619044,FALSE,TRUE,TRUE,FALSE
"mcomm","raw","none","pooled_cl","all","none",0.000483209275963389,0.00249234669565411,0.193877230967087,268,270,0.0118421063611982,-0.00442386040963235,0.00539027896155913,FALSE,FALSE,TRUE,FALSE
"mcomm","raw","none","pooled_cl","all","n_cy",8.10541151960165e-05,0.00256056156807032,0.0316548198671513,268,270,0.0019336222623689,-0.00496032077485785,0.00512242900524988,FALSE,FALSE,TRUE,FALSE
"mcomm","raw","none","pooled_cl","y2004_2008","none",-0.00203772316872441,0.00264587671348892,-0.770150460275006,133,135,-0.0666321019995355,-0.00727116481776888,0.00319571848032005,FALSE,FALSE,FALSE,FALSE
"mcomm","raw","none","pooled_cl","y2004_2008","n_cy",-0.000865608368667253,0.00300023553246361,-0.288513471459511,133,135,-0.0250094656960441,-0.00679995803525989,0.00506874129792538,FALSE,FALSE,FALSE,FALSE
"mcomm","raw","none","pooled_cl","y2009_2013","none",0.000751454271844337,0.00321619651820909,0.233646876858998,133,135,0.0202555970217024,-0.00561005785912432,0.00711296640281299,FALSE,FALSE,TRUE,FALSE
"mcomm","raw","none","pooled_cl","y2009_2013","n_cy",-4.06958861704221e-05,0.00328221577687877,-0.0123989063903415,133,135,-0.00107512091286755,-0.00653279155347679,0.00645139978113594,FALSE,FALSE,FALSE,FALSE
"mcomm","raw","none","pooled_cl","no_bailout","none",-0.00450933066893044,0.00296416019636044,-1.52128440104798,188,190,-0.110274397609924,-0.0103566189025323,0.00133795756467141,FALSE,FALSE,FALSE,FALSE
"mcomm","raw","none","pooled_cl","no_bailout","n_cy",-0.00457623382907496,0.00304123754233853,-1.50472752140108,188,190,-0.1090885876287,-0.0105755696675156,0.00142310200936564,FALSE,FALSE,FALSE,FALSE
"mcomm","raw","none","pooled_cl","no_GR_ES","none",-0.00112884773421828,0.00243375186277335,-0.463830249700115,248,250,-0.0294404833567815,-0.00592230615010384,0.00366461068166727,FALSE,FALSE,FALSE,FALSE
"mcomm","raw","none","pooled_cl","no_GR_ES","n_cy",-0.00171345442669357,0.0024918902669598,-0.68761231159029,248,250,-0.0436218628241108,-0.00662142082800542,0.00319451197461828,FALSE,FALSE,FALSE,FALSE
"mcomm","raw","growth","fe_twoway","all","none",0.00523515487262781,0.000713203725337187,7.34033584885266,232,270,0.434133841775254,0.0038299709839133,0.00664033876134232,FALSE,TRUE,TRUE,FALSE
"mcomm","raw","growth","fe_twoway","all","n_cy",0.0047405662709427,0.000639579635486794,7.41200314693351,232,270,0.437564137259822,0.00348043965156611,0.0060006928903193,FALSE,TRUE,TRUE,FALSE
"mcomm","raw","growth","fe_twoway","y2004_2008","none",0.0057254324020149,0.00143836550721255,3.9805128622073,102,135,0.366677620608508,0.00287244123837841,0.00857842356565139,FALSE,TRUE,TRUE,FALSE
"mcomm","raw","growth","fe_twoway","y2004_2008","n_cy",0.00550883534549946,0.00135353873323276,4.06995027940003,102,135,0.373776312576828,0.00282409768585106,0.00819357300514787,FALSE,TRUE,TRUE,FALSE
"mcomm","raw","growth","fe_twoway","y2009_2013","none",0.00645414098305468,0.000864120815882737,7.46902616442759,102,135,0.594605967213079,0.00474016144192578,0.00816812052418358,FALSE,TRUE,TRUE,FALSE
"mcomm","raw","growth","fe_twoway","y2009_2013","n_cy",0.00534475445644062,0.000839117061443241,6.36949801407674,102,135,0.533445876797924,0.00368036974368874,0.00700913916919251,FALSE,TRUE,TRUE,FALSE
"mcomm","raw","growth","fe_twoway","no_bailout","none",0.0028067812340845,0.00090586761189313,3.09844528851047,160,190,0.237919721555982,0.00101778187420256,0.00459578059396643,FALSE,TRUE,TRUE,FALSE
"mcomm","raw","growth","fe_twoway","no_bailout","n_cy",0.00278709807457256,0.000866190855380285,3.21764892489998,160,190,0.246526395847187,0.00107645640302361,0.0044977397461215,FALSE,TRUE,TRUE,FALSE
"mcomm","raw","growth","fe_twoway","no_GR_ES","none",0.00499408117724276,0.000889905287821297,5.61192437621028,214,250,0.358172005401528,0.00323997884616498,0.00674818350832053,FALSE,TRUE,TRUE,FALSE
"mcomm","raw","growth","fe_twoway","no_GR_ES","n_cy",0.00414155850191455,0.000773170469519337,5.35659167698071,214,250,0.343842733340256,0.00261755348535293,0.00566556351847616,FALSE,TRUE,TRUE,FALSE
"mcomm","raw","growth","fe_country","all","none",0.0057999543521862,0.00060937573805373,9.51786228101324,241,270,0.522683630488664,0.00459957176877573,0.00700033693559667,FALSE,TRUE,TRUE,FALSE
"mcomm","raw","growth","fe_country","all","n_cy",0.00521563884041366,0.000554933465979171,9.39867418377942,241,270,0.517902014475993,0.00412249970487711,0.00630877797595022,FALSE,TRUE,TRUE,FALSE
"mcomm","raw","growth","fe_country","y2004_2008","none",0.00638186428497631,0.00112700435997407,5.66267932195324,106,135,0.481924156281081,0.00414746852689394,0.00861626004305868,FALSE,TRUE,TRUE,FALSE
"mcomm","raw","growth","fe_country","y2004_2008","n_cy",0.00668269534352214,0.00107276765577831,6.22939674544316,106,135,0.517670762401398,0.00455582912666545,0.00880956156037883,FALSE,TRUE,TRUE,FALSE
"mcomm","raw","growth","fe_country","y2009_2013","none",0.00784404584241143,0.000787261934924599,9.96370520970598,106,135,0.695428353670889,0.00628322248593771,0.00940486919888515,FALSE,TRUE,TRUE,FALSE
"mcomm","raw","growth","fe_country","y2009_2013","n_cy",0.00653604477252384,0.000798514628506086,8.1852536436958,106,135,0.622316229489297,0.00495291185656798,0.0081191776884797,FALSE,TRUE,TRUE,FALSE
"mcomm","raw","growth","fe_country","no_bailout","none",0.00404788958725049,0.000782402159429176,5.17366873092957,169,190,0.369767760616828,0.00250334913427543,0.00559243004022555,FALSE,TRUE,TRUE,FALSE
"mcomm","raw","growth","fe_country","no_bailout","n_cy",0.00415377897351,0.000760897081108384,5.45905494532753,169,190,0.387175507566838,0.00265169170526936,0.00565586624175063,FALSE,TRUE,TRUE,FALSE
"mcomm","raw","growth","fe_country","no_GR_ES","none",0.00564574951065309,0.000749624900640049,7.531432728332,223,250,0.450312411449484,0.00416849448294112,0.00712300453836506,FALSE,TRUE,TRUE,FALSE
"mcomm","raw","growth","fe_country","no_GR_ES","n_cy",0.00482754223654186,0.000664518129156556,7.2647261597953,223,250,0.437462489959118,0.00351800363068164,0.00613708084240208,FALSE,TRUE,TRUE,FALSE
"mcomm","raw","growth","re","all","none",0.00537274811608457,0.000624254433152795,8.60666393500729,267,270,0.466025965974028,0.0041436606651365,0.00660183556703264,FALSE,TRUE,TRUE,FALSE
"mcomm","raw","growth","re","y2004_2008","none",0.00540560140427394,0.00114121568835735,4.73670442793744,132,135,0.381154888819867,0.00314816397274862,0.00766303883579926,FALSE,TRUE,TRUE,FALSE
"mcomm","raw","growth","re","y2009_2013","none",0.0071948654309445,0.000813039000356624,8.84934846641873,132,135,0.610211426115743,0.00558659392589992,0.00880313693598908,FALSE,TRUE,TRUE,FALSE
"mcomm","raw","growth","re","no_bailout","none",0.0036036657752564,0.000790920448686752,4.55629359594881,187,190,0.316104683134582,0.00204339246117435,0.00516393908933845,FALSE,TRUE,TRUE,FALSE
"mcomm","raw","growth","re","no_GR_ES","none",0.00513691937146304,0.000763560844570643,6.72758354228022,247,250,0.393526630431387,0.0036329986655165,0.00664084007740958,FALSE,TRUE,TRUE,FALSE
"mcomm","raw","growth","pooled_cl","all","none",-0.000649206457613067,0.00233342324250344,-0.278220618440638,267,270,-0.0170243577245576,-0.00524345693113683,0.0039450440159107,FALSE,FALSE,FALSE,FALSE
"mcomm","raw","growth","pooled_cl","all","n_cy",-0.000974639259371613,0.00230600115212154,-0.422653413887037,267,270,-0.0258573204175561,-0.00551489869113869,0.00356562017239546,FALSE,FALSE,FALSE,FALSE
"mcomm","raw","growth","pooled_cl","y2004_2008","none",-0.00113356392452223,0.00280737571389577,-0.403780626480235,132,135,-0.0351229082864163,-0.00668683057302537,0.0044197027239809,FALSE,FALSE,FALSE,FALSE
"mcomm","raw","growth","pooled_cl","y2004_2008","n_cy",0.000147699736182247,0.00306903872268766,0.0481257323638134,132,135,0.00418877059237477,-0.0059231622069865,0.006218561679351,FALSE,FALSE,TRUE,FALSE
"mcomm","raw","growth","pooled_cl","y2009_2013","none",4.53360862772731e-05,0.00293811785470435,0.0154303157733048,132,135,0.00134303538898887,-0.00576655143954998,0.00585722361210453,FALSE,FALSE,TRUE,FALSE
"mcomm","raw","growth","pooled_cl","y2009_2013","n_cy",-0.00093612800917352,0.00282706499079984,-0.331130699937912,132,135,-0.0288092651158914,-0.00652834199351892,0.00465608597517188,FALSE,FALSE,FALSE,FALSE
"mcomm","raw","growth","pooled_cl","no_bailout","none",-0.00449946139642481,0.00303425051337379,-1.4828905446643,187,190,-0.107807684560861,-0.0104852215472942,0.00148629875444458,FALSE,FALSE,FALSE,FALSE
"mcomm","raw","growth","pooled_cl","no_bailout","n_cy",-0.00443597014493745,0.00307274043493137,-1.44365273893905,187,190,-0.104986920144217,-0.010497660558537,0.00162572026866204,FALSE,FALSE,FALSE,FALSE
"mcomm","raw","growth","pooled_cl","no_GR_ES","none",-0.00187492560286004,0.00242485790123779,-0.773210505202375,247,250,-0.0491387729423856,-0.00665096150436075,0.00290111029864065,FALSE,FALSE,FALSE,FALSE
"mcomm","raw","growth","pooled_cl","no_GR_ES","n_cy",-0.00212174778562626,0.0024989693858895,-0.849049131056495,247,250,-0.0539450389370893,-0.0070437547608255,0.00280025918957297,FALSE,FALSE,FALSE,FALSE
"mcomm","log","none","fe_twoway","all","none",0.0666439694785574,0.00730716926816584,9.12035386519594,233,270,0.512913233816202,0.0522474021311312,0.0810405368259836,FALSE,TRUE,TRUE,FALSE
"mcomm","log","none","fe_twoway","all","n_cy",0.0595525636191611,0.00665941406751083,8.94261312113015,233,270,0.50549033820392,0.0464322020127874,0.0726729252255349,FALSE,TRUE,TRUE,FALSE
"mcomm","log","none","fe_twoway","y2004_2008","none",0.0535023269188873,0.012392929074208,4.31716558680509,103,135,0.391439110872483,0.02892387503729,0.0780807788004846,FALSE,TRUE,TRUE,FALSE
"mcomm","log","none","fe_twoway","y2004_2008","n_cy",0.0521471938376791,0.0115995644018494,4.49561656206374,103,135,0.405009567088863,0.0291421936645007,0.0751521940108576,FALSE,TRUE,TRUE,FALSE
"mcomm","log","none","fe_twoway","y2009_2013","none",0.0875556586767225,0.0109870665583683,7.96897499542639,103,135,0.617574556203917,0.0657654035152711,0.109345913838174,FALSE,TRUE,TRUE,FALSE
"mcomm","log","none","fe_twoway","y2009_2013","n_cy",0.0724557227088088,0.0112501017962105,6.44045040847675,103,135,0.535813033633915,0.0501437991913331,0.0947676462262845,FALSE,TRUE,TRUE,FALSE
"mcomm","log","none","fe_twoway","no_bailout","none",0.031646415179451,0.00787046099063688,4.02090998444681,161,190,0.302087013846948,0.0161037651293245,0.0471890652295775,FALSE,TRUE,TRUE,FALSE
"mcomm","log","none","fe_twoway","no_bailout","n_cy",0.0328961971780634,0.00751926825075717,4.37492001628627,161,190,0.325960615009274,0.0180470853924159,0.0477453089637109,FALSE,TRUE,TRUE,FALSE
"mcomm","log","none","fe_twoway","no_GR_ES","none",0.0587874486305988,0.00765346869734859,7.6811509859529,215,250,0.464035233142393,0.0437020093387255,0.073872887922472,FALSE,TRUE,TRUE,FALSE
"mcomm","log","none","fe_twoway","no_GR_ES","n_cy",0.0496758383399285,0.00680873409841536,7.29589929962015,215,250,0.445476744905731,0.0362554208850645,0.0630962557947925,FALSE,TRUE,TRUE,FALSE
"mcomm","log","none","fe_country","all","none",0.0611380122240275,0.00583756197040886,10.4732099691518,242,270,0.558471425404596,0.0496390943082626,0.0726369301397923,FALSE,TRUE,TRUE,FALSE
"mcomm","log","none","fe_country","all","n_cy",0.0550315808882166,0.00540953698102131,10.17306676732,242,270,0.547309951631925,0.0443757930743355,0.0656873687020977,FALSE,TRUE,TRUE,FALSE
"mcomm","log","none","fe_country","y2004_2008","none",0.0586803566351174,0.00968450558727323,6.0592000393114,107,135,0.505435678470565,0.0394819538105334,0.0778787594597015,FALSE,TRUE,TRUE,FALSE
"mcomm","log","none","fe_country","y2004_2008","n_cy",0.0618261618392223,0.00915992861845307,6.74963358499004,107,135,0.546466242941229,0.0436676716740045,0.07998465200444,FALSE,TRUE,TRUE,FALSE
"mcomm","log","none","fe_country","y2009_2013","none",0.0951327594839618,0.0102229069078783,9.30584229527201,107,135,0.668812634971812,0.0748670388349298,0.115398480132994,FALSE,TRUE,TRUE,FALSE
"mcomm","log","none","fe_country","y2009_2013","n_cy",0.0798777526615488,0.0107719964014816,7.41531557238192,107,135,0.582625762184245,0.0585235261316592,0.101231979191438,FALSE,TRUE,TRUE,FALSE
"mcomm","log","none","fe_country","no_bailout","none",0.0355775058546055,0.00673856351841789,5.2796869477248,170,190,0.375329417655396,0.022275468883816,0.0488795428253949,FALSE,TRUE,TRUE,FALSE
"mcomm","log","none","fe_country","no_bailout","n_cy",0.0378747237374395,0.00656537271051124,5.76886117627437,170,190,0.404615969107584,0.0249145683150659,0.0508348791598131,FALSE,TRUE,TRUE,FALSE
"mcomm","log","none","fe_country","no_GR_ES","none",0.0549048580521717,0.00620908556517859,8.84266410501503,224,250,0.508675871428258,0.0426691659790083,0.0671405501253351,FALSE,TRUE,TRUE,FALSE
"mcomm","log","none","fe_country","no_GR_ES","n_cy",0.0474579197788447,0.0056596499165331,8.38531013026256,224,250,0.488780748946093,0.0363049516173225,0.0586108879403669,FALSE,TRUE,TRUE,FALSE
"mcomm","log","none","re","all","none",0.0583426080201307,0.00586957522633417,9.93983478708534,268,270,0.518996364385706,0.0467862644702182,0.0698989515700432,FALSE,TRUE,TRUE,FALSE
"mcomm","log","none","re","y2004_2008","none",0.0510930136536308,0.00959153204489385,5.32688765616236,133,135,0.419328542765585,0.0321213348048074,0.0700646925024542,FALSE,TRUE,TRUE,FALSE
"mcomm","log","none","re","y2009_2013","none",0.0871862646663875,0.0101365826553449,8.60114968040195,133,135,0.597850434713445,0.067136496823081,0.107236032509694,FALSE,TRUE,TRUE,FALSE
"mcomm","log","none","re","no_bailout","none",0.0318761954757446,0.00681358704363191,4.67832806297479,188,190,0.322922389950116,0.0184352865134793,0.0453171044380098,FALSE,TRUE,TRUE,FALSE
"mcomm","log","none","re","no_GR_ES","none",0.05185856999329,0.00626626599994713,8.27583284746091,248,250,0.465191873574237,0.0395166850406491,0.0642004549459309,FALSE,TRUE,TRUE,FALSE
"mcomm","log","none","pooled_cl","all","none",-0.00184339601607064,0.0239394292851277,-0.0770025047011394,268,270,-0.0047036245741347,-0.0489766652118647,0.0452898731797235,FALSE,FALSE,FALSE,FALSE
"mcomm","log","none","pooled_cl","all","n_cy",-0.00429032176476251,0.0252212109721252,-0.170107683152257,268,270,-0.0103904196411921,-0.0539472334661457,0.0453665899366206,FALSE,FALSE,FALSE,FALSE
"mcomm","log","none","pooled_cl","y2004_2008","none",-0.0188770295828617,0.0230498021339103,-0.8189670988581,133,135,-0.0708350707582132,-0.0644686453504667,0.0267145861847432,FALSE,FALSE,FALSE,FALSE
"mcomm","log","none","pooled_cl","y2004_2008","n_cy",-0.00753182446101741,0.0261123509988603,-0.288439155147162,133,135,-0.0250030276978739,-0.0591810432531142,0.0441173943310793,FALSE,FALSE,FALSE,FALSE
"mcomm","log","none","pooled_cl","y2009_2013","none",-0.000642227067264134,0.0352112050212706,-0.0182392811287252,133,135,-0.00158154427241902,-0.0702886266640051,0.0690041725294768,FALSE,FALSE,FALSE,FALSE
"mcomm","log","none","pooled_cl","y2009_2013","n_cy",-0.00955141884957333,0.0363886319197666,-0.26248359297028,133,135,-0.0227543211129278,-0.0815267232429285,0.0624238855437818,FALSE,FALSE,FALSE,FALSE
"mcomm","log","none","pooled_cl","no_bailout","none",-0.0398580105053545,0.0266345995302367,-1.49647493141791,188,190,-0.108497359723547,-0.0923990913251688,0.0126830703144598,FALSE,FALSE,FALSE,FALSE
"mcomm","log","none","pooled_cl","no_bailout","n_cy",-0.039744157313311,0.028091574671739,-1.41480702942918,188,190,-0.10264043634506,-0.095159358638494,0.0156710440118718,FALSE,FALSE,FALSE,FALSE
"mcomm","log","none","pooled_cl","no_GR_ES","none",-0.0125333025703584,0.0224072040743494,-0.559342545762142,248,250,-0.0354959043248393,-0.0566659861810285,0.0315993810403117,FALSE,FALSE,FALSE,FALSE
"mcomm","log","none","pooled_cl","no_GR_ES","n_cy",-0.015911123391807,0.0239387942170984,-0.664658514021663,248,250,-0.0421683166199227,-0.0630603896589692,0.0312381428753552,FALSE,FALSE,FALSE,FALSE
"mcomm","log","growth","fe_twoway","all","none",0.0604242966702317,0.00776998266979029,7.77663210307553,232,270,0.45472248694009,0.0451155509706514,0.0757330423698119,FALSE,TRUE,TRUE,FALSE
"mcomm","log","growth","fe_twoway","all","n_cy",0.0529297784763144,0.00692238141138192,7.64618060329443,232,270,0.448640356251076,0.0392910123212275,0.0665685446314013,FALSE,TRUE,TRUE,FALSE
"mcomm","log","growth","fe_twoway","y2004_2008","none",0.0555378953018422,0.0130566802554518,4.2536000128097,102,135,0.38814821850503,0.0296400319225819,0.0814357586811025,FALSE,TRUE,TRUE,FALSE
"mcomm","log","growth","fe_twoway","y2004_2008","n_cy",0.0539258732548297,0.0121593971208762,4.43491340226445,102,135,0.402064884210153,0.0298077667185886,0.0780439797910708,FALSE,TRUE,TRUE,FALSE
"mcomm","log","growth","fe_twoway","y2009_2013","none",0.0763401514509623,0.0117730228017069,6.48432885391966,102,135,0.540273474413712,0.0529884165448239,0.0996918863571006,FALSE,TRUE,TRUE,FALSE
"mcomm","log","growth","fe_twoway","y2009_2013","n_cy",0.0623738428069977,0.011654844847854,5.35175230740909,102,135,0.468226335253714,0.0392565133119932,0.0854911723020022,FALSE,TRUE,TRUE,FALSE
"mcomm","log","growth","fe_twoway","no_bailout","none",0.031755708680948,0.00825236053807456,3.84807577594728,160,190,0.291047150793626,0.0154581089806155,0.0480533083812804,FALSE,TRUE,TRUE,FALSE
"mcomm","log","growth","fe_twoway","no_bailout","n_cy",0.03170255201989,0.00780882380695782,4.05983702585816,160,190,0.305603308178551,0.0162808937017577,0.0471242103380224,FALSE,TRUE,TRUE,FALSE
"mcomm","log","growth","fe_twoway","no_GR_ES","none",0.0546640001160311,0.00814715312459387,6.70958300157836,214,250,0.416898309742663,0.0386050548742455,0.0707229453578167,FALSE,TRUE,TRUE,FALSE
"mcomm","log","growth","fe_twoway","no_GR_ES","n_cy",0.0457330899442898,0.00708873809998272,6.45151355562159,214,250,0.403517595332902,0.0317603984727942,0.0597057814157854,FALSE,TRUE,TRUE,FALSE
"mcomm","log","growth","fe_country","all","none",0.0621850004692405,0.0063509872262454,9.79139120486048,241,270,0.533472908644745,0.0496744688255025,0.0746955321129785,FALSE,TRUE,TRUE,FALSE
"mcomm","log","growth","fe_country","all","n_cy",0.0547151779398143,0.00576278305149701,9.49457535549613,241,270,0.521753244860016,0.0433633239439794,0.0660670319356492,FALSE,TRUE,TRUE,FALSE
"mcomm","log","growth","fe_country","y2004_2008","none",0.0588925408728884,0.00973302713631281,6.05079386382958,106,135,0.506680465146717,0.0395958679237453,0.0781892138220314,FALSE,TRUE,TRUE,FALSE
"mcomm","log","growth","fe_country","y2004_2008","n_cy",0.0616574476552861,0.00919615639228732,6.70469759594316,106,135,0.545705541089299,0.0434251731731699,0.0798897221374022,FALSE,TRUE,TRUE,FALSE
"mcomm","log","growth","fe_country","y2009_2013","none",0.0951412187850627,0.0102930483672505,9.24324994797212,106,135,0.668053121449706,0.074734249276932,0.115548188293193,FALSE,TRUE,TRUE,FALSE
"mcomm","log","growth","fe_country","y2009_2013","n_cy",0.0798525498183007,0.0108525424430982,7.35795784600535,106,135,0.581444145637291,0.0583363288874203,0.101368770749181,FALSE,TRUE,TRUE,FALSE
"mcomm","log","growth","fe_country","no_bailout","none",0.0397062021706155,0.00682590699531161,5.81698552264011,169,190,0.408436033978758,0.0262311761172671,0.053181228223964,FALSE,TRUE,TRUE,FALSE
"mcomm","log","growth","fe_country","no_bailout","n_cy",0.0402962243652041,0.00659246410557042,6.11246776924505,169,190,0.425501839611414,0.0272820380249359,0.0533104107054724,FALSE,TRUE,TRUE,FALSE
"mcomm","log","growth","fe_country","no_GR_ES","none",0.0562632574506814,0.00665019810748625,8.46038817811229,223,250,0.492935403593923,0.0431579849588302,0.0693685299425326,FALSE,TRUE,TRUE,FALSE
"mcomm","log","growth","fe_country","no_GR_ES","n_cy",0.0483405814913025,0.00591397177228399,8.17396216158016,223,250,0.480145871686881,0.036686160024121,0.0599950029584841,FALSE,TRUE,TRUE,FALSE
"mcomm","log","growth","re","all","none",0.0566715926536219,0.00652251124845764,8.6886155492676,267,270,0.469488911955901,0.0438294944667361,0.0695136908405077,FALSE,TRUE,TRUE,FALSE
"mcomm","log","growth","re","y2004_2008","none",0.0489900526756629,0.00985450997850713,4.9713332050514,132,135,0.397117258597437,0.0294968578994482,0.0684832474518775,FALSE,TRUE,TRUE,FALSE
"mcomm","log","growth","re","y2009_2013","none",0.083703458118925,0.0105720804788274,7.91740644488635,132,135,0.56743527727268,0.062790837967028,0.104616078270822,FALSE,TRUE,TRUE,FALSE
"mcomm","log","growth","re","no_bailout","none",0.0354057035197847,0.00692514209627312,5.11263206264589,187,190,0.350197523560177,0.0217442607957003,0.0490671462438692,FALSE,TRUE,TRUE,FALSE
"mcomm","log","growth","re","no_GR_ES","none",0.0510744768347979,0.00680949965082075,7.50047425711255,247,250,0.430708285128993,0.0376623858471261,0.0644865678224698,FALSE,TRUE,TRUE,FALSE
"mcomm","log","growth","pooled_cl","all","none",-0.0130524715528856,0.0225755965161393,-0.578167294208788,267,270,-0.0353611350751837,-0.0575013066785182,0.031396363572747,FALSE,FALSE,FALSE,FALSE
"mcomm","log","growth","pooled_cl","all","n_cy",-0.0139641079230506,0.0232383912203883,-0.600906826579248,267,270,-0.0367500586964781,-0.0597179120008987,0.0317896961547975,FALSE,FALSE,FALSE,FALSE
"mcomm","log","growth","pooled_cl","y2004_2008","none",-0.0126427680699621,0.0238030114116899,-0.531141537148241,132,135,-0.0461806144550084,-0.0597274773777325,0.0344419412378083,FALSE,FALSE,FALSE,FALSE
"mcomm","log","growth","pooled_cl","y2004_2008","n_cy",-0.000311019257928841,0.0258023495693882,-0.0120539122645572,132,135,-0.00104915781863354,-0.0513506170600569,0.0507285785441993,FALSE,FALSE,FALSE,FALSE
"mcomm","log","growth","pooled_cl","y2009_2013","none",-0.00827873073401359,0.0322420028303738,-0.256768500938612,132,135,-0.0223432501863615,-0.0720565991940902,0.0554991377260631,FALSE,FALSE,FALSE,FALSE
"mcomm","log","growth","pooled_cl","y2009_2013","n_cy",-0.0185482564658508,0.0320366361216266,-0.578970163890884,132,135,-0.0503290211823671,-0.0819198892771847,0.0448233763454832,FALSE,FALSE,FALSE,FALSE
"mcomm","log","growth","pooled_cl","no_bailout","none",-0.0402011253893456,0.0271685379951068,-1.47969410045495,187,190,-0.107577992009355,-0.0937973434246418,0.0133950926459506,FALSE,FALSE,FALSE,FALSE
"mcomm","log","growth","pooled_cl","no_bailout","n_cy",-0.038835793265333,0.0282722130220143,-1.37363825163221,187,190,-0.0999473945250134,-0.0946092652770081,0.016937678746342,FALSE,FALSE,FALSE,FALSE
"mcomm","log","growth","pooled_cl","no_GR_ES","none",-0.0194694597865537,0.0222321558858745,-0.875734224179483,247,250,-0.055635330182567,-0.0632582420589067,0.0243193224857994,FALSE,FALSE,FALSE,FALSE
"mcomm","log","growth","pooled_cl","no_GR_ES","n_cy",-0.0197252064640183,0.0237461852463188,-0.830668431977979,247,250,-0.0527804952333241,-0.0664960433044831,0.0270456303764465,FALSE,FALSE,FALSE,FALSE
"mlib","raw","none","fe_twoway","all","none",0.000102633963927266,0.000501754033346684,0.20455035157904,233,270,0.013399336049984,-0.000885920627847151,0.00109118855570168,FALSE,FALSE,TRUE,FALSE
"mlib","raw","none","fe_twoway","all","n_cy",-0.00037812341987054,0.000501028146016552,-0.754694966494055,233,270,-0.0493813919957548,-0.00136524787017,0.000609001030428927,FALSE,FALSE,FALSE,FALSE
"mlib","raw","none","fe_twoway","y2004_2008","none",0.00298221397291622,0.00117975756642964,2.52781932303384,103,135,0.241689328552394,0.000642443091891132,0.00532198485394132,FALSE,TRUE,TRUE,FALSE
"mlib","raw","none","fe_twoway","y2004_2008","n_cy",0.00240389950090808,0.0011621684087569,2.06846054564447,103,135,0.19970587280759,9.90125656320806e-05,0.00470878643618408,FALSE,TRUE,TRUE,FALSE
"mlib","raw","none","fe_twoway","y2009_2013","none",0.000240334281625582,0.00075786779014433,0.317119007762307,103,135,0.0312314215585819,-0.00126271773304636,0.00174338629629752,FALSE,FALSE,TRUE,FALSE
"mlib","raw","none","fe_twoway","y2009_2013","n_cy",-1.28627361014132e-05,0.000768903428773638,-0.0167286756958915,103,135,-0.00164832315558152,-0.00153780133718154,0.00151207586497871,FALSE,FALSE,FALSE,FALSE
"mlib","raw","none","fe_twoway","no_bailout","none",-0.00172358805478162,0.00080604661166453,-2.1383230570529,161,190,-0.166180213823734,-0.00331537542582584,-0.000131800683737407,FALSE,TRUE,FALSE,FALSE
"mlib","raw","none","fe_twoway","no_bailout","n_cy",-0.00232584311931706,0.000786146254263707,-2.95853743079322,161,190,-0.227074523296304,-0.00387833110353739,-0.000773355135096742,FALSE,TRUE,FALSE,FALSE
"mlib","raw","none","fe_twoway","no_GR_ES","none",-0.000821093361943245,0.000603271253109922,-1.36106827187675,215,250,-0.0924267509492453,-0.00201017666850655,0.000367989944620062,FALSE,FALSE,FALSE,FALSE
"mlib","raw","none","fe_twoway","no_GR_ES","n_cy",-0.001453043236445,0.000599734348597186,-2.42281143283482,215,250,-0.16302388321703,-0.00263515509510436,-0.000270931377785642,FALSE,TRUE,FALSE,FALSE
"mlib","raw","none","fe_country","all","none",0.00347590623675805,0.000573135149001424,6.06472355222698,242,270,0.363228170554517,0.00234693594635007,0.00460487652716602,FALSE,TRUE,TRUE,FALSE
"mlib","raw","none","fe_country","all","n_cy",0.00312839197784812,0.000598994371822358,5.22274018757542,242,270,0.318272253803954,0.00194848379897049,0.00430830015672575,FALSE,TRUE,TRUE,FALSE
"mlib","raw","none","fe_country","y2004_2008","none",0.00272766225905611,0.00094782996995955,2.87779701582186,107,135,0.268027862130742,0.00084869988885418,0.00460662462925805,FALSE,TRUE,TRUE,FALSE
"mlib","raw","none","fe_country","y2004_2008","n_cy",0.00197593465078986,0.000943117710766329,2.09510926179546,107,135,0.198511002670764,0.00010631378484853,0.0038455555167312,FALSE,TRUE,TRUE,FALSE
"mlib","raw","none","fe_country","y2009_2013","none",0.00288589727116811,0.00103527155405812,2.78757516311136,107,135,0.260202405445088,0.000833592158787352,0.00493820238354887,FALSE,TRUE,TRUE,FALSE
"mlib","raw","none","fe_country","y2009_2013","n_cy",0.00215509448882678,0.00107090650267033,2.01240209434997,107,135,0.190965952865249,3.21472469201035e-05,0.00427804173073346,FALSE,TRUE,TRUE,FALSE
"mlib","raw","none","fe_country","no_bailout","none",0.00215880278767544,0.0010590668570876,2.03840085564764,170,190,0.15446195304834,6.81871172862861e-05,0.0042494184580646,FALSE,TRUE,TRUE,FALSE
"mlib","raw","none","fe_country","no_bailout","n_cy",0.0014135032447235,0.0010772456798159,1.31214566111332,170,190,0.100131201151537,-0.000712997725456366,0.00354000421490337,FALSE,FALSE,TRUE,FALSE
"mlib","raw","none","fe_country","no_GR_ES","none",0.00291826336222106,0.000720190954892298,4.05206888867061,224,250,0.26133175801906,0.00149904717242352,0.00433747955201859,FALSE,TRUE,TRUE,FALSE
"mlib","raw","none","fe_country","no_GR_ES","n_cy",0.00232015436108913,0.000750154430982051,3.09290229486713,224,250,0.202377090418509,0.000841891816876398,0.00379841690530187,FALSE,TRUE,TRUE,FALSE
"mlib","raw","none","re","all","none",0.00325736712230014,0.000572589425328504,5.68883562673436,268,270,0.328246630453784,0.0021300214700193,0.00438471277458098,FALSE,TRUE,TRUE,FALSE
"mlib","raw","none","re","y2004_2008","none",0.00248016673576832,0.000931932442298461,2.66131601734069,133,135,0.224855930441316,0.000636840464080753,0.00432349300745589,FALSE,TRUE,TRUE,FALSE
"mlib","raw","none","re","y2009_2013","none",0.00183681200918545,0.00098522528313464,1.86435736133503,133,135,0.159588389618587,-0.000111925437333537,0.00378554945570443,FALSE,FALSE,TRUE,FALSE
"mlib","raw","none","re","no_bailout","none",0.00177751434250953,0.00104671687912119,1.69818064269863,188,190,0.122913427731876,-0.000287304994418634,0.00384233367943769,FALSE,FALSE,TRUE,FALSE
"mlib","raw","none","re","no_GR_ES","none",0.00273112531141258,0.000716488393666542,3.81182072948368,248,250,0.235257250501594,0.00131994721514129,0.00414230340768387,FALSE,TRUE,TRUE,FALSE
"mlib","raw","none","pooled_cl","all","none",-0.0011025075057527,0.0013591259093419,-0.811188645713145,268,270,-0.049490512667654,-0.00377842958363563,0.00157341457213022,FALSE,FALSE,FALSE,FALSE
"mlib","raw","none","pooled_cl","all","n_cy",-0.00215978213273473,0.00142267511380888,-1.51811338496842,268,270,-0.0923373563310712,-0.00496082339059668,0.00064125912512721,FALSE,FALSE,FALSE,FALSE
"mlib","raw","none","pooled_cl","y2004_2008","none",-0.00171509859720112,0.00217315332514863,-0.78922116417341,133,135,-0.0682744680690277,-0.00601351169544238,0.00258331450104014,FALSE,FALSE,FALSE,FALSE
"mlib","raw","none","pooled_cl","y2004_2008","n_cy",-0.00245855721343508,0.00231038914158576,-1.06413121892861,133,135,-0.0918815635234593,-0.00702841744064542,0.00211130301377524,FALSE,FALSE,FALSE,FALSE
"mlib","raw","none","pooled_cl","y2009_2013","none",-0.00330020343557266,0.0018073735156345,-1.8259664684829,133,135,-0.156383332983111,-0.00687511823938034,0.000274711368235014,FALSE,FALSE,FALSE,FALSE
"mlib","raw","none","pooled_cl","y2009_2013","n_cy",-0.00470932350661702,0.00203073686684285,-2.31902201782475,133,135,-0.197138551931709,-0.0087260423669495,-0.000692604646284553,FALSE,TRUE,FALSE,FALSE
"mlib","raw","none","pooled_cl","no_bailout","none",-0.00364793869113075,0.00185130051995821,-1.97047354106134,188,190,-0.142250113825774,-0.00729993015923841,4.05277697691124e-06,FALSE,FALSE,FALSE,FALSE
"mlib","raw","none","pooled_cl","no_bailout","n_cy",-0.00487309635850888,0.00158042218521828,-3.08341429529845,188,190,-0.219401780420647,-0.00799073624150072,-0.00175545647551703,FALSE,TRUE,FALSE,FALSE
"mlib","raw","none","pooled_cl","no_GR_ES","none",-0.00138412112835829,0.00159362101063773,-0.868538453696968,248,250,-0.0550685576019369,-0.00452287827201739,0.00175463601530079,FALSE,FALSE,FALSE,FALSE
"mlib","raw","none","pooled_cl","no_GR_ES","n_cy",-0.0026862731804445,0.00156740038570003,-1.71383981077991,248,250,-0.108190134918087,-0.00577338681960345,0.000400840458714437,FALSE,FALSE,FALSE,FALSE
"mlib","raw","growth","fe_twoway","all","none",0.000104501180286883,0.000540515872798012,0.193336006481968,232,270,0.0126921082703192,-0.000960445859482353,0.00116944822005611,FALSE,FALSE,TRUE,FALSE
"mlib","raw","growth","fe_twoway","all","n_cy",-0.000343492317295993,0.000534608502251899,-0.642511886453586,232,270,-0.0421454916960563,-0.00139680040788259,0.000709815773290609,FALSE,FALSE,FALSE,FALSE
"mlib","raw","growth","fe_twoway","y2004_2008","none",0.00325671994953544,0.00122815673321328,2.65171363024223,102,135,0.253951310234508,0.000820676892434812,0.00569276300663607,FALSE,TRUE,TRUE,FALSE
"mlib","raw","growth","fe_twoway","y2004_2008","n_cy",0.00291832231588639,0.00119487213635601,2.44237205562963,102,135,0.235055254092674,0.000548299098835351,0.00528834553293744,FALSE,TRUE,TRUE,FALSE
"mlib","raw","growth","fe_twoway","y2009_2013","none",-0.000305043594086207,0.000804297134828719,-0.379267289260167,102,135,-0.0375266061687951,-0.00190036314749468,0.00129027595932226,FALSE,FALSE,FALSE,FALSE
"mlib","raw","growth","fe_twoway","y2009_2013","n_cy",-0.000552512592039563,0.000795332917150854,-0.694693480082336,102,135,-0.0686227562248483,-0.00213005166218726,0.00102502647810813,FALSE,FALSE,FALSE,FALSE
"mlib","raw","growth","fe_twoway","no_bailout","none",-0.00165778962661783,0.000851286292523072,-1.94739377478336,160,190,-0.152162270608949,-0.00333899625372894,2.34170004932721e-05,FALSE,FALSE,FALSE,FALSE
"mlib","raw","growth","fe_twoway","no_bailout","n_cy",-0.0021124114502501,0.000821627990998513,-2.57100716308718,160,190,-0.199183176014177,-0.00373504585141338,-0.00048977704908682,FALSE,TRUE,FALSE,FALSE
"mlib","raw","growth","fe_twoway","no_GR_ES","none",-0.000906690955843972,0.000652085689152524,-1.39044756069151,214,250,-0.0946225742194747,-0.00219202439869299,0.000378642487005049,FALSE,FALSE,FALSE,FALSE
"mlib","raw","growth","fe_twoway","no_GR_ES","n_cy",-0.00145974240379499,0.000635131096359518,-2.29833244217144,214,250,-0.155206900758621,-0.00271165645792064,-0.000207828349669351,FALSE,TRUE,FALSE,FALSE
"mlib","raw","growth","fe_country","all","none",0.00322530583752543,0.000618747342915663,5.21263787950529,241,270,0.31831064983758,0.00200646254005568,0.00444414913499518,FALSE,TRUE,TRUE,FALSE
"mlib","raw","growth","fe_country","all","n_cy",0.00277192347154829,0.000636709247039451,4.35351533598277,241,270,0.270017916442854,0.00151769780565024,0.00402614913744634,FALSE,TRUE,TRUE,FALSE
"mlib","raw","growth","fe_country","y2004_2008","none",0.00270863287874703,0.000952851288731008,2.84266066571033,106,135,0.266145356939619,0.000819512522839208,0.00459775323465485,FALSE,TRUE,TRUE,FALSE
"mlib","raw","growth","fe_country","y2004_2008","n_cy",0.00197364679610804,0.000947897290841664,2.08213148742686,106,135,0.198221595664687,9.43482228504217e-05,0.00385294536936566,FALSE,TRUE,TRUE,FALSE
"mlib","raw","growth","fe_country","y2009_2013","none",0.00310492071182343,0.000983952583369963,3.15555928639297,106,135,0.293039942478182,0.00115413901432705,0.00505570240931981,FALSE,TRUE,TRUE,FALSE
"mlib","raw","growth","fe_country","y2009_2013","n_cy",0.00235192410126915,0.00105122838889898,2.23731029917529,106,135,0.212350780186944,0.00026776157594786,0.00443608662659044,FALSE,TRUE,TRUE,FALSE
"mlib","raw","growth","fe_country","no_bailout","none",0.00190805790315067,0.00108470523224962,1.75905660489298,169,190,0.134090063638,-0.000233259181129314,0.00404937498743067,FALSE,FALSE,TRUE,FALSE
"mlib","raw","growth","fe_country","no_bailout","n_cy",0.00120631551769222,0.00109070012214067,1.10600108426194,169,190,0.0847707700950293,-0.000946836081403804,0.00335946711678824,FALSE,FALSE,TRUE,FALSE
"mlib","raw","growth","fe_country","no_GR_ES","none",0.00259403786250979,0.000768234358324882,3.37662307653882,223,250,0.220547588590042,0.00108010994025491,0.00410796578476467,FALSE,TRUE,TRUE,FALSE
"mlib","raw","growth","fe_country","no_GR_ES","n_cy",0.00195838858411241,0.000780711166431706,2.50846749517285,223,250,0.165658467372006,0.000419873128159194,0.00349690404006563,FALSE,TRUE,TRUE,FALSE
"mlib","raw","growth","re","all","none",0.00298142038405981,0.000615517011962073,4.84376601477835,267,270,0.284209402965534,0.00176953594228369,0.00419330482583592,FALSE,TRUE,TRUE,FALSE
"mlib","raw","growth","re","y2004_2008","none",0.00245489094167488,0.000936047661516364,2.62261318798452,132,135,0.222544752217463,0.000603296146443582,0.00430648573690618,FALSE,TRUE,TRUE,FALSE
"mlib","raw","growth","re","y2009_2013","none",0.00220705542307445,0.000940706512606657,2.34616789986794,132,135,0.200078594015251,0.000346244959896751,0.00406786588625216,FALSE,TRUE,TRUE,FALSE
"mlib","raw","growth","re","no_bailout","none",0.00149291660668165,0.00106895255865657,1.39661633679788,187,190,0.101602186083013,-0.000615839279022016,0.00360167249238532,FALSE,FALSE,TRUE,FALSE
"mlib","raw","growth","re","no_GR_ES","none",0.00237959264129777,0.00076095157194332,3.1271275716282,247,250,0.195148810732935,0.000880811197218312,0.00387837408537724,FALSE,TRUE,TRUE,FALSE
"mlib","raw","growth","pooled_cl","all","none",-0.0016448224505491,0.00141502296378703,-1.16239982858445,267,270,-0.0709583956997519,-0.00443084506445387,0.00114120016335566,FALSE,FALSE,FALSE,FALSE
"mlib","raw","growth","pooled_cl","all","n_cy",-0.00260903013740097,0.00145126966916971,-1.79775695229242,267,270,-0.109361043467082,-0.00546641847713497,0.000248358202333027,FALSE,FALSE,FALSE,FALSE
"mlib","raw","growth","pooled_cl","y2004_2008","none",-0.0012643230376243,0.0020348779586967,-0.621326223629686,132,135,-0.0540005990603594,-0.00528951277117916,0.00276086669593055,FALSE,FALSE,FALSE,FALSE
"mlib","raw","growth","pooled_cl","y2004_2008","n_cy",-0.00194691176672323,0.00220492517265139,-0.882983146490228,132,135,-0.0766278498180094,-0.0063084716972743,0.00241464816382782,FALSE,FALSE,FALSE,FALSE
"mlib","raw","growth","pooled_cl","y2009_2013","none",-0.00288638949748185,0.00182025297970256,-1.58570788218323,132,135,-0.136722088362296,-0.00648702980864042,0.000714250813676708,FALSE,FALSE,FALSE,FALSE
"mlib","raw","growth","pooled_cl","y2009_2013","n_cy",-0.00429366333647448,0.00203663185692663,-2.10821770359313,132,135,-0.180483418617799,-0.00832232245408683,-0.000265004218862133,FALSE,TRUE,FALSE,FALSE
"mlib","raw","growth","pooled_cl","no_bailout","none",-0.00363052241226795,0.00175740333933713,-2.06584472158642,187,190,-0.149374629372229,-0.00709740651799476,-0.000163638306541149,FALSE,TRUE,FALSE,FALSE
"mlib","raw","growth","pooled_cl","no_bailout","n_cy",-0.00466428168501585,0.00152211230021699,-3.06434793566212,187,190,-0.218664427516752,-0.00766699985598733,-0.00166156351404437,FALSE,TRUE,FALSE,FALSE
"mlib","raw","growth","pooled_cl","no_GR_ES","none",-0.00183883437810616,0.00155984777940975,-1.17885501545669,247,250,-0.074798623343332,-0.00491113358027146,0.00123346482405914,FALSE,FALSE,FALSE,FALSE
"mlib","raw","growth","pooled_cl","no_GR_ES","n_cy",-0.00293761546370078,0.00151974781082781,-1.93296245783084,247,250,-0.122071638743143,-0.00593093317606473,5.5702248663159e-05,FALSE,FALSE,FALSE,FALSE
"mlib","log","none","fe_twoway","all","none",-0.0018634067045945,0.00554208345911985,-0.336228553456399,233,270,-0.0220217231831015,-0.0127824062290578,0.00905559281986877,FALSE,FALSE,FALSE,FALSE
"mlib","log","none","fe_twoway","all","n_cy",-0.007169557695469,0.00548467489345853,-1.30719829976066,233,270,-0.0853251023630994,-0.0179754510017059,0.0036363356107679,FALSE,FALSE,FALSE,FALSE
"mlib","log","none","fe_twoway","y2004_2008","none",0.0314670473821521,0.010585929050329,2.97253526190732,103,135,0.281084092885697,0.0104723538575188,0.0524617409067854,FALSE,TRUE,TRUE,FALSE
"mlib","log","none","fe_twoway","y2004_2008","n_cy",0.0265680861614755,0.0103860926687305,2.55804439733763,103,135,0.24440753488146,0.00596972096728782,0.0471664513556633,FALSE,TRUE,TRUE,FALSE
"mlib","log","none","fe_twoway","y2009_2013","none",-0.00050121552355933,0.0096831416902974,-0.0517616636821036,103,135,-0.0051001619381347,-0.0197054432466872,0.0187030121995686,FALSE,FALSE,FALSE,FALSE
"mlib","log","none","fe_twoway","y2009_2013","n_cy",-0.00208726264205125,0.0101210896598842,-0.206229043728788,103,135,-0.0203161574720891,-0.022160056870537,0.0179855315864345,FALSE,FALSE,FALSE,FALSE
"mlib","log","none","fe_twoway","no_bailout","none",-0.0155651076779265,0.00751676901235923,-2.07071783798784,161,190,-0.161064723002164,-0.0304092839473626,-0.000720931408490456,FALSE,TRUE,FALSE,FALSE
"mlib","log","none","fe_twoway","no_bailout","n_cy",-0.0212908879620792,0.00727422341581626,-2.92689497490367,161,190,-0.224769219079747,-0.0356560832248435,-0.00692569269931496,FALSE,TRUE,FALSE,FALSE
"mlib","log","none","fe_twoway","no_GR_ES","none",-0.00651297546160056,0.00574164099078818,-1.13434042150143,215,250,-0.0771309130895991,-0.0178300893125101,0.00480413838930895,FALSE,FALSE,FALSE,FALSE
"mlib","log","none","fe_twoway","no_GR_ES","n_cy",-0.0121554793787443,0.00571100849276992,-2.12842957493987,215,250,-0.143652151890492,-0.0234122147650011,-0.000898743992487409,FALSE,TRUE,FALSE,FALSE
"mlib","log","none","fe_country","all","none",0.0371978621627519,0.00596371534248633,6.2373637953088,242,270,0.372153036375254,0.0254504454254466,0.0489452789000571,FALSE,TRUE,TRUE,FALSE
"mlib","log","none","fe_country","all","n_cy",0.0331074450352471,0.00624749066246696,5.29931885039008,242,270,0.322456847045284,0.0208010433779499,0.0454138466925444,FALSE,TRUE,TRUE,FALSE
"mlib","log","none","fe_country","y2004_2008","none",0.0265719342074629,0.00824512985536867,3.22274296142966,107,135,0.297452335354326,0.0102269258972409,0.0429169425176849,FALSE,TRUE,TRUE,FALSE
"mlib","log","none","fe_country","y2004_2008","n_cy",0.0201138957463432,0.0081929472062318,2.45502567513726,107,135,0.230921647828318,0.00387233345198187,0.0363554580407045,FALSE,TRUE,TRUE,FALSE
"mlib","log","none","fe_country","y2009_2013","none",0.036180011730551,0.0130750590816876,2.76710120424796,107,135,0.258419357313879,0.0102602320429488,0.0620997914181531,FALSE,TRUE,TRUE,FALSE
"mlib","log","none","fe_country","y2009_2013","n_cy",0.0275877340505866,0.014018770520274,1.9679139487082,107,135,0.186893338073357,-0.000202843499113869,0.0553783116002871,FALSE,FALSE,TRUE,FALSE
"mlib","log","none","fe_country","no_bailout","none",0.0269388951151563,0.00924783158479881,2.91299585942258,170,190,0.218041089094899,0.00868352105740607,0.0451942691729065,FALSE,TRUE,TRUE,FALSE
"mlib","log","none","fe_country","no_bailout","n_cy",0.0199159328640828,0.00942207987233111,2.11375122413979,170,190,0.16002802678225,0.00131658977546773,0.0385152759526979,FALSE,TRUE,TRUE,FALSE
"mlib","log","none","fe_country","no_GR_ES","none",0.0311905173805741,0.00645387317129588,4.83283705036171,224,250,0.307284498403465,0.018472444167654,0.0439085905934943,FALSE,TRUE,TRUE,FALSE
"mlib","log","none","fe_country","no_GR_ES","n_cy",0.0260120454140997,0.0067769488517101,3.83831219377372,224,250,0.248418763018821,0.0126573157240897,0.0393667751041097,FALSE,TRUE,TRUE,FALSE
"mlib","log","none","re","all","none",0.034833057637438,0.00594362774087942,5.86057188572918,268,270,0.33704482722185,0.0231309154111612,0.0465351998637147,FALSE,TRUE,TRUE,FALSE
"mlib","log","none","re","y2004_2008","none",0.0241413263331054,0.00808324067494705,2.9865900699862,133,135,0.250699947834896,0.00815298938911526,0.0401296632770956,FALSE,TRUE,TRUE,FALSE
"mlib","log","none","re","y2009_2013","none",0.0203957917104159,0.0122118072487944,1.6701698032803,133,135,0.143326859605728,-0.00375868999318201,0.0445502734140137,FALSE,FALSE,TRUE,FALSE
"mlib","log","none","re","no_bailout","none",0.023661770260595,0.00913321797086721,2.5907374964739,188,190,0.185663759545689,0.0056450119080788,0.0416785286131112,FALSE,TRUE,TRUE,FALSE
"mlib","log","none","re","no_GR_ES","none",0.0295284595218455,0.00641518781310105,4.60289868077481,248,250,0.280546358049397,0.0168932617917228,0.0421636572519682,FALSE,TRUE,TRUE,FALSE
"mlib","log","none","pooled_cl","all","none",-0.0098248393234086,0.0141865497060112,-0.692546075473559,268,270,-0.0422661811699083,-0.0377561011045046,0.0181064224576874,FALSE,FALSE,FALSE,FALSE
"mlib","log","none","pooled_cl","all","n_cy",-0.021962422141671,0.0138086877500135,-1.59047858415434,268,270,-0.0966986503916633,-0.0491497284558775,0.00522488417253551,FALSE,FALSE,FALSE,FALSE
"mlib","log","none","pooled_cl","y2004_2008","none",-0.0126887631835713,0.0213402611028869,-0.594592686677799,133,135,-0.0514893356107451,-0.0548989730123066,0.029521446645164,FALSE,FALSE,FALSE,FALSE
"mlib","log","none","pooled_cl","y2004_2008","n_cy",-0.0199096742552309,0.0220506851306516,-0.902905018019392,133,135,-0.0780529428664559,-0.0635250752920189,0.023705726781557,FALSE,FALSE,FALSE,FALSE
"mlib","log","none","pooled_cl","y2009_2013","none",-0.040622473419762,0.0199703052244727,-2.03414384322885,133,135,-0.173701338338781,-0.0801229635873751,-0.0011219832521489,FALSE,TRUE,FALSE,FALSE
"mlib","log","none","pooled_cl","y2009_2013","n_cy",-0.0593911172668586,0.0211753829496047,-2.80472459025669,133,135,-0.236312334677132,-0.101275204495094,-0.0175070300386229,FALSE,TRUE,FALSE,FALSE
"mlib","log","none","pooled_cl","no_bailout","none",-0.0237891071488079,0.0193100603871389,-1.23195405254414,188,190,-0.0894889906303045,-0.0618813428621467,0.014303128564531,FALSE,FALSE,FALSE,FALSE
"mlib","log","none","pooled_cl","no_bailout","n_cy",-0.0350126005237898,0.0166003122246304,-2.10915313218269,188,190,-0.1520375339182,-0.0677594171311995,-0.00226578391638022,FALSE,TRUE,FALSE,FALSE
"mlib","log","none","pooled_cl","no_GR_ES","none",-0.00720628024928426,0.0155198833694081,-0.464325670351935,248,250,-0.0294719016642768,-0.037773864680787,0.0233613041822185,FALSE,FALSE,FALSE,FALSE
"mlib","log","none","pooled_cl","no_GR_ES","n_cy",-0.0200769679177215,0.0145158019227574,-1.38311117942754,248,250,-0.0874908570249233,-0.0486669379776434,0.00851300214220034,FALSE,FALSE,FALSE,FALSE
"mlib","log","growth","fe_twoway","all","none",-0.00229474809982923,0.00595475312876827,-0.385364103298082,232,270,-0.0252922992478088,-0.014027052433856,0.00943755623419751,FALSE,FALSE,FALSE,FALSE
"mlib","log","growth","fe_twoway","all","n_cy",-0.00713901770965426,0.00580798644054452,-1.22917258549676,232,270,-0.0804376397899695,-0.0185821561597052,0.00430412074039664,FALSE,FALSE,FALSE,FALSE
"mlib","log","growth","fe_twoway","y2004_2008","none",0.0350403432982117,0.0111065433628903,3.15492787929772,102,135,0.298174474475294,0.0130105671988958,0.0570701193975277,FALSE,TRUE,TRUE,FALSE
"mlib","log","growth","fe_twoway","y2004_2008","n_cy",0.0323639919045658,0.0107182817105773,3.01951308787001,102,135,0.286447980686802,0.0111043309516946,0.0536236528574371,FALSE,TRUE,TRUE,FALSE
"mlib","log","growth","fe_twoway","y2009_2013","none",-0.00922102941544037,0.0104375237831657,-0.883449906989686,102,135,-0.0871418148877022,-0.0299238083504868,0.0114817495196061,FALSE,FALSE,FALSE,FALSE
"mlib","log","growth","fe_twoway","y2009_2013","n_cy",-0.0102079623276896,0.0105511460446852,-0.967474270989883,102,135,-0.0953576998107228,-0.0311361104797272,0.010720185824348,FALSE,FALSE,FALSE,FALSE
"mlib","log","growth","fe_twoway","no_bailout","none",-0.0148444636825761,0.00787912701699914,-1.8840239090637,160,190,-0.147320009539606,-0.0304049639198921,0.000716036554739893,FALSE,FALSE,FALSE,FALSE
"mlib","log","growth","fe_twoway","no_bailout","n_cy",-0.0193488810122051,0.00753970452841799,-2.56626515525601,160,190,-0.198830335869148,-0.0342390552473228,-0.00445870677708733,FALSE,TRUE,FALSE,FALSE
"mlib","log","growth","fe_twoway","no_GR_ES","none",-0.00699561348969845,0.00614118565604633,-1.13913076098113,214,250,-0.0776343580650428,-0.0191005736717256,0.00510934669232872,FALSE,FALSE,FALSE,FALSE
"mlib","log","growth","fe_twoway","no_GR_ES","n_cy",-0.0119378945925862,0.00599424698970967,-1.9915586750229,214,250,-0.134895798766474,-0.0237532223152113,-0.000122566869961111,FALSE,TRUE,FALSE,FALSE
"mlib","log","growth","fe_country","all","none",0.0348335146310021,0.00647889275941334,5.37646105970679,241,270,0.327257770105847,0.0220710274781279,0.0475960017838764,FALSE,TRUE,TRUE,FALSE
"mlib","log","growth","fe_country","all","n_cy",0.0294478858070011,0.00661950476812813,4.44865391574125,241,270,0.275475334742649,0.0164084132151944,0.0424873583988078,FALSE,TRUE,TRUE,FALSE
"mlib","log","growth","fe_country","y2004_2008","none",0.0264149537824457,0.00828830445752806,3.18701538026316,106,135,0.295706819744857,0.00998258406027174,0.0428473235046196,FALSE,TRUE,TRUE,FALSE
"mlib","log","growth","fe_country","y2004_2008","n_cy",0.020096474005818,0.00823623077204302,2.44000861098177,106,135,0.230606872441791,0.00376734542989675,0.0364256025817393,FALSE,TRUE,TRUE,FALSE
"mlib","log","growth","fe_country","y2009_2013","none",0.0391073864736528,0.0124263511852373,3.14713353024441,106,135,0.292324432906208,0.0144709366400648,0.0637438363072408,FALSE,TRUE,TRUE,FALSE
"mlib","log","growth","fe_country","y2009_2013","n_cy",0.0300155412056144,0.0137613138042227,2.18115374975347,106,135,0.2072525305036,0.00273239813906681,0.0572986842721621,FALSE,TRUE,TRUE,FALSE
"mlib","log","growth","fe_country","no_bailout","none",0.0250642158904309,0.00952732191719045,2.63077243618763,169,190,0.198346474393815,0.00625632543119118,0.0438721063496706,FALSE,TRUE,TRUE,FALSE
"mlib","log","growth","fe_country","no_bailout","n_cy",0.0182407516986904,0.00956028933648085,1.90797067501775,169,190,0.145211341944586,-0.000632219757720077,0.0371137231551009,FALSE,FALSE,TRUE,FALSE
"mlib","log","growth","fe_country","no_GR_ES","none",0.0289135226813244,0.00690413369112897,4.18785672103583,223,250,0.270022427362087,0.0153078297560927,0.0425192156065562,FALSE,TRUE,TRUE,FALSE
"mlib","log","growth","fe_country","no_GR_ES","n_cy",0.0231583793929615,0.00705402039374104,3.28300431531354,223,250,0.214718529959215,0.00925731089411717,0.0370594478918059,FALSE,TRUE,TRUE,FALSE
"mlib","log","growth","re","all","none",0.0321668833389026,0.00642563714476126,5.00602237789412,267,270,0.292925077080282,0.0195155194725946,0.0448182472052106,FALSE,TRUE,TRUE,FALSE
"mlib","log","growth","re","y2004_2008","none",0.0239187319424709,0.00812073194700429,2.94539114190248,132,135,0.248332755014511,0.00785512148252554,0.0399823424024163,FALSE,TRUE,TRUE,FALSE
"mlib","log","growth","re","y2009_2013","none",0.025307368827916,0.0116965975442869,2.1636521845002,132,135,0.185068605651681,0.0021703427711096,0.0484443948847224,FALSE,TRUE,TRUE,FALSE
"mlib","log","growth","re","no_bailout","none",0.0213015547819003,0.00939043699843235,2.26843061568449,187,190,0.163647764709148,0.0027767482978216,0.039826361265979,FALSE,TRUE,TRUE,FALSE
"mlib","log","growth","re","no_GR_ES","none",0.0269616891380398,0.0068359512067911,3.94410204555806,247,250,0.243409328388459,0.0134974987754312,0.0404258795006485,FALSE,TRUE,TRUE,FALSE
"mlib","log","growth","pooled_cl","all","none",-0.014860397985256,0.0147039823594629,-1.01063763693191,267,270,-0.0617320559807177,-0.0438109015574976,0.0140901055869856,FALSE,FALSE,FALSE,FALSE
"mlib","log","growth","pooled_cl","all","n_cy",-0.0258670475132805,0.0140416142492669,-1.84217049792769,267,270,-0.112029300730122,-0.053513422049484,0.00177932702292298,FALSE,FALSE,FALSE,FALSE
"mlib","log","growth","pooled_cl","y2004_2008","none",-0.00953082921368833,0.0200583750735557,-0.475154601443936,132,135,-0.0413215766448141,-0.0492082777175685,0.0301466192901918,FALSE,FALSE,FALSE,FALSE
"mlib","log","growth","pooled_cl","y2004_2008","n_cy",-0.0162100266717603,0.0209607102108001,-0.773352930732664,132,135,-0.067159758607114,-0.0576723832656511,0.0252523299221304,FALSE,FALSE,FALSE,FALSE
"mlib","log","growth","pooled_cl","y2009_2013","none",-0.0363901502805176,0.0201109204805522,-1.80947213807085,132,135,-0.155576655193143,-0.0761715387931258,0.0033912382320907,FALSE,FALSE,FALSE,FALSE
"mlib","log","growth","pooled_cl","y2009_2013","n_cy",-0.0552951119613294,0.0210054545593999,-2.63241682320961,132,135,-0.22333523004288,-0.0968459772993682,-0.0137442466232907,FALSE,TRUE,FALSE,FALSE
"mlib","log","growth","pooled_cl","no_bailout","none",-0.0243726125981823,0.0183356219762286,-1.32924929570322,187,190,-0.0967483379056307,-0.0605438630875429,0.0117986378911782,FALSE,FALSE,FALSE,FALSE
"mlib","log","growth","pooled_cl","no_bailout","n_cy",-0.0336591463301927,0.0159529183455036,-2.10990526004163,187,190,-0.152487182864548,-0.0651299634238059,-0.00218832923657948,FALSE,TRUE,FALSE,FALSE
"mlib","log","growth","pooled_cl","no_GR_ES","none",-0.0112456327944047,0.0153515807787709,-0.732539075712376,247,250,-0.0465597965114678,-0.0414823328116599,0.0189910672228504,FALSE,FALSE,FALSE,FALSE
"mlib","log","growth","pooled_cl","no_GR_ES","n_cy",-0.0223839654882383,0.014144870849747,-1.58247931183045,247,250,-0.100184163251247,-0.0502439118240617,0.00547598084758514,FALSE,FALSE,FALSE,FALSE
"mpos","raw","none","fe_twoway","all","none",-0.00484687731273698,0.000972003026457412,-4.9864837668274,233,270,-0.310526159946424,-0.00676191534165741,-0.00293183928381656,TRUE,TRUE,TRUE,FALSE
"mpos","raw","none","fe_twoway","all","n_cy",-0.00412170054698967,0.000918411749808387,-4.48785694199754,233,270,-0.282070636838857,-0.00593115317133031,-0.00231224792264903,TRUE,TRUE,TRUE,FALSE
"mpos","raw","none","fe_twoway","y2004_2008","none",-0.00709633986757962,0.00211586102164852,-3.35387806428358,103,135,-0.313777659573593,-0.0112926511671389,-0.00290002856802037,TRUE,TRUE,TRUE,FALSE
"mpos","raw","none","fe_twoway","y2004_2008","n_cy",-0.00611204442000147,0.00207237727656697,-2.94929137136963,103,135,-0.279057924890211,-0.01022211596706,-0.00200197287294292,TRUE,TRUE,TRUE,FALSE
"mpos","raw","none","fe_twoway","y2009_2013","none",-0.00835897994563732,0.00143881217804523,-5.8096394186723,103,135,-0.496801018600711,-0.0112125245494178,-0.00550543534185681,TRUE,TRUE,TRUE,FALSE
"mpos","raw","none","fe_twoway","y2009_2013","n_cy",-0.0069418491101793,0.00140852517464327,-4.92845228125752,103,135,-0.436831576172706,-0.00973532658606009,-0.00414837163429852,TRUE,TRUE,TRUE,FALSE
"mpos","raw","none","fe_twoway","no_bailout","none",0.000274373879451736,0.0014112066924445,0.194425012948644,161,190,0.0153210390909414,-0.00251248851592194,0.00306123627482541,TRUE,FALSE,FALSE,FALSE
"mpos","raw","none","fe_twoway","no_bailout","n_cy",0.000522886913136973,0.00132986030907151,0.393189351971894,161,190,0.0309727949753255,-0.00210333198611699,0.00314910581239093,TRUE,FALSE,FALSE,FALSE
"mpos","raw","none","fe_twoway","no_GR_ES","none",-0.00364995423807413,0.00116748389555765,-3.12634225787817,215,250,-0.2085275633016,-0.00595113402035717,-0.00134877445579108,TRUE,TRUE,TRUE,FALSE
"mpos","raw","none","fe_twoway","no_GR_ES","n_cy",-0.00232654152064241,0.00108766030641476,-2.13903321369827,215,250,-0.144352936991619,-0.00447038428938392,-0.000182698751900917,TRUE,TRUE,TRUE,FALSE
"mpos","raw","none","fe_country","all","none",-0.00877319173909961,0.000951234224463858,-9.22295635866595,242,270,-0.509981587017925,-0.0106469473105561,-0.00689943616764311,TRUE,TRUE,TRUE,FALSE
"mpos","raw","none","fe_country","all","n_cy",-0.00794133570955187,0.000912230628339474,-8.70540350525987,242,270,-0.488340628745757,-0.00973826140707685,-0.0061444100120269,TRUE,TRUE,TRUE,FALSE
"mpos","raw","none","fe_country","y2004_2008","none",-0.00764886243734944,0.00173191240177334,-4.41642569769557,107,135,-0.392660665835935,-0.0110821767812259,-0.00421554809347293,TRUE,TRUE,TRUE,FALSE
"mpos","raw","none","fe_country","y2004_2008","n_cy",-0.00693827856049676,0.00170443722211919,-4.07071523107793,107,135,-0.366195437632411,-0.0103171265651343,-0.00355943055585922,TRUE,TRUE,TRUE,FALSE
"mpos","raw","none","fe_country","y2009_2013","none",-0.0122972156415858,0.00172457077820084,-7.13059492659085,107,135,-0.567557442221814,-0.0157159760729821,-0.00887845521018947,TRUE,TRUE,TRUE,FALSE
"mpos","raw","none","fe_country","y2009_2013","n_cy",-0.0101621325337177,0.00172798348764017,-5.88091993147205,107,135,-0.494238198230617,-0.0135876582635537,-0.0067366068038816,TRUE,TRUE,TRUE,FALSE
"mpos","raw","none","fe_country","no_bailout","none",-0.00485912123092596,0.00150097452050574,-3.2373109366898,170,190,-0.240973704534898,-0.00782207001213267,-0.00189617244971925,TRUE,TRUE,TRUE,FALSE
"mpos","raw","none","fe_country","no_bailout","n_cy",-0.0043199330866033,0.00142872695714934,-3.02362397866604,170,190,-0.225906488819842,-0.00714026397065886,-0.00149960220254775,TRUE,TRUE,TRUE,FALSE
"mpos","raw","none","fe_country","no_GR_ES","none",-0.00806928221339277,0.00116049143370922,-6.95333199281042,224,250,-0.421337595068717,-0.0103561593529256,-0.00578240507385998,TRUE,TRUE,TRUE,FALSE
"mpos","raw","none","fe_country","no_GR_ES","n_cy",-0.00663465779628648,0.0011055881301686,-6.0010211897578,224,250,-0.372158764362192,-0.00881334188406139,-0.00445597370851156,TRUE,TRUE,TRUE,FALSE
"mpos","raw","none","re","all","none",-0.00835919031316102,0.000948375588555704,-8.81421919125034,268,270,-0.474067462972371,-0.0102264044969965,-0.00649197612932559,TRUE,TRUE,TRUE,FALSE
"mpos","raw","none","re","y2004_2008","none",-0.00668833487496871,0.00170584195660269,-3.92084087806647,133,135,-0.321885777932732,-0.0100624241879209,-0.00331424556201652,TRUE,TRUE,TRUE,FALSE
"mpos","raw","none","re","y2009_2013","none",-0.0101511285968542,0.00164155536229927,-6.18384784941756,133,135,-0.472559195551096,-0.013398061516469,-0.00690419567723946,TRUE,TRUE,TRUE,FALSE
"mpos","raw","none","re","no_bailout","none",-0.0041279217001652,0.00149966638823302,-2.75255999104501,188,190,-0.196824139804128,-0.0070862576352507,-0.00116958576507969,TRUE,TRUE,TRUE,FALSE
"mpos","raw","none","re","no_GR_ES","none",-0.00761140245545286,0.00115929189510411,-6.56556169123331,248,250,-0.384809566488172,-0.00989471554749599,-0.00532808936340973,TRUE,TRUE,TRUE,FALSE
"mpos","raw","none","pooled_cl","all","none",-0.00176147142629146,0.00264747716360665,-0.665339611047601,268,270,-0.0406085609468871,-0.00697397053626447,0.00345102768368155,TRUE,FALSE,TRUE,FALSE
"mpos","raw","none","pooled_cl","all","n_cy",-0.00018029700765148,0.00286971789618102,-0.0628274325819354,268,270,-0.00383776800190947,-0.00583035593368934,0.00546976191838637,TRUE,FALSE,TRUE,FALSE
"mpos","raw","none","pooled_cl","y2004_2008","none",0.00359673523662884,0.0035969238200532,0.999947570915095,133,135,0.0863823471722685,-0.00351784074959855,0.0107113112228562,TRUE,FALSE,FALSE,FALSE
"mpos","raw","none","pooled_cl","y2004_2008","n_cy",0.00421278812482806,0.0044165598237996,0.953861895434207,133,135,0.0824288487395179,-0.00452299612752694,0.0129485723771831,TRUE,FALSE,FALSE,FALSE
"mpos","raw","none","pooled_cl","y2009_2013","none",-0.000948287671655279,0.00299447582573685,-0.316679020583488,133,135,-0.0274492068160997,-0.00687124486144941,0.00497466951813885,TRUE,FALSE,TRUE,FALSE
"mpos","raw","none","pooled_cl","y2009_2013","n_cy",0.00109838539869749,0.00332447366575058,0.330393773310131,133,135,0.0286370239304593,-0.00547729473590281,0.00767406553329781,TRUE,FALSE,FALSE,FALSE
"mpos","raw","none","pooled_cl","no_bailout","none",0.00730318763953519,0.00363824316706425,2.00733906563706,188,190,0.144856124796082,0.000126161078056347,0.014480214201014,TRUE,TRUE,FALSE,FALSE
"mpos","raw","none","pooled_cl","no_bailout","n_cy",0.00895488065429517,0.00363537536874349,2.46326162940095,188,190,0.176821047719747,0.00178351129157298,0.0161262500170174,TRUE,TRUE,FALSE,FALSE
"mpos","raw","none","pooled_cl","no_GR_ES","none",0.000670010980033109,0.00356826077144551,0.18776962305972,248,250,0.0119225355218779,-0.00635794856119505,0.00769797052126126,TRUE,FALSE,FALSE,FALSE
"mpos","raw","none","pooled_cl","no_GR_ES","n_cy",0.00284956924014478,0.00356813736987522,0.798615340374195,248,250,0.0506470416480101,-0.0041781472523549,0.00987728573264448,TRUE,FALSE,FALSE,FALSE
"mpos","raw","growth","fe_twoway","all","none",-0.00423937648683602,0.0010414329858398,-4.0707146254038,232,270,-0.25819371984324,-0.00629125142928121,-0.00218750154439083,TRUE,TRUE,TRUE,FALSE
"mpos","raw","growth","fe_twoway","all","n_cy",-0.00352795095740249,0.000973450993731093,-3.62416904407317,232,270,-0.231476090056667,-0.00544588492808858,-0.0016100169867164,TRUE,TRUE,TRUE,FALSE
"mpos","raw","growth","fe_twoway","y2004_2008","none",-0.007725683363126,0.00219805619574386,-3.51477973042062,102,135,-0.328679825065118,-0.0120855174054387,-0.00336584932081328,TRUE,TRUE,TRUE,FALSE
"mpos","raw","growth","fe_twoway","y2004_2008","n_cy",-0.0069378102294635,0.00213599575406377,-3.24804495339665,102,135,-0.306160864261044,-0.0111745476799594,-0.00270107277896756,TRUE,TRUE,TRUE,FALSE
"mpos","raw","growth","fe_twoway","y2009_2013","none",-0.0070601047391446,0.00151202248232708,-4.66931201200046,102,135,-0.419650971018892,-0.0100591941636809,-0.00406101531460835,TRUE,TRUE,TRUE,FALSE
"mpos","raw","growth","fe_twoway","y2009_2013","n_cy",-0.00580343585287148,0.00144593630360584,-4.01361791553266,102,135,-0.369312743439385,-0.0086714436552576,-0.00293542805048535,TRUE,TRUE,TRUE,FALSE
"mpos","raw","growth","fe_twoway","no_bailout","none",2.20639653520091e-05,0.0014893349351726,0.0148146429865704,160,190,0.00117119956072207,-0.00291922592148405,0.00296335385218806,TRUE,FALSE,FALSE,FALSE
"mpos","raw","growth","fe_twoway","no_bailout","n_cy",0.000338215362023884,0.00139247378801149,0.242888135443375,160,190,0.0191984540482402,-0.00241178329418022,0.00308821401822799,TRUE,FALSE,FALSE,FALSE
"mpos","raw","growth","fe_twoway","no_GR_ES","none",-0.00317108383093478,0.00125929126096455,-2.51814963641206,214,250,-0.169642162191388,-0.00565328701209778,-0.000688880649771787,TRUE,TRUE,TRUE,FALSE
"mpos","raw","growth","fe_twoway","no_GR_ES","n_cy",-0.00192741103564836,0.0011487521951207,-1.67783012196625,214,250,-0.113947082623492,-0.00419172941971505,0.000336907348418335,TRUE,FALSE,TRUE,FALSE
"mpos","raw","growth","fe_country","all","none",-0.00858732685123635,0.00102889737223048,-8.34614518707579,241,270,-0.4735268034949,-0.0106141067320484,-0.00656054697042434,TRUE,TRUE,TRUE,FALSE
"mpos","raw","growth","fe_country","all","n_cy",-0.00753524041170307,0.000971965171928832,-7.75258273580898,241,270,-0.446775347064622,-0.00944987204405411,-0.00562060877935202,TRUE,TRUE,TRUE,FALSE
"mpos","raw","growth","fe_country","y2004_2008","none",-0.00764472001106424,0.00174232281873016,-4.38765992666952,106,135,-0.392049936854816,-0.0110990444605902,-0.00419039556153826,TRUE,TRUE,TRUE,FALSE
"mpos","raw","growth","fe_country","y2004_2008","n_cy",-0.00692365738845734,0.00171238908199554,-4.04327349505688,106,135,-0.365539719452694,-0.0103186352934988,-0.00352867948341585,TRUE,TRUE,TRUE,FALSE
"mpos","raw","growth","fe_country","y2009_2013","none",-0.0125888168591187,0.00167474752628437,-7.51684457599916,106,135,-0.589664446039598,-0.0159091667188786,-0.00926846699935875,TRUE,TRUE,TRUE,FALSE
"mpos","raw","growth","fe_country","y2009_2013","n_cy",-0.0104342988433808,0.00170836073564741,-6.10778427860937,106,135,-0.510214708598789,-0.0138212901599831,-0.00704730752677856,TRUE,TRUE,TRUE,FALSE
"mpos","raw","growth","fe_country","no_bailout","none",-0.00495914018413703,0.00154202251251513,-3.21599726585598,169,190,-0.240145190662874,-0.00800324751599244,-0.00191503285228162,TRUE,TRUE,TRUE,FALSE
"mpos","raw","growth","fe_country","no_bailout","n_cy",-0.00431750386921967,0.00145237160940679,-2.97272670524254,169,190,-0.222917311087649,-0.00718463131313919,-0.00145037642530014,TRUE,TRUE,TRUE,FALSE
"mpos","raw","growth","fe_country","no_GR_ES","none",-0.00782590304459108,0.00124105204954466,-6.30586206876849,223,250,-0.389010765664491,-0.0102715933868899,-0.00538021270229224,TRUE,TRUE,TRUE,FALSE
"mpos","raw","growth","fe_country","no_GR_ES","n_cy",-0.00631022511558335,0.00115480754978727,-5.4643088510685,223,250,-0.343634146544408,-0.0085859569616125,-0.0040344932695542,TRUE,TRUE,TRUE,FALSE
"mpos","raw","growth","re","all","none",-0.00787285552401991,0.00103576451943715,-7.6010090867933,267,270,-0.421773927003477,-0.00991216050187638,-0.00583355054616343,TRUE,TRUE,TRUE,FALSE
"mpos","raw","growth","re","y2004_2008","none",-0.00636997965299697,0.00175185705407837,-3.63612980760472,132,135,-0.30173383281121,-0.00983532606288601,-0.00290463324310793,TRUE,TRUE,TRUE,FALSE
"mpos","raw","growth","re","y2009_2013","none",-0.0104604974666588,0.00161176805471822,-6.49007618437228,132,135,-0.491840296517087,-0.0136487339891472,-0.00727226094417038,TRUE,TRUE,TRUE,FALSE
"mpos","raw","growth","re","no_bailout","none",-0.00406706094420808,0.00154305683694398,-2.63571687499397,187,190,-0.189259295935672,-0.00711109705276128,-0.00102302483565489,TRUE,TRUE,TRUE,FALSE
"mpos","raw","growth","re","no_GR_ES","none",-0.00703730318497431,0.00125229275080426,-5.61953519291293,247,250,-0.336686785155074,-0.00950383746476744,-0.00457076890518118,TRUE,TRUE,TRUE,FALSE
"mpos","raw","growth","pooled_cl","all","none",-0.000228586687032243,0.0025376735876399,-0.0900772613726236,267,270,-0.0055125551110776,-0.00522498334122653,0.00476780996716204,TRUE,FALSE,TRUE,FALSE
"mpos","raw","growth","pooled_cl","all","n_cy",0.00127211002240666,0.00270948702956456,0.469502163518792,267,270,0.0287212122727215,-0.00406256816277693,0.00660678820759026,TRUE,FALSE,FALSE,FALSE
"mpos","raw","growth","pooled_cl","y2004_2008","none",0.00210767488845406,0.00317501738101124,0.663830976504063,132,135,0.0576828655528794,-0.00417282331601322,0.00838817309292135,TRUE,FALSE,FALSE,FALSE
"mpos","raw","growth","pooled_cl","y2004_2008","n_cy",0.00257356804507286,0.00396083471754051,0.649753960617403,132,135,0.0564636005364619,-0.00526135452274687,0.0104084906128926,TRUE,FALSE,FALSE,FALSE
"mpos","raw","growth","pooled_cl","y2009_2013","none",-0.000954857075096253,0.00299419786784023,-0.318902463111099,132,135,-0.0277462102175944,-0.00687767640996269,0.00496796225977018,TRUE,FALSE,TRUE,FALSE
"mpos","raw","growth","pooled_cl","y2009_2013","n_cy",0.00135537079558162,0.00327711150551374,0.413587024213614,132,135,0.0359748281342482,-0.00512707967833132,0.00783782126949458,TRUE,FALSE,FALSE,FALSE
"mpos","raw","growth","pooled_cl","no_bailout","none",0.00727686025613367,0.00363516727680409,2.00179515879974,187,190,0.144842090328711,0.000105652957549679,0.0144480675547177,TRUE,TRUE,FALSE,FALSE
"mpos","raw","growth","pooled_cl","no_bailout","n_cy",0.00860367396262001,0.00362387124537496,2.37416656941127,187,190,0.171057337422999,0.00145475069579063,0.0157525972294494,TRUE,TRUE,FALSE,FALSE
"mpos","raw","growth","pooled_cl","no_GR_ES","none",0.00183953925670229,0.00334095221269152,0.550603283014435,247,250,0.0350125675901447,-0.00474084951777712,0.00841992803118171,TRUE,FALSE,FALSE,FALSE
"mpos","raw","growth","pooled_cl","no_GR_ES","n_cy",0.00353416462888365,0.00338955648507623,1.04266285115593,247,250,0.0661975275575842,-0.00314195583764963,0.0102102850954169,TRUE,FALSE,FALSE,FALSE
"mpos","log","none","fe_twoway","all","none",-0.0530141985214178,0.0107490964313434,-4.93196789702556,233,270,-0.3074537785625,-0.0741920425015748,-0.0318363545412609,TRUE,TRUE,TRUE,FALSE
"mpos","log","none","fe_twoway","all","n_cy",-0.0436819745683381,0.0101074490156029,-4.32176056499578,233,270,-0.27241963581496,-0.0635956463506162,-0.02376830278606,TRUE,TRUE,TRUE,FALSE
"mpos","log","none","fe_twoway","y2004_2008","none",-0.0718780619295013,0.018936642593366,-3.79571307717885,103,135,-0.350304382766227,-0.109434426207314,-0.0343216976516887,TRUE,TRUE,TRUE,FALSE
"mpos","log","none","fe_twoway","y2004_2008","n_cy",-0.0660608995770315,0.0183700597023045,-3.596117848694,103,135,-0.33398897613059,-0.10249358032196,-0.0296282188321033,TRUE,TRUE,TRUE,FALSE
"mpos","log","none","fe_twoway","y2009_2013","none",-0.0953407068952558,0.0189741092266186,-5.02477906902229,103,135,-0.443701590555477,-0.132971377403424,-0.0577100363870879,TRUE,TRUE,TRUE,FALSE
"mpos","log","none","fe_twoway","y2009_2013","n_cy",-0.0810638137979663,0.0190048961523537,-4.26541735077709,103,135,-0.387455077291441,-0.118755542912072,-0.0433720846838601,TRUE,TRUE,TRUE,FALSE
"mpos","log","none","fe_twoway","no_bailout","none",-0.00440324859440271,0.0131458258380362,-0.334954125260227,161,190,-0.0263888901092337,-0.0303637318321163,0.0215572346433109,TRUE,FALSE,TRUE,FALSE
"mpos","log","none","fe_twoway","no_bailout","n_cy",-0.00321045620979401,0.0123017678556138,-0.260975190515317,161,190,-0.0205633773246209,-0.0275040869139121,0.0210831744943241,TRUE,FALSE,TRUE,FALSE
"mpos","log","none","fe_twoway","no_GR_ES","none",-0.0428968427722287,0.0109628296713089,-3.91293526018152,215,250,-0.257837014143671,-0.0645052282002595,-0.0212884573441979,TRUE,TRUE,TRUE,FALSE
"mpos","log","none","fe_twoway","no_GR_ES","n_cy",-0.0306039809515423,0.0102242854772905,-2.99326354096019,215,250,-0.2000138587211,-0.0507566521088543,-0.0104513097942304,TRUE,TRUE,TRUE,FALSE
"mpos","log","none","fe_country","all","none",-0.0939908542047511,0.00984430394158658,-9.54773996845965,242,270,-0.523087795068532,-0.113382313093917,-0.0745993953155847,TRUE,TRUE,TRUE,FALSE
"mpos","log","none","fe_country","all","n_cy",-0.0841947367376192,0.00948360083408826,-8.8779291969972,242,270,-0.495658509045573,-0.102875677186706,-0.0655137962885327,TRUE,TRUE,TRUE,FALSE
"mpos","log","none","fe_country","y2004_2008","none",-0.0730655131870508,0.0149452371948399,-4.88888280824861,107,135,-0.42730488155376,-0.102692702865433,-0.0434383235086689,TRUE,TRUE,TRUE,FALSE
"mpos","log","none","fe_country","y2004_2008","n_cy",-0.0682172833013161,0.01460884620415,-4.66958734098639,107,135,-0.411445261021741,-0.0971776170738774,-0.0392569495287548,TRUE,TRUE,TRUE,FALSE
"mpos","log","none","fe_country","y2009_2013","none",-0.149627437438301,0.0221335394635337,-6.76021282925944,107,135,-0.547066563072413,-0.193504597993937,-0.105750276882664,TRUE,TRUE,TRUE,FALSE
"mpos","log","none","fe_country","y2009_2013","n_cy",-0.12569874485352,0.0229852063897062,-5.46868027732019,107,135,-0.467380465264432,-0.17126423576053,-0.0801332539465107,TRUE,TRUE,TRUE,FALSE
"mpos","log","none","fe_country","no_bailout","none",-0.0558625154580689,0.0129827238209051,-4.30283476939699,170,190,-0.313388040669945,-0.0814906291910941,-0.0302344017250437,TRUE,TRUE,TRUE,FALSE
"mpos","log","none","fe_country","no_bailout","n_cy",-0.0509306112378695,0.01232592661494,-4.1319904644035,170,190,-0.302101828909157,-0.0752621963127943,-0.0265990261629446,TRUE,TRUE,TRUE,FALSE
"mpos","log","none","fe_country","no_GR_ES","none",-0.08320342764498,0.0102168008585216,-8.14378481064176,224,250,-0.477954869992109,-0.103336767404183,-0.0630700878857773,TRUE,TRUE,TRUE,FALSE
"mpos","log","none","fe_country","no_GR_ES","n_cy",-0.0704174772925215,0.00980930211061844,-7.17864293488274,224,250,-0.432469624457551,-0.0897477955524707,-0.0510871590325722,TRUE,TRUE,TRUE,FALSE
"mpos","log","none","re","all","none",-0.0888457641138011,0.00981979250396455,-9.04762132987345,268,270,-0.48371283377942,-0.108179513386752,-0.06951201484085,TRUE,TRUE,TRUE,FALSE
"mpos","log","none","re","y2004_2008","none",-0.0639696756168574,0.0146692528030446,-4.36079986320642,133,135,-0.353688291387793,-0.0929848894355633,-0.0349544617981514,TRUE,TRUE,TRUE,FALSE
"mpos","log","none","re","y2009_2013","none",-0.114774973680689,0.020676509934367,-5.55098389646111,133,135,-0.433705795760098,-0.155672309409046,-0.0738776379523323,TRUE,TRUE,TRUE,FALSE
"mpos","log","none","re","no_bailout","none",-0.0494388733508873,0.0129787642997438,-3.80921266532771,188,190,-0.267677504242216,-0.0750415974782022,-0.0238361492235723,TRUE,TRUE,TRUE,FALSE
"mpos","log","none","re","no_GR_ES","none",-0.0788769899946842,0.0102201941555133,-7.71775846862303,248,250,-0.440071837755982,-0.0990064355787149,-0.0587475444106535,TRUE,TRUE,TRUE,FALSE
"mpos","log","none","pooled_cl","all","none",-0.0126951414755485,0.0285259940915415,-0.445037653545363,268,270,-0.0271749618015788,-0.068858692518494,0.043468409567397,TRUE,FALSE,TRUE,FALSE
"mpos","log","none","pooled_cl","all","n_cy",0.004177983554567,0.030113049363688,0.138743290462142,268,270,0.00847479099699921,-0.0551102494713846,0.0634662165805187,TRUE,FALSE,FALSE,FALSE
"mpos","log","none","pooled_cl","y2004_2008","none",0.0253221201770799,0.0340359717396389,0.743981114180716,133,135,0.0643775228077619,-0.0419997135122329,0.0926439538663927,TRUE,FALSE,FALSE,FALSE
"mpos","log","none","pooled_cl","y2004_2008","n_cy",0.031606037090679,0.0412125751644763,0.76690274666268,133,135,0.0663523550560395,-0.0499108401812555,0.113122914362614,TRUE,FALSE,FALSE,FALSE
"mpos","log","none","pooled_cl","y2009_2013","none",-0.000308087606247121,0.0378492901209566,-0.00813985163955657,133,135,-0.000705814474901374,-0.075172517341745,0.0745563421292507,TRUE,FALSE,TRUE,FALSE
"mpos","log","none","pooled_cl","y2009_2013","n_cy",0.0253545817843577,0.0393472443953906,0.6443801128632,133,135,0.0557878251280086,-0.0524727434814651,0.10318190705018,TRUE,FALSE,FALSE,FALSE
"mpos","log","none","pooled_cl","no_bailout","none",0.0544561715317471,0.0359976471245258,1.5127703025525,188,190,0.109664673145622,-0.0165550439643119,0.125467387027806,TRUE,FALSE,FALSE,FALSE
"mpos","log","none","pooled_cl","no_bailout","n_cy",0.0694510057135123,0.0357030803503844,1.94523847891921,188,190,0.14046454576885,-0.00097912889678288,0.139881140323807,TRUE,FALSE,FALSE,FALSE
"mpos","log","none","pooled_cl","no_GR_ES","none",0.00161340695492917,0.0333216810413432,0.048419134464656,248,250,0.00307460358062069,-0.0640161647619946,0.067242978671853,TRUE,FALSE,FALSE,FALSE
"mpos","log","none","pooled_cl","no_GR_ES","n_cy",0.0214247714750542,0.0337578448360862,0.634660523474878,248,250,0.0402682955448049,-0.0450638578329886,0.0879134007830969,TRUE,FALSE,FALSE,FALSE
"mpos","log","growth","fe_twoway","all","none",-0.0462333499055359,0.0114844154861466,-4.02574688814647,232,270,-0.255528749650827,-0.0688604269091048,-0.0236062729019671,TRUE,TRUE,TRUE,FALSE
"mpos","log","growth","fe_twoway","all","n_cy",-0.0371335640943837,0.0106202362540095,-3.49649134032817,232,270,-0.223736580504153,-0.0580579989344016,-0.0162091292543658,TRUE,TRUE,TRUE,FALSE
"mpos","log","growth","fe_twoway","y2004_2008","none",-0.0798283724502157,0.0198083017161038,-4.03004627021188,102,135,-0.37061712620312,-0.11911804498429,-0.0405386999161409,TRUE,TRUE,TRUE,FALSE
"mpos","log","growth","fe_twoway","y2004_2008","n_cy",-0.0758080088003807,0.0189888646380543,-3.99223493586125,102,135,-0.367611697530783,-0.113472331775454,-0.0381436858253077,TRUE,TRUE,TRUE,FALSE
"mpos","log","growth","fe_twoway","y2009_2013","none",-0.0760442736289165,0.0203354835083244,-3.73948687267689,102,135,-0.34722694335229,-0.116379608748262,-0.0357089385095714,TRUE,TRUE,TRUE,FALSE
"mpos","log","growth","fe_twoway","y2009_2013","n_cy",-0.064060670627386,0.0196907081395341,-3.25334519070789,102,135,-0.306613531156652,-0.103117096859897,-0.0250042443948746,TRUE,TRUE,TRUE,FALSE
"mpos","log","growth","fe_twoway","no_bailout","none",-0.00721744768541651,0.0137625870661256,-0.524425215312976,160,190,-0.04142386739703,-0.0343972023519548,0.0199623069811218,TRUE,FALSE,TRUE,FALSE
"mpos","log","growth","fe_twoway","no_bailout","n_cy",-0.00537091500421595,0.0127724607403879,-0.420507458459633,160,190,-0.0332256786741029,-0.0305952676454569,0.019853437637025,TRUE,FALSE,TRUE,FALSE
"mpos","log","growth","fe_twoway","no_GR_ES","none",-0.0395322590170047,0.0117085888006419,-3.37634702952736,214,250,-0.224890128573633,-0.0626111902132887,-0.0164533278207207,TRUE,TRUE,TRUE,FALSE
"mpos","log","growth","fe_twoway","no_GR_ES","n_cy",-0.0278172751962477,0.0107125262241313,-2.59670544689877,214,250,-0.174775010753611,-0.0489328562346356,-0.00670169415785983,TRUE,TRUE,TRUE,FALSE
"mpos","log","growth","fe_country","all","none",-0.09291915726582,0.0107126345785882,-8.67379136142119,241,270,-0.487757818797742,-0.114021507043724,-0.0718168074879163,TRUE,TRUE,TRUE,FALSE
"mpos","log","growth","fe_country","all","n_cy",-0.0799839548746683,0.0100718006255844,-7.94137591162127,241,270,-0.455420122211948,-0.0998239539090051,-0.0601439558403315,TRUE,TRUE,TRUE,FALSE
"mpos","log","growth","fe_country","y2004_2008","none",-0.0730391195913995,0.0150338248749569,-4.8583191701978,106,135,-0.426754462454286,-0.102845139622351,-0.0432330995604479,TRUE,TRUE,TRUE,FALSE
"mpos","log","growth","fe_country","y2004_2008","n_cy",-0.0680826526905703,0.0146813671418316,-4.63735100640475,106,135,-0.410682616327237,-0.0971898909849396,-0.038975414396201,TRUE,TRUE,TRUE,FALSE
"mpos","log","growth","fe_country","y2009_2013","none",-0.153526412507673,0.0215201521884663,-7.13407652339725,106,135,-0.569551690841593,-0.196192207309304,-0.110860617706043,TRUE,TRUE,TRUE,FALSE
"mpos","log","growth","fe_country","y2009_2013","n_cy",-0.12899202043715,0.0227522155051919,-5.66942680407169,106,135,-0.48236485063061,-0.174100500596842,-0.0838835402774585,TRUE,TRUE,TRUE,FALSE
"mpos","log","growth","fe_country","no_bailout","none",-0.0578054310221843,0.0133875133255617,-4.31786169817008,169,190,-0.315211074930408,-0.0842337270677354,-0.0313771349766333,TRUE,TRUE,TRUE,FALSE
"mpos","log","growth","fe_country","no_bailout","n_cy",-0.0513416423698711,0.0125444291414003,-4.09278427827604,169,190,-0.300298671485256,-0.0761056055502741,-0.026577679189468,TRUE,TRUE,TRUE,FALSE
"mpos","log","growth","fe_country","no_GR_ES","none",-0.082491418787758,0.0109499516467176,-7.53349616959137,223,250,-0.450410760399291,-0.104070039121081,-0.060912798454435,TRUE,TRUE,TRUE,FALSE
"mpos","log","growth","fe_country","no_GR_ES","n_cy",-0.0682982083283708,0.0102442952745237,-6.66695038537396,223,250,-0.407668693217588,-0.0884862206085591,-0.0481101960481826,TRUE,TRUE,TRUE,FALSE
"mpos","log","growth","re","all","none",-0.0841365182248519,0.0107743077868038,-7.80899524031616,267,270,-0.431192509753029,-0.105349930241057,-0.0629231062086472,TRUE,TRUE,TRUE,FALSE
"mpos","log","growth","re","y2004_2008","none",-0.0609003639221318,0.0150655855138857,-4.04234962298683,132,135,-0.33189741603431,-0.0907015811800579,-0.0310991466642057,TRUE,TRUE,TRUE,FALSE
"mpos","log","growth","re","y2009_2013","none",-0.118532795426096,0.0203406596609351,-5.82738207127776,132,135,-0.452349274066137,-0.158768630745364,-0.0782969601068276,TRUE,TRUE,TRUE,FALSE
"mpos","log","growth","re","no_bailout","none",-0.0495666313634502,0.0134314943606636,-3.69032886680238,187,190,-0.260543085237099,-0.076063357113788,-0.0230699056131124,TRUE,TRUE,TRUE,FALSE
"mpos","log","growth","re","no_GR_ES","none",-0.0749370357627381,0.0110818478158541,-6.76214265057225,247,250,-0.39523304998836,-0.0967640067355399,-0.0531100647899364,TRUE,TRUE,TRUE,FALSE
"mpos","log","growth","pooled_cl","all","none",0.00224465767856074,0.0274738794122785,0.0817015189182776,267,270,0.00499998925684836,-0.0518483509108182,0.0563376662679397,TRUE,FALSE,FALSE,FALSE
"mpos","log","growth","pooled_cl","all","n_cy",0.0174429476370586,0.0287674127478042,0.60634398338064,267,270,0.0370821273124772,-0.0391968840193959,0.0740827792935131,TRUE,FALSE,FALSE,FALSE
"mpos","log","growth","pooled_cl","y2004_2008","none",0.0149404887193114,0.0292547756651662,0.510702556406923,132,135,0.044407101894403,-0.0429283491447037,0.0728093265833266,TRUE,FALSE,FALSE,FALSE
"mpos","log","growth","pooled_cl","y2004_2008","n_cy",0.0197961977029021,0.036355731879,0.544513799606299,132,135,0.0473407049721617,-0.0521190334242515,0.0917114288300558,TRUE,FALSE,FALSE,FALSE
"mpos","log","growth","pooled_cl","y2009_2013","none",0.000114652274457665,0.0378468092473985,0.00302937755487394,132,135,0.000263673462712853,-0.0747500772683443,0.0749793818172597,TRUE,FALSE,FALSE,FALSE
"mpos","log","growth","pooled_cl","y2009_2013","n_cy",0.0282889914788193,0.0386496593680941,0.731933785221722,132,135,0.063577773046678,-0.0481638549579693,0.104741837915608,TRUE,FALSE,FALSE,FALSE
"mpos","log","growth","pooled_cl","no_bailout","none",0.0553470346541956,0.0355770215153662,1.55569612903909,187,190,0.113034661118371,-0.0148368597654237,0.125530929073815,TRUE,FALSE,FALSE,FALSE
"mpos","log","growth","pooled_cl","no_bailout","n_cy",0.0671780444946298,0.0352747005967452,1.90442564665817,187,190,0.137934212731188,-0.00240945206677731,0.136765541056037,TRUE,FALSE,FALSE,FALSE
"mpos","log","growth","pooled_cl","no_GR_ES","none",0.0122370753004755,0.0316055241222743,0.387181533618399,247,250,0.0246282984499408,-0.0500136313560568,0.0744877819570077,TRUE,FALSE,FALSE,FALSE
"mpos","log","growth","pooled_cl","no_GR_ES","n_cy",0.0277670586198185,0.0322530054195596,0.860913836047644,247,250,0.0546966330176129,-0.035758936753552,0.0912930539931891,TRUE,FALSE,FALSE,FALSE
"mneg","raw","none","fe_twoway","all","none",0.00592969535163035,0.000903776773314103,6.56101763921911,233,270,0.394893265081984,0.00414907652283977,0.00771031418042094,FALSE,TRUE,TRUE,FALSE
"mneg","raw","none","fe_twoway","all","n_cy",0.0049800598158821,0.000846326109608316,5.8843272815805,233,270,0.359694030363596,0.00331263014678404,0.00664748948498016,FALSE,TRUE,TRUE,FALSE
"mneg","raw","none","fe_twoway","y2004_2008","none",0.00858892780840983,0.00204952488896557,4.19069212316069,103,135,0.381663574238388,0.00452417858230359,0.0126536770345161,FALSE,TRUE,TRUE,FALSE
"mneg","raw","none","fe_twoway","y2004_2008","n_cy",0.00780566140188759,0.00193654116042465,4.03072320971268,103,135,0.369113336934784,0.00396498875353938,0.0116463340502358,FALSE,TRUE,TRUE,FALSE
"mneg","raw","none","fe_twoway","y2009_2013","none",0.00751022630492479,0.00126110592750399,5.95527000637386,103,135,0.50609386655952,0.00500912013614486,0.0100113324737047,FALSE,TRUE,TRUE,FALSE
"mneg","raw","none","fe_twoway","y2009_2013","n_cy",0.00601748356472438,0.00124203774469859,4.84484758245785,103,135,0.430806239345109,0.00355419463920837,0.00848077249024039,FALSE,TRUE,TRUE,FALSE
"mneg","raw","none","fe_twoway","no_bailout","none",0.00110584248487498,0.00129819206045205,0.85183272842534,161,190,0.066983048821749,-0.00145783770075364,0.00366952267050362,FALSE,FALSE,TRUE,FALSE
"mneg","raw","none","fe_twoway","no_bailout","n_cy",0.000630724781384839,0.00120481461149595,0.52350359579529,161,190,0.0412227931212322,-0.00174855286245815,0.00301000242522783,FALSE,FALSE,TRUE,FALSE
"mneg","raw","none","fe_twoway","no_GR_ES","none",0.00468975223714262,0.00111425755665667,4.20885836414179,215,250,0.275900571197357,0.00249348471568814,0.0068860197585971,FALSE,TRUE,TRUE,FALSE
"mneg","raw","none","fe_twoway","no_GR_ES","n_cy",0.00317017492218263,0.00102557907596279,3.09110725490038,215,250,0.20627792957296,0.00114869792903676,0.0051916519153285,FALSE,TRUE,TRUE,FALSE
"mneg","raw","none","fe_country","all","none",0.00922927950462989,0.000853570186925486,10.8125607548142,242,270,0.570735506813795,0.00754790403237726,0.0109106549768825,FALSE,TRUE,TRUE,FALSE
"mneg","raw","none","fe_country","all","n_cy",0.00836323252093851,0.000821528076665207,10.1800933631958,242,270,0.547574661361334,0.00674497408240621,0.00998149095947082,FALSE,TRUE,TRUE,FALSE
"mneg","raw","none","fe_country","y2004_2008","none",0.00908476866370473,0.00165630391645721,5.48496479024016,107,135,0.468467137831662,0.00580133932376307,0.0123681980036464,FALSE,TRUE,TRUE,FALSE
"mneg","raw","none","fe_country","y2004_2008","n_cy",0.00867591319858523,0.00157989556882986,5.49144726382832,107,135,0.468899125552687,0.00554395449632265,0.0118078719008478,FALSE,TRUE,TRUE,FALSE
"mneg","raw","none","fe_country","y2009_2013","none",0.0107297418523184,0.00147577090576761,7.27060129074535,107,135,0.575040182090991,0.00780419815053561,0.0136552855541013,FALSE,TRUE,TRUE,FALSE
"mneg","raw","none","fe_country","y2009_2013","n_cy",0.0086885960669813,0.0014958371042697,5.80851754658355,107,135,0.489619004293855,0.00572327346698528,0.0116539186669773,FALSE,TRUE,TRUE,FALSE
"mneg","raw","none","fe_country","no_bailout","none",0.00581693247451355,0.00134896513599416,4.31214441300336,170,190,0.313999301725788,0.00315405275804939,0.00847981219097771,FALSE,TRUE,TRUE,FALSE
"mneg","raw","none","fe_country","no_bailout","n_cy",0.00532110821207013,0.00129519324781212,4.10835079711748,170,190,0.300529975390938,0.00276437510127817,0.00787784132286208,FALSE,TRUE,TRUE,FALSE
"mneg","raw","none","fe_country","no_GR_ES","none",0.00849148621590066,0.00106641203911607,7.96266912265833,224,250,0.469690947840772,0.006390002962567,0.0105929694692343,FALSE,TRUE,TRUE,FALSE
"mneg","raw","none","fe_country","no_GR_ES","n_cy",0.00708314596119757,0.00101587314986308,6.97247088590951,224,250,0.422290738168009,0.00508125519698778,0.00908503672540736,FALSE,TRUE,TRUE,FALSE
"mneg","raw","none","re","all","none",0.00876826721715212,0.000863568166641726,10.1535322350411,268,270,0.527078205632254,0.00706802656469307,0.0104685078696112,FALSE,TRUE,TRUE,FALSE
"mneg","raw","none","re","y2004_2008","none",0.00820441873368894,0.00164595131139395,4.9846059703556,133,135,0.396746984690622,0.00494879079704564,0.0114600466703322,FALSE,TRUE,TRUE,FALSE
"mneg","raw","none","re","y2009_2013","none",0.00887155679352186,0.00145674415117049,6.0899896432696,133,135,0.466960075163419,0.00599017329070375,0.01175294029634,FALSE,TRUE,TRUE,FALSE
"mneg","raw","none","re","no_bailout","none",0.00517757621914313,0.00135936941186855,3.80880735871949,188,190,0.267651063328167,0.00249599889518573,0.00785915354310054,FALSE,TRUE,TRUE,FALSE
"mneg","raw","none","re","no_GR_ES","none",0.00800199762503549,0.0010754079666137,7.44089487288488,248,250,0.427209655820688,0.00588390027627759,0.0101200949737934,FALSE,TRUE,TRUE,FALSE
"mneg","raw","none","pooled_cl","all","none",-0.000619298229789345,0.00272421886655103,-0.227330570753076,268,270,-0.0138850860716242,-0.00598289063861839,0.0047442941790397,FALSE,FALSE,FALSE,FALSE
"mneg","raw","none","pooled_cl","all","n_cy",-0.00207872801753869,0.00281914585311414,-0.737360933363007,268,270,-0.0449958685245163,-0.00762921791495591,0.00347176187987852,FALSE,FALSE,FALSE,FALSE
"mneg","raw","none","pooled_cl","y2004_2008","none",-0.00375282176592561,0.0037504957869216,-1.00062017907396,133,135,-0.0864400176851606,-0.0111711571538808,0.00366551362202952,FALSE,FALSE,FALSE,FALSE
"mneg","raw","none","pooled_cl","y2004_2008","n_cy",-0.00332416558210224,0.00460982502123851,-0.721104503270094,133,135,-0.0624058150096892,-0.0124422209087031,0.00579388974449864,FALSE,FALSE,FALSE,FALSE
"mneg","raw","none","pooled_cl","y2009_2013","none",-0.00254874916372846,0.00340855506658905,-0.747750619818796,133,135,-0.0647023402831579,-0.00929073905222422,0.00419324072476729,FALSE,FALSE,FALSE,FALSE
"mneg","raw","none","pooled_cl","y2009_2013","n_cy",-0.00475001939278751,0.00362374061391229,-1.31080557326625,133,135,-0.11293410784115,-0.0119176379584974,0.00241759917292234,FALSE,FALSE,FALSE,FALSE
"mneg","raw","none","pooled_cl","no_bailout","none",-0.00815726936006139,0.00387088456982745,-2.10733986325637,188,190,-0.151909842672425,-0.0157932189374744,-0.000521319782648349,FALSE,TRUE,FALSE,FALSE
"mneg","raw","none","pooled_cl","no_bailout","n_cy",-0.00944933018758392,0.00374814229417704,-2.52107029187873,188,190,-0.180836547569944,-0.0168431506570434,-0.00205550971812442,FALSE,TRUE,FALSE,FALSE
"mneg","raw","none","pooled_cl","no_GR_ES","none",-0.00251296886257679,0.00338067204829654,-0.74333411424602,248,250,-0.0471492682426296,-0.00917145822179593,0.00414552049664235,FALSE,FALSE,FALSE,FALSE
"mneg","raw","none","pooled_cl","no_GR_ES","n_cy",-0.00439972760713797,0.00331533786141005,-1.32708272612274,248,250,-0.0839722045096783,-0.010929536342516,0.00213008112824006,FALSE,FALSE,FALSE,FALSE
"mneg","raw","growth","fe_twoway","all","none",0.00533965605291469,0.00096785226658811,5.5170155996412,232,270,0.34055816579886,0.00343275292923506,0.00724655917659433,FALSE,TRUE,TRUE,FALSE
"mneg","raw","growth","fe_twoway","all","n_cy",0.00439707395364671,0.000896220521726069,4.90624109474553,232,270,0.306597434174297,0.00263130269765756,0.00616284520963586,FALSE,TRUE,TRUE,FALSE
"mneg","raw","growth","fe_twoway","y2004_2008","none",0.00898215235155034,0.00213585515027134,4.2054126893433,102,135,0.384403965367735,0.00474569378801003,0.0132186109150906,FALSE,TRUE,TRUE,FALSE
"mneg","raw","growth","fe_twoway","y2004_2008","n_cy",0.00842715766138586,0.00200340258640855,4.20642247272577,102,135,0.384482623384294,0.00445341813025189,0.0124008971925198,FALSE,TRUE,TRUE,FALSE
"mneg","raw","growth","fe_twoway","y2009_2013","none",0.00614909738896847,0.00130968457111183,4.69509798359181,102,135,0.421557553204329,0.00355134425195519,0.00874685052598175,FALSE,TRUE,TRUE,FALSE
"mneg","raw","growth","fe_twoway","y2009_2013","n_cy",0.00479224186440107,0.0012554816661227,3.81705443712365,102,135,0.353537212392507,0.00230199993243405,0.00728248379636808,FALSE,TRUE,TRUE,FALSE
"mneg","raw","growth","fe_twoway","no_bailout","none",0.00114899160746666,0.00137127102236034,0.837902638304807,160,190,0.0660971612553255,-0.00155913367377667,0.00385711688871,FALSE,FALSE,TRUE,FALSE
"mneg","raw","growth","fe_twoway","no_bailout","n_cy",0.000674686624322464,0.00126231420232108,0.534483905102139,160,190,0.0422169913268833,-0.0018182596630526,0.00316763291169753,FALSE,FALSE,TRUE,FALSE
"mneg","raw","growth","fe_twoway","no_GR_ES","none",0.00408739022139878,0.0011997489178352,3.40687135502815,214,250,0.226819123827636,0.00172255162308564,0.00645222881971192,FALSE,TRUE,TRUE,FALSE
"mneg","raw","growth","fe_twoway","no_GR_ES","n_cy",0.00268181609811955,0.0010811770269599,2.48045975011178,214,250,0.167174562507854,0.000550695888753036,0.00481293630748607,FALSE,TRUE,TRUE,FALSE
"mneg","raw","growth","fe_country","all","none",0.00902526018971163,0.000923041881144743,9.77773638886097,241,270,0.532940352601075,0.00720700040565227,0.010843519973771,FALSE,TRUE,TRUE,FALSE
"mneg","raw","growth","fe_country","all","n_cy",0.00798756231196196,0.000875178407421937,9.12678174441184,241,270,0.506810300280852,0.00626358668897189,0.00971153793495202,FALSE,TRUE,TRUE,FALSE
"mneg","raw","growth","fe_country","y2004_2008","none",0.00909049716372335,0.00166624130718378,5.45569067609287,106,135,0.46822708207846,0.00578701171066021,0.0123939826167865,FALSE,TRUE,TRUE,FALSE
"mneg","raw","growth","fe_country","y2004_2008","n_cy",0.00865634213963019,0.00158651599151061,5.45619595765182,106,135,0.468260938921313,0.00551091987911406,0.0118017644001463,FALSE,TRUE,TRUE,FALSE
"mneg","raw","growth","fe_country","y2009_2013","none",0.0109489665542349,0.00144526666120604,7.57574145182188,106,135,0.59266589719117,0.00808358482920679,0.013814348279263,FALSE,TRUE,TRUE,FALSE
"mneg","raw","growth","fe_country","y2009_2013","n_cy",0.008887968873793,0.00148703947999874,5.97695555050125,106,135,0.502063129713741,0.00593976847261029,0.0118361692749757,FALSE,TRUE,TRUE,FALSE
"mneg","raw","growth","fe_country","no_bailout","none",0.00595594749040118,0.00138534974625906,4.29923743551716,169,190,0.313985773602485,0.0032211279365071,0.00869076704429526,FALSE,TRUE,TRUE,FALSE
"mneg","raw","growth","fe_country","no_bailout","n_cy",0.00536009449120222,0.00131649984763575,4.07147368898538,169,190,0.298875060538758,0.0027611915529838,0.00795899742942064,FALSE,TRUE,TRUE,FALSE
"mneg","raw","growth","fe_country","no_GR_ES","none",0.00823978737316288,0.00114022844112319,7.22643557728325,223,250,0.43559517274146,0.0059927859782636,0.0104867887680622,FALSE,TRUE,TRUE,FALSE
"mneg","raw","growth","fe_country","no_GR_ES","n_cy",0.00678593082065428,0.00106111203596141,6.39511247698355,223,250,0.393668421828658,0.00469484087853617,0.00887702076277238,FALSE,TRUE,TRUE,FALSE
"mneg","raw","growth","re","all","none",0.00830412062009249,0.00094345314841679,8.80183677803997,267,270,0.474237769116307,0.00644656645036071,0.0101616747898243,FALSE,TRUE,TRUE,FALSE
"mneg","raw","growth","re","y2004_2008","none",0.00802693770925549,0.00167865288135564,4.7817734079562,132,135,0.384248210515035,0.0047063963886533,0.0113474790298577,FALSE,TRUE,TRUE,FALSE
"mneg","raw","growth","re","y2009_2013","none",0.00886745165090531,0.00145536055127515,6.0929586439153,132,135,0.46851707500043,0.00598860462984587,0.0117462986719647,FALSE,TRUE,TRUE,FALSE
"mneg","raw","growth","re","no_bailout","none",0.00519943078807793,0.00139802513253391,3.71912540560268,187,190,0.262436647281186,0.00244150322364268,0.00795735835251319,FALSE,TRUE,TRUE,FALSE
"mneg","raw","growth","re","no_GR_ES","none",0.00751138991814316,0.00115661593730244,6.49428187515887,247,250,0.381900510636972,0.00523330210195214,0.00978947773433419,FALSE,TRUE,TRUE,FALSE
"mneg","raw","growth","pooled_cl","all","none",-0.00229402890816217,0.00258435583327952,-0.887659848779831,267,270,-0.0542439202546385,-0.00738233770466669,0.00279427988834234,FALSE,FALSE,FALSE,FALSE
"mneg","raw","growth","pooled_cl","all","n_cy",-0.00358366939677256,0.00261431503464235,-1.37078712752108,267,270,-0.0835971610419684,-0.00873096452397802,0.00156362573043288,FALSE,FALSE,FALSE,FALSE
"mneg","raw","growth","pooled_cl","y2004_2008","none",-0.00239788696214664,0.00365986455447697,-0.655184618571036,132,135,-0.0569340011437263,-0.00963746079895668,0.00484168687466338,FALSE,FALSE,FALSE,FALSE
"mneg","raw","growth","pooled_cl","y2004_2008","n_cy",-0.00179921203054081,0.00449826461092835,-0.399979144439323,132,135,-0.0347926380836806,-0.0106972240480864,0.00709879998700482,FALSE,FALSE,FALSE,FALSE
"mneg","raw","growth","pooled_cl","y2009_2013","none",-0.00284105341120468,0.00328145644084202,-0.865790377664031,132,135,-0.0751443194697904,-0.00933209859665872,0.00364999177424936,FALSE,FALSE,FALSE,FALSE
"mneg","raw","growth","pooled_cl","y2009_2013","n_cy",-0.00522979134564808,0.00341233125460579,-1.53261537507215,132,135,-0.132225769951639,-0.0119797198486453,0.0015201371573491,FALSE,FALSE,FALSE,FALSE
"mneg","raw","growth","pooled_cl","no_bailout","none",-0.00812998380869298,0.00394570139157777,-2.06046606214213,187,190,-0.148994360334745,-0.0159137913924232,-0.000346176224962806,FALSE,TRUE,FALSE,FALSE
"mneg","raw","growth","pooled_cl","no_bailout","n_cy",-0.00910025182995339,0.00380340976842363,-2.39265616487205,187,190,-0.172350079189458,-0.0166033563128933,-0.00159714734701351,FALSE,TRUE,FALSE,FALSE
"mneg","raw","growth","pooled_cl","no_GR_ES","none",-0.00371375998096635,0.00327603106614761,-1.13361561779494,247,250,-0.0719433249514412,-0.0101662791072895,0.00273875914535675,FALSE,FALSE,FALSE,FALSE
"mneg","raw","growth","pooled_cl","no_GR_ES","n_cy",-0.0050593632493269,0.00325491195163505,-1.55437791390499,247,250,-0.0984224978686446,-0.0114702858560897,0.00135155935743586,FALSE,FALSE,FALSE,FALSE
"mneg","log","none","fe_twoway","all","none",0.0647805627739629,0.0100044111000123,6.47520000191548,233,270,0.390520225067902,0.0450698960455846,0.0844912295023412,FALSE,TRUE,TRUE,FALSE
"mneg","log","none","fe_twoway","all","n_cy",0.0523830059236921,0.00934302747656083,5.60664153617306,233,270,0.344781369466332,0.0339753956222377,0.0707906162251467,FALSE,TRUE,TRUE,FALSE
"mneg","log","none","fe_twoway","y2004_2008","none",0.0849693743010394,0.0182927909251775,4.64496503833599,103,135,0.41616521881562,0.0486899379512976,0.121248810650781,FALSE,TRUE,TRUE,FALSE
"mneg","log","none","fe_twoway","y2004_2008","n_cy",0.0787152799991547,0.017144245473546,4.59135283151506,103,135,0.412181850218385,0.0447137126622763,0.112716847336033,FALSE,TRUE,TRUE,FALSE
"mneg","log","none","fe_twoway","y2009_2013","none",0.0870544431531632,0.0165865255962831,5.24850383209075,103,135,0.459359196796457,0.0541589816516877,0.119949904654639,FALSE,TRUE,TRUE,FALSE
"mneg","log","none","fe_twoway","y2009_2013","n_cy",0.0703684600667576,0.0167409806554794,4.20336547272252,103,135,0.382649005562985,0.0371666733843994,0.103570246749116,FALSE,TRUE,TRUE,FALSE
"mneg","log","none","fe_twoway","no_bailout","none",0.0160813075015245,0.0120566494867192,1.33381230989908,161,190,0.104543120561458,-0.00772826146426357,0.0398908764673126,FALSE,FALSE,TRUE,FALSE
"mneg","log","none","fe_twoway","no_bailout","n_cy",0.0116053092159842,0.0111139591974408,1.04421016937479,161,190,0.0820180245910582,-0.0103426273385212,0.0335532457704895,FALSE,FALSE,TRUE,FALSE
"mneg","log","none","fe_twoway","no_GR_ES","none",0.0522744731689982,0.0104261222738755,5.01379820760217,215,250,0.323546160283,0.0317239697525951,0.0728249765854014,FALSE,TRUE,TRUE,FALSE
"mneg","log","none","fe_twoway","no_GR_ES","n_cy",0.0375203589611842,0.00961582983982063,3.90193665925811,215,250,0.257160268694578,0.0185669898385208,0.0564737280838476,FALSE,TRUE,TRUE,FALSE
"mneg","log","none","fe_country","all","none",0.0983358743867794,0.00882771967195707,11.1394423521583,242,270,0.582198647818513,0.0809468985770532,0.115724850196506,FALSE,TRUE,TRUE,FALSE
"mneg","log","none","fe_country","all","n_cy",0.0881390259234638,0.0085482814106955,10.3107305069748,242,270,0.552466232825782,0.0713004918298271,0.1049775600171,FALSE,TRUE,TRUE,FALSE
"mneg","log","none","fe_country","y2004_2008","none",0.0852522908425803,0.014244024540726,5.98512664723582,107,135,0.500813679892777,0.0570151734686706,0.11348940821649,FALSE,TRUE,TRUE,FALSE
"mneg","log","none","fe_country","y2004_2008","n_cy",0.0819400575855655,0.0135002103818273,6.0695393085033,107,135,0.506077392317195,0.0551774650307577,0.108702650140373,FALSE,TRUE,TRUE,FALSE
"mneg","log","none","fe_country","y2009_2013","none",0.131312771214513,0.0189036361416407,6.94642925999081,107,135,0.557496038251129,0.0938385172914721,0.168787025137553,FALSE,TRUE,TRUE,FALSE
"mneg","log","none","fe_country","y2009_2013","n_cy",0.107465486712135,0.0198895396786638,5.40311583115305,107,135,0.462983838617628,0.0680367940127027,0.146894179411568,FALSE,TRUE,TRUE,FALSE
"mneg","log","none","fe_country","no_bailout","none",0.0625164009697618,0.0116088108824777,5.38525449356088,170,190,0.381749642948111,0.0396004143320225,0.0854323876075011,FALSE,TRUE,TRUE,FALSE
"mneg","log","none","fe_country","no_bailout","n_cy",0.0577906566015223,0.0111213023197108,5.19639291696056,170,190,0.370225317386728,0.0358370200117981,0.0797442931912465,FALSE,TRUE,TRUE,FALSE
"mneg","log","none","fe_country","no_GR_ES","none",0.0860953754327458,0.00935234636241675,9.20575138007375,224,250,0.523912392638725,0.0676655391789415,0.10452521168655,FALSE,TRUE,TRUE,FALSE
"mneg","log","none","fe_country","no_GR_ES","n_cy",0.0734699651929444,0.00898196894971605,8.17971712040566,224,250,0.479579513163634,0.0557699987283529,0.0911699316575359,FALSE,TRUE,TRUE,FALSE
"mneg","log","none","re","all","none",0.0928079475270376,0.00894533938973334,10.3750057413757,268,270,0.535305862439706,0.0751958697919191,0.110420025262156,FALSE,TRUE,TRUE,FALSE
"mneg","log","none","re","y2004_2008","none",0.0765373823228473,0.0141492477731811,5.40928984704885,133,135,0.424652768261137,0.0485507183103837,0.104524046335311,FALSE,TRUE,TRUE,FALSE
"mneg","log","none","re","y2009_2013","none",0.100708048442908,0.0184794270522519,5.44973868281463,133,135,0.427250290373942,0.064156457549541,0.137259639336275,FALSE,TRUE,TRUE,FALSE
"mneg","log","none","re","no_bailout","none",0.0569656490494851,0.0117059197641779,4.86639667767157,188,190,0.334476592374199,0.0338738178506826,0.0800574802482877,FALSE,TRUE,TRUE,FALSE
"mneg","log","none","re","no_GR_ES","none",0.0815356954260238,0.00945050147777673,8.62765807907216,248,250,0.480475045976635,0.0629222178008374,0.10014917305121,FALSE,TRUE,TRUE,FALSE
"mneg","log","none","pooled_cl","all","none",-0.0116682353394797,0.0289057054521593,-0.403665475620076,268,270,-0.0246503007949166,-0.0685793830591689,0.0452429123802095,FALSE,FALSE,FALSE,FALSE
"mneg","log","none","pooled_cl","all","n_cy",-0.0262527439064328,0.029651628743002,-0.885372744073247,268,270,-0.0540038266891034,-0.0846325065562425,0.0321270187433768,FALSE,FALSE,FALSE,FALSE
"mneg","log","none","pooled_cl","y2004_2008","none",-0.0315657927664352,0.034932016037114,-0.903635013017792,133,135,-0.0781156634315025,-0.100659967367132,0.0375283818342617,FALSE,FALSE,FALSE,FALSE
"mneg","log","none","pooled_cl","y2004_2008","n_cy",-0.027441498716251,0.0425272846654887,-0.645268065715939,133,135,-0.0558644607452513,-0.111558820454821,0.0566758230223194,FALSE,FALSE,FALSE,FALSE
"mneg","log","none","pooled_cl","y2009_2013","none",-0.0412647004870283,0.0407673771045773,-1.01219905271745,133,135,-0.0874326723511007,-0.1219009932416,0.0393715922675433,FALSE,FALSE,FALSE,FALSE
"mneg","log","none","pooled_cl","y2009_2013","n_cy",-0.068942536116432,0.0413479378137123,-1.66737544268939,133,135,-0.143091973492969,-0.15072715546517,0.0128420832323064,FALSE,FALSE,FALSE,FALSE
"mneg","log","none","pooled_cl","no_bailout","none",-0.0636471176541606,0.0374268275473437,-1.7005747434417,188,190,-0.123084088117107,-0.137477624050994,0.0101833887426729,FALSE,FALSE,FALSE,FALSE
"mneg","log","none","pooled_cl","no_bailout","n_cy",-0.0747567578371049,0.0369153787627025,-2.02508440500238,188,190,-0.146109466125072,-0.147578348297413,-0.00193516737679673,FALSE,TRUE,FALSE,FALSE
"mneg","log","none","pooled_cl","no_GR_ES","none",-0.0197395828196418,0.032186323106665,-0.61329101662918,248,250,-0.0389145200880764,-0.0831329811902721,0.0436538155509885,FALSE,FALSE,FALSE,FALSE
"mneg","log","none","pooled_cl","no_GR_ES","n_cy",-0.0359880913095267,0.0323175037986606,-1.11357893028292,248,250,-0.0705362039193645,-0.0996398599773375,0.027663677358284,FALSE,FALSE,FALSE,FALSE
"mneg","log","growth","fe_twoway","all","none",0.0581295485704025,0.0106819631636556,5.4418413244658,232,270,0.33644624456298,0.0370834967844078,0.0791756003563971,FALSE,TRUE,TRUE,FALSE
"mneg","log","growth","fe_twoway","all","n_cy",0.0457907607666602,0.00980268640020239,4.67124611532149,232,270,0.293203646757779,0.0264770969335487,0.0651044245997718,FALSE,TRUE,TRUE,FALSE
"mneg","log","growth","fe_twoway","y2004_2008","none",0.0905782386000539,0.0192108131022537,4.7149612105397,102,135,0.423022414473789,0.0524736818985961,0.128682795301512,FALSE,TRUE,TRUE,FALSE
"mneg","log","growth","fe_twoway","y2004_2008","n_cy",0.0862898651593955,0.0178057730242757,4.84617348776439,102,135,0.432615785390907,0.0509721987906977,0.121607531528093,FALSE,TRUE,TRUE,FALSE
"mneg","log","growth","fe_twoway","y2009_2013","none",0.067119122035522,0.0175874131880242,3.81631575479362,102,135,0.353477344499045,0.0322345713666896,0.102003672704354,FALSE,TRUE,TRUE,FALSE
"mneg","log","growth","fe_twoway","y2009_2013","n_cy",0.0521658804793081,0.0170809626384361,3.05403633176521,102,135,0.289450082199949,0.0182858720742804,0.0860458888843358,FALSE,TRUE,TRUE,FALSE
"mneg","log","growth","fe_twoway","no_bailout","none",0.0169112449983719,0.0126397484028555,1.33794158391249,160,190,0.105186788781612,-0.00805101384044497,0.0418735038371887,FALSE,FALSE,TRUE,FALSE
"mneg","log","growth","fe_twoway","no_bailout","n_cy",0.012353671007685,0.0115519583487492,1.06940058427605,160,190,0.084243007417245,-0.0104603095563239,0.0351676515716939,FALSE,FALSE,TRUE,FALSE
"mneg","log","growth","fe_twoway","no_GR_ES","none",0.0476683866263326,0.0111164781011524,4.28808352722712,214,250,0.281291561944545,0.0257565714955947,0.0695802017570706,FALSE,TRUE,TRUE,FALSE
"mneg","log","growth","fe_twoway","no_GR_ES","n_cy",0.0337951953517035,0.0100565496660805,3.36051592980152,214,250,0.223888632901811,0.0139726170916523,0.0536177736117548,FALSE,TRUE,TRUE,FALSE
"mneg","log","growth","fe_country","all","none",0.0970185151002426,0.00960522950804951,10.1005931215842,241,270,0.545363290458648,0.0780975940803999,0.115939436120085,FALSE,TRUE,TRUE,FALSE
"mneg","log","growth","fe_country","all","n_cy",0.0841630637468155,0.0090756892784064,9.27346245172396,241,270,0.512825914805296,0.0662852608381548,0.102040866655476,FALSE,TRUE,TRUE,FALSE
"mneg","log","growth","fe_country","y2004_2008","none",0.085307494655334,0.0143281298921321,5.95384710339471,106,135,0.500609190831054,0.0569005835649724,0.113714405745696,FALSE,TRUE,TRUE,FALSE
"mneg","log","growth","fe_country","y2004_2008","n_cy",0.0817539216611041,0.0135615956397311,6.02834089976784,106,135,0.505280989585855,0.0548667392806023,0.108641104041606,FALSE,TRUE,TRUE,FALSE
"mneg","log","growth","fe_country","y2009_2013","none",0.134248605258716,0.0185273284597393,7.24597750563139,106,135,0.575541451716913,0.0975163745866063,0.170980835930825,FALSE,TRUE,TRUE,FALSE
"mneg","log","growth","fe_country","y2009_2013","n_cy",0.109868091023915,0.0197899041907001,5.55172425117378,106,135,0.474624866166294,0.0706326811648316,0.149103500882999,FALSE,TRUE,TRUE,FALSE
"mneg","log","growth","fe_country","no_bailout","none",0.0647704180610464,0.0119616722928596,5.41482967224497,169,190,0.38450423426248,0.0411568754360724,0.0883839606860203,FALSE,TRUE,TRUE,FALSE
"mneg","log","growth","fe_country","no_bailout","n_cy",0.0585369760638945,0.0113146732340746,5.17354543546231,169,190,0.369760153375128,0.0362006745703345,0.0808732775574545,FALSE,TRUE,TRUE,FALSE
"mneg","log","growth","fe_country","no_GR_ES","none",0.0851767801320059,0.0100227185074301,8.49837098276904,223,250,0.494607957260528,0.0654254200934039,0.104928140170608,FALSE,TRUE,TRUE,FALSE
"mneg","log","growth","fe_country","no_GR_ES","n_cy",0.0714989608842641,0.00937992303048203,7.62255304781427,223,250,0.454639820817793,0.0530143315122944,0.0899835902562337,FALSE,TRUE,TRUE,FALSE
"mneg","log","growth","re","all","none",0.0884677700980107,0.00981760723845657,9.01113356332624,267,270,0.482908349176442,0.0691379949065377,0.107797545289484,FALSE,TRUE,TRUE,FALSE
"mneg","log","growth","re","y2004_2008","none",0.0747626421818433,0.0144377640923827,5.17827010494565,132,135,0.410903319558363,0.0462033177507273,0.103321966612959,FALSE,TRUE,TRUE,FALSE
"mneg","log","growth","re","y2009_2013","none",0.100124095997418,0.0184452450561894,5.42817922409877,132,135,0.427183830422652,0.063637578112763,0.136610613882073,FALSE,TRUE,TRUE,FALSE
"mneg","log","growth","re","no_bailout","none",0.0578846330175238,0.01210666827624,4.78121905191086,187,190,0.330045449707522,0.0340014327977979,0.0817678332372497,FALSE,TRUE,TRUE,FALSE
"mneg","log","growth","re","no_GR_ES","none",0.0782555209130106,0.0102065314037288,7.667200326687,247,250,0.438458041244523,0.0581525860609849,0.0983584557650362,FALSE,TRUE,TRUE,FALSE
"mneg","log","growth","pooled_cl","all","none",-0.0279128695381415,0.0279867334520541,-0.997360752585176,267,270,-0.0609241036710643,-0.0830156306114119,0.027189891535129,FALSE,FALSE,FALSE,FALSE
"mneg","log","growth","pooled_cl","all","n_cy",-0.03983115543633,0.0285205554071105,-1.3965771306964,267,270,-0.0851586575324334,-0.0959849524833245,0.0163226416106646,FALSE,FALSE,FALSE,FALSE
"mneg","log","growth","pooled_cl","y2004_2008","none",-0.0221735972836528,0.0329561884588582,-0.672820441943215,132,135,-0.0584613433902794,-0.0873641955083532,0.0430170009410475,FALSE,FALSE,FALSE,FALSE
"mneg","log","growth","pooled_cl","y2004_2008","n_cy",-0.0165210459296918,0.0402319103061743,-0.410645326159329,132,135,-0.0357192795520489,-0.0961037411147303,0.0630616492553466,FALSE,FALSE,FALSE,FALSE
"mneg","log","growth","pooled_cl","y2009_2013","none",-0.0446688810145347,0.0395339314417555,-1.12988714720529,132,135,-0.0978719052455067,-0.122870905016179,0.0335331429871095,FALSE,FALSE,FALSE,FALSE
"mneg","log","growth","pooled_cl","y2009_2013","n_cy",-0.0738433684271802,0.0394987977782815,-1.86950926561575,132,135,-0.160607522677984,-0.151975894569794,0.00428915771543347,FALSE,FALSE,FALSE,FALSE
"mneg","log","growth","pooled_cl","no_bailout","none",-0.0645737379875266,0.0374963556462825,-1.72213370805087,187,190,-0.124947974542134,-0.138543962410685,0.00939648643563215,FALSE,FALSE,FALSE,FALSE
"mneg","log","growth","pooled_cl","no_bailout","n_cy",-0.0724949395955297,0.0369043079933851,-1.96440316963873,187,190,-0.142191763648669,-0.145297213240561,0.000307334049501562,FALSE,FALSE,FALSE,FALSE
"mneg","log","growth","pooled_cl","no_GR_ES","none",-0.0307150925809576,0.0312240054823471,-0.983701229437805,247,250,-0.0624691627360478,-0.0922143544949117,0.0307841693329965,FALSE,FALSE,FALSE,FALSE
"mneg","log","growth","pooled_cl","no_GR_ES","n_cy",-0.0421091719522557,0.0315875210381616,-1.33309517709169,247,250,-0.0845193054355884,-0.104324419468681,0.0201060755641693,FALSE,FALSE,FALSE,FALSE
