engine,outcome,copredictor,sample,estimator,reg_weight,se,estimate,std_error,statistic,df,n,fmi,m,predictor,construction,item_set,noop,cell_weight,measure,pred_form,family,positive_outcome,p,sig,supports_claim,r,r_ca
mice_pmm,mcosmo,none,all,fe_twoway,none,conventional,-0.004100186788164411,8.741325980576629e-4,-4.690577604902384,227.56247570701552,270,0.014160327761014798,10,unemp,share,all,mi,unweighted,wb_nat,raw,gaussian,TRUE,4.6992251809071224e-6,TRUE,TRUE,-0.2969172038324071,-0.2969172038324071
mice_pmm,mcosmo,none,all,fe_twoway,none,clustered,-0.004100186788164411,0.001370552203125677,-2.991631240906795,228.50153023966953,270,0.010787446905414224,10,unemp,share,all,mi,unweighted,wb_nat,raw,gaussian,TRUE,0.0030792523980287235,TRUE,TRUE,-0.19414253844212517,-0.19414253844212517
mice_pmm,mutil,none,all,fe_twoway,none,conventional,-0.0014544531092338699,4.066352078410147e-4,-3.576800732420909,227.46065216282256,270,0.014499346026124849,10,unemp,share,all,mi,unweighted,wb_nat,raw,gaussian,TRUE,4.248831476984821e-4,TRUE,TRUE,-0.23075934184374597,-0.23075934184374597
mice_pmm,mutil,none,all,fe_twoway,none,clustered,-0.0014544531092338699,5.422333409564008e-4,-2.6823380256707923,228.21674289609538,270,0.011862845997826822,10,unemp,share,all,mi,unweighted,wb_nat,raw,gaussian,TRUE,0.007845586931096478,TRUE,TRUE,-0.17482337609650933,-0.17482337609650933
mice_pmm,mcomm,none,all,fe_twoway,none,conventional,0.005624110115581977,6.739301621233471e-4,8.345241735229854,227.8832482569266,270,0.01306126275082092,10,unemp,share,all,mi,unweighted,wb_nat,raw,gaussian,FALSE,6.855440541424685e-15,TRUE,TRUE,0.48381155314505714,-0.48381155314505714
mice_pmm,mcomm,none,all,fe_twoway,none,clustered,0.005624110115581977,0.0013397470654613183,4.197889482702777,228.7914648273882,270,0.009635178002517225,10,unemp,share,all,mi,unweighted,wb_nat,raw,gaussian,FALSE,3.858540212341744e-5,TRUE,TRUE,0.26742286655003233,-0.26742286655003233
mice_pmm,mlib,none,all,fe_twoway,none,conventional,-6.953776840957253e-5,5.081378298602866e-4,-0.1368482414086195,224.60373722593147,270,0.022658971375011657,10,unemp,share,all,mi,unweighted,wb_nat,raw,gaussian,FALSE,0.8912733390383812,FALSE,FALSE,-0.009130879820627628,0.009130879820627628
mice_pmm,mlib,none,all,fe_twoway,none,clustered,-6.953776840957253e-5,0.0010547808738152885,-0.06592626974552998,228.24281663820648,270,0.011766497120560528,10,unemp,share,all,mi,unweighted,wb_nat,raw,gaussian,FALSE,0.9474942345353978,FALSE,FALSE,-0.00436370927874268,0.00436370927874268
mice_pmm,mpos,none,all,fe_twoway,none,conventional,-0.005554639897398281,9.1351535720772e-4,-6.080510692646447,227.78505290709685,270,0.013402947205201233,10,unemp,share,all,mi,unweighted,wb_nat,raw,gaussian,TRUE,5.004845610752722e-9,TRUE,TRUE,-0.373693709152705,-0.373693709152705
mice_pmm,mpos,none,all,fe_twoway,none,clustered,-0.005554639897398281,0.001344818032709876,-4.130402598934074,228.5115436418924,270,0.010748668348392635,10,unemp,share,all,mi,unweighted,wb_nat,raw,gaussian,TRUE,5.080963678858473e-5,TRUE,TRUE,-0.263574363064451,-0.263574363064451
mice_pmm,mneg,none,all,fe_twoway,none,conventional,0.005554572347172405,9.135219171414608e-4,6.080393084112801,227.78516638693196,270,0.013402555087787997,10,unemp,share,all,mi,unweighted,wb_nat,raw,gaussian,FALSE,5.008001289672309e-9,TRUE,TRUE,0.37368741046222553,-0.37368741046222553
mice_pmm,mneg,none,all,fe_twoway,none,clustered,0.005554572347172405,0.0013448521401933041,4.130247616941749,228.51161165189438,270,0.01074840473222865,10,unemp,share,all,mi,unweighted,wb_nat,raw,gaussian,FALSE,5.084150536070379e-5,TRUE,TRUE,0.2635651236947972,-0.2635651236947972
mice_pmm,mcosmo,none,all,fe_twoway,n_cell,conventional,-0.0031307200125305743,8.257556515469795e-4,-3.7913394920948464,227.52399276762026,270,0.01428898701881277,10,unemp,share,all,mi,unweighted,wb_nat,raw,gaussian,TRUE,1.9197799768038966e-4,TRUE,TRUE,-0.24376778622575657,-0.24376778622575657
mice_pmm,mcosmo,none,all,fe_twoway,n_cell,clustered,-0.0031307200125305743,0.0014232938817243374,-2.1996300642687157,228.59272145750114,270,0.010431706175678483,10,unemp,share,all,mi,unweighted,wb_nat,raw,gaussian,TRUE,0.028835012938128398,TRUE,TRUE,-0.14396943302840412,-0.14396943302840412
mice_pmm,mutil,none,all,fe_twoway,n_cell,conventional,-0.001549068509000879,3.917007313149428e-4,-3.9547245771041646,227.32724167615706,270,0.014936862363543853,10,unemp,share,all,mi,unweighted,wb_nat,raw,gaussian,TRUE,1.0238181624148534e-4,TRUE,TRUE,-0.2537128818848915,-0.2537128818848915
mice_pmm,mutil,none,all,fe_twoway,n_cell,clustered,-0.001549068509000879,5.654533992639983e-4,-2.739515777988367,228.2941594253014,270,0.011575572993185637,10,unemp,share,all,mi,unweighted,wb_nat,raw,gaussian,TRUE,0.006639048683229174,TRUE,TRUE,-0.17840323649472448,-0.17840323649472448
mice_pmm,mcomm,none,all,fe_twoway,n_cell,conventional,0.005196617524941473,6.165413718928757e-4,8.428659878877337,228.3822208529696,270,0.01124429696880092,10,unemp,share,all,mi,unweighted,wb_nat,raw,gaussian,FALSE,3.952902829028377e-15,TRUE,TRUE,0.4870963129031874,-0.4870963129031874
mice_pmm,mcomm,none,all,fe_twoway,n_cell,clustered,0.005196617524941473,0.001230702365775833,4.222481137155801,228.90412740267382,270,0.009169687580515245,10,unemp,share,all,mi,unweighted,wb_nat,raw,gaussian,FALSE,3.4872974836747066e-5,TRUE,TRUE,0.2688151127315296,-0.2688151127315296
mice_pmm,mlib,none,all,fe_twoway,n_cell,conventional,-5.169166230270646e-4,5.06246634681106e-4,-1.0210766602975638,224.30695443946675,270,0.023397736136205376,10,unemp,share,all,mi,unweighted,wb_nat,raw,gaussian,FALSE,0.3083181134090512,FALSE,FALSE,-0.06801896194000302,0.06801896194000302
mice_pmm,mlib,none,all,fe_twoway,n_cell,clustered,-5.169166230270646e-4,0.0011781715243604602,-0.43874479423330093,228.38602612405847,270,0.011229870902774598,10,unemp,share,all,mi,unweighted,wb_nat,raw,gaussian,FALSE,0.6612612281142125,FALSE,FALSE,-0.029019790000173816,0.029019790000173816
mice_pmm,mpos,none,all,fe_twoway,n_cell,conventional,-0.004679788521531453,8.583180710246334e-4,-5.45227775053701,227.60480065543766,270,0.014018063274024248,10,unemp,share,all,mi,unweighted,wb_nat,raw,gaussian,TRUE,1.2912015715127436e-7,TRUE,TRUE,-0.3398841883806521,-0.3398841883806521
mice_pmm,mpos,none,all,fe_twoway,n_cell,clustered,-0.004679788521531453,0.0013268219460833431,-3.5270659603918677,228.49973393887973,270,0.010794396085545752,10,unemp,share,all,mi,unweighted,wb_nat,raw,gaussian,TRUE,5.077449907572802e-4,TRUE,TRUE,-0.22722661208440553,-0.22722661208440553
mice_pmm,mneg,none,all,fe_twoway,n_cell,conventional,0.004679700901914408,8.583248195520928e-4,5.452132800210132,227.60406186785707,270,0.014020553423469901,10,unemp,share,all,mi,unweighted,wb_nat,raw,gaussian,FALSE,1.2921365347927006e-7,TRUE,TRUE,0.339876684155937,-0.339876684155937
mice_pmm,mneg,none,all,fe_twoway,n_cell,clustered,0.004679700901914408,0.0013268496525076045,3.5269262746312453,228.49948014784843,270,0.010795377724610353,10,unemp,share,all,mi,unweighted,wb_nat,raw,gaussian,FALSE,5.07999088152275e-4,TRUE,TRUE,0.22721819729450926,-0.22721819729450926
mice_pmm,mcosmo,none,all,fe_twoway,n_eff,conventional,-0.0031964227750306286,8.247066242505366e-4,-3.875830120723744,227.42653900250812,270,0.01461192642952334,10,unemp,share,all,mi,unweighted,wb_nat,raw,gaussian,TRUE,1.390493620688157e-4,TRUE,TRUE,-0.24891719297849524,-0.24891719297849524
mice_pmm,mcosmo,none,all,fe_twoway,n_eff,clustered,-0.0031964227750306286,0.001419497605603447,-2.251798638062364,228.5635360047616,270,0.010546198390055108,10,unemp,share,all,mi,unweighted,wb_nat,raw,gaussian,TRUE,0.025285423860790957,TRUE,TRUE,-0.1473198968679513,-0.1473198968679513
mice_pmm,mutil,none,all,fe_twoway,n_eff,conventional,-0.0014838193884527573,3.8909291530565045e-4,-3.8135348398393445,227.2167636495083,270,0.0152936954318059,10,unemp,share,all,mi,unweighted,wb_nat,raw,gaussian,TRUE,1.7652835055793252e-4,TRUE,TRUE,-0.2452650488471458,-0.2452650488471458
mice_pmm,mutil,none,all,fe_twoway,n_eff,clustered,-0.0014838193884527573,5.52889890308344e-4,-2.6837520715476253,228.21974236557145,270,0.011851782861978627,10,unemp,share,all,mi,unweighted,wb_nat,raw,gaussian,TRUE,0.007813506238381937,TRUE,TRUE,-0.17491160440941417,-0.17491160440941417
mice_pmm,mcomm,none,all,fe_twoway,n_eff,conventional,0.005106692615586961,6.149370425208952e-4,8.304415350638823,228.3356435208975,270,0.011420123971080188,10,unemp,share,all,mi,unweighted,wb_nat,raw,gaussian,FALSE,8.862408308708589e-15,TRUE,TRUE,0.4816287119285636,-0.4816287119285636
mice_pmm,mcomm,none,all,fe_twoway,n_eff,clustered,0.005106692615586961,0.0012307692527750225,4.149187675978151,228.89449802341238,270,0.009209892402279199,10,unemp,share,all,mi,unweighted,wb_nat,raw,gaussian,FALSE,4.705847777140105e-5,TRUE,TRUE,0.26448328040319763,-0.26448328040319763
mice_pmm,mlib,none,all,fe_twoway,n_eff,conventional,-4.265414142866469e-4,5.026257489110644e-4,-0.8486262695668622,223.90078829837967,270,0.024384535425500595,10,unemp,share,all,mi,unweighted,wb_nat,raw,gaussian,FALSE,0.39699564390829933,FALSE,FALSE,-0.05662279940375287,0.05662279940375287
mice_pmm,mlib,none,all,fe_twoway,n_eff,clustered,-4.265414142866469e-4,0.0011667065522631324,-0.36559442771557105,228.3337122756057,270,0.01142738460101749,10,unemp,share,all,mi,unweighted,wb_nat,raw,gaussian,FALSE,0.7150061899252727,FALSE,FALSE,-0.02418730466611892,0.02418730466611892
mice_pmm,mpos,none,all,fe_twoway,n_eff,conventional,-0.004680242163483386,8.562651628577902e-4,-5.465879457086691,227.54267944152252,270,0.014226593777932351,10,unemp,share,all,mi,unweighted,wb_nat,raw,gaussian,TRUE,1.2069543162423497e-7,TRUE,TRUE,-0.340674915672134,-0.340674915672134
mice_pmm,mpos,none,all,fe_twoway,n_eff,clustered,-0.004680242163483386,0.0013288666876024673,-3.5219802009842303,228.48202315135987,270,0.010862794012886395,10,unemp,share,all,mi,unweighted,wb_nat,raw,gaussian,TRUE,5.170770822693634e-4,TRUE,TRUE,-0.2269241925201494,-0.2269241925201494
mice_pmm,mneg,none,all,fe_twoway,n_eff,conventional,0.0046801512013003145,8.562714792211584e-4,5.465732906994934,227.54200102914692,270,0.014228861625956086,10,unemp,share,all,mi,unweighted,wb_nat,raw,gaussian,FALSE,1.2078391673604124e-7,TRUE,TRUE,0.34066729053247635,-0.34066729053247635
mice_pmm,mneg,none,all,fe_twoway,n_eff,clustered,0.0046801512013003145,0.0013288942110177857,3.521838805901515,228.48179547392158,270,0.010863671896950654,10,unemp,share,all,mi,unweighted,wb_nat,raw,gaussian,FALSE,5.173387094143443e-4,TRUE,TRUE,0.22691565865059238,-0.22691565865059238
mice_pmm,mcosmo,none,all,fe_twoway,pop,conventional,-0.0042129233091556684,5.549833568900253e-4,-7.591080447463751,203.0744698638269,270,0.05922139683908093,10,unemp,share,all,mi,unweighted,wb_nat,raw,gaussian,TRUE,1.1298207921190848e-12,TRUE,TRUE,-0.470147287101329,-0.470147287101329
mice_pmm,mcosmo,none,all,fe_twoway,pop,clustered,-0.0042129233091556684,6.32232220785524e-4,-6.663569445924908,211.32466528518606,270,0.04757806501728081,10,unemp,share,all,mi,unweighted,wb_nat,raw,gaussian,TRUE,2.2811340044025427e-10,TRUE,TRUE,-0.4166946623340073,-0.4166946623340073
mice_pmm,mutil,none,all,fe_twoway,pop,conventional,-0.0016706856820094796,3.410080461306687e-4,-4.899255900165183,213.99075174688898,270,0.04340603635751166,10,unemp,share,all,mi,unweighted,wb_nat,raw,gaussian,TRUE,1.8968155298751312e-6,TRUE,TRUE,-0.31757595499414804,-0.31757595499414804
mice_pmm,mutil,none,all,fe_twoway,pop,clustered,-0.0016706856820094796,4.732105314777698e-4,-3.5305336015920097,222.94214614134182,270,0.02661457234478371,10,unemp,share,all,mi,unweighted,wb_nat,raw,gaussian,TRUE,5.037756241660293e-4,TRUE,TRUE,-0.23010753214350266,-0.23010753214350266
mice_pmm,mcomm,none,all,fe_twoway,pop,conventional,0.005184799792767581,5.113533045188756e-4,10.139368900032588,212.67665750764206,270,0.045494408006442784,10,unemp,share,all,mi,unweighted,wb_nat,raw,gaussian,FALSE,5.831749375008734e-20,TRUE,TRUE,0.5708508173198152,-0.5708508173198152
mice_pmm,mcomm,none,all,fe_twoway,pop,clustered,0.005184799792767581,0.0012892332312732387,4.0216150708798475,227.52114800684635,270,0.014298472008577796,10,unemp,share,all,mi,unweighted,wb_nat,raw,gaussian,FALSE,7.865668750337828e-5,TRUE,TRUE,0.25761883031576577,-0.25761883031576577
mice_pmm,mlib,none,all,fe_twoway,pop,conventional,6.98661569316571e-4,4.1143043476236354e-4,1.6981280680417048,206.71045860864032,270,0.0542838101218136,10,unemp,share,all,mi,unweighted,wb_nat,raw,gaussian,FALSE,0.0909883422030139,FALSE,TRUE,0.11729538263543923,-0.11729538263543923
mice_pmm,mlib,none,all,fe_twoway,pop,clustered,6.98661569316571e-4,0.001434932748073643,0.4868949922945898,228.1134564761343,270,0.012240597495448674,10,unemp,share,all,mi,unweighted,wb_nat,raw,gaussian,FALSE,0.6268002536698711,FALSE,TRUE,0.03222065036943098,-0.03222065036943098
mice_pmm,mpos,none,all,fe_twoway,pop,conventional,-0.0058836089911651485,6.272208260876264e-4,-9.380442655045345,214.39282771502488,270,0.04275340732349292,10,unemp,share,all,mi,unweighted,wb_nat,raw,gaussian,TRUE,9.755725132248444e-18,TRUE,TRUE,-0.5394396051351218,-0.5394396051351218
mice_pmm,mpos,none,all,fe_twoway,pop,clustered,-0.0058836089911651485,6.513249260161053e-4,-9.03329314778852,215.88864235588437,270,0.04026318685388746,10,unemp,share,all,mi,unweighted,wb_nat,raw,gaussian,TRUE,9.545438214933481e-17,TRUE,TRUE,-0.5237338307658217,-0.5237338307658217
mice_pmm,mneg,none,all,fe_twoway,pop,conventional,0.005883461362084151,6.271970389740515e-4,9.380563039181634,214.47339178342915,270,0.04262182627941872,10,unemp,share,all,mi,unweighted,wb_nat,raw,gaussian,FALSE,9.726560107013656e-18,TRUE,TRUE,0.5393726667315282,-0.5393726667315282
mice_pmm,mneg,none,all,fe_twoway,pop,clustered,0.005883461362084151,6.512286143392519e-4,9.034402408827836,215.95626604950357,270,0.040148129276261636,10,unemp,share,all,mi,unweighted,wb_nat,raw,gaussian,FALSE,9.460225300519376e-17,TRUE,TRUE,0.5237209830804855,-0.5237209830804855
mice_pmm,mcosmo,none,all,fe_country,none,conventional,-0.005913673640761549,7.753015583097214e-4,-7.627578685194806,235.78610080142334,270,0.01601622348496576,10,unemp,share,all,mi,unweighted,wb_nat,raw,gaussian,TRUE,5.863982290897657e-13,TRUE,TRUE,-0.4448751040418998,-0.4448751040418998
mice_pmm,mcosmo,none,all,fe_country,none,clustered,-0.005913673640761549,0.0014318092802368594,-4.130210442401428,237.4785115096896,270,0.010465789766049284,10,unemp,share,all,mi,unweighted,wb_nat,raw,gaussian,TRUE,5.02314598113012e-5,TRUE,TRUE,-0.2588788626970459,-0.2588788626970459
mice_pmm,mutil,none,all,fe_country,none,conventional,-0.0031619177229135495,4.336692271199434e-4,-7.291081601321536,236.6809795640917,270,0.013242356037699004,10,unemp,share,all,mi,unweighted,wb_nat,raw,gaussian,TRUE,4.585772817499839e-12,TRUE,TRUE,-0.4282645839395867,-0.4282645839395867
mice_pmm,mutil,none,all,fe_country,none,clustered,-0.0031619177229135495,5.379318022712847e-4,-5.877915582538771,237.2030464809668,270,0.01146428976596347,10,unemp,share,all,mi,unweighted,wb_nat,raw,gaussian,TRUE,1.4002659649280228e-8,TRUE,TRUE,-0.35656295511935243,-0.35656295511935243
mice_pmm,mcomm,none,all,fe_country,none,conventional,0.0056754406380257316,5.686490236219305e-4,9.980568685191447,236.53469574782963,270,0.013717324641005965,10,unemp,share,all,mi,unweighted,wb_nat,raw,gaussian,FALSE,8.37223572042491e-20,TRUE,TRUE,0.544366041257197,-0.544366041257197
mice_pmm,mcomm,none,all,fe_country,none,clustered,0.0056754406380257316,0.0013746118422852593,4.128758725510794,237.83118707766397,270,0.00911373647688042,10,unemp,share,all,mi,unweighted,wb_nat,raw,gaussian,FALSE,5.050479116734449e-5,TRUE,TRUE,0.25861485606500667,-0.25861485606500667
mice_pmm,mlib,none,all,fe_country,none,conventional,0.0034002048331414334,5.8715606888491e-4,5.790972815113517,235.30955637431936,270,0.0173821796447845,10,unemp,share,all,mi,unweighted,wb_nat,raw,gaussian,FALSE,2.2277751591709446e-8,TRUE,TRUE,0.3531836633145264,-0.3531836633145264
mice_pmm,mlib,none,all,fe_country,none,clustered,0.0034002048331414334,0.0010538798198028055,3.226368670554538,237.32585265883327,270,0.011024837524597916,10,unemp,share,all,mi,unweighted,wb_nat,raw,gaussian,FALSE,0.0014303357458028399,TRUE,TRUE,0.2049840352749067,-0.2049840352749067
mice_pmm,mpos,none,all,fe_country,none,conventional,-0.0090755913636751,8.779292106640032e-4,-10.337497890987096,236.35173711082822,270,0.01429867406219207,10,unemp,share,all,mi,unweighted,wb_nat,raw,gaussian,TRUE,6.5866705183922076e-21,TRUE,TRUE,-0.557997077608625,-0.557997077608625
mice_pmm,mpos,none,all,fe_country,none,clustered,-0.0090755913636751,0.0015731834298635206,-5.768933991672186,237.58311087229836,270,0.010074014888923524,10,unemp,share,all,mi,unweighted,wb_nat,raw,gaussian,TRUE,2.4735807903039658e-8,TRUE,TRUE,-0.3505259364486852,-0.3505259364486852
mice_pmm,mneg,none,all,fe_country,none,conventional,0.009075645471167165,8.779421378078995e-4,10.337407307761534,236.35300450057372,270,0.014294693421957142,10,unemp,share,all,mi,unweighted,wb_nat,raw,gaussian,FALSE,6.590694948038081e-21,TRUE,TRUE,0.5579926802421382,-0.5579926802421382
mice_pmm,mneg,none,all,fe_country,none,clustered,0.009075645471167165,0.001573227660090566,5.768806194676686,237.58345226253468,270,0.010072724061730523,10,unemp,share,all,mi,unweighted,wb_nat,raw,gaussian,FALSE,2.4752224134351543e-8,TRUE,TRUE,0.35051890454108026,-0.35051890454108026
mice_pmm,mcosmo,none,all,fe_country,n_cell,conventional,-0.005054393448864312,7.43627080396979e-4,-6.796946456234578,235.78439633040222,270,0.016021232823545676,10,unemp,share,all,mi,unweighted,wb_nat,raw,gaussian,TRUE,8.670005702823326e-11,TRUE,TRUE,-0.4047645598344237,-0.4047645598344237
mice_pmm,mcosmo,none,all,fe_country,n_cell,clustered,-0.005054393448864312,0.0014319606321416302,-3.5297014005929737,237.5277190349595,270,0.010282399534607913,10,unemp,share,all,mi,unweighted,wb_nat,raw,gaussian,TRUE,4.994769910356536e-4,TRUE,TRUE,-0.22324394047397686,-0.22324394047397686
mice_pmm,mutil,none,all,fe_country,n_cell,conventional,-0.003162032107980568,0.00041487309368152723,-7.621685175871798,236.56168786729614,270,0.013630381887468367,10,unemp,share,all,mi,unweighted,wb_nat,raw,gaussian,TRUE,6.028063377446113e-13,TRUE,TRUE,-0.44401380841969834,-0.44401380841969834
mice_pmm,mutil,none,all,fe_country,n_cell,clustered,-0.003162032107980568,5.030509826199339e-4,-6.285709037903923,237.0841029261002,270,0.011881740351994656,10,unemp,share,all,mi,unweighted,wb_nat,raw,gaussian,TRUE,1.5524478422587218e-9,TRUE,TRUE,-0.3779485705945668,-0.3779485705945668
mice_pmm,mcomm,none,all,fe_country,n_cell,conventional,0.005160981404632562,5.257834899496844e-4,9.815792057537694,236.96354011721013,270,0.012297119404820553,10,unemp,share,all,mi,unweighted,wb_nat,raw,gaussian,FALSE,2.6527901763072138e-19,TRUE,TRUE,0.5376492184139957,-0.5376492184139957
mice_pmm,mcomm,none,all,fe_country,n_cell,clustered,0.005160981404632562,0.0011401627518458453,4.526530441620976,237.84915523995053,270,0.009042359347313983,10,unemp,share,all,mi,unweighted,wb_nat,raw,gaussian,FALSE,9.479320007521828e-6,TRUE,TRUE,0.2816247159902756,-0.2816247159902756
mice_pmm,mlib,none,all,fe_country,n_cell,conventional,0.003055442339892761,6.101127947736645e-4,5.007995842844515,235.49913549273833,270,0.016846835231787333,10,unemp,share,all,mi,unweighted,wb_nat,raw,gaussian,FALSE,1.0787200809969609e-6,TRUE,TRUE,0.31023737823582936,-0.31023737823582936
mice_pmm,mlib,none,all,fe_country,n_cell,clustered,0.003055442339892761,0.001256087748195685,2.4325070794470927,237.54650338302255,270,0.010211966460975537,10,unemp,share,all,mi,unweighted,wb_nat,raw,gaussian,FALSE,0.01573424115906446,TRUE,TRUE,0.15589676326461516,-0.15589676326461516
mice_pmm,mpos,none,all,fe_country,n_cell,conventional,-0.00821642555684488,8.439964408248209e-4,-9.73514242407839,236.42924864365864,270,0.014054047948149849,10,unemp,share,all,mi,unweighted,wb_nat,raw,gaussian,TRUE,4.744810213210263e-19,TRUE,TRUE,-0.5349284207011116,-0.5349284207011116
mice_pmm,mpos,none,all,fe_country,n_cell,clustered,-0.00821642555684488,0.0015145875421867568,-5.424860120651745,237.60463200010665,270,0.009992483313878593,10,unemp,share,all,mi,unweighted,wb_nat,raw,gaussian,TRUE,1.4264666172645832e-7,TRUE,TRUE,-0.331975073537836,-0.331975073537836
mice_pmm,mneg,none,all,fe_country,n_cell,conventional,0.008216423744525324,8.440064476577205e-4,9.735024853574844,236.4310852557128,270,0.014048222301735943,10,unemp,share,all,mi,unweighted,wb_nat,raw,gaussian,FALSE,4.748501002859015e-19,TRUE,TRUE,0.5349223258343041,-0.5349223258343041
mice_pmm,mneg,none,all,fe_country,n_cell,clustered,0.008216423744525324,0.0015146155479026,5.424758616734929,237.6051149250348,270,0.009990650075959,10,unemp,share,all,mi,unweighted,wb_nat,raw,gaussian,FALSE,1.4271854814092383e-7,TRUE,TRUE,0.3319692463522243,-0.3319692463522243
mice_pmm,mcosmo,none,all,fe_country,n_eff,conventional,-0.005096804426930805,7.354356625077283e-4,-6.93031992703678,235.72575303173042,270,0.016193016448153557,10,unemp,share,all,mi,unweighted,wb_nat,raw,gaussian,TRUE,3.982611666827404e-11,TRUE,TRUE,-0.41141626323255837,-0.41141626323255837
mice_pmm,mcosmo,none,all,fe_country,n_eff,clustered,-0.005096804426930805,0.0014421633254830689,-3.534138149868409,237.5359891639289,270,0.010251419491143856,10,unemp,share,all,mi,unweighted,wb_nat,raw,gaussian,TRUE,4.915785037357961e-4,TRUE,TRUE,-0.22350684596594808,-0.22350684596594808
mice_pmm,mutil,none,all,fe_country,n_eff,conventional,-0.003162562345807058,4.108026964615305e-4,-7.698494613224174,236.5137555246336,270,0.013784561305030073,10,unemp,share,all,mi,unweighted,wb_nat,raw,gaussian,TRUE,3.735385254666273e-13,TRUE,TRUE,-0.4476318561181726,-0.4476318561181726
mice_pmm,mutil,none,all,fe_country,n_eff,clustered,-0.003162562345807058,4.955743201224152e-4,-6.3816106230562,237.04250595023467,270,0.012025916017817658,10,unemp,share,all,mi,unweighted,wb_nat,raw,gaussian,TRUE,9.123887297533315e-10,TRUE,TRUE,-0.3829037486726694,-0.3829037486726694
mice_pmm,mcomm,none,all,fe_country,n_eff,conventional,0.005131423612022357,5.203135284056439e-4,9.8621760378712,236.83582901339884,270,0.012729076909320592,10,unemp,share,all,mi,unweighted,wb_nat,raw,gaussian,FALSE,1.9190081423645217e-19,TRUE,TRUE,0.5395548342491622,-0.5395548342491622
mice_pmm,mcomm,none,all,fe_country,n_eff,clustered,0.005131423612022357,0.0011493868559191343,4.464487814173665,237.83492218338745,270,0.009098920366083592,10,unemp,share,all,mi,unweighted,wb_nat,raw,gaussian,FALSE,1.2401528169772497e-5,TRUE,TRUE,0.2780726928162866,-0.2780726928162866
mice_pmm,mlib,none,all,fe_country,n_eff,conventional,0.0031279410877034426,5.937821886584447e-4,5.267825723722906,235.28435744576063,270,0.01745257731916614,10,unemp,share,all,mi,unweighted,wb_nat,raw,gaussian,FALSE,3.115691851047568e-7,TRUE,TRUE,0.32480684195025367,-0.32480684195025367
mice_pmm,mlib,none,all,fe_country,n_eff,clustered,0.0031279410877034426,0.0012175921449666298,2.5689563624682954,237.5036073517913,270,0.010372461098355414,10,unemp,share,all,mi,unweighted,wb_nat,raw,gaussian,FALSE,0.010812649962124344,TRUE,TRUE,0.1644258291394541,-0.1644258291394541
mice_pmm,mpos,none,all,fe_country,n_eff,conventional,-0.008259366772737864,8.330506906064558e-4,-9.91460287575669,236.35376337501768,270,0.014292309632455329,10,unemp,share,all,mi,unweighted,wb_nat,raw,gaussian,TRUE,1.3424959327516884e-19,TRUE,TRUE,-0.5419732958427858,-0.5419732958427858
mice_pmm,mpos,none,all,fe_country,n_eff,clustered,-0.008259366772737864,0.0015208247140998553,-5.430847287109226,237.60205937592025,270,0.010002246537977101,10,unemp,share,all,mi,unweighted,wb_nat,raw,gaussian,TRUE,1.3845565649607782e-7,TRUE,TRUE,-0.33230262145670614,-0.33230262145670614
mice_pmm,mneg,none,all,fe_country,n_eff,conventional,0.0082593646997258,8.330603637441042e-4,9.914485263234628,236.35563096108805,270,0.014286442171298324,10,unemp,share,all,mi,unweighted,wb_nat,raw,gaussian,FALSE,1.3435436322391304e-19,TRUE,TRUE,0.5419672428323521,-0.5419672428323521
mice_pmm,mneg,none,all,fe_country,n_eff,clustered,0.0082593646997258,0.0015208541901872462,5.430740667327822,237.60253088306956,270,0.010000457493593887,10,unemp,share,all,mi,unweighted,wb_nat,raw,gaussian,FALSE,1.385290233590887e-7,TRUE,TRUE,0.33229652468011833,-0.33229652468011833
mice_pmm,mcosmo,none,all,fe_country,pop,conventional,-0.006565562374813811,6.780143886517962e-4,-9.683514811343697,222.96527618495097,270,0.04180725143893182,10,unemp,share,all,mi,unweighted,wb_nat,raw,gaussian,TRUE,9.784749898814925e-19,TRUE,TRUE,-0.5441072199457997,-0.5441072199457997
mice_pmm,mcosmo,none,all,fe_country,pop,clustered,-0.006565562374813811,0.0015339888174045915,-4.280058824628403,236.21129571561522,270,0.014735920944691035,10,unemp,share,all,mi,unweighted,wb_nat,raw,gaussian,TRUE,2.717010434674793e-5,TRUE,TRUE,-0.26827492319266383,-0.26827492319266383
mice_pmm,mutil,none,all,fe_country,pop,conventional,-0.0023954906109116196,3.683996265351905e-4,-6.502424102438106,223.63369853113082,270,0.040761374574907444,10,unemp,share,all,mi,unweighted,wb_nat,raw,gaussian,TRUE,5.093805853413005e-10,TRUE,TRUE,-0.3987527542797455,-0.3987527542797455
mice_pmm,mutil,none,all,fe_country,pop,clustered,-0.0023954906109116196,6.364437859554662e-4,-3.763868331773199,234.68233397554698,270,0.01908547908454594,10,unemp,share,all,mi,unweighted,wb_nat,raw,gaussian,TRUE,2.1145577246433405e-4,TRUE,TRUE,-0.23859780206137737,-0.23859780206137737
mice_pmm,mcomm,none,all,fe_country,pop,conventional,0.0052653670362176035,4.917608955460691e-4,10.707169040699647,216.92021799468802,270,0.050581092174446826,10,unemp,share,all,mi,unweighted,wb_nat,raw,gaussian,FALSE,9.432150068596156e-22,TRUE,TRUE,0.5880187562068728,-0.5880187562068728
mice_pmm,mcomm,none,all,fe_country,pop,clustered,0.0052653670362176035,0.0011694813934048148,4.502309370556186,235.90534769495295,270,0.015663412110245984,10,unemp,share,all,mi,unweighted,wb_nat,raw,gaussian,FALSE,1.0568173381366757e-5,TRUE,TRUE,0.2812975807876291,-0.2812975807876291
mice_pmm,mlib,none,all,fe_country,pop,conventional,0.003695597959799287,6.915098746650843e-4,5.3442446669169525,233.6386219721838,270,0.021724701567623506,10,unemp,share,all,mi,unweighted,wb_nat,raw,gaussian,FALSE,2.155286631536703e-7,TRUE,TRUE,0.3300428604528822,-0.3300428604528822
mice_pmm,mlib,none,all,fe_country,pop,clustered,0.003695597959799287,0.0026541138941631797,1.392403682421654,237.83871871776213,270,0.009083849149162085,10,unemp,share,all,mi,unweighted,wb_nat,raw,gaussian,FALSE,0.1651006103549292,FALSE,TRUE,0.0899209617360967,-0.0899209617360967
mice_pmm,mpos,none,all,fe_country,pop,conventional,-0.00896105298572543,8.481925351155629e-4,-10.564880749044228,232.9199722050939,270,0.023425859785846985,10,unemp,share,all,mi,unweighted,wb_nat,raw,gaussian,TRUE,1.436492983626036e-21,TRUE,TRUE,-0.5691763793440513,-0.5691763793440513
mice_pmm,mpos,none,all,fe_country,pop,clustered,-0.00896105298572543,0.0020297795381887173,-4.4147912702489185,237.3799486080149,270,0.010828402173087625,10,unemp,share,all,mi,unweighted,wb_nat,raw,gaussian,TRUE,1.5359719553167504e-5,TRUE,TRUE,-0.27545661279960326,-0.27545661279960326
mice_pmm,mneg,none,all,fe_country,pop,conventional,0.008960964996016892,8.481875701339684e-4,10.564838853511539,232.94585005990362,270,0.02336603834544872,10,unemp,share,all,mi,unweighted,wb_nat,raw,gaussian,FALSE,1.4356458459552851e-21,TRUE,TRUE,0.5691534794892272,-0.5691534794892272
mice_pmm,mneg,none,all,fe_country,pop,clustered,0.008960964996016892,0.002029740224360206,4.4148334296530365,237.38279181978965,270,0.010818027979032105,10,unemp,share,all,mi,unweighted,wb_nat,raw,gaussian,FALSE,1.535688140238698e-5,TRUE,TRUE,0.2754575192325281,-0.2754575192325281
mice_pmm,mcosmo,none,all,re,none,conventional,-0.005367095870141894,7.744863224683479e-4,-6.929878184338419,261.81446031260555,270,0.014373515922302644,10,unemp,share,all,mi,unweighted,wb_nat,raw,gaussian,TRUE,3.267247385504809e-11,TRUE,TRUE,-0.3936937226261798,-0.3936937226261798
mice_pmm,mcosmo,none,all,re,none,clustered,-0.005367095870141894,0.001383022386066151,-3.8807006482432898,263.4376479942395,270,0.009573182059163196,10,unemp,share,all,mi,unweighted,wb_nat,raw,gaussian,TRUE,1.3168814168974149e-4,TRUE,TRUE,-0.23254098299284268,-0.23254098299284268
mice_pmm,mutil,none,all,re,none,conventional,-0.0030159393491923517,4.3101130051025006e-4,-6.997355627618001,262.52536960592965,270,0.012400285072036164,10,unemp,share,all,mi,unweighted,wb_nat,raw,gaussian,TRUE,2.169595242712715e-11,TRUE,TRUE,-0.3964724721740584,-0.3964724721740584
mice_pmm,mutil,none,all,re,none,clustered,-0.0030159393491923517,0.00050066849856558065,-6.023824861825824,262.96035209050143,270,0.011100552087310239,10,unemp,share,all,mi,unweighted,wb_nat,raw,gaussian,TRUE,5.71952521623266e-9,TRUE,TRUE,-0.3482230908340583,-0.3482230908340583
mice_pmm,mcomm,none,all,re,none,conventional,0.005472122550155558,5.68530909711957e-4,9.625022064196964,262.46131249110095,270,0.012585261146101706,10,unemp,share,all,mi,unweighted,wb_nat,raw,gaussian,FALSE,5.625856233149856e-19,TRUE,TRUE,0.5107694965844272,-0.5107694965844272
mice_pmm,mcomm,none,all,re,none,clustered,0.005472122550155558,0.0013524985725825104,4.045935915264506,263.8075511445702,270,0.00829982613122343,10,unemp,share,all,mi,unweighted,wb_nat,raw,gaussian,FALSE,6.849857232731036e-5,TRUE,TRUE,0.24171446679641875,-0.24171446679641875
mice_pmm,mlib,none,all,re,none,conventional,0.0031937730065260917,5.849646766266185e-4,5.459770707769879,261.0485082150655,270,0.01633285707594049,10,unemp,share,all,mi,unweighted,wb_nat,raw,gaussian,FALSE,1.1094051410279557e-7,TRUE,TRUE,0.3201357630088478,-0.3201357630088478
mice_pmm,mlib,none,all,re,none,clustered,0.0031937730065260917,0.0010094177607172497,3.1639754428897024,263.1879951079475,270,0.010386672541583335,10,unemp,share,all,mi,unweighted,wb_nat,raw,gaussian,FALSE,0.0017390006619709278,TRUE,TRUE,0.1914228427394301,-0.1914228427394301
mice_pmm,mpos,none,all,re,none,conventional,-0.008617298305623156,8.839596903879629e-4,-9.748519530162165,262.1984937808296,270,0.013328609280794107,10,unemp,share,all,mi,unweighted,wb_nat,raw,gaussian,TRUE,2.322905741061381e-19,TRUE,TRUE,-0.5157787098330661,-0.5157787098330661
mice_pmm,mpos,none,all,re,none,clustered,-0.008617298305623156,0.0015211726069751577,-5.6649049990182245,263.4927917621764,270,0.009388787245036515,10,unemp,share,all,mi,unweighted,wb_nat,raw,gaussian,TRUE,3.846117927528509e-8,TRUE,TRUE,-0.32949756835258986,-0.32949756835258986
mice_pmm,mneg,none,all,re,none,conventional,0.008617355729978913,8.839703468154744e-4,9.748466971797363,262.2001018662791,270,0.01332413412958981,10,unemp,share,all,mi,unweighted,wb_nat,raw,gaussian,FALSE,2.3237057078841346e-19,TRUE,TRUE,0.5157755079259323,-0.5157755079259323
mice_pmm,mneg,none,all,re,none,clustered,0.008617355729978913,0.001521222115094647,5.664758383717529,263.49326595395723,270,0.009387193812557223,10,unemp,share,all,mi,unweighted,wb_nat,raw,gaussian,FALSE,3.849043822383631e-8,TRUE,TRUE,0.32948970204549693,-0.32948970204549693
mice_pmm,mcosmo,none,all,pooled_cl,none,conventional,2.5344010419898756e-4,0.0010275088571327679,0.24665490953158734,263.50447099203745,270,0.00934950228910134,10,unemp,share,all,mi,unweighted,wb_nat,raw,gaussian,TRUE,0.8053673507575809,FALSE,FALSE,0.015193073549980608,0.015193073549980608
mice_pmm,mcosmo,none,all,pooled_cl,none,clustered,2.5344010419898756e-4,0.00215639069087046,0.11752977105307508,263.9383523244494,270,0.007827227128917471,10,unemp,share,all,mi,unweighted,wb_nat,raw,gaussian,TRUE,0.9065296408184091,FALSE,FALSE,0.007234112784507132,0.007234112784507132
mice_pmm,mutil,none,all,pooled_cl,none,conventional,-4.550378624817067e-4,6.62199105090955e-4,-0.6871616995302432,263.4154899717912,270,0.009646777286526142,10,unemp,share,all,mi,unweighted,wb_nat,raw,gaussian,TRUE,0.49258536702671674,FALSE,TRUE,-0.042300878483368234,-0.042300878483368234
mice_pmm,mutil,none,all,pooled_cl,none,clustered,-4.550378624817067e-4,6.849530912475075e-4,-0.6643343439080546,263.45999237289897,270,0.009498679964488912,10,unemp,share,all,mi,unweighted,wb_nat,raw,gaussian,TRUE,0.5070573513466936,FALSE,TRUE,-0.04089459514872325,-0.04089459514872325
mice_pmm,mcomm,none,all,pooled_cl,none,conventional,9.423815569820276e-4,9.678756459421551e-4,0.973659747440684,263.8727844520743,270,0.008065717120966976,10,unemp,share,all,mi,unweighted,wb_nat,raw,gaussian,FALSE,0.331117215784699,FALSE,TRUE,0.05983167638565286,-0.05983167638565286
mice_pmm,mcomm,none,all,pooled_cl,none,clustered,9.423815569820276e-4,0.002371763069146352,0.3973337679641039,264.0283999413177,270,0.007494255044347629,10,unemp,share,all,mi,unweighted,wb_nat,raw,gaussian,FALSE,0.691442367363204,FALSE,TRUE,0.024445580278311462,-0.024445580278311462
mice_pmm,mlib,none,all,pooled_cl,none,conventional,-7.402763471122204e-4,9.296418215123444e-4,-0.7963027587420027,263.7008320158565,270,0.008676332805231389,10,unemp,share,all,mi,unweighted,wb_nat,raw,gaussian,FALSE,0.4265723684385403,FALSE,FALSE,-0.04897798820471934,0.04897798820471934
mice_pmm,mlib,none,all,pooled_cl,none,clustered,-7.402763471122204e-4,0.0014445388188034818,-0.5124655270430148,263.91379305376324,270,0.007916938264575292,10,unemp,share,all,mi,unweighted,wb_nat,raw,gaussian,FALSE,0.6087538583302048,FALSE,FALSE,-0.03152954009197843,0.03152954009197843
mice_pmm,mpos,none,all,pooled_cl,none,conventional,-2.0159775828275107e-4,0.001435487999795937,-0.14043848385455635,263.8915561613382,270,0.007997770189111892,10,unemp,share,all,mi,unweighted,wb_nat,raw,gaussian,TRUE,0.8884206882125063,FALSE,TRUE,-0.00864484391633233,-0.00864484391633233
mice_pmm,mpos,none,all,pooled_cl,none,clustered,-2.0159775828275107e-4,0.002630461748526729,-0.07663968441877632,264.0096751665415,270,0.007564028214672818,10,unemp,share,all,mi,unweighted,wb_nat,raw,gaussian,TRUE,0.9389682344646302,FALSE,TRUE,-0.004716707613729392,-0.004716707613729392
mice_pmm,mneg,none,all,pooled_cl,none,conventional,2.021052098697823e-4,0.0014354735360129804,0.14079340705306792,263.89206365617,270,0.007995929582093868,10,unemp,share,all,mi,unweighted,wb_nat,raw,gaussian,FALSE,0.888140562091967,FALSE,TRUE,0.00866668162874986,-0.00866668162874986
mice_pmm,mneg,none,all,pooled_cl,none,clustered,2.021052098697823e-4,0.002630457122423103,0.07683273304360448,264.0098233892623,270,0.007563477017858477,10,unemp,share,all,mi,unweighted,wb_nat,raw,gaussian,FALSE,0.9388148038131059,FALSE,TRUE,0.0047285869927157775,-0.0047285869927157775
mice_pmm,mcosmo,none,all,pooled_cl,n_cell,conventional,0.0014540793897630689,0.0010308888049309075,1.4105104088898555,263.4683675594092,270,0.009470679681993855,10,unemp,share,all,mi,unweighted,wb_nat,raw,gaussian,TRUE,0.15956857719385698,FALSE,FALSE,0.0865722016386503,0.0865722016386503
mice_pmm,mcosmo,none,all,pooled_cl,n_cell,clustered,0.0014540793897630689,0.0022628082351159756,0.6425994775861079,263.9419669117013,270,0.00781398445438377,10,unemp,share,all,mi,unweighted,wb_nat,raw,gaussian,TRUE,0.5210418140617971,FALSE,FALSE,0.03952270719968098,0.03952270719968098
mice_pmm,mutil,none,all,pooled_cl,n_cell,conventional,-1.5248424666691046e-4,6.584732955591664e-4,-0.23157240801606535,263.46672319139054,270,0.009476180454605956,10,unemp,share,all,mi,unweighted,wb_nat,raw,gaussian,TRUE,0.8170498896329738,FALSE,TRUE,-0.014265261368780499,-0.014265261368780499
mice_pmm,mutil,none,all,pooled_cl,n_cell,clustered,-1.5248424666691046e-4,7.209072665734775e-4,-0.2115171447663147,263.56962310152136,270,0.00912883659121182,10,unemp,share,all,mi,unweighted,wb_nat,raw,gaussian,TRUE,0.8326472145032129,FALSE,TRUE,-0.01302749878027976,-0.01302749878027976
mice_pmm,mcomm,none,all,pooled_cl,n_cell,conventional,5.206417404849964e-4,9.362013262643489e-4,0.5561215583430891,263.99550492379745,270,0.007616641400867608,10,unemp,share,all,mi,unweighted,wb_nat,raw,gaussian,FALSE,0.5785987967105259,FALSE,TRUE,0.034207176264301364,-0.034207176264301364
mice_pmm,mcomm,none,all,pooled_cl,n_cell,clustered,5.206417404849964e-4,0.002446322402597912,0.21282629792871635,264.0496508699906,270,0.007414720860353183,10,unemp,share,all,mi,unweighted,wb_nat,raw,gaussian,FALSE,0.8316266645878575,FALSE,TRUE,0.013096198395741998,-0.013096198395741998
mice_pmm,mlib,none,all,pooled_cl,n_cell,conventional,-0.001821773854289073,9.399879292528524e-4,-1.9380821791372431,263.6907040156525,270,0.008711661026307427,10,unemp,share,all,mi,unweighted,wb_nat,raw,gaussian,FALSE,0.0536805781172025,FALSE,FALSE,-0.11850957241737788,0.11850957241737788
mice_pmm,mlib,none,all,pooled_cl,n_cell,clustered,-0.001821773854289073,0.0015213771175298298,-1.197450542208088,263.9216200669147,270,0.007888397565201655,10,unemp,share,all,mi,unweighted,wb_nat,raw,gaussian,FALSE,0.23220536734543637,FALSE,FALSE,-0.07350951065663133,0.07350951065663133
mice_pmm,mpos,none,all,pooled_cl,n_cell,conventional,0.0013015951430962736,0.001444147783748426,0.9012894370947666,263.92505014024863,270,0.007875875281060494,10,unemp,share,all,mi,unweighted,wb_nat,raw,gaussian,TRUE,0.3682561688373097,FALSE,FALSE,0.05539322542958684,0.05539322542958684
mice_pmm,mpos,none,all,pooled_cl,n_cell,clustered,0.0013015951430962736,0.0027550756228700074,0.4724353597744009,264.02249180249925,270,0.007516301068747979,10,unemp,share,all,mi,unweighted,wb_nat,raw,gaussian,TRUE,0.6370063373840753,FALSE,FALSE,0.02906286613444017,0.02906286613444017
mice_pmm,mneg,none,all,pooled_cl,n_cell,conventional,-0.0013011321138040404,0.0014441314110320354,-0.9009790271608302,263.9253416858886,270,0.0078748105103074,10,unemp,share,all,mi,unweighted,wb_nat,raw,gaussian,FALSE,0.3684208836473608,FALSE,FALSE,-0.055374175660573,0.055374175660573
mice_pmm,mneg,none,all,pooled_cl,n_cell,clustered,-0.0013011321138040404,0.0027550739355816974,-0.4722675849094132,264.02257103743943,270,0.007516005594756608,10,unemp,share,all,mi,unweighted,wb_nat,raw,gaussian,FALSE,0.6371259131951423,FALSE,FALSE,-0.029052549463989996,0.029052549463989996
mice_pmm,mcosmo,none,all,pooled_cl,n_eff,conventional,0.0013655716383539906,0.0010160322088593042,1.3440239654283332,263.43231479442505,270,0.009590921500329953,10,unemp,share,all,mi,unweighted,wb_nat,raw,gaussian,TRUE,0.1800969930814384,FALSE,FALSE,0.08252557423498172,0.08252557423498172
mice_pmm,mcosmo,none,all,pooled_cl,n_eff,clustered,0.0013655716383539906,0.002245885205338703,0.6080326969107257,263.9368978365949,270,0.007832553051501209,10,unemp,share,all,mi,unweighted,wb_nat,raw,gaussian,TRUE,0.5436886292825485,FALSE,FALSE,0.037400114235904225,0.037400114235904225
mice_pmm,mutil,none,all,pooled_cl,n_eff,conventional,-2.560469437109032e-4,6.493706302981085e-4,-0.3943001604389761,263.4427081727504,270,0.009556335523401597,10,unemp,share,all,mi,unweighted,wb_nat,raw,gaussian,TRUE,0.6936784408089445,FALSE,TRUE,-0.0242859865103088,-0.0242859865103088
mice_pmm,mutil,none,all,pooled_cl,n_eff,clustered,-2.560469437109032e-4,7.257622545837284e-4,-0.3527972722386379,263.57153771193464,270,0.009122312487528693,10,unemp,share,all,mi,unweighted,wb_nat,raw,gaussian,TRUE,0.7245223952340212,FALSE,TRUE,-0.021725683307135975,-0.021725683307135975
mice_pmm,mcomm,none,all,pooled_cl,n_eff,conventional,5.241280757848924e-4,9.319069893325834e-4,0.5624253083027785,263.9869707785255,270,0.007648250403176422,10,unemp,share,all,mi,unweighted,wb_nat,raw,gaussian,FALSE,0.5743035510224419,FALSE,TRUE,0.03459501856474523,-0.03459501856474523
mice_pmm,mcomm,none,all,pooled_cl,n_eff,clustered,5.241280757848924e-4,0.002451922090705761,0.21376212473130718,264.0485598601547,270,0.0074188131828392635,10,unemp,share,all,mi,unweighted,wb_nat,raw,gaussian,FALSE,0.8308975288462775,FALSE,TRUE,0.013153801427914232,-0.013153801427914232
mice_pmm,mlib,none,all,pooled_cl,n_eff,conventional,-0.0016331770321567074,9.126388080708348e-4,-1.789510831353939,263.6439450658056,270,0.008873885644900456,10,unemp,share,all,mi,unweighted,wb_nat,raw,gaussian,FALSE,0.07468028533216362,FALSE,FALSE,-0.10954782100146346,0.10954782100146346
mice_pmm,mlib,none,all,pooled_cl,n_eff,clustered,-0.0016331770321567074,0.001520983538604559,-1.073763778965735,263.9135281385396,270,0.00791790344437564,10,unemp,share,all,mi,unweighted,wb_nat,raw,gaussian,FALSE,0.2839093474710158,FALSE,FALSE,-0.06595251035000278,0.06595251035000278
mice_pmm,mpos,none,all,pooled_cl,n_eff,conventional,0.0011095246946429438,0.0014234591877862995,0.7794566252148243,263.9163633315203,270,0.007907571061607064,10,unemp,share,all,mi,unweighted,wb_nat,raw,gaussian,TRUE,0.4364091765722168,FALSE,FALSE,0.047924708630586746,0.047924708630586746
mice_pmm,mpos,none,all,pooled_cl,n_eff,clustered,0.0011095246946429438,0.0027436957595472285,0.40439057092322817,264.0209478841032,270,0.007522057453393648,10,unemp,share,all,mi,unweighted,wb_nat,raw,gaussian,TRUE,0.6862529296217246,FALSE,FALSE,0.024879827831486533,0.024879827831486533
mice_pmm,mneg,none,all,pooled_cl,n_eff,conventional,-0.0011090489563717553,0.0014234437831422582,-0.7791308441584711,263.9166808814497,270,0.007906413423293939,10,unemp,share,all,mi,unweighted,wb_nat,raw,gaussian,FALSE,0.4366007043367509,FALSE,FALSE,-0.047904695281551106,0.047904695281551106
mice_pmm,mneg,none,all,pooled_cl,n_eff,clustered,-0.0011090489563717553,0.0027436946915004646,-0.40421733504366025,264.02103226331656,270,0.007521742901969657,10,unemp,share,all,mi,unweighted,wb_nat,raw,gaussian,FALSE,0.6863801473538709,FALSE,FALSE,-0.024869172245098062,0.024869172245098062
mice_pmm,mcosmo,none,all,pooled_cl,pop,conventional,0.0020930516495992757,0.0010744074876749814,1.9480985320836146,261.14201332618575,270,0.01610160646363741,10,unemp,share,all,mi,unweighted,wb_nat,raw,gaussian,TRUE,0.052474455715338195,FALSE,FALSE,0.11968494622426004,0.11968494622426004
mice_pmm,mcosmo,none,all,pooled_cl,pop,clustered,0.0020930516495992757,0.002670119237747044,0.7838794687556057,263.66754521769076,270,0.008792187130637275,10,unemp,share,all,mi,unweighted,wb_nat,raw,gaussian,TRUE,0.43381444553737736,FALSE,FALSE,0.04821869886636063,0.04821869886636063
mice_pmm,mutil,none,all,pooled_cl,pop,conventional,5.072005146639254e-4,6.493784750647965e-4,0.781055323112328,260.847793152026,270,0.016822489373211184,10,unemp,share,all,mi,unweighted,wb_nat,raw,gaussian,TRUE,0.4354782273256498,FALSE,FALSE,0.048303762640974975,0.048303762640974975
mice_pmm,mutil,none,all,pooled_cl,pop,clustered,5.072005146639254e-4,8.611026466870393e-4,0.5890128390794079,262.4038095797695,270,0.012750008940530135,10,unemp,share,all,mi,unweighted,wb_nat,raw,gaussian,TRUE,0.556359377969541,FALSE,FALSE,0.03633731074433332,0.03633731074433332
mice_pmm,mcomm,none,all,pooled_cl,pop,conventional,-5.35618700230113e-4,8.164512833355638e-4,-0.6560326515035585,262.68945105879493,270,0.011919228005634296,10,unemp,share,all,mi,unweighted,wb_nat,raw,gaussian,FALSE,0.5123773097743181,FALSE,FALSE,-0.04044349374170157,0.04044349374170157
mice_pmm,mcomm,none,all,pooled_cl,pop,clustered,-5.35618700230113e-4,0.00191169674039361,-0.28017974237892534,263.83323763983174,270,0.008208011178735763,10,unemp,share,all,mi,unweighted,wb_nat,raw,gaussian,FALSE,0.7795591621447958,FALSE,FALSE,-0.01724675436321826,0.01724675436321826
mice_pmm,mlib,none,all,pooled_cl,pop,conventional,-0.0020639952708026584,9.694347751085544e-4,-2.129070798570784,263.5043142467104,270,0.009350030067689403,10,unemp,share,all,mi,unweighted,wb_nat,raw,gaussian,FALSE,0.034175808118333324,TRUE,FALSE,-0.13004465929538714,0.13004465929538714
mice_pmm,mlib,none,all,pooled_cl,pop,clustered,-0.0020639952708026584,0.0026785303803377593,-0.7705700431676236,263.98970710068505,270,0.007638121873999189,10,unemp,share,all,mi,unweighted,wb_nat,raw,gaussian,FALSE,0.4416508868166866,FALSE,FALSE,-0.047372985440533234,0.047372985440533234
mice_pmm,mpos,none,all,pooled_cl,pop,conventional,0.0026002521642632783,0.0015001680824670485,1.7333072171400457,263.5436452432991,270,0.009217132877028768,10,unemp,share,all,mi,unweighted,wb_nat,raw,gaussian,TRUE,0.08421070464487293,FALSE,FALSE,0.10616658109853379,0.10616658109853379
mice_pmm,mpos,none,all,pooled_cl,pop,clustered,0.0026002521642632783,0.0031304388006297705,0.8306350418798057,263.9452473358157,270,0.00780195729002849,10,unemp,share,all,mi,unweighted,wb_nat,raw,gaussian,TRUE,0.4069305427885942,FALSE,FALSE,0.051060662079407675,0.051060662079407675
mice_pmm,mneg,none,all,pooled_cl,pop,conventional,-0.0025996139710328077,0.0015001395787301469,-1.7329147286636855,263.547334427361,270,0.009204619019146267,10,unemp,share,all,mi,unweighted,wb_nat,raw,gaussian,FALSE,0.08428056676511866,FALSE,FALSE,-0.10614207717537322,0.10614207717537322
mice_pmm,mneg,none,all,pooled_cl,pop,clustered,-0.0025996139710328077,0.0031305726307094502,-0.8303956744308735,263.94604494533945,270,0.00779903171778936,10,unemp,share,all,mi,unweighted,wb_nat,raw,gaussian,FALSE,0.40706557475753347,FALSE,FALSE,-0.05104590914300749,0.05104590914300749
mice_pmm,mcosmo,none,y2004_2008,fe_twoway,none,conventional,-0.007731349445275849,0.0019855628681726754,-3.89378224643728,98.89017125891097,135,0.02136765440909795,10,unemp,share,all,mi,unweighted,wb_nat,raw,gaussian,TRUE,1.7938125415828035e-4,TRUE,TRUE,-0.36460343619075625,-0.36460343619075625
mice_pmm,mcosmo,none,y2004_2008,fe_twoway,none,clustered,-0.007731349445275849,0.0027333863560722394,-2.8284876113838044,99.014603371538,135,0.020186965610696692,10,unemp,share,all,mi,unweighted,wb_nat,raw,gaussian,TRUE,0.00566136681885984,TRUE,TRUE,-0.2734211234913202,-0.2734211234913202
mice_pmm,mutil,none,y2004_2008,fe_twoway,none,conventional,-3.2804649700837697e-4,0.0010349666944274233,-0.316963336863572,97.93047488812586,135,0.029634563273566214,10,unemp,share,all,mi,unweighted,wb_nat,raw,gaussian,TRUE,0.7519461449332862,FALSE,TRUE,-0.032013078926539,-0.032013078926539
mice_pmm,mutil,none,y2004_2008,fe_twoway,none,clustered,-3.2804649700837697e-4,0.001377399564550865,-0.23816364216388047,98.49366836295466,135,0.024946656677027647,10,unemp,share,all,mi,unweighted,wb_nat,raw,gaussian,TRUE,0.8122489517850726,FALSE,TRUE,-0.02399088610484551,-0.02399088610484551
mice_pmm,mcomm,none,y2004_2008,fe_twoway,none,conventional,0.005302790349488266,0.0013557134352387963,3.9114389602211395,98.01631115624014,135,0.028945943908471713,10,unemp,share,all,mi,unweighted,wb_nat,raw,gaussian,FALSE,1.6923088951091214e-4,TRUE,TRUE,0.36744435490934557,-0.36744435490934557
mice_pmm,mcomm,none,y2004_2008,fe_twoway,none,clustered,0.005302790349488266,0.0016052898839161067,3.30332259775543,98.36489551400598,135,0.02605585804120407,10,unemp,share,all,mi,unweighted,wb_nat,raw,gaussian,FALSE,0.0013331696067717268,TRUE,TRUE,0.3159998911036578,-0.3159998911036578
mice_pmm,mlib,none,y2004_2008,fe_twoway,none,conventional,0.0027563824113393314,0.0011860576552565195,2.3239868644860975,98.44667866757808,135,0.02535419492332147,10,unemp,share,all,mi,unweighted,wb_nat,raw,gaussian,FALSE,0.022182013433108057,TRUE,TRUE,0.22805282180127115,-0.22805282180127115
mice_pmm,mlib,none,y2004_2008,fe_twoway,none,clustered,0.0027563824113393314,0.0012671654998687276,2.175234735813814,98.53899320926344,135,0.024550431415707504,10,unemp,share,all,mi,unweighted,wb_nat,raw,gaussian,FALSE,0.032004504614291045,TRUE,TRUE,0.21405121477760108,-0.21405121477760108
mice_pmm,mpos,none,y2004_2008,fe_twoway,none,conventional,-0.008059395942284227,0.002020041431261675,-3.9897181402118567,98.73962685194942,135,0.022757658061487614,10,unemp,share,all,mi,unweighted,wb_nat,raw,gaussian,TRUE,1.2710076538869809e-4,TRUE,TRUE,-0.3725984325250798,-0.3725984325250798
mice_pmm,mpos,none,y2004_2008,fe_twoway,none,clustered,-0.008059395942284227,0.002363058325793923,-3.4105785093461414,98.85346087322993,135,0.021710365944826757,10,unemp,share,all,mi,unweighted,wb_nat,raw,gaussian,TRUE,9.40053185703148e-4,TRUE,TRUE,-0.32447063252407654,-0.32447063252407654
mice_pmm,mneg,none,y2004_2008,fe_twoway,none,conventional,0.008059172760827597,0.002020036460126396,3.989617474688217,98.73930975286096,135,0.02276054381620259,10,unemp,share,all,mi,unweighted,wb_nat,raw,gaussian,FALSE,1.271474271043351e-4,TRUE,TRUE,0.37259085174321754,-0.37259085174321754
mice_pmm,mneg,none,y2004_2008,fe_twoway,none,clustered,0.008059172760827597,0.002363004009751626,3.410562456758037,98.85322160741529,135,0.021712591494176616,10,unemp,share,all,mi,unweighted,wb_nat,raw,gaussian,FALSE,9.401034342486448e-4,TRUE,TRUE,0.3244696174534293,-0.3244696174534293
mice_pmm,mcosmo,none,y2004_2008,fe_twoway,n_cell,conventional,-0.0067812187906127475,0.0018620897105052845,-3.641725074981828,98.83336009876078,135,0.021896971905707947,10,unemp,share,all,mi,unweighted,wb_nat,raw,gaussian,TRUE,4.3335759431809093e-4,TRUE,TRUE,-0.34396402738646326,-0.34396402738646326
mice_pmm,mcosmo,none,y2004_2008,fe_twoway,n_cell,clustered,-0.0067812187906127475,0.0022821572482144225,-2.9714073365971716,98.94147212877961,135,0.02088450768700016,10,unemp,share,all,mi,unweighted,wb_nat,raw,gaussian,TRUE,0.0037214626953542256,TRUE,TRUE,-0.2862277730219148,-0.2862277730219148
mice_pmm,mutil,none,y2004_2008,fe_twoway,n_cell,conventional,-4.241564200021864e-4,0.0010203907135271778,-0.415680400045986,98.27241064252274,135,0.0268380779987275,10,unemp,share,all,mi,unweighted,wb_nat,raw,gaussian,TRUE,0.6785501682683334,FALSE,TRUE,-0.041895007518505716,-0.041895007518505716
mice_pmm,mutil,none,y2004_2008,fe_twoway,n_cell,clustered,-4.241564200021864e-4,0.0012663704689816202,-0.33493865372846315,98.59657176129973,135,0.02404254056505623,10,unemp,share,all,mi,unweighted,wb_nat,raw,gaussian,TRUE,0.7383828901475974,FALSE,TRUE,-0.03371222616154209,-0.03371222616154209
mice_pmm,mcomm,none,y2004_2008,fe_twoway,n_cell,conventional,0.005049205464745954,0.0012988921869681912,3.8873168346108504,97.89147930871857,135,0.029944607972507756,10,unemp,share,all,mi,unweighted,wb_nat,raw,gaussian,FALSE,1.8458746200841376e-4,TRUE,TRUE,0.3656836194957977,-0.3656836194957977
mice_pmm,mcomm,none,y2004_2008,fe_twoway,n_cell,clustered,0.005049205464745954,0.0015643659000890047,3.2276371304556553,98.31206031486738,135,0.0265041592981103,10,unemp,share,all,mi,unweighted,wb_nat,raw,gaussian,FALSE,0.0016964582970995002,TRUE,TRUE,0.30953559974458267,-0.30953559974458267
mice_pmm,mlib,none,y2004_2008,fe_twoway,n_cell,conventional,0.0021560178689674333,0.0011695719637908868,1.8434247192273818,98.21880967683566,135,0.027286157120514562,10,unemp,share,all,mi,unweighted,wb_nat,raw,gaussian,FALSE,0.06828237385913108,FALSE,TRUE,0.1828698758777371,-0.1828698758777371
mice_pmm,mlib,none,y2004_2008,fe_twoway,n_cell,clustered,0.0021560178689674333,0.0010985696910568723,1.96256813429219,98.08243974451037,135,0.028409489093223772,10,unemp,share,all,mi,unweighted,wb_nat,raw,gaussian,FALSE,0.0525295772863366,FALSE,TRUE,0.19438599325632444,-0.19438599325632444
mice_pmm,mpos,none,y2004_2008,fe_twoway,n_cell,conventional,-0.007205375210614935,0.0019324489889798607,-3.728623757576468,98.63826544797274,135,0.023671509589034873,10,unemp,share,all,mi,unweighted,wb_nat,raw,gaussian,TRUE,3.214369986448921e-4,TRUE,TRUE,-0.35147413385317017,-0.35147413385317017
mice_pmm,mpos,none,y2004_2008,fe_twoway,n_cell,clustered,-0.007205375210614935,0.0019929337390275125,-3.6154615025640173,98.67031902190935,135,0.02338436035384215,10,unemp,share,all,mi,unweighted,wb_nat,raw,gaussian,TRUE,4.7434344814585615e-4,TRUE,TRUE,-0.3420233471730519,-0.3420233471730519
mice_pmm,mneg,none,y2004_2008,fe_twoway,n_cell,conventional,0.007205223333713387,0.0019324599781545635,3.728523961771328,98.63662689785131,135,0.023686143578191262,10,unemp,share,all,mi,unweighted,wb_nat,raw,gaussian,FALSE,3.2155097597122434e-4,TRUE,TRUE,0.3514684474299511,-0.3514684474299511
mice_pmm,mneg,none,y2004_2008,fe_twoway,n_cell,clustered,0.007205223333713387,0.0019929505047093774,3.6153548804585545,98.66879013737345,135,0.023398094853252806,10,unemp,share,all,mi,unweighted,wb_nat,raw,gaussian,FALSE,4.745188250909321e-4,TRUE,TRUE,0.3420167803806996,-0.3420167803806996
mice_pmm,mcosmo,none,y2004_2008,fe_twoway,n_eff,conventional,-0.0068773666359867505,0.0018602509376954468,-3.6970101703089084,98.85724072878999,135,0.021675193452338034,10,unemp,share,all,mi,unweighted,wb_nat,raw,gaussian,TRUE,3.5828156787298286e-4,TRUE,TRUE,-0.3485185459184573,-0.3485185459184573
mice_pmm,mcosmo,none,y2004_2008,fe_twoway,n_eff,clustered,-0.0068773666359867505,0.0023213777050318826,-2.9626228515416426,98.96400804326984,135,0.020670674362247853,10,unemp,share,all,mi,unweighted,wb_nat,raw,gaussian,TRUE,0.003820083466844567,TRUE,TRUE,-0.28542077475842836,-0.28542077475842836
mice_pmm,mutil,none,y2004_2008,fe_twoway,n_eff,conventional,-3.6089679207551833e-4,0.001025161528044758,-0.35203895406008817,98.23421717984355,135,0.027157745115099118,10,unemp,share,all,mi,unweighted,wb_nat,raw,gaussian,TRUE,0.7255631329343348,FALSE,TRUE,-0.03549650131628646,-0.03549650131628646
mice_pmm,mutil,none,y2004_2008,fe_twoway,n_eff,clustered,-3.6089679207551833e-4,0.001288667632346838,-0.2800542071645553,98.58848764492981,135,0.02411416133495878,10,unemp,share,all,mi,unweighted,wb_nat,raw,gaussian,TRUE,0.7800226839138834,FALSE,TRUE,-0.028193975629247612,-0.028193975629247612
mice_pmm,mcomm,none,y2004_2008,fe_twoway,n_eff,conventional,0.005024989982458053,0.0012939539157023174,3.8834381359947017,97.86828408574102,135,0.03012821695540522,10,unemp,share,all,mi,unweighted,wb_nat,raw,gaussian,FALSE,1.8718047160802686e-4,TRUE,TRUE,0.3654049897034971,-0.3654049897034971
mice_pmm,mcomm,none,y2004_2008,fe_twoway,n_eff,clustered,0.005024989982458053,0.001589171466959829,3.162018754383459,98.33226270612938,135,0.026333198828306696,10,unemp,share,all,mi,unweighted,wb_nat,raw,gaussian,FALSE,0.0020838496389467007,TRUE,TRUE,0.3038007323612246,-0.3038007323612246
mice_pmm,mlib,none,y2004_2008,fe_twoway,n_eff,conventional,0.0022131024269991767,0.0011669401003572134,1.8965004513271257,98.16881395449542,135,0.02770072246487662,10,unemp,share,all,mi,unweighted,wb_nat,raw,gaussian,FALSE,0.06083398721813174,FALSE,TRUE,0.1879977300417234,-0.1879977300417234
mice_pmm,mlib,none,y2004_2008,fe_twoway,n_eff,clustered,0.0022131024269991767,0.0010892503229599753,2.0317666016248657,98.0089125359995,135,0.029005638383841303,10,unemp,share,all,mi,unweighted,wb_nat,raw,gaussian,FALSE,0.04488376541055625,TRUE,TRUE,0.20103991581366087,-0.20103991581366087
mice_pmm,mpos,none,y2004_2008,fe_twoway,n_eff,conventional,-0.007238263428062269,0.0019333784710533633,-3.7438419515029784,98.6425851906822,135,0.023632908916889607,10,unemp,share,all,mi,unweighted,wb_nat,raw,gaussian,TRUE,3.04856236081019e-4,TRUE,TRUE,-0.35272373163879683,-0.35272373163879683
mice_pmm,mpos,none,y2004_2008,fe_twoway,n_eff,clustered,-0.007238263428062269,0.00200295789582247,-3.613787111131478,98.67885546647685,135,0.023307603812030595,10,unemp,share,all,mi,unweighted,wb_nat,raw,gaussian,TRUE,4.7703809159627657e-4,TRUE,TRUE,-0.34187040777955385,-0.34187040777955385
mice_pmm,mneg,none,y2004_2008,fe_twoway,n_eff,conventional,0.007238092409457228,0.0019333890225664725,3.7437330640519724,98.6409402534081,135,0.023647611424492808,10,unemp,share,all,mi,unweighted,wb_nat,raw,gaussian,FALSE,3.0497431337018235e-4,TRUE,TRUE,0.3527173242082381,-0.3527173242082381
mice_pmm,mneg,none,y2004_2008,fe_twoway,n_eff,clustered,0.007238092409457228,0.002002974592936009,3.613671603715879,98.67733579290821,135,0.023321276941194527,10,unemp,share,all,mi,unweighted,wb_nat,raw,gaussian,FALSE,4.772288255507552e-4,TRUE,TRUE,0.34186308239182994,-0.34186308239182994
mice_pmm,mcosmo,none,y2004_2008,fe_twoway,pop,conventional,-0.006057892057210025,0.0012850881534268385,-4.713989496406098,98.17695218087849,135,0.027633458812791317,10,unemp,share,all,mi,unweighted,wb_nat,raw,gaussian,TRUE,8.025888335210972e-6,TRUE,TRUE,-0.4296133846337417,-0.4296133846337417
mice_pmm,mcosmo,none,y2004_2008,fe_twoway,pop,clustered,-0.006057892057210025,0.0010840471415907984,-5.588218283865678,97.73316037757063,135,0.0311861428095701,10,unemp,share,all,mi,unweighted,wb_nat,raw,gaussian,TRUE,2.0732650904879932e-7,TRUE,TRUE,-0.4920889202830722,-0.4920889202830722
mice_pmm,mutil,none,y2004_2008,fe_twoway,pop,conventional,-0.0011513991525591597,8.173722220295279e-4,-1.4086595085165066,95.64264580051847,135,0.045610361913370624,10,unemp,share,all,mi,unweighted,wb_nat,raw,gaussian,TRUE,0.16217855057193617,FALSE,TRUE,-0.14256769615473533,-0.14256769615473533
mice_pmm,mutil,none,y2004_2008,fe_twoway,pop,clustered,-0.0011513991525591597,7.909381870126771e-4,-1.4557384780066325,95.34698350256815,135,0.047427756512807825,10,unemp,share,all,mi,unweighted,wb_nat,raw,gaussian,TRUE,0.1487497590027444,FALSE,TRUE,-0.14745395913781534,-0.14745395913781534
mice_pmm,mcomm,none,y2004_2008,fe_twoway,pop,conventional,0.005286022393870706,0.0012701018057239915,4.161888732106426,97.0010109606623,135,0.03661020668691466,10,unemp,share,all,mi,unweighted,wb_nat,raw,gaussian,FALSE,6.833135766204978e-5,TRUE,TRUE,0.3892466951201059,-0.3892466951201059
mice_pmm,mcomm,none,y2004_2008,fe_twoway,pop,clustered,0.005286022393870706,0.0019030381618177473,2.7776754559780312,98.2804056463713,135,0.026770916739372885,10,unemp,share,all,mi,unweighted,wb_nat,raw,gaussian,FALSE,0.0065582070098991925,TRUE,TRUE,0.269796924954474,-0.269796924954474
mice_pmm,mlib,none,y2004_2008,fe_twoway,pop,conventional,0.0019232855716545163,7.948865589780315e-4,2.4195723904644244,93.1414444006259,135,0.05984269703851951,10,unemp,share,all,mi,unweighted,wb_nat,raw,gaussian,FALSE,0.0174806005122266,TRUE,TRUE,0.2431813641273708,-0.2431813641273708
mice_pmm,mlib,none,y2004_2008,fe_twoway,pop,clustered,0.0019232855716545163,0.001458333428351755,1.3188243060630256,97.7518011726689,135,0.03104136106525128,10,unemp,share,all,mi,unweighted,wb_nat,raw,gaussian,FALSE,0.1903091936470762,FALSE,TRUE,0.13221929256083229,-0.13221929256083229
mice_pmm,mpos,none,y2004_2008,fe_twoway,pop,conventional,-0.007209291209769184,0.001345595930963611,-5.357693973261684,98.8512394583691,135,0.021731024588771977,10,unemp,share,all,mi,unweighted,wb_nat,raw,gaussian,TRUE,5.509366968612862e-7,TRUE,TRUE,-0.4743809562029893,-0.4743809562029893
mice_pmm,mpos,none,y2004_2008,fe_twoway,pop,clustered,-0.007209291209769184,0.00097408970178897495,-7.401054745295924,98.56389749202289,135,0.024331386852791587,10,unemp,share,all,mi,unweighted,wb_nat,raw,gaussian,TRUE,4.582114371271974e-11,TRUE,TRUE,-0.5976770540478268,-0.5976770540478268
mice_pmm,mneg,none,y2004_2008,fe_twoway,pop,conventional,0.007209307965525222,0.0013456676668609233,5.35742081277956,98.84579705704999,135,0.021781599665471413,10,unemp,share,all,mi,unweighted,wb_nat,raw,gaussian,FALSE,5.516302663971033e-7,TRUE,TRUE,0.4743723327914728,-0.4743723327914728
mice_pmm,mneg,none,y2004_2008,fe_twoway,pop,clustered,0.007209307965525222,9.741360738130463e-4,7.400719631812767,98.55293107039225,135,0.02442795933745782,10,unemp,share,all,mi,unweighted,wb_nat,raw,gaussian,FALSE,4.5917745980256206e-11,TRUE,TRUE,0.5976810317847648,-0.5976810317847648
mice_pmm,mcosmo,none,y2004_2008,fe_country,none,conventional,-0.010513974782943676,0.0016343795292073757,-6.433006896533166,102.91799767761162,135,0.020285837868719566,10,unemp,share,all,mi,unweighted,wb_nat,raw,gaussian,TRUE,4.0083564789618305e-9,TRUE,TRUE,-0.5355234350221547,-0.5355234350221547
mice_pmm,mcosmo,none,y2004_2008,fe_country,none,clustered,-0.010513974782943676,0.0029335762754861255,-3.584012752898813,103.0753316543649,135,0.01883488987160193,10,unemp,share,all,mi,unweighted,wb_nat,raw,gaussian,TRUE,5.185884632400903e-4,TRUE,TRUE,-0.33288134894167504,-0.33288134894167504
mice_pmm,mutil,none,y2004_2008,fe_country,none,conventional,0.00189978884692932,8.789032188075866e-4,2.161544987293112,102.44081748425316,135,0.02442496793907799,10,unemp,share,all,mi,unweighted,wb_nat,raw,gaussian,TRUE,0.032982312939138066,TRUE,FALSE,0.20885409562197252,0.20885409562197252
mice_pmm,mutil,none,y2004_2008,fe_country,none,clustered,0.00189978884692932,0.0013562323952475738,1.4007841529124678,102.86059012866444,135,0.020803727306839784,10,unemp,share,all,mi,unweighted,wb_nat,raw,gaussian,TRUE,0.16428823920467256,FALSE,FALSE,0.13681804170374773,0.13681804170374773
mice_pmm,mcomm,none,y2004_2008,fe_country,none,conventional,0.006104550812295661,0.0011028824445585418,5.535087481367219,102.35023810694565,135,0.025171921635242307,10,unemp,share,all,mi,unweighted,wb_nat,raw,gaussian,FALSE,2.409569045349947e-7,TRUE,TRUE,0.4799756330524907,-0.4799756330524907
mice_pmm,mcomm,none,y2004_2008,fe_country,none,clustered,0.006104550812295661,0.0013798678853437756,4.424011078984416,102.6508984744216,135,0.02264728674879591,10,unemp,share,all,mi,unweighted,wb_nat,raw,gaussian,FALSE,2.4180035466876153e-5,TRUE,TRUE,0.40016595782603964,-0.40016595782603964
mice_pmm,mlib,none,y2004_2008,fe_country,none,conventional,0.002509363717131837,9.593008318832809e-4,2.6158256448141537,101.85843300955993,135,0.029047258463993683,10,unemp,share,all,mi,unweighted,wb_nat,raw,gaussian,FALSE,0.01025381029164835,TRUE,TRUE,0.25089503655493944,-0.25089503655493944
mice_pmm,mlib,none,y2004_2008,fe_country,none,clustered,0.002509363717131837,0.0013217629583015015,1.8984975341996513,102.50304666916082,135,0.023905161758197534,10,unemp,share,all,mi,unweighted,wb_nat,raw,gaussian,FALSE,0.06044309684954533,FALSE,TRUE,0.1843050879752681,-0.1843050879752681
mice_pmm,mpos,none,y2004_2008,fe_country,none,conventional,-0.008614185936014356,0.0016392740750567976,-5.254878404464423,102.73969856327514,135,0.02187548696384268,10,unemp,share,all,mi,unweighted,wb_nat,raw,gaussian,TRUE,8.070662882965039e-7,TRUE,TRUE,-0.4602580715390854,-0.4602580715390854
mice_pmm,mpos,none,y2004_2008,fe_country,none,clustered,-0.008614185936014356,0.002261333944833669,-3.8093382694292712,102.9359291652789,135,0.02012284567179188,10,unemp,share,all,mi,unweighted,wb_nat,raw,gaussian,TRUE,2.3727434091774978e-4,TRUE,TRUE,-0.3515026466809997,-0.3515026466809997
mice_pmm,mneg,none,y2004_2008,fe_country,none,conventional,0.008613914529427497,0.0016392729277336514,5.25471651711867,102.74060056500079,135,0.02186758165809569,10,unemp,share,all,mi,unweighted,wb_nat,raw,gaussian,FALSE,8.0761539930145e-7,TRUE,TRUE,0.4602453035291108,-0.4602453035291108
mice_pmm,mneg,none,y2004_2008,fe_country,none,clustered,0.008613914529427497,0.00226122786854256,3.809396942812077,102.93636568455663,135,0.020118870437710556,10,unemp,share,all,mi,unweighted,wb_nat,raw,gaussian,FALSE,2.3722455182244773e-4,TRUE,TRUE,0.351506738541126,-0.351506738541126
mice_pmm,mcosmo,none,y2004_2008,fe_country,n_cell,conventional,-0.00959955987665441,0.0015529178152754672,-6.181627760482337,102.82218347727586,135,0.02114693652638691,10,unemp,share,all,mi,unweighted,wb_nat,raw,gaussian,TRUE,1.2949807222239836e-8,TRUE,TRUE,-0.5205229134782746,-0.5205229134782746
mice_pmm,mcosmo,none,y2004_2008,fe_country,n_cell,clustered,-0.00959955987665441,0.002584562336723593,-3.714191660327146,103.03060243002791,135,0.019252264650026007,10,unemp,share,all,mi,unweighted,wb_nat,raw,gaussian,TRUE,3.3129541585987096e-4,TRUE,TRUE,-0.34363301894272164,-0.34363301894272164
mice_pmm,mutil,none,y2004_2008,fe_country,n_cell,conventional,0.0015146408549869357,8.63025040901836e-4,1.755036972512617,102.69300540884045,135,0.02228289761618214,10,unemp,share,all,mi,unweighted,wb_nat,raw,gaussian,TRUE,0.08223527677787605,FALSE,FALSE,0.17064694981134224,0.17064694981134224
mice_pmm,mutil,none,y2004_2008,fe_country,n_cell,clustered,0.0015146408549869357,0.0012183469161638628,1.2431934081271336,102.92308918968867,135,0.020239617593313275,10,unemp,share,all,mi,unweighted,wb_nat,raw,gaussian,TRUE,0.21662108047565284,FALSE,FALSE,0.12163141853127012,0.12163141853127012
mice_pmm,mcomm,none,y2004_2008,fe_country,n_cell,conventional,0.0063640424556843656,0.0010658733069324978,5.970730680928295,102.37163188596564,135,0.02499651054237562,10,unemp,share,all,mi,unweighted,wb_nat,raw,gaussian,FALSE,3.437987661458955e-8,TRUE,TRUE,0.508223208127483,-0.508223208127483
mice_pmm,mcomm,none,y2004_2008,fe_country,n_cell,clustered,0.0063640424556843656,0.001430698804390661,4.448205615433383,102.72957018398489,135,0.021964161954983123,10,unemp,share,all,mi,unweighted,wb_nat,raw,gaussian,FALSE,2.1992345628213226e-5,TRUE,TRUE,0.4018724792881578,-0.4018724792881578
mice_pmm,mlib,none,y2004_2008,fe_country,n_cell,conventional,0.0017206185182350893,9.543983901823855e-4,1.8028304908459445,101.73756032940587,135,0.029957900672383585,10,unemp,share,all,mi,unweighted,wb_nat,raw,gaussian,FALSE,0.07437535049856867,FALSE,TRUE,0.17594849792100015,-0.17594849792100015
mice_pmm,mlib,none,y2004_2008,fe_country,n_cell,clustered,0.0017206185182350893,0.0013007559765283478,1.3227834807473524,102.42918631565728,135,0.02452151625860612,10,unemp,share,all,mi,unweighted,wb_nat,raw,gaussian,FALSE,0.18885304716665907,FALSE,TRUE,0.12959814653381932,-0.12959814653381932
mice_pmm,mpos,none,y2004_2008,fe_country,n_cell,conventional,-0.008084919021667473,0.0015806306703853624,-5.1149956616344445,102.7373823260591,135,0.02189578074013607,10,unemp,share,all,mi,unweighted,wb_nat,raw,gaussian,TRUE,1.462611625790413e-6,TRUE,TRUE,-0.45052392874264147,-0.45052392874264147
mice_pmm,mpos,none,y2004_2008,fe_country,n_cell,clustered,-0.008084919021667473,0.001932491244324072,-4.183676922425248,102.87587045767438,135,0.020666456969592444,10,unemp,share,all,mi,unweighted,wb_nat,raw,gaussian,TRUE,6.050624802454767e-5,TRUE,TRUE,-0.38131398376389625,-0.38131398376389625
mice_pmm,mneg,none,y2004_2008,fe_country,n_cell,conventional,0.008084660973919456,0.0015806360258348274,5.1148150755639445,102.73744113382998,135,0.021895265603588246,10,unemp,share,all,mi,unweighted,wb_nat,raw,gaussian,FALSE,1.463725572956383e-6,TRUE,TRUE,0.4505111484278756,-0.4505111484278756
mice_pmm,mneg,none,y2004_2008,fe_country,n_cell,clustered,0.008084660973919456,0.0019324194587010209,4.1836988017880925,102.8758863754509,135,0.020666313756073244,10,unemp,share,all,mi,unweighted,wb_nat,raw,gaussian,FALSE,6.0501266656768365e-5,TRUE,TRUE,0.38131566275675066,-0.38131566275675066
mice_pmm,mcosmo,none,y2004_2008,fe_country,n_eff,conventional,-0.009738187897584407,0.0015612561995955697,-6.237405430388044,102.84683680837034,135,0.020926926479385703,10,unemp,share,all,mi,unweighted,wb_nat,raw,gaussian,TRUE,9.998751868454754e-9,TRUE,TRUE,-0.5238889996952408,-0.5238889996952408
mice_pmm,mcosmo,none,y2004_2008,fe_country,n_eff,clustered,-0.009738187897584407,0.0026613147018953683,-3.659164356116525,103.04411838451406,135,0.019126564848070977,10,unemp,share,all,mi,unweighted,wb_nat,raw,gaussian,TRUE,4.009063576607673e-4,TRUE,TRUE,-0.3391116812328208,-0.3391116812328208
mice_pmm,mutil,none,y2004_2008,fe_country,n_eff,conventional,0.0016303282752991378,8.755128210615057e-4,1.8621409488012575,102.67020657192305,135,0.02248054570356122,10,unemp,share,all,mi,unweighted,wb_nat,raw,gaussian,TRUE,0.06544288434773232,FALSE,FALSE,0.1807496894767693,0.1807496894767693
mice_pmm,mutil,none,y2004_2008,fe_country,n_eff,clustered,0.0016303282752991378,0.0012809337171765121,1.2727655252082644,102.92854474259498,135,0.020190039733931114,10,unemp,share,all,mi,unweighted,wb_nat,raw,gaussian,TRUE,0.2059686973937432,FALSE,FALSE,0.12447712479270583,0.12447712479270583
mice_pmm,mcomm,none,y2004_2008,fe_country,n_eff,conventional,0.006327296253367568,0.0010679810956107725,5.924539562892751,102.34989204745743,135,0.025174753975233617,10,unemp,share,all,mi,unweighted,wb_nat,raw,gaussian,FALSE,4.241459586941165e-8,TRUE,TRUE,0.5053382073225009,-0.5053382073225009
mice_pmm,mcomm,none,y2004_2008,fe_country,n_eff,clustered,0.006327296253367568,0.0014499956853404024,4.363665573171803,102.72828141677948,135,0.021975433160813008,10,unemp,share,all,mi,unweighted,wb_nat,raw,gaussian,FALSE,3.0524756060348633e-5,TRUE,TRUE,0.39544087493394625,-0.39544087493394625
mice_pmm,mlib,none,y2004_2008,fe_country,n_eff,conventional,0.001780290279542622,9.579579325284731e-4,1.8584221906735001,101.71235128639438,135,0.030145932823822462,10,unemp,share,all,mi,unweighted,wb_nat,raw,gaussian,FALSE,0.06600078961375992,FALSE,TRUE,0.1812201687781115,-0.1812201687781115
mice_pmm,mlib,none,y2004_2008,fe_country,n_eff,clustered,0.001780290279542622,0.0012868462015973169,1.3834522550813069,102.39406409243388,135,0.02481191929870448,10,unemp,share,all,mi,unweighted,wb_nat,raw,gaussian,FALSE,0.16953506192466852,FALSE,TRUE,0.13545821788125376,-0.13545821788125376
mice_pmm,mpos,none,y2004_2008,fe_country,n_eff,conventional,-0.008107859622285269,0.0015906537713561784,-5.097186935515561,102.75523869426175,135,0.02173910231333761,10,unemp,share,all,mi,unweighted,wb_nat,raw,gaussian,TRUE,1.5763008473194854e-6,TRUE,TRUE,-0.4492412453511529,-0.4492412453511529
mice_pmm,mpos,none,y2004_2008,fe_country,n_eff,clustered,-0.008107859622285269,0.001965886090681707,-4.124277424168417,102.89314929349806,135,0.02051073069442958,10,unemp,share,all,mi,unweighted,wb_nat,raw,gaussian,TRUE,7.555706025077099e-5,TRUE,TRUE,-0.37664584761122194,-0.37664584761122194
mice_pmm,mneg,none,y2004_2008,fe_country,n_eff,conventional,0.00810758653291019,0.001590657782251473,5.097002399494395,102.75543840659711,135,0.021737346973353888,10,unemp,share,all,mi,unweighted,wb_nat,raw,gaussian,FALSE,1.5775226246368477e-6,TRUE,TRUE,0.4492279150323804,-0.4492279150323804
mice_pmm,mneg,none,y2004_2008,fe_country,n_eff,clustered,0.00810758653291019,0.0019658129611864208,4.124291930610247,102.89325610015409,135,0.020509766425534138,10,unemp,share,all,mi,unweighted,wb_nat,raw,gaussian,FALSE,7.55529271672085e-5,TRUE,TRUE,0.3766468167067847,-0.3766468167067847
mice_pmm,mcosmo,none,y2004_2008,fe_country,pop,conventional,-0.006090707496178752,0.0010991280442873355,-5.541399410045906,101.99146626143484,135,0.028026953020710756,10,unemp,share,all,mi,unweighted,wb_nat,raw,gaussian,TRUE,2.3580190907432936e-7,TRUE,TRUE,-0.48104568870626246,-0.48104568870626246
mice_pmm,mcosmo,none,y2004_2008,fe_country,pop,clustered,-0.006090707496178752,8.108792506212329e-4,-7.51123856173718,100.84451787332047,135,0.036270456355658,10,unemp,share,all,mi,unweighted,wb_nat,raw,gaussian,TRUE,2.4219150424364255e-11,TRUE,TRUE,-0.598960207016367,-0.598960207016367
mice_pmm,mutil,none,y2004_2008,fe_country,pop,conventional,1.7777601577539153e-4,7.052882777308818e-4,0.2520614922841889,99.94046879829317,135,0.042066912660258936,10,unemp,share,all,mi,unweighted,wb_nat,raw,gaussian,TRUE,0.801511169501208,FALSE,FALSE,0.025205644642402155,0.025205644642402155
mice_pmm,mutil,none,y2004_2008,fe_country,pop,clustered,1.7777601577539153e-4,5.980546408389277e-4,0.29725714614640275,98.31970243871251,135,0.05140020708422688,10,unemp,share,all,mi,unweighted,wb_nat,raw,gaussian,TRUE,0.766897329211037,FALSE,FALSE,0.029965184734973244,0.029965184734973244
mice_pmm,mcomm,none,y2004_2008,fe_country,pop,conventional,0.005310334602357026,0.0010514954130869912,5.050268918213243,101.53741426494292,135,0.03143358506515359,10,unemp,share,all,mi,unweighted,wb_nat,raw,gaussian,FALSE,1.9492914247611814e-6,TRUE,TRUE,0.4480637048590009,-0.4480637048590009
mice_pmm,mcomm,none,y2004_2008,fe_country,pop,clustered,0.005310334602357026,0.0018535268345219054,2.8649893292355606,102.67413586689752,135,0.02244654087009198,10,unemp,share,all,mi,unweighted,wb_nat,raw,gaussian,FALSE,0.005058361413047572,TRUE,TRUE,0.27207704141229744,-0.27207704141229744
mice_pmm,mlib,none,y2004_2008,fe_country,pop,conventional,6.026805414879804e-4,7.08933482610344e-4,0.8501228341887132,98.28321511815935,135,0.05159790609977571,10,unemp,share,all,mi,unweighted,wb_nat,raw,gaussian,FALSE,0.3973230305241986,FALSE,TRUE,0.08543800342070108,-0.08543800342070108
mice_pmm,mlib,none,y2004_2008,fe_country,pop,clustered,6.026805414879804e-4,0.001913850802940526,0.31490466266335654,102.63700159352962,135,0.022766935203499858,10,unemp,share,all,mi,unweighted,wb_nat,raw,gaussian,FALSE,0.7534733447633137,FALSE,TRUE,0.03106829447001071,-0.03106829447001071
mice_pmm,mpos,none,y2004_2008,fe_country,pop,conventional,-0.00591293148040336,0.0011734774110238695,-5.038811505748777,102.72887520752532,135,0.02197024036736347,10,unemp,share,all,mi,unweighted,wb_nat,raw,gaussian,TRUE,2.014870156151293e-6,TRUE,TRUE,-0.4451662134211438,-0.4451662134211438
mice_pmm,mpos,none,y2004_2008,fe_country,pop,clustered,-0.00591293148040336,5.603828866539155e-4,-10.551591815570738,101.06193164799208,135,0.03479443742194855,10,unemp,share,all,mi,unweighted,wb_nat,raw,gaussian,TRUE,5.440887500229306e-18,TRUE,TRUE,-0.7240069728598669,-0.7240069728598669
mice_pmm,mneg,none,y2004_2008,fe_country,pop,conventional,0.005913015143845005,0.0011735132576521426,5.038728881235839,102.73052454061676,135,0.02195581365787356,10,unemp,share,all,mi,unweighted,wb_nat,raw,gaussian,FALSE,2.0155263506341144e-6,TRUE,TRUE,0.44515749494667445,-0.44515749494667445
mice_pmm,mneg,none,y2004_2008,fe_country,pop,clustered,0.005913015143845005,5.602885448945841e-4,10.553517821710086,101.07017583861828,135,0.03473775991014405,10,unemp,share,all,mi,unweighted,wb_nat,raw,gaussian,FALSE,5.383110536806735e-18,TRUE,TRUE,0.7240557956316033,-0.7240557956316033
mice_pmm,mcosmo,none,y2004_2008,re,none,conventional,-0.007944241176457164,0.0016183940601475226,-4.908718693476308,128.8330860008111,135,0.016808080068251362,10,unemp,share,all,mi,unweighted,wb_nat,raw,gaussian,TRUE,2.7200476837463462e-6,TRUE,TRUE,-0.3969390086302119,-0.3969390086302119
mice_pmm,mcosmo,none,y2004_2008,re,none,clustered,-0.007944241176457164,0.0027445760508674204,-2.8945239735464408,129.02019124656846,135,0.015436838920658587,10,unemp,share,all,mi,unweighted,wb_nat,raw,gaussian,TRUE,0.004460270328784727,TRUE,TRUE,-0.24693702858575392,-0.24693702858575392
mice_pmm,mutil,none,y2004_2008,re,none,conventional,0.0018251095091267506,8.544852044731374e-4,2.135917040543827,128.27914027688684,135,0.020594889326040648,10,unemp,share,all,mi,unweighted,wb_nat,raw,gaussian,TRUE,0.03458591297868155,TRUE,FALSE,0.18531810547292654,0.18531810547292654
mice_pmm,mutil,none,y2004_2008,re,none,clustered,0.0018251095091267506,0.0013077133866578983,1.3956494808018698,128.77544569861718,135,0.017220234045189197,10,unemp,share,all,mi,unweighted,wb_nat,raw,gaussian,TRUE,0.1652218911286581,FALSE,FALSE,0.12206745357699336,0.12206745357699336
mice_pmm,mcomm,none,y2004_2008,re,none,conventional,0.0053400931344080305,0.001091153873926738,4.893987238656474,128.17257270427393,135,0.021283295964971687,10,unemp,share,all,mi,unweighted,wb_nat,raw,gaussian,FALSE,2.9118473789131785e-6,TRUE,TRUE,0.39679337804421044,-0.39679337804421044
mice_pmm,mcomm,none,y2004_2008,re,none,clustered,0.0053400931344080305,0.0013169649033511572,4.054848478360809,128.48641720782948,135,0.01922110060735862,10,unemp,share,all,mi,unweighted,wb_nat,raw,gaussian,FALSE,8.642620554066676e-5,TRUE,TRUE,0.3368202244313738,-0.3368202244313738
mice_pmm,mlib,none,y2004_2008,re,none,conventional,0.0022645905781730597,9.414190286073927e-4,2.4055075469666116,127.58769342795075,135,0.02487318212871459,10,unemp,share,all,mi,unweighted,wb_nat,raw,gaussian,FALSE,0.017584914932564828,TRUE,TRUE,0.20829117753887574,-0.20829117753887574
mice_pmm,mlib,none,y2004_2008,re,none,clustered,0.0022645905781730597,0.0012529373121496676,1.807425284739662,128.30196772180844,135,0.02044589551215482,10,unemp,share,all,mi,unweighted,wb_nat,raw,gaussian,FALSE,0.0730389314134727,FALSE,TRUE,0.15757378706177425,-0.15757378706177425
mice_pmm,mpos,none,y2004_2008,re,none,conventional,-0.007708185518652541,0.00162597722052413,-4.7406479139774325,128.67242702464048,135,0.017945612808523213,10,unemp,share,all,mi,unweighted,wb_nat,raw,gaussian,TRUE,5.559648797355416e-6,TRUE,TRUE,-0.3856018676583066,-0.3856018676583066
mice_pmm,mpos,none,y2004_2008,re,none,clustered,-0.007708185518652541,0.002150439564165321,-3.584469727538901,128.8677354958068,135,0.01655806285957175,10,unemp,share,all,mi,unweighted,wb_nat,raw,gaussian,TRUE,4.7777030656906617e-4,TRUE,TRUE,-0.301103102827453,-0.301103102827453
mice_pmm,mneg,none,y2004_2008,re,none,conventional,0.007707901983422994,0.0016259750953032653,4.740479731631665,128.67335289665274,135,0.01793915584198031,10,unemp,share,all,mi,unweighted,wb_nat,raw,gaussian,FALSE,5.563542656501915e-6,TRUE,TRUE,0.38558904073646716,-0.38558904073646716
mice_pmm,mneg,none,y2004_2008,re,none,clustered,0.007707901983422994,0.0021503444365936174,3.5844964426411425,128.8682233899613,135,0.016554530077864563,10,unemp,share,all,mi,unweighted,wb_nat,raw,gaussian,FALSE,4.7772528643926144e-4,TRUE,TRUE,0.30110462517789405,-0.30110462517789405
mice_pmm,mcosmo,none,y2004_2008,pooled_cl,none,conventional,0.0028609693015795635,0.001871304846126943,1.5288632995852802,129.06366956243355,135,0.015110451476897786,10,unemp,share,all,mi,unweighted,wb_nat,raw,gaussian,TRUE,0.1287455437886362,FALSE,FALSE,0.13337338308367544,0.13337338308367544
mice_pmm,mcosmo,none,y2004_2008,pooled_cl,none,clustered,0.0028609693015795635,0.003177475770072616,0.9003905957445526,129.09857268585432,135,0.014846201625515138,10,unemp,share,all,mi,unweighted,wb_nat,raw,gaussian,TRUE,0.3695889647784898,FALSE,FALSE,0.0789970491975184,0.0789970491975184
mice_pmm,mutil,none,y2004_2008,pooled_cl,none,conventional,8.250673371549957e-4,0.0014725788788478083,0.5602873632144949,129.0624214387274,135,0.015119863751808446,10,unemp,share,all,mi,unweighted,wb_nat,raw,gaussian,TRUE,0.5762547123426569,FALSE,FALSE,0.049258750500221084,0.049258750500221084
mice_pmm,mutil,none,y2004_2008,pooled_cl,none,clustered,8.250673371549957e-4,0.00195711973028045,0.4215722341303901,129.08618056961873,135,0.014940252974356725,10,unemp,share,all,mi,unweighted,wb_nat,raw,gaussian,TRUE,0.6740384612027523,FALSE,FALSE,0.0370794570078217,0.0370794570078217
mice_pmm,mcomm,none,y2004_2008,pooled_cl,none,conventional,-0.0020084715305399236,0.0016632268157050452,-1.2075752456459334,128.98582024005634,135,0.015692724630165588,10,unemp,share,all,mi,unweighted,wb_nat,raw,gaussian,FALSE,0.22942029919883383,FALSE,FALSE,-0.1057309296871676,0.1057309296871676
mice_pmm,mcomm,none,y2004_2008,pooled_cl,none,clustered,-0.0020084715305399236,0.0024389183955190324,-0.8235091154464378,129.05645496083517,135,0.015164822620824877,10,unemp,share,all,mi,unweighted,wb_nat,raw,gaussian,FALSE,0.41173773410501435,FALSE,FALSE,-0.07230036087077352,0.07230036087077352
mice_pmm,mlib,none,y2004_2008,pooled_cl,none,conventional,-0.0016775432999533671,0.0017581015858201632,-0.9541788219085103,129.00067373517666,135,0.015582371258997182,10,unemp,share,all,mi,unweighted,wb_nat,raw,gaussian,FALSE,0.3417777107076845,FALSE,FALSE,-0.08371563799283553,0.08371563799283553
mice_pmm,mlib,none,y2004_2008,pooled_cl,none,clustered,-0.0016775432999533671,0.0022249003356573263,-0.7539858181817175,129.04470834059805,135,0.015253166957981084,10,unemp,share,all,mi,unweighted,wb_nat,raw,gaussian,FALSE,0.45223133947015504,FALSE,FALSE,-0.06622752965826727,0.06622752965826727
mice_pmm,mpos,none,y2004_2008,pooled_cl,none,conventional,0.0036860366387347354,0.002763477090514672,1.333840128939967,129.08752740038537,135,0.014930043447844096,10,unemp,share,all,mi,unweighted,wb_nat,raw,gaussian,TRUE,0.18460484805422311,FALSE,FALSE,0.11659750977364804,0.11659750977364804
mice_pmm,mpos,none,y2004_2008,pooled_cl,none,clustered,0.0036860366387347354,0.003560205071593056,1.0353439098622974,129.09926484232423,135,0.01484094086083267,10,unemp,share,all,mi,unweighted,wb_nat,raw,gaussian,TRUE,0.3024438064683955,FALSE,FALSE,0.09074593419392343,0.09074593419392343
mice_pmm,mneg,none,y2004_2008,pooled_cl,none,conventional,-0.0036860148304933447,0.0027634361105902177,-1.333852017192495,129.08746984576732,135,0.014930479797003673,10,unemp,share,all,mi,unweighted,wb_nat,raw,gaussian,FALSE,0.18460096271054025,FALSE,FALSE,-0.11659856049567709,0.11659856049567709
mice_pmm,mneg,none,y2004_2008,pooled_cl,none,clustered,-0.0036860148304933447,0.0035601348285883086,-1.0353582119683233,129.09923008026996,135,0.014841205090450742,10,unemp,share,all,mi,unweighted,wb_nat,raw,gaussian,FALSE,0.3024371558935788,FALSE,FALSE,-0.09074718954040994,0.09074718954040994
mice_pmm,mcosmo,none,y2004_2008,pooled_cl,n_cell,conventional,0.003360028033648932,0.0019160888130244854,1.7535867913895047,129.04509614772164,135,0.015250253897625625,10,unemp,share,all,mi,unweighted,wb_nat,raw,gaussian,TRUE,0.08187561829196197,FALSE,FALSE,0.1525607150273388,0.1525607150273388
mice_pmm,mcosmo,none,y2004_2008,pooled_cl,n_cell,clustered,0.003360028033648932,0.0034054993108010344,0.986647691571135,129.09435855245533,135,0.01487821402144805,10,unemp,share,all,mi,unweighted,wb_nat,raw,gaussian,TRUE,0.3256610079148051,FALSE,FALSE,0.08651215952573316,0.08651215952573316
mice_pmm,mutil,none,y2004_2008,pooled_cl,n_cell,conventional,2.5560383061403456e-4,0.0014929431558047116,0.1712080125892412,129.07049986507536,135,0.015058897988366916,10,unemp,share,all,mi,unweighted,wb_nat,raw,gaussian,TRUE,0.8643283251788345,FALSE,FALSE,0.015068196703377513,0.015068196703377513
mice_pmm,mutil,none,y2004_2008,pooled_cl,n_cell,clustered,2.5560383061403456e-4,0.002227928211959847,0.11472713943021841,129.09617749605496,135,0.014864400176043024,10,unemp,share,all,mi,unweighted,wb_nat,raw,gaussian,TRUE,0.9088396500093593,FALSE,FALSE,0.010096883259350639,0.010096883259350639
mice_pmm,mcomm,none,y2004_2008,pooled_cl,n_cell,conventional,-0.0010367156113185421,0.0016961861056242558,-0.6112039285553483,128.94836557508734,135,0.015969473854389772,10,unemp,share,all,mi,unweighted,wb_nat,raw,gaussian,FALSE,0.5421405451456468,FALSE,FALSE,-0.05374648150363207,0.05374648150363207
mice_pmm,mcomm,none,y2004_2008,pooled_cl,n_cell,clustered,-0.0010367156113185421,0.0028021774255083008,-0.36996786922958214,129.05591844203923,135,0.015168862575005706,10,unemp,share,all,mi,unweighted,wb_nat,raw,gaussian,FALSE,0.7120128650265409,FALSE,FALSE,-0.03254954048885536,0.03254954048885536
mice_pmm,mlib,none,y2004_2008,pooled_cl,n_cell,conventional,-0.0025790287525264783,0.001780583838985787,-1.4484174774918108,128.9904802895085,135,0.01565814014714022,10,unemp,share,all,mi,unweighted,wb_nat,raw,gaussian,FALSE,0.14992679326497976,FALSE,FALSE,-0.12650614917438038,0.12650614917438038
mice_pmm,mlib,none,y2004_2008,pooled_cl,n_cell,clustered,-0.0025790287525264783,0.002329377646886985,-1.1071750241843055,129.04349249960487,135,0.015262298319124781,10,unemp,share,all,mi,unweighted,wb_nat,raw,gaussian,FALSE,0.2702778270671559,FALSE,FALSE,-0.09700523949087826,0.09700523949087826
mice_pmm,mpos,none,y2004_2008,pooled_cl,n_cell,conventional,0.0036156318642628026,0.0028621195273192184,1.2632707438495259,129.07542692996194,135,0.015021662069226536,10,unemp,share,all,mi,unweighted,wb_nat,raw,gaussian,TRUE,0.20876897958428914,FALSE,FALSE,0.11051121810503184,0.11051121810503184
mice_pmm,mpos,none,y2004_2008,pooled_cl,n_cell,clustered,0.0036156318642628026,0.004400503327209751,0.8216405250522523,129.09945879893542,135,0.014839466541358556,10,unemp,share,all,mi,unweighted,wb_nat,raw,gaussian,TRUE,0.4127963205135248,FALSE,FALSE,0.07212520862332186,0.07212520862332186
mice_pmm,mneg,none,y2004_2008,pooled_cl,n_cell,conventional,-0.0036157443638449916,0.0028620649977573317,-1.2633341194830414,129.07549675430406,135,0.01502113408954543,10,unemp,share,all,mi,unweighted,wb_nat,raw,gaussian,FALSE,0.20874628361074246,FALSE,FALSE,-0.11051666497905144,0.11051666497905144
mice_pmm,mneg,none,y2004_2008,pooled_cl,n_cell,clustered,-0.0036157443638449916,0.0044004109597924205,-0.8216833375070851,129.09948811353922,135,0.014839243707216251,10,unemp,share,all,mi,unweighted,wb_nat,raw,gaussian,FALSE,0.4127720363883961,FALSE,FALSE,-0.07212893908595501,0.07212893908595501
mice_pmm,mcosmo,none,y2004_2008,pooled_cl,n_eff,conventional,0.003519055574895258,0.0019061817272366063,1.846128060411552,129.04291516570544,135,0.015266633447849929,10,unemp,share,all,mi,unweighted,wb_nat,raw,gaussian,TRUE,0.06716509788690021,FALSE,FALSE,0.16041095788865126,0.16041095788865126
mice_pmm,mcosmo,none,y2004_2008,pooled_cl,n_eff,clustered,0.003519055574895258,0.0033682401497721792,1.0447757340382275,129.0934019456554,135,0.014885476689650557,10,unemp,share,all,mi,unweighted,wb_nat,raw,gaussian,TRUE,0.29807905661209616,FALSE,FALSE,0.09156777744201434,0.09156777744201434
mice_pmm,mutil,none,y2004_2008,pooled_cl,n_eff,conventional,2.35970036993291e-4,0.001514793393219992,0.15577704395164424,129.06991526277562,135,0.015063313423957387,10,unemp,share,all,mi,unweighted,wb_nat,raw,gaussian,TRUE,0.8764521376697518,FALSE,FALSE,0.013710399945975244,0.013710399945975244
mice_pmm,mutil,none,y2004_2008,pooled_cl,n_eff,clustered,2.35970036993291e-4,0.0021892188268683595,0.10778732308402543,129.09451709136485,135,0.014877010228278857,10,unemp,share,all,mi,unweighted,wb_nat,raw,gaussian,TRUE,0.9143317412643222,FALSE,FALSE,0.009486243012620995,0.009486243012620995
mice_pmm,mcomm,none,y2004_2008,pooled_cl,n_eff,conventional,-0.0011979064712657251,0.0016994402250266971,-0.7048829688887156,128.94609993493285,135,0.015986145511438524,10,unemp,share,all,mi,unweighted,wb_nat,raw,gaussian,FALSE,0.48215432744871767,FALSE,FALSE,-0.06195520521056536,0.06195520521056536
mice_pmm,mcomm,none,y2004_2008,pooled_cl,n_eff,clustered,-0.0011979064712657251,0.002755448095346373,-0.434741076519949,129.05272760988782,135,0.01519287966730132,10,unemp,share,all,mi,unweighted,wb_nat,raw,gaussian,FALSE,0.6644764658020044,FALSE,FALSE,-0.03824100518586565,0.03824100518586565
mice_pmm,mlib,none,y2004_2008,pooled_cl,n_eff,conventional,-0.002557201857075961,0.0017856640359244459,-1.4320733383377386,128.9837505794396,135,0.01570807373127075,10,unemp,share,all,mi,unweighted,wb_nat,raw,gaussian,FALSE,0.15454173928812576,FALSE,FALSE,-0.12510431553550727,0.12510431553550727
mice_pmm,mlib,none,y2004_2008,pooled_cl,n_eff,clustered,-0.002557201857075961,0.0023058711011288368,-1.1089960127537422,129.03755052397162,135,0.015306890159336893,10,unemp,share,all,mi,unweighted,wb_nat,raw,gaussian,FALSE,0.2694945192333257,FALSE,FALSE,-0.09716549652805498,0.09716549652805498
mice_pmm,mpos,none,y2004_2008,pooled_cl,n_eff,conventional,0.0037550256118884405,0.002863308430458451,1.3114289651594446,129.0752082464338,135,0.015023315601820722,10,unemp,share,all,mi,unweighted,wb_nat,raw,gaussian,TRUE,0.19204089399397195,FALSE,FALSE,0.11466981465171797,0.11466981465171797
mice_pmm,mpos,none,y2004_2008,pooled_cl,n_eff,clustered,0.0037550256118884405,0.004312296263496204,0.8707717147532078,129.09862133390354,135,0.014845831900173662,10,unemp,share,all,mi,unweighted,wb_nat,raw,gaussian,TRUE,0.38549514570538257,FALSE,FALSE,0.076413810483332,0.076413810483332
mice_pmm,mneg,none,y2004_2008,pooled_cl,n_eff,conventional,-0.0037551083283416165,0.002863254120752709,-1.3114827290825488,129.07526861814722,135,0.015022859120837721,10,unemp,share,all,mi,unweighted,wb_nat,raw,gaussian,FALSE,0.19202279173248504,FALSE,FALSE,-0.1146744274221765,0.1146744274221765
mice_pmm,mneg,none,y2004_2008,pooled_cl,n_eff,clustered,-0.0037551083283416165,0.004312203624944201,-0.8708096033823558,129.09864772180364,135,0.014845631350383453,10,unemp,share,all,mi,unweighted,wb_nat,raw,gaussian,FALSE,0.38547453146912247,FALSE,FALSE,-0.07641710818710304,0.07641710818710304
mice_pmm,mcosmo,none,y2004_2008,pooled_cl,pop,conventional,0.007544786064478004,0.0019792028924625884,3.8120326588096973,128.80279099478128,135,0.01702528037518731,10,unemp,share,all,mi,unweighted,wb_nat,raw,gaussian,TRUE,2.1265085824713042e-4,TRUE,FALSE,0.31840613023650843,0.31840613023650843
mice_pmm,mcosmo,none,y2004_2008,pooled_cl,pop,clustered,0.007544786064478004,0.004922314260512734,1.532772120017404,129.06759000946008,135,0.015080870242096764,10,unemp,share,all,mi,unweighted,wb_nat,raw,gaussian,TRUE,0.1277795551844466,FALSE,FALSE,0.133706293653845,0.133706293653845
mice_pmm,mutil,none,y2004_2008,pooled_cl,pop,conventional,-0.0012017359745764386,0.0014503815546126045,-0.8285654011212389,128.9399678261016,135,0.016031229397327224,10,unemp,share,all,mi,unweighted,wb_nat,raw,gaussian,TRUE,0.4088814720018471,FALSE,TRUE,-0.07277461492672258,-0.07277461492672258
mice_pmm,mutil,none,y2004_2008,pooled_cl,pop,clustered,-0.0012017359745764386,0.0023935370390891905,-0.5020753616721694,129.05277419792748,135,0.015192529122671864,10,unemp,share,all,mi,unweighted,wb_nat,raw,gaussian,TRUE,0.6164700698130707,FALSE,TRUE,-0.0441531299885284,-0.0441531299885284
mice_pmm,mcomm,none,y2004_2008,pooled_cl,pop,conventional,-0.0025542583018242663,0.001686868473854065,-1.5142012204356612,128.68656657815828,135,0.01784688343999839,10,unemp,share,all,mi,unweighted,wb_nat,raw,gaussian,FALSE,0.13242708963272398,FALSE,FALSE,-0.13230679223049235,0.13230679223049235
mice_pmm,mcomm,none,y2004_2008,pooled_cl,pop,clustered,-0.0025542583018242663,0.003935306181495227,-0.6490621527328709,129.04073327692376,135,0.015283012119756885,10,unemp,share,all,mi,unweighted,wb_nat,raw,gaussian,FALSE,0.5174517421553884,FALSE,FALSE,-0.05704467429349592,0.05704467429349592
mice_pmm,mlib,none,y2004_2008,pooled_cl,pop,conventional,-0.003789023214562201,0.0016425096124232288,-2.306849948337396,128.91733282911267,135,0.016197153125677773,10,unemp,share,all,mi,unweighted,wb_nat,raw,gaussian,FALSE,0.022657982782216597,TRUE,FALSE,-0.19910408516483488,0.19910408516483488
mice_pmm,mlib,none,y2004_2008,pooled_cl,pop,clustered,-0.003789023214562201,0.0038162238788586704,-0.992872361486139,129.08065152143902,135,0.014982133860418547,10,unemp,share,all,mi,unweighted,wb_nat,raw,gaussian,FALSE,0.3226297298823081,FALSE,FALSE,-0.08705842038666,0.08705842038666
mice_pmm,mpos,none,y2004_2008,pooled_cl,pop,conventional,0.006343050089901592,0.0029800662523190263,2.128492977283831,128.98296705835105,135,0.01571388277310168,10,unemp,share,all,mi,unweighted,wb_nat,raw,gaussian,TRUE,0.035197789665939616,TRUE,FALSE,0.18420852006467273,0.18420852006467273
mice_pmm,mpos,none,y2004_2008,pooled_cl,pop,clustered,0.006343050089901592,0.006960783655627,0.9112551694914349,129.09272207893355,135,0.0148906373867818,10,unemp,share,all,mi,unweighted,wb_nat,raw,gaussian,TRUE,0.3638594078233468,FALSE,FALSE,0.07994601199212677,0.07994601199212677
mice_pmm,mneg,none,y2004_2008,pooled_cl,pop,conventional,-0.006343281516386518,0.002980000007004475,-2.12861795351566,128.98310620990938,135,0.015712851170234417,10,unemp,share,all,mi,unweighted,wb_nat,raw,gaussian,FALSE,0.03518723220188255,TRUE,FALSE,-0.18421887297544945,0.18421887297544945
mice_pmm,mneg,none,y2004_2008,pooled_cl,pop,clustered,-0.006343281516386518,0.006960791287636826,-0.9112874175171611,129.09274812452549,135,0.014890439695460786,10,unemp,share,all,mi,unweighted,wb_nat,raw,gaussian,FALSE,0.36384248496743066,FALSE,FALSE,-0.07994881507101796,0.07994881507101796
mice_pmm,mcosmo,none,y2009_2013,fe_twoway,none,conventional,-0.005468554256958321,0.001036303475011878,-5.276981491252494,97.82188397346121,135,0.03049372477183943,10,unemp,share,all,mi,unweighted,wb_nat,raw,gaussian,TRUE,7.900662523469678e-7,TRUE,TRUE,-0.47073067252021983,-0.47073067252021983
mice_pmm,mcosmo,none,y2009_2013,fe_twoway,none,clustered,-0.005468554256958321,0.0012428067036554741,-4.400164756815065,98.25891643176853,135,0.0269512411654506,10,unemp,share,all,mi,unweighted,wb_nat,raw,gaussian,TRUE,2.748734302221708e-5,TRUE,TRUE,-0.40572117484563797,-0.40572117484563797
mice_pmm,mutil,none,y2009_2013,fe_twoway,none,conventional,-0.002309669365751358,5.593260598641452e-4,-4.129379143021432,97.75708833002457,135,0.031000229392884427,10,unemp,share,all,mi,unweighted,wb_nat,raw,gaussian,TRUE,7.667480633828572e-5,TRUE,TRUE,-0.38538699640010554,-0.38538699640010554
mice_pmm,mutil,none,y2009_2013,fe_twoway,none,clustered,-0.002309669365751358,9.276217068799626e-4,-2.4898828354501163,98.68204773026228,135,0.023278869275604047,10,unemp,share,all,mi,unweighted,wb_nat,raw,gaussian,TRUE,0.014449835546003433,TRUE,TRUE,-0.2431248402351495,-0.2431248402351495
mice_pmm,mcomm,none,y2009_2013,fe_twoway,none,conventional,0.0074012230313821965,8.557196389974178e-4,8.64912138753021,98.07308660626373,135,0.028485685226677326,10,unemp,share,all,mi,unweighted,wb_nat,raw,gaussian,FALSE,1.0205774807477759e-13,TRUE,TRUE,0.6578079665576676,-0.6578079665576676
mice_pmm,mcomm,none,y2009_2013,fe_twoway,none,clustered,0.0074012230313821965,0.0011784960601851145,6.280227216219658,98.60826371654919,135,0.023938773731470655,10,unemp,share,all,mi,unweighted,wb_nat,raw,gaussian,FALSE,9.14793400796003e-9,TRUE,TRUE,0.5345125540896298,-0.5345125540896298
mice_pmm,mlib,none,y2009_2013,fe_twoway,none,conventional,3.771546492777288e-4,7.7816112042375e-4,0.48467423953582783,98.60698550525765,135,0.023950128484795195,10,unemp,share,all,mi,unweighted,wb_nat,raw,gaussian,FALSE,0.6289823453916452,FALSE,TRUE,0.04875053732529504,-0.04875053732529504
mice_pmm,mlib,none,y2009_2013,fe_twoway,none,clustered,3.771546492777288e-4,0.0015266711447542076,0.24704380545454685,99.01446367095005,135,0.02018830822099285,10,unemp,share,all,mi,unweighted,wb_nat,raw,gaussian,FALSE,0.8053858278554895,FALSE,TRUE,0.024819375213358905,-0.024819375213358905
mice_pmm,mpos,none,y2009_2013,fe_twoway,none,conventional,-0.00777822362270968,0.0013129889830534622,-5.924058558831766,98.38486430004954,135,0.025885413290782686,10,unemp,share,all,mi,unweighted,wb_nat,raw,gaussian,TRUE,4.6320183639726546e-8,TRUE,TRUE,-0.5127578609360299,-0.5127578609360299
mice_pmm,mpos,none,y2009_2013,fe_twoway,none,clustered,-0.00777822362270968,0.00197048692059041,-3.947361203686203,98.82399833497335,135,0.021983632725701214,10,unemp,share,all,mi,unweighted,wb_nat,raw,gaussian,TRUE,1.4806136146902954e-4,TRUE,TRUE,-0.36904822019573036,-0.36904822019573036
mice_pmm,mneg,none,y2009_2013,fe_twoway,none,conventional,0.0077783776806599255,0.0013130174079576487,5.924047642870868,98.3834286706439,135,0.02589768592607,10,unemp,share,all,mi,unweighted,wb_nat,raw,gaussian,FALSE,4.63239388648651e-8,TRUE,TRUE,0.5127599220089749,-0.5127599220089749
mice_pmm,mneg,none,y2009_2013,fe_twoway,none,clustered,0.0077783776806599255,0.0019704534416622415,3.947506455213789,98.82338304481229,135,0.021989322883103363,10,unemp,share,all,mi,unweighted,wb_nat,raw,gaussian,FALSE,1.4798440680463735e-4,TRUE,TRUE,0.3690609429047683,-0.3690609429047683
mice_pmm,mcosmo,none,y2009_2013,fe_twoway,n_cell,conventional,-0.004426359833513072,0.0010405394566495685,-4.253908686716698,98.06827582160354,135,0.02852483521549207,10,unemp,share,all,mi,unweighted,wb_nat,raw,gaussian,TRUE,4.804972281384596e-5,TRUE,TRUE,-0.3946865766477648,-0.3946865766477648
mice_pmm,mcosmo,none,y2009_2013,fe_twoway,n_cell,clustered,-0.004426359833513072,0.0011309583420752909,-3.9138133287834203,98.24802012941,135,0.027042441582918828,10,unemp,share,all,mi,unweighted,wb_nat,raw,gaussian,TRUE,1.6757773085653978e-4,TRUE,TRUE,-0.36726202919664463,-0.36726202919664463
mice_pmm,mutil,none,y2009_2013,fe_twoway,n_cell,conventional,-0.0018763724649086292,5.462569185963365e-4,-3.4349632947993807,96.81482178233749,135,0.03791702880145813,10,unemp,share,all,mi,unweighted,wb_nat,raw,gaussian,TRUE,8.741721080232596e-4,TRUE,TRUE,-0.32959423536701893,-0.32959423536701893
mice_pmm,mutil,none,y2009_2013,fe_twoway,n_cell,clustered,-0.0018763724649086292,8.048870430794569e-4,-2.3312245874026294,98.17592613643993,135,0.027641943875097098,10,unemp,share,all,mi,unweighted,wb_nat,raw,gaussian,TRUE,0.021786308466389594,TRUE,TRUE,-0.22902461328228768,-0.22902461328228768
mice_pmm,mcomm,none,y2009_2013,fe_twoway,n_cell,conventional,0.006183404057447249,8.443096445732196e-4,7.323621253400258,98.23929079128634,135,0.027115391632657672,10,unemp,share,all,mi,unweighted,wb_nat,raw,gaussian,FALSE,6.755385200548636e-11,TRUE,TRUE,0.594269077521963,-0.594269077521963
mice_pmm,mcomm,none,y2009_2013,fe_twoway,n_cell,clustered,0.006183404057447249,0.001022005185743574,6.050266812441297,98.54510640843532,135,0.02449675143292103,10,unemp,share,all,mi,unweighted,wb_nat,raw,gaussian,FALSE,2.6140625743196695e-8,TRUE,TRUE,0.5204334000651395,-0.5204334000651395
mice_pmm,mlib,none,y2009_2013,fe_twoway,n_cell,conventional,1.1939950501435396e-4,7.901810820563438e-4,0.15110397822184282,98.20872069191694,135,0.027370074885566233,10,unemp,share,all,mi,unweighted,wb_nat,raw,gaussian,FALSE,0.8802036385539236,FALSE,TRUE,0.015245806141359064,-0.015245806141359064
mice_pmm,mlib,none,y2009_2013,fe_twoway,n_cell,clustered,1.1939950501435396e-4,0.0015839065426865363,0.07538292304281728,98.93095550161847,135,0.020983959940025117,10,unemp,share,all,mi,unweighted,wb_nat,raw,gaussian,FALSE,0.9400622722970806,FALSE,TRUE,0.007578694471922208,-0.007578694471922208
mice_pmm,mpos,none,y2009_2013,fe_twoway,n_cell,conventional,-0.0063027322984217015,0.0012912116823312904,-4.881254084568132,98.20871888369058,135,0.02737008991411503,10,unemp,share,all,mi,unweighted,wb_nat,raw,gaussian,TRUE,4.0816305746626146e-6,TRUE,TRUE,-0.44186395017154517,-0.44186395017154517
mice_pmm,mpos,none,y2009_2013,fe_twoway,n_cell,clustered,-0.0063027322984217015,0.0017253170383291303,-3.653086452172021,98.64292242758849,135,0.023629894140604013,10,unemp,share,all,mi,unweighted,wb_nat,raw,gaussian,TRUE,4.1716733387027916e-4,TRUE,TRUE,-0.3452027743781964,-0.3452027743781964
mice_pmm,mneg,none,y2009_2013,fe_twoway,n_cell,conventional,0.006302803562461603,0.0012912238325811475,4.881263343677868,98.20896688258038,135,0.027368028703721663,10,unemp,share,all,mi,unweighted,wb_nat,raw,gaussian,FALSE,4.08146432054491e-6,TRUE,TRUE,0.44186417570967534,-0.44186417570967534
mice_pmm,mneg,none,y2009_2013,fe_twoway,n_cell,clustered,0.006302803562461603,0.0017252319811302975,3.6533078631734375,98.64298902828575,135,0.023629298732626,10,unemp,share,all,mi,unweighted,wb_nat,raw,gaussian,FALSE,4.168506547294569e-4,TRUE,TRUE,0.3452211007952672,-0.3452211007952672
mice_pmm,mcosmo,none,y2009_2013,fe_twoway,n_eff,conventional,-0.004512087743492082,0.001022525288951169,-4.412690612395757,97.97585379087168,135,0.02927158000335636,10,unemp,share,all,mi,unweighted,wb_nat,raw,gaussian,TRUE,2.6256612519574785e-5,TRUE,TRUE,-0.40717512180288923,-0.40717512180288923
mice_pmm,mcosmo,none,y2009_2013,fe_twoway,n_eff,clustered,-0.004512087743492082,0.0011256202090778108,-4.008534767858077,98.19872066673095,135,0.02745312249049717,10,unemp,share,all,mi,unweighted,wb_nat,raw,gaussian,TRUE,1.1909716763753722e-4,TRUE,TRUE,-0.37499467949201726,-0.37499467949201726
mice_pmm,mutil,none,y2009_2013,fe_twoway,n_eff,conventional,-0.0018511705364943163,5.391802620728736e-4,-3.4333054577656608,96.61312663473744,135,0.03930369800526458,10,unemp,share,all,mi,unweighted,wb_nat,raw,gaussian,TRUE,8.796075112917147e-4,TRUE,TRUE,-0.329758785177903,-0.329758785177903
mice_pmm,mutil,none,y2009_2013,fe_twoway,n_eff,clustered,-0.0018511705364943163,8.053373179606808e-4,-2.2986275380631205,98.12905977279019,135,0.02802809177150921,10,unemp,share,all,mi,unweighted,wb_nat,raw,gaussian,TRUE,0.023647416313232087,TRUE,TRUE,-0.22603805686081538,-0.22603805686081538
mice_pmm,mcomm,none,y2009_2013,fe_twoway,n_eff,conventional,0.006193456130357438,8.343939546862094e-4,7.422700147302256,98.23863872639438,135,0.02712083683318449,10,unemp,share,all,mi,unweighted,wb_nat,raw,gaussian,FALSE,4.186594573479627e-11,TRUE,TRUE,0.599433628636084,-0.599433628636084
mice_pmm,mcomm,none,y2009_2013,fe_twoway,n_eff,clustered,0.006193456130357438,0.0010194981065034829,6.075005035172452,98.55655866591634,135,0.024396034591269638,10,unemp,share,all,mi,unweighted,wb_nat,raw,gaussian,FALSE,2.336407824577662e-8,TRUE,TRUE,0.5219603432535322,-0.5219603432535322
mice_pmm,mlib,none,y2009_2013,fe_twoway,n_eff,conventional,1.6987149998334746e-4,7.749279533664632e-4,0.21920941068829308,98.09564685867974,135,0.028301714090934047,10,unemp,share,all,mi,unweighted,wb_nat,raw,gaussian,FALSE,0.8269423931077485,FALSE,TRUE,0.022127277477683154,-0.022127277477683154
mice_pmm,mlib,none,y2009_2013,fe_twoway,n_eff,clustered,1.6987149998334746e-4,0.0016076029576934572,0.10566757119374441,98.92290174904714,135,0.021059978512968865,10,unemp,share,all,mi,unweighted,wb_nat,raw,gaussian,FALSE,0.9160600854247842,FALSE,TRUE,0.010623528639563276,-0.010623528639563276
mice_pmm,mpos,none,y2009_2013,fe_twoway,n_eff,conventional,-0.006363258279986398,0.0012715820849336843,-5.0042056705432865,98.15234928785064,135,0.027836548090109985,10,unemp,share,all,mi,unweighted,wb_nat,raw,gaussian,TRUE,2.4653937667465712e-6,TRUE,TRUE,-0.45085783951621006,-0.45085783951621006
mice_pmm,mpos,none,y2009_2013,fe_twoway,n_eff,clustered,-0.006363258279986398,0.0017407917170716555,-3.6553817539358557,98.64029756643991,135,0.0236533545943331,10,unemp,share,all,mi,unweighted,wb_nat,raw,gaussian,TRUE,4.1390157559607145e-4,TRUE,TRUE,-0.34539785091942576,-0.34539785091942576
mice_pmm,mneg,none,y2009_2013,fe_twoway,n_eff,conventional,0.006363327630340786,0.0012715922639832179,5.00422015026097,98.15274307532601,135,0.02783330353620397,10,unemp,share,all,mi,unweighted,wb_nat,raw,gaussian,FALSE,2.465233612040673e-6,TRUE,TRUE,0.4508581583187396,-0.4508581583187396
mice_pmm,mneg,none,y2009_2013,fe_twoway,n_eff,clustered,0.006363327630340786,0.001740699305605048,3.655615653921895,98.6404258913423,135,0.02365220791258674,10,unemp,share,all,mi,unweighted,wb_nat,raw,gaussian,FALSE,4.1356941778994286e-4,TRUE,TRUE,0.3454171174103883,-0.3454171174103883
mice_pmm,mcosmo,none,y2009_2013,fe_twoway,pop,conventional,-0.006212950936563312,0.0011727422391208618,-5.297797528995637,96.46924883592057,135,0.04027550610910255,10,unemp,share,all,mi,unweighted,wb_nat,raw,gaussian,TRUE,7.389849607383442e-7,TRUE,TRUE,-0.4747315130951034,-0.4747315130951034
mice_pmm,mcosmo,none,y2009_2013,fe_twoway,pop,clustered,-0.006212950936563312,0.002377177758219976,-2.613582814780983,98.59256343987829,135,0.024078064927751424,10,unemp,share,all,mi,unweighted,wb_nat,raw,gaussian,TRUE,0.010363307517233149,TRUE,TRUE,-0.25454689319168683,-0.25454689319168683
mice_pmm,mutil,none,y2009_2013,fe_twoway,pop,conventional,-0.004121774847193512,7.132127987502286e-4,-5.779165565194775,95.0362797868823,135,0.049292474442654007,10,unemp,share,all,mi,unweighted,wb_nat,raw,gaussian,TRUE,9.490910327090472e-8,TRUE,TRUE,-0.5099450534014413,-0.5099450534014413
mice_pmm,mutil,none,y2009_2013,fe_twoway,pop,clustered,-0.004121774847193512,0.0020853552888083072,-1.9765336244208693,98.77586715945284,135,0.022426714046792993,10,unemp,share,all,mi,unweighted,wb_nat,raw,gaussian,TRUE,0.05088287139473695,FALSE,TRUE,-0.19505445739997818,-0.19505445739997818
mice_pmm,mcomm,none,y2009_2013,fe_twoway,pop,conventional,0.0073253842832310175,8.930707502665294e-4,8.202468036317189,94.21449012277951,135,0.05402656467604138,10,unemp,share,all,mi,unweighted,wb_nat,raw,gaussian,FALSE,1.1822579571105325e-12,TRUE,TRUE,0.6454536245331429,-0.6454536245331429
mice_pmm,mcomm,none,y2009_2013,fe_twoway,pop,clustered,0.0073253842832310175,0.0011619734148839054,6.304261517001152,96.56405541559663,135,0.03963672513696132,10,unemp,share,all,mi,unweighted,wb_nat,raw,gaussian,FALSE,8.666453619535354e-9,TRUE,TRUE,0.5399753270880656,-0.5399753270880656
mice_pmm,mlib,none,y2009_2013,fe_twoway,pop,conventional,0.003009505478380102,0.0010076593828847787,2.986629737684113,98.09240477319369,135,0.028328190530619905,10,unemp,share,all,mi,unweighted,wb_nat,raw,gaussian,FALSE,0.003562558463305747,TRUE,TRUE,0.28871171737652024,-0.28871171737652024
mice_pmm,mlib,none,y2009_2013,fe_twoway,pop,clustered,0.003009505478380102,0.0033050015994351115,0.9105912320570388,99.06012848719216,135,0.0197473266446019,10,unemp,share,all,mi,unweighted,wb_nat,raw,gaussian,FALSE,0.3647212366012623,FALSE,TRUE,0.09110956408953245,-0.09110956408953245
mice_pmm,mpos,none,y2009_2013,fe_twoway,pop,conventional,-0.010334725783756826,0.0015657823688049123,-6.60035902157005,98.09007633660227,135,0.02834719770983533,10,unemp,share,all,mi,unweighted,wb_nat,raw,gaussian,TRUE,2.108095065196087e-9,TRUE,TRUE,-0.5545642736258913,-0.5545642736258913
mice_pmm,mpos,none,y2009_2013,fe_twoway,pop,clustered,-0.010334725783756826,0.0042066919080545224,-2.4567346527015688,99.01520305939758,135,0.020181201787501386,10,unemp,share,all,mi,unweighted,wb_nat,raw,gaussian,TRUE,0.01576067895947569,TRUE,TRUE,-0.2396948354634806,-0.2396948354634806
mice_pmm,mneg,none,y2009_2013,fe_twoway,pop,conventional,0.010334889761611118,0.0015657557236850603,6.600576070249066,98.09724085856419,135,0.028288691979384772,10,unemp,share,all,mi,unweighted,wb_nat,raw,gaussian,FALSE,2.105484018571496e-9,TRUE,TRUE,0.5545628777596013,-0.5545628777596013
mice_pmm,mneg,none,y2009_2013,fe_twoway,pop,clustered,0.010334889761611118,0.004206471558905769,2.456902327018119,99.01603665300884,135,0.020173188605204333,10,unemp,share,all,mi,unweighted,wb_nat,raw,gaussian,FALSE,0.015753743051036283,TRUE,TRUE,0.23970930379638583,-0.23970930379638583
mice_pmm,mcosmo,none,y2009_2013,fe_country,none,conventional,-0.007580220134230402,0.0011460588407587564,-6.6141631342522205,102.04184062326068,135,0.02763544380503435,10,unemp,share,all,mi,unweighted,wb_nat,raw,gaussian,TRUE,1.7502939916923073e-9,TRUE,TRUE,-0.547788022209383,-0.547788022209383
mice_pmm,mcosmo,none,y2009_2013,fe_country,none,clustered,-0.007580220134230402,0.0016261046353690132,-4.661582022063554,102.62410767748315,135,0.022877679422764835,10,unemp,share,all,mi,unweighted,wb_nat,raw,gaussian,TRUE,9.46707683040151e-6,TRUE,TRUE,-0.4180253860138687,-0.4180253860138687
mice_pmm,mutil,none,y2009_2013,fe_country,none,conventional,-0.0036673788490066282,6.328458085158386e-4,-5.795059080200644,101.9631070902504,135,0.02824609378802519,10,unemp,share,all,mi,unweighted,wb_nat,raw,gaussian,TRUE,7.66020258801812e-8,TRUE,TRUE,-0.4977540568877906,-0.4977540568877906
mice_pmm,mutil,none,y2009_2013,fe_country,none,clustered,-0.0036673788490066282,0.001157124506533816,-3.169390007988265,102.81709941362925,135,0.021192176237730835,10,unemp,share,all,mi,unweighted,wb_nat,raw,gaussian,TRUE,0.0020126113669306357,TRUE,TRUE,-0.298333180825713,-0.298333180825713
mice_pmm,mcomm,none,y2009_2013,fe_country,none,conventional,0.0081221299219293875,8.17097197375997e-4,9.940224918176892,101.89212353331412,135,0.028790695579701667,10,unemp,share,all,mi,unweighted,wb_nat,raw,gaussian,FALSE,1.1157956859607158e-16,TRUE,TRUE,0.7016528832166541,-0.7016528832166541
mice_pmm,mcomm,none,y2009_2013,fe_country,none,clustered,0.0081221299219293875,0.0012502023939047263,6.496652031325696,102.64321616230774,135,0.02271346672086945,10,unemp,share,all,mi,unweighted,wb_nat,raw,gaussian,FALSE,2.9946624431550685e-9,TRUE,TRUE,0.5397974148530802,-0.5397974148530802
mice_pmm,mlib,none,y2009_2013,fe_country,none,conventional,0.0031257340365142654,0.0010685161458765977,2.925303514201885,102.92357937384953,135,0.02023516523612132,10,unemp,share,all,mi,unweighted,wb_nat,raw,gaussian,FALSE,0.004233957115818545,TRUE,TRUE,0.27705790371361727,-0.27705790371361727
mice_pmm,mlib,none,y2009_2013,fe_country,none,clustered,0.0031257340365142654,0.0018982841390346495,1.646610205626973,103.07559717868891,135,0.018832400265930044,10,unemp,share,all,mi,unweighted,wb_nat,raw,gaussian,FALSE,0.10268385200426307,FALSE,TRUE,0.1600939100077344,-0.1600939100077344
mice_pmm,mpos,none,y2009_2013,fe_country,none,conventional,-0.011247598983237031,0.0015566083361420295,-7.225709076641336,102.49999352520449,135,0.023930794378286605,10,unemp,share,all,mi,unweighted,wb_nat,raw,gaussian,TRUE,9.125157524348412e-11,TRUE,TRUE,-0.580924997101764,-0.580924997101764
mice_pmm,mpos,none,y2009_2013,fe_country,none,clustered,-0.011247598983237031,0.0026058236796538403,-4.3163315580627355,102.92378913891646,135,0.020233259798938547,10,unemp,share,all,mi,unweighted,wb_nat,raw,gaussian,TRUE,3.6561905211203234e-5,TRUE,TRUE,-0.3914977441381013,-0.3914977441381013
mice_pmm,mneg,none,y2009_2013,fe_country,none,conventional,0.011247863958443653,0.0015566676903102789,7.22560378715235,102.49628248955331,135,0.023961932161846968,10,unemp,share,all,mi,unweighted,wb_nat,raw,gaussian,FALSE,9.131154203471175e-11,TRUE,TRUE,0.5809263562314433,-0.5809263562314433
mice_pmm,mneg,none,y2009_2013,fe_country,none,clustered,0.011247863958443653,0.0026058468089992645,4.316394931428538,102.92255253262938,135,0.020244491559062473,10,unemp,share,all,mi,unweighted,wb_nat,raw,gaussian,FALSE,3.6553358259191106e-5,TRUE,TRUE,0.3915046026093972,-0.3915046026093972
mice_pmm,mcosmo,none,y2009_2013,fe_country,n_cell,conventional,-0.006157267382169432,0.0011873207160028644,-5.185850208103821,102.2274569112851,135,0.02616695955693141,10,unemp,share,all,mi,unweighted,wb_nat,raw,gaussian,TRUE,1.0909428760236095e-6,TRUE,TRUE,-0.4563755504378332,-0.4563755504378332
mice_pmm,mcosmo,none,y2009_2013,fe_country,n_cell,clustered,-0.006157267382169432,0.0015815476250882624,-3.8931912542474394,102.64684124425172,135,0.022682249637833184,10,unemp,share,all,mi,unweighted,wb_nat,raw,gaussian,TRUE,1.7620265808968315e-4,TRUE,TRUE,-0.35869566431329725,-0.35869566431329725
mice_pmm,mutil,none,y2009_2013,fe_country,n_cell,conventional,-0.0030071402525322566,6.266944981460565e-4,-4.7984149556574165,101.37832322746365,135,0.03257974075321252,10,unemp,share,all,mi,unweighted,wb_nat,raw,gaussian,TRUE,5.517893822197698e-6,TRUE,TRUE,-0.430211667490867,-0.430211667490867
mice_pmm,mutil,none,y2009_2013,fe_country,n_cell,clustered,-0.0030071402525322566,0.0010312557074615362,-2.9159986517159875,102.55121451602774,135,0.02349896763257738,10,unemp,share,all,mi,unweighted,wb_nat,raw,gaussian,TRUE,0.00435527878987746,TRUE,TRUE,-0.2767067174348978,-0.2767067174348978
mice_pmm,mcomm,none,y2009_2013,fe_country,n_cell,conventional,0.006800886966373096,8.229061516281353e-4,8.26447457333672,102.1328451098548,135,0.026920668881360573,10,unemp,share,all,mi,unweighted,wb_nat,raw,gaussian,FALSE,5.396019634624487e-13,TRUE,TRUE,0.6330479967529897,-0.6330479967529897
mice_pmm,mcomm,none,y2009_2013,fe_country,n_cell,clustered,0.006800886966373096,0.0010520296556529596,6.464539216959634,102.54770479493222,135,0.02352868015100645,10,unemp,share,all,mi,unweighted,wb_nat,raw,gaussian,FALSE,3.4919168699740323e-9,TRUE,TRUE,0.538080526358812,-0.538080526358812
mice_pmm,mlib,none,y2009_2013,fe_country,n_cell,conventional,0.0023636938038095667,0.001102659056888755,2.143630698031835,102.79936659388801,135,0.02134962086230653,10,unemp,share,all,mi,unweighted,wb_nat,raw,gaussian,FALSE,0.034420780078920465,TRUE,TRUE,0.2068516115760776,-0.2068516115760776
mice_pmm,mlib,none,y2009_2013,fe_country,n_cell,clustered,0.0023636938038095667,0.001955801401845517,1.2085551230197287,103.03743895924293,135,0.01918872924770531,10,unemp,share,all,mi,unweighted,wb_nat,raw,gaussian,FALSE,0.22960004978534712,FALSE,TRUE,0.11822583283211072,-0.11822583283211072
mice_pmm,mpos,none,y2009_2013,fe_country,n_cell,conventional,-0.009164407634701688,0.0015707595467140784,-5.834379713860725,102.47338058000794,135,0.02415365417628452,10,unemp,share,all,mi,unweighted,wb_nat,raw,gaussian,TRUE,6.355952795210225e-8,TRUE,TRUE,-0.49935235337994915,-0.49935235337994915
mice_pmm,mpos,none,y2009_2013,fe_country,n_cell,clustered,-0.009164407634701688,0.002433446560753387,-3.7660196786340845,102.87547565750903,135,0.020670008873790634,10,unemp,share,all,mi,unweighted,wb_nat,raw,gaussian,TRUE,2.765341067850814e-4,TRUE,TRUE,-0.34808181151766143,-0.34808181151766143
mice_pmm,mneg,none,y2009_2013,fe_country,n_cell,conventional,0.009164580770182663,0.0015708032161358663,5.834327735034363,102.47158547437951,135,0.02416865005683976,10,unemp,share,all,mi,unweighted,wb_nat,raw,gaussian,FALSE,6.357666945128083e-8,TRUE,TRUE,0.49935229710436807,-0.49935229710436807
mice_pmm,mneg,none,y2009_2013,fe_country,n_cell,clustered,0.009164580770182663,0.0024334509269780488,3.766084069574226,102.87476667158731,135,0.020676386719021927,10,unemp,share,all,mi,unweighted,wb_nat,raw,gaussian,FALSE,2.7647242184796763e-4,TRUE,TRUE,0.34808809600426893,-0.34808809600426893
mice_pmm,mcosmo,none,y2009_2013,fe_country,n_eff,conventional,-0.00623067211906082,0.001156843697118793,-5.385923901888199,102.1567576677235,135,0.026731212384659944,10,unemp,share,all,mi,unweighted,wb_nat,raw,gaussian,TRUE,4.6309613365829586e-7,TRUE,TRUE,-0.47027440270772236,-0.47027440270772236
mice_pmm,mcosmo,none,y2009_2013,fe_country,n_eff,clustered,-0.00623067211906082,0.0015660274569842558,-3.978648069848919,102.62766091590508,135,0.022847186839314946,10,unemp,share,all,mi,unweighted,wb_nat,raw,gaussian,TRUE,1.2938366366529753e-4,TRUE,TRUE,-0.3655565821621122,-0.3655565821621122
mice_pmm,mutil,none,y2009_2013,fe_country,n_eff,conventional,-0.003004242150184453,6.163929524038553e-4,-4.873907364560683,101.26661909064754,135,0.03337115591986059,10,unemp,share,all,mi,unweighted,wb_nat,raw,gaussian,TRUE,4.0593355298892294e-6,TRUE,TRUE,-0.4358978811701077,-0.4358978811701077
mice_pmm,mutil,none,y2009_2013,fe_country,n_eff,clustered,-0.003004242150184453,0.001031302838412137,-2.913055252334984,102.53834337340079,135,0.023607842574493627,10,unemp,share,all,mi,unweighted,wb_nat,raw,gaussian,TRUE,0.0043934333460663114,TRUE,TRUE,-0.27646479029066684,-0.27646479029066684
mice_pmm,mcomm,none,y2009_2013,fe_country,n_eff,conventional,0.006824485706642631,8.114593484600005e-4,8.410138745205462,102.11182168895326,135,0.027086664970996828,10,unemp,share,all,mi,unweighted,wb_nat,raw,gaussian,FALSE,2.597057056774021e-13,TRUE,TRUE,0.6397027212851533,-0.6397027212851533
mice_pmm,mcomm,none,y2009_2013,fe_country,n_eff,clustered,0.006824485706642631,0.0010469422989273802,6.518492674939674,102.54739118374387,135,0.023531334223632374,10,unemp,share,all,mi,unweighted,wb_nat,raw,gaussian,FALSE,2.7092860460039064e-9,TRUE,TRUE,0.5412601755986385,-0.5412601755986385
mice_pmm,mlib,none,y2009_2013,fe_country,n_eff,conventional,0.0024106076954111466,0.0010667495380003893,2.259769148744892,102.75753680912355,135,0.021718899382918152,10,unemp,share,all,mi,unweighted,wb_nat,raw,gaussian,FALSE,0.02594573835437323,TRUE,TRUE,0.21758333363320323,-0.21758333363320323
mice_pmm,mlib,none,y2009_2013,fe_country,n_eff,clustered,0.0024106076954111466,0.0019600122571094038,1.2298941941140074,103.03304712215656,135,0.019229555426635667,10,unemp,share,all,mi,unweighted,wb_nat,raw,gaussian,FALSE,0.22153765167010403,FALSE,TRUE,0.12028589148231113,-0.12028589148231113
mice_pmm,mpos,none,y2009_2013,fe_country,n_eff,conventional,-0.009234914269245272,0.0015319811868775655,-6.0280859506294435,102.42688226882674,135,0.02454061932894372,10,unemp,share,all,mi,unweighted,wb_nat,raw,gaussian,TRUE,2.644456193060452e-8,TRUE,TRUE,-0.5117288847047265,-0.5117288847047265
mice_pmm,mpos,none,y2009_2013,fe_country,n_eff,clustered,-0.009234914269245272,0.0024270918670065695,-3.8049298400208746,102.8704440270995,135,0.020715252668435883,10,unemp,share,all,mi,unweighted,wb_nat,raw,gaussian,TRUE,2.410810187913255e-4,TRUE,TRUE,-0.35124401035831726,-0.35124401035831726
mice_pmm,mneg,none,y2009_2013,fe_country,n_eff,conventional,0.009235093402053777,0.0015320232002002956,6.028037565518844,102.4250813234645,135,0.024555545988021687,10,unemp,share,all,mi,unweighted,wb_nat,raw,gaussian,FALSE,2.6451457037623837e-8,TRUE,TRUE,0.5117291735894258,-0.5117291735894258
mice_pmm,mneg,none,y2009_2013,fe_country,n_eff,clustered,0.009235093402053777,0.00242709105629689,3.8050049165209847,102.86976659207993,135,0.020721340635571742,10,unemp,share,all,mi,unweighted,wb_nat,raw,gaussian,FALSE,2.410177555689357e-4,TRUE,TRUE,0.3512510996891168,-0.3512510996891168
mice_pmm,mcosmo,none,y2009_2013,fe_country,pop,conventional,-0.010275914847972552,0.00153238119104616,-6.705847675510271,101.47700234973114,135,0.03187151903257534,10,unemp,share,all,mi,unweighted,wb_nat,raw,gaussian,TRUE,1.1534656216867252e-9,TRUE,TRUE,-0.5541353086997727,-0.5541353086997727
mice_pmm,mcosmo,none,y2009_2013,fe_country,pop,clustered,-0.010275914847972552,0.0034920165281180043,-2.94268791835034,102.85899894680024,135,0.0208179978253535,10,unemp,share,all,mi,unweighted,wb_nat,raw,gaussian,TRUE,0.004021438513834271,TRUE,TRUE,-0.27865761750830625,-0.27865761750830625
mice_pmm,mutil,none,y2009_2013,fe_country,pop,conventional,-0.005469593677007669,7.394610760859118e-4,-7.396729664202368,100.05608042529461,135,0.04135318719275723,10,unemp,share,all,mi,unweighted,wb_nat,raw,gaussian,TRUE,4.3844331902996213e-11,TRUE,TRUE,-0.5945653500814242,-0.5945653500814242
mice_pmm,mutil,none,y2009_2013,fe_country,pop,clustered,-0.005469593677007669,0.0023407904348594494,-2.336643894110959,102.8949813367554,135,0.02049418784015562,10,unemp,share,all,mi,unweighted,wb_nat,raw,gaussian,TRUE,0.021395361225664995,TRUE,TRUE,-0.2244751553962358,-0.2244751553962358
mice_pmm,mcomm,none,y2009_2013,fe_country,pop,conventional,0.00888617529600675,9.335499732675093e-4,9.518692678983571,97.09191220307288,135,0.05781226973793198,10,unemp,share,all,mi,unweighted,wb_nat,raw,gaussian,FALSE,1.456457314454146e-15,TRUE,TRUE,0.6947813480384609,-0.6947813480384609
mice_pmm,mcomm,none,y2009_2013,fe_country,pop,clustered,0.00888617529600675,0.0014214726087810078,6.251386935712494,100.99169531773194,135,0.035275167646249675,10,unemp,share,all,mi,unweighted,wb_nat,raw,gaussian,FALSE,9.816801170739841e-9,TRUE,TRUE,0.5282036992914311,-0.5282036992914311
mice_pmm,mlib,none,y2009_2013,fe_country,pop,conventional,0.006859477267934185,0.0013384290225291716,5.125021314146436,102.74714959632217,135,0.021810144470332582,10,unemp,share,all,mi,unweighted,wb_nat,raw,gaussian,FALSE,1.401811612429663e-6,TRUE,TRUE,0.45121024339548027,-0.45121024339548027
mice_pmm,mlib,none,y2009_2013,fe_country,pop,clustered,0.006859477267934185,0.004266534581032271,1.6077397563890277,103.1067952340277,135,0.018538882527260474,10,unemp,share,all,mi,unweighted,wb_nat,raw,gaussian,FALSE,0.11095021861602898,FALSE,TRUE,0.15638513487972713,-0.15638513487972713
mice_pmm,mpos,none,y2009_2013,fe_country,pop,conventional,-0.01574550852498022,0.0020044383523234706,-7.855321919343946,102.21817994038025,135,0.02624135427831163,10,unemp,share,all,mi,unweighted,wb_nat,raw,gaussian,TRUE,4.153100606313028e-12,TRUE,TRUE,-0.6135392745687631,-0.6135392745687631
mice_pmm,mpos,none,y2009_2013,fe_country,pop,clustered,-0.01574550852498022,0.00555743519972949,-2.833232949931047,103.03297069423687,135,0.019230265558472116,10,unemp,share,all,mi,unweighted,wb_nat,raw,gaussian,TRUE,0.0055445397493263104,TRUE,TRUE,-0.26884570214989006,-0.26884570214989006
mice_pmm,mneg,none,y2009_2013,fe_country,pop,conventional,0.015745652563940934,0.002004469453184054,7.855271896974695,102.21829084195798,135,0.02624046556579147,10,unemp,share,all,mi,unweighted,wb_nat,raw,gaussian,FALSE,4.154111143210973e-12,TRUE,TRUE,0.6135366307355944,-0.6135366307355944
mice_pmm,mneg,none,y2009_2013,fe_country,pop,clustered,0.015745652563940934,0.005557246860811604,2.833354889266404,103.0329719876632,135,0.019230253540666084,10,unemp,share,all,mi,unweighted,wb_nat,raw,gaussian,FALSE,0.005542580211486621,TRUE,TRUE,0.26885643505073575,-0.26885643505073575
mice_pmm,mcosmo,none,y2009_2013,re,none,conventional,-0.006432608686339096,0.0011109203293827475,-5.790342040021177,128.0027942035157,135,0.022356813956687687,10,unemp,share,all,mi,unweighted,wb_nat,raw,gaussian,TRUE,5.134701042101778e-8,TRUE,TRUE,-0.45559240181723665,-0.45559240181723665
mice_pmm,mcosmo,none,y2009_2013,re,none,clustered,-0.006432608686339096,0.0014397566519377563,-4.467844394176962,128.48049484212575,135,0.019261024778649268,10,unemp,share,all,mi,unweighted,wb_nat,raw,gaussian,TRUE,1.713630716542702e-5,TRUE,TRUE,-0.3667072132789891,-0.3667072132789891
mice_pmm,mutil,none,y2009_2013,re,none,conventional,-0.0028469495672549944,6.04487197314452e-4,-4.709693736944476,127.7162193610667,135,0.024109417690609845,10,unemp,share,all,mi,unweighted,wb_nat,raw,gaussian,TRUE,6.369933061820352e-6,TRUE,TRUE,-0.3846764209858956,-0.3846764209858956
mice_pmm,mutil,none,y2009_2013,re,none,clustered,-0.0028469495672549944,7.95893782833563e-4,-3.5770471244532227,128.35003752339952,135,0.020130325364464643,10,unemp,share,all,mi,unweighted,wb_nat,raw,gaussian,TRUE,4.909076662845158e-4,TRUE,TRUE,-0.3010866124636518,-0.3010866124636518
mice_pmm,mcomm,none,y2009_2013,re,none,conventional,0.007652156786487463,8.074391280251692e-4,9.477069565854546,127.8086036394371,135,0.02355214483042926,10,unemp,share,all,mi,unweighted,wb_nat,raw,gaussian,FALSE,1.83718049779787e-16,TRUE,TRUE,0.6424232082097024,-0.6424232082097024
mice_pmm,mcomm,none,y2009_2013,re,none,clustered,0.007652156786487463,0.0012191899882932366,6.276426857146226,128.57982238633028,135,0.018585926154006838,10,unemp,share,all,mi,unweighted,wb_nat,raw,gaussian,FALSE,4.8886036375112116e-9,TRUE,TRUE,0.48427524763059876,-0.48427524763059876
mice_pmm,mlib,none,y2009_2013,re,none,conventional,0.0020774807348821218,0.001010083571861205,2.0567414348241546,128.8645817048015,135,0.016580890761890472,10,unemp,share,all,mi,unweighted,wb_nat,raw,gaussian,FALSE,0.041728997745208656,TRUE,TRUE,0.17827859680777813,-0.17827859680777813
mice_pmm,mlib,none,y2009_2013,re,none,clustered,0.0020774807348821218,0.001528894933743961,1.358811968717028,129.00847457326708,135,0.015524276570464672,10,unemp,share,all,mi,unweighted,wb_nat,raw,gaussian,FALSE,0.17657715825848663,FALSE,TRUE,0.11878578187693772,-0.11878578187693772
mice_pmm,mpos,none,y2009_2013,re,none,conventional,-0.009243248171766923,0.0015167445439767534,-6.094136424273559,128.46026978058353,135,0.019397059743490232,10,unemp,share,all,mi,unweighted,wb_nat,raw,gaussian,TRUE,1.1930267160765248e-8,TRUE,TRUE,-0.4735693872959013,-0.4735693872959013
mice_pmm,mpos,none,y2009_2013,re,none,clustered,-0.009243248171766923,0.002064273497485543,-4.4777245762375815,128.7728740231021,135,0.017238515371576304,10,unemp,share,all,mi,unweighted,wb_nat,raw,gaussian,TRUE,1.6438327387361474e-5,TRUE,TRUE,-0.36704770058982633,-0.36704770058982633
mice_pmm,mneg,none,y2009_2013,re,none,conventional,0.009243485005125326,0.0015167822999534511,6.094140870056964,128.4575943277998,135,0.019415019571833104,10,unemp,share,all,mi,unweighted,wb_nat,raw,gaussian,FALSE,1.1930511234827268e-8,TRUE,TRUE,0.47357348089044526,-0.47357348089044526
mice_pmm,mneg,none,y2009_2013,re,none,clustered,0.009243485005125326,0.0020643579719751685,4.477656070609305,128.77152101822287,135,0.01724812987134618,10,unemp,share,all,mi,unweighted,wb_nat,raw,gaussian,FALSE,1.644301093400786e-5,TRUE,TRUE,0.367044510064982,-0.367044510064982
mice_pmm,mcosmo,none,y2009_2013,pooled_cl,none,conventional,6.629999238254136e-4,0.00137446096996646,0.48237086269651747,128.8894835330053,135,0.0164002517103859,10,unemp,share,all,mi,unweighted,wb_nat,raw,gaussian,TRUE,0.6303607012172144,FALSE,FALSE,0.04245029050966132,0.04245029050966132
mice_pmm,mcosmo,none,y2009_2013,pooled_cl,none,clustered,6.629999238254136e-4,0.002643057864787496,0.2508457845960627,129.05655263566746,135,0.015164087084761493,10,unemp,share,all,mi,unweighted,wb_nat,raw,gaussian,TRUE,0.8023322752816655,FALSE,FALSE,0.022075519336815074,0.022075519336815074
mice_pmm,mutil,none,y2009_2013,pooled_cl,none,conventional,6.850661270484074e-4,6.584687510482305e-4,1.040392768765163,128.47287957591627,135,0.01931230118204991,10,unemp,share,all,mi,unweighted,wb_nat,raw,gaussian,TRUE,0.30011144659542016,FALSE,FALSE,0.09140495482979467,0.09140495482979467
mice_pmm,mutil,none,y2009_2013,pooled_cl,none,clustered,6.850661270484074e-4,8.849856540035017e-4,0.7740985675296571,128.7704123325134,135,0.017256006363707253,10,unemp,share,all,mi,unweighted,wb_nat,raw,gaussian,TRUE,0.4402914188252536,FALSE,FALSE,0.06805814024911849,0.06805814024911849
mice_pmm,mcomm,none,y2009_2013,pooled_cl,none,conventional,0.0014262427328462627,0.0013618253933534745,1.0473022017412683,129.0274767732515,135,0.015382359363027894,10,unemp,share,all,mi,unweighted,wb_nat,raw,gaussian,FALSE,0.29691812616540364,FALSE,TRUE,0.09181059083839353,-0.09181059083839353
mice_pmm,mcomm,none,y2009_2013,pooled_cl,none,clustered,0.0014262427328462627,0.0030447415336488817,0.46842817923432195,129.09922908574626,135,0.014841212649888327,10,unemp,share,all,mi,unweighted,wb_nat,raw,gaussian,FALSE,0.6402683661164025,FALSE,TRUE,0.04119195696920285,-0.04119195696920285
mice_pmm,mlib,none,y2009_2013,pooled_cl,none,conventional,-0.0027736008012178405,0.0011292263641499095,-2.456195577142612,128.98658213745492,135,0.01568707253619457,10,unemp,share,all,mi,unweighted,wb_nat,raw,gaussian,FALSE,0.01537186505520959,TRUE,FALSE,-0.2113804077516106,0.2113804077516106
mice_pmm,mlib,none,y2009_2013,pooled_cl,none,clustered,-0.0027736008012178405,0.0018748595926345998,-1.4793645412776255,129.07011258879248,135,0.015061823105511102,10,unemp,share,all,mi,unweighted,wb_nat,raw,gaussian,FALSE,0.14147947951153667,FALSE,FALSE,-0.12912527755668743,0.12912527755668743
mice_pmm,mpos,none,y2009_2013,pooled_cl,none,conventional,0.0013480660508738084,0.001773798290198958,0.7599883584974042,129.0514119983331,135,0.015202777330416348,10,unemp,share,all,mi,unweighted,wb_nat,raw,gaussian,TRUE,0.44864770416599364,FALSE,FALSE,0.0667507060805373,0.0667507060805373
mice_pmm,mpos,none,y2009_2013,pooled_cl,none,clustered,0.0013480660508738084,0.0032062198694369484,0.42045340175330687,129.09702428810658,135,0.014857967383199154,10,unemp,share,all,mi,unweighted,wb_nat,raw,gaussian,TRUE,0.6748532994751699,FALSE,FALSE,0.03697963362184442,0.03697963362184442
mice_pmm,mneg,none,y2009_2013,pooled_cl,none,conventional,-0.0013473580683715403,0.001773789584934629,-0.759592952746532,129.0513114384595,135,0.015203533750922708,10,unemp,share,all,mi,unweighted,wb_nat,raw,gaussian,FALSE,0.4488832627342668,FALSE,FALSE,-0.06671615760819996,0.06671615760819996
mice_pmm,mneg,none,y2009_2013,pooled_cl,none,clustered,-0.0013473580683715403,0.00320615999238015,-0.42024043453031334,129.0969932624783,135,0.014858203095577832,10,unemp,share,all,mi,unweighted,wb_nat,raw,gaussian,FALSE,0.6750084572122902,FALSE,FALSE,-0.03696093280136733,0.03696093280136733
mice_pmm,mcosmo,none,y2009_2013,pooled_cl,n_cell,conventional,0.002255549261876699,0.0013634935627806519,1.6542426920423636,128.87843453484942,135,0.0164805131501671,10,unemp,share,all,mi,unweighted,wb_nat,raw,gaussian,TRUE,0.1005117655134549,FALSE,FALSE,0.14419380677546106,0.14419380677546106
mice_pmm,mcosmo,none,y2009_2013,pooled_cl,n_cell,clustered,0.002255549261876699,0.0028082976099993943,0.8031731586586315,129.06184353362184,135,0.01512422095152217,10,unemp,share,all,mi,unweighted,wb_nat,raw,gaussian,TRUE,0.4233513446018048,FALSE,FALSE,0.07052248304371334,0.07052248304371334
mice_pmm,mutil,none,y2009_2013,pooled_cl,n_cell,conventional,0.001242925732780243,6.514281484972939e-4,1.9080012671349988,128.537552732782,135,0.018874664374219505,10,unemp,share,all,mi,unweighted,wb_nat,raw,gaussian,TRUE,0.058621399965906915,FALSE,FALSE,0.16595832207816347,0.16595832207816347
mice_pmm,mutil,none,y2009_2013,pooled_cl,n_cell,clustered,0.001242925732780243,9.955636410915365e-4,1.2484643688046888,128.87702458090862,135,0.01649074242273653,10,unemp,share,all,mi,unweighted,wb_nat,raw,gaussian,TRUE,0.21412428870367353,FALSE,FALSE,0.10931454103076106,0.10931454103076106
mice_pmm,mcomm,none,y2009_2013,pooled_cl,n_cell,conventional,6.684557823902981e-4,0.0012909445781633764,0.5178036251109311,129.08445282059427,135,0.014953345603904242,10,unemp,share,all,mi,unweighted,wb_nat,raw,gaussian,FALSE,0.60548158216074,FALSE,TRUE,0.04552789279421632,-0.04552789279421632
mice_pmm,mcomm,none,y2009_2013,pooled_cl,n_cell,clustered,6.684557823902981e-4,0.0031235323163580097,0.21400636032788264,129.111455604675,135,0.014748152514005658,10,unemp,share,all,mi,unweighted,wb_nat,raw,gaussian,FALSE,0.8308797001888345,FALSE,TRUE,0.01883073531075203,-0.01883073531075203
mice_pmm,mlib,none,y2009_2013,pooled_cl,n_cell,conventional,-0.004166231602674248,0.001122775056976212,-3.710655644501476,129.00398612719454,135,0.015557714806023734,10,unemp,share,all,mi,unweighted,wb_nat,raw,gaussian,FALSE,3.061457599817196e-4,TRUE,FALSE,-0.3105472474309626,0.3105472474309626
mice_pmm,mlib,none,y2009_2013,pooled_cl,n_cell,clustered,-0.004166231602674248,0.0020957707972018348,-1.9879233016495819,129.08484590543898,135,0.014950367299966134,10,unemp,share,all,mi,unweighted,wb_nat,raw,gaussian,FALSE,0.04893608400340057,TRUE,FALSE,-0.17235104347511349,0.17235104347511349
mice_pmm,mpos,none,y2009_2013,pooled_cl,n_cell,conventional,0.0034984749946569637,0.0017523660746529503,1.9964293107818947,129.067906703556,135,0.015078479566628137,10,unemp,share,all,mi,unweighted,wb_nat,raw,gaussian,TRUE,0.04799136706239373,TRUE,FALSE,0.17307747976076535,0.17307747976076535
mice_pmm,mpos,none,y2009_2013,pooled_cl,n_cell,clustered,0.0034984749946569637,0.0034559545212706705,1.0123035396225815,129.10442708759305,135,0.014801679646337131,10,unemp,share,all,mi,unweighted,wb_nat,raw,gaussian,TRUE,0.3132863755100027,FALSE,FALSE,0.08874081226502907,0.08874081226502907
mice_pmm,mneg,none,y2009_2013,pooled_cl,n_cell,conventional,-0.0034977758202839825,0.0017523617735041733,-1.9960352212485948,129.06766741915828,135,0.015080285903284732,10,unemp,share,all,mi,unweighted,wb_nat,raw,gaussian,FALSE,0.04803480808591354,TRUE,FALSE,-0.1730444935035194,0.1730444935035194
mice_pmm,mneg,none,y2009_2013,pooled_cl,n_cell,clustered,-0.0034977758202839825,0.003455905792337787,-1.0121155003817022,129.10436576305838,135,0.014802146309931203,10,unemp,share,all,mi,unweighted,wb_nat,raw,gaussian,FALSE,0.31337591847881063,FALSE,FALSE,-0.08872447900113135,0.08872447900113135
mice_pmm,mcosmo,none,y2009_2013,pooled_cl,n_eff,conventional,0.002177228411337101,0.0013524879011014173,1.6097951113381825,128.85374864384005,135,0.016659193745568946,10,unemp,share,all,mi,unweighted,wb_nat,raw,gaussian,TRUE,0.1098897872008809,FALSE,FALSE,0.140410070262272,0.140410070262272
mice_pmm,mcosmo,none,y2009_2013,pooled_cl,n_eff,clustered,0.002177228411337101,0.0028138713328468073,0.7737483892464935,129.05747434597512,135,0.015157145419778348,10,unemp,share,all,mi,unweighted,wb_nat,raw,gaussian,TRUE,0.44049462585457766,FALSE,FALSE,0.06795214633137739,0.06795214633137739
mice_pmm,mutil,none,y2009_2013,pooled_cl,n_eff,conventional,0.001091888216908754,6.412241272772547e-4,1.7028183601654145,128.49969070596674,135,0.019131471496489694,10,unemp,share,all,mi,unweighted,wb_nat,raw,gaussian,TRUE,0.09101973539508978,FALSE,FALSE,0.14854971730191113,0.14854971730191113
mice_pmm,mutil,none,y2009_2013,pooled_cl,n_eff,clustered,0.001091888216908754,9.741252215747811e-4,1.1208910237880876,128.8586901859188,135,0.016623496510033364,10,unemp,share,all,mi,unweighted,wb_nat,raw,gaussian,TRUE,0.26441886509172835,FALSE,FALSE,0.09826515947163215,0.09826515947163215
mice_pmm,mcomm,none,y2009_2013,pooled_cl,n_eff,conventional,5.524356167365574e-4,0.0012937587390476682,0.42700049094408715,129.0806303349335,135,0.014982294244408383,10,unemp,share,all,mi,unweighted,wb_nat,raw,gaussian,FALSE,0.6700903482473484,FALSE,TRUE,0.03755703738454434,-0.03755703738454434
mice_pmm,mcomm,none,y2009_2013,pooled_cl,n_eff,clustered,5.524356167365574e-4,0.003144500281759259,0.17568311885393928,129.1108624394177,135,0.014752673106510029,10,unemp,share,all,mi,unweighted,wb_nat,raw,gaussian,FALSE,0.8608181390449866,FALSE,TRUE,0.01545954606947043,-0.01545954606947043
mice_pmm,mlib,none,y2009_2013,pooled_cl,n_eff,conventional,-0.003820856599224895,0.001091823835066271,-3.499517483049799,128.99008803996563,135,0.015661052526982775,10,unemp,share,all,mi,unweighted,wb_nat,raw,gaussian,FALSE,6.404044139854785e-4,TRUE,FALSE,-0.29446546660721057,0.29446546660721057
mice_pmm,mlib,none,y2009_2013,pooled_cl,n_eff,clustered,-0.003820856599224895,0.002077491652841499,-1.8391682074866103,129.08229343967747,135,0.014969702112182173,10,unemp,share,all,mi,unweighted,wb_nat,raw,gaussian,FALSE,0.06818840230643487,FALSE,FALSE,-0.15979793123667935,0.15979793123667935
mice_pmm,mpos,none,y2009_2013,pooled_cl,n_eff,conventional,0.0032691166282459105,0.0017391592524256619,1.8797109141594524,129.06250388466523,135,0.015119242094125645,10,unemp,share,all,mi,unweighted,wb_nat,raw,gaussian,TRUE,0.062402029950816514,FALSE,FALSE,0.16323983655641827,0.16323983655641827
mice_pmm,mpos,none,y2009_2013,pooled_cl,n_eff,clustered,0.0032691166282459105,0.003456561673315775,0.9457712424121008,129.10326427088478,135,0.014810527299247176,10,unemp,share,all,mi,unweighted,wb_nat,raw,gaussian,TRUE,0.34603202467106353,FALSE,FALSE,0.08295034389455597,0.08295034389455597
mice_pmm,mneg,none,y2009_2013,pooled_cl,n_eff,conventional,-0.003268420982488335,0.0017391560673570363,-1.8793143662232075,129.0622731603228,135,0.015120981770534328,10,unemp,share,all,mi,unweighted,wb_nat,raw,gaussian,FALSE,0.06245657884291766,FALSE,FALSE,-0.16320645849859455,0.16320645849859455
mice_pmm,mneg,none,y2009_2013,pooled_cl,n_eff,clustered,-0.003268420982488335,0.003456516451390532,-0.9455823597117474,129.10320607047782,135,0.014810970075440072,10,unemp,share,all,mi,unweighted,wb_nat,raw,gaussian,FALSE,0.346128024308915,FALSE,FALSE,-0.08293391016175918,0.08293391016175918
mice_pmm,mcosmo,none,y2009_2013,pooled_cl,pop,conventional,0.0017809032634269694,0.0012607798543437592,1.412541021567906,127.46509432113251,135,0.025589808913085793,10,unemp,share,all,mi,unweighted,wb_nat,raw,gaussian,TRUE,0.16022768169012638,FALSE,FALSE,0.12414597767595434,0.12414597767595434
mice_pmm,mcosmo,none,y2009_2013,pooled_cl,pop,clustered,0.0017809032634269694,0.001985083417054627,0.8971427840898443,128.5048898745953,135,0.019096307744479953,10,unemp,share,all,mi,unweighted,wb_nat,raw,gaussian,TRUE,0.37132041626616474,FALSE,FALSE,0.07889435389060044,0.07889435389060044
mice_pmm,mutil,none,y2009_2013,pooled_cl,pop,conventional,0.0016993432953627027,6.451558340157637e-4,2.6340043843131102,127.1232885232851,135,0.027530885993992848,10,unemp,share,all,mi,unweighted,wb_nat,raw,gaussian,TRUE,0.009486459707672494,TRUE,FALSE,0.22749132107876474,0.22749132107876474
mice_pmm,mutil,none,y2009_2013,pooled_cl,pop,clustered,0.0016993432953627027,9.934605787571943e-4,1.7105291661281197,128.352439688995,135,0.02011448999536362,10,unemp,share,all,mi,unweighted,wb_nat,raw,gaussian,TRUE,0.0895840383725946,FALSE,FALSE,0.14929110392002817,0.14929110392002817
mice_pmm,mcomm,none,y2009_2013,pooled_cl,pop,conventional,-5.1055826983793794e-5,9.53517752903109e-4,-0.053544705201709855,128.4575835095441,135,0.01941509217608158,10,unemp,share,all,mi,unweighted,wb_nat,raw,gaussian,FALSE,0.95738109422168,FALSE,FALSE,-0.004724238465668609,0.004724238465668609
mice_pmm,mcomm,none,y2009_2013,pooled_cl,pop,clustered,-5.1055826983793794e-5,0.002151165779321994,-0.02373402713754846,128.99411660983375,135,0.015631129696306527,10,unemp,share,all,mi,unweighted,wb_nat,raw,gaussian,FALSE,0.9811014396273308,FALSE,FALSE,-0.0020897076616389616,0.0020897076616389616
mice_pmm,mlib,none,y2009_2013,pooled_cl,pop,conventional,-0.0034282411055260057,0.0011298737266712323,-3.0341807448041904,128.91712879715226,135,0.01619864526948128,10,unemp,share,all,mi,unweighted,wb_nat,raw,gaussian,FALSE,0.002917804575752474,TRUE,FALSE,-0.25817123172621814,0.25817123172621814
mice_pmm,mlib,none,y2009_2013,pooled_cl,pop,clustered,-0.0034282411055260057,0.0028571991264013438,-1.199860756587831,129.0863037523235,135,0.01493931932447755,10,unemp,share,all,mi,unweighted,wb_nat,raw,gaussian,FALSE,0.23239095276129695,FALSE,FALSE,-0.10502250799567343,0.10502250799567343
mice_pmm,mpos,none,y2009_2013,pooled_cl,pop,conventional,0.003480246558789632,0.0016710863136246063,2.082625254252089,128.7379104741839,135,0.01748616875133964,10,unemp,share,all,mi,unweighted,wb_nat,raw,gaussian,TRUE,0.03926480352981594,TRUE,FALSE,0.18053545462115342,0.18053545462115342
mice_pmm,mpos,none,y2009_2013,pooled_cl,pop,clustered,0.003480246558789632,0.002806733607102496,1.2399632619151308,128.9859925373541,135,0.01569144653125749,10,unemp,share,all,mi,unweighted,wb_nat,raw,gaussian,TRUE,0.21724002418009117,FALSE,FALSE,0.10853366285744724,0.10853366285744724
mice_pmm,mneg,none,y2009_2013,pooled_cl,pop,conventional,-0.0034792969325098317,0.0016710694561670948,-2.0820779888408945,128.73903956868313,135,0.01747819696963578,10,unemp,share,all,mi,unweighted,wb_nat,raw,gaussian,FALSE,0.03931560436077359,TRUE,FALSE,-0.18048879404787987,0.18048879404787987
mice_pmm,mneg,none,y2009_2013,pooled_cl,pop,clustered,-0.0034792969325098317,0.0028066501572316864,-1.2396617809829225,128.98636825774759,135,0.01568865928234742,10,unemp,share,all,mi,unweighted,wb_nat,raw,gaussian,FALSE,0.2173511842255255,FALSE,FALSE,-0.10850742886933266,0.10850742886933266
mice_pmm,mcosmo,none,no_bailout,fe_twoway,none,conventional,0.0011296923818826475,0.0013306333971958282,0.8489884473539872,156.64765902240643,190,0.014892668775947518,10,unemp,share,all,mi,unweighted,wb_nat,raw,gaussian,TRUE,0.39718327085645466,FALSE,FALSE,0.06767729004307552,0.06767729004307552
mice_pmm,mcosmo,none,no_bailout,fe_twoway,none,clustered,0.0011296923818826475,0.0017662474426763863,0.6396002930205691,156.8470383993937,190,0.013726148560760716,10,unemp,share,all,mi,unweighted,wb_nat,raw,gaussian,TRUE,0.5233655826214867,FALSE,FALSE,0.05100407391253801,0.05100407391253801
mice_pmm,mutil,none,no_bailout,fe_twoway,none,conventional,-0.00178697179667514,6.636572695937297e-4,-2.6926124048472615,156.41358279430014,190,0.016208528702630832,10,unemp,share,all,mi,unweighted,wb_nat,raw,gaussian,TRUE,0.007862120344743616,TRUE,TRUE,-0.21047358613219228,-0.21047358613219228
mice_pmm,mutil,none,no_bailout,fe_twoway,none,clustered,-0.00178697179667514,7.502202943415818e-4,-2.381929428133433,156.56991686226502,190,0.01533579893981453,10,unemp,share,all,mi,unweighted,wb_nat,raw,gaussian,TRUE,0.018422786185146263,TRUE,TRUE,-0.18700156043353727,-0.18700156043353727
mice_pmm,mcomm,none,no_bailout,fe_twoway,none,conventional,0.0025743147956575206,8.664386933347893e-4,2.9711447739589962,155.957987909851,190,0.018627258066387285,10,unemp,share,all,mi,unweighted,wb_nat,raw,gaussian,FALSE,0.0034371445114076303,TRUE,TRUE,0.23145366798766157,-0.23145366798766157
mice_pmm,mcomm,none,no_bailout,fe_twoway,none,clustered,0.0025743147956575206,0.0012990500580623875,1.9816902202346753,156.6190406817761,190,0.015056525625013573,10,unemp,share,all,mi,unweighted,wb_nat,raw,gaussian,FALSE,0.049264061506604534,TRUE,TRUE,0.1563996714036282,-0.1563996714036282
mice_pmm,mlib,none,no_bailout,fe_twoway,none,conventional,-0.0019173118179746298,8.208234072856263e-4,-2.3358395983308657,155.64963855128883,190,0.02017320336608504,10,unemp,share,all,mi,unweighted,wb_nat,raw,gaussian,FALSE,0.0207752911539659,TRUE,FALSE,-0.18402950103641974,0.18402950103641974
mice_pmm,mlib,none,no_bailout,fe_twoway,none,clustered,-0.0019173118179746298,0.0014502269620424856,-1.322077073559787,156.67229501091464,190,0.014750916732413891,10,unemp,share,all,mi,unweighted,wb_nat,raw,gaussian,FALSE,0.18806945371065226,FALSE,FALSE,-0.1050392274841285,0.1050392274841285
mice_pmm,mpos,none,no_bailout,fe_twoway,none,conventional,-6.572794147924937e-4,0.0013211121279601496,-0.49751977964759103,156.51693290293346,190,0.015634265472581607,10,unemp,share,all,mi,unweighted,wb_nat,raw,gaussian,TRUE,0.6195207879641356,FALSE,TRUE,-0.03973621965233395,-0.03973621965233395
mice_pmm,mpos,none,no_bailout,fe_twoway,none,clustered,-6.572794147924937e-4,0.0017858329030932024,-0.3680520241586065,156.78783387271972,190,0.014077245021920218,10,unemp,share,all,mi,unweighted,wb_nat,raw,gaussian,TRUE,0.713330858779876,FALSE,TRUE,-0.029380927370071745,-0.029380927370071745
mice_pmm,mneg,none,no_bailout,fe_twoway,none,conventional,6.570029776828908e-4,0.0013211256999704779,0.49730542498535324,156.51526124397205,190,0.015643636563240335,10,unemp,share,all,mi,unweighted,wb_nat,raw,gaussian,FALSE,0.6196715783911492,FALSE,TRUE,0.03971933823004704,-0.03971933823004704
mice_pmm,mneg,none,no_bailout,fe_twoway,none,clustered,6.570029776828908e-4,0.0017858564701139104,0.367892374710821,156.7869658110137,190,0.01408236245783236,10,unemp,share,all,mi,unweighted,wb_nat,raw,gaussian,FALSE,0.7134496673491724,FALSE,TRUE,0.029368275067112055,-0.029368275067112055
mice_pmm,mcosmo,none,no_bailout,fe_twoway,n_cell,conventional,0.0015073106648335992,0.0012472799615015088,1.2084782176882394,156.40807285500884,190,0.016238858703468004,10,unemp,share,all,mi,unweighted,wb_nat,raw,gaussian,TRUE,0.22868724257105943,FALSE,FALSE,0.09618140036791874,0.09618140036791874
mice_pmm,mcosmo,none,no_bailout,fe_twoway,n_cell,clustered,0.0015073106648335992,0.0018332044086644022,0.8222272746615115,156.78956292383683,190,0.014067049257328882,10,unemp,share,all,mi,unweighted,wb_nat,raw,gaussian,TRUE,0.4121962125472849,FALSE,FALSE,0.06552378918595421,0.06552378918595421
mice_pmm,mutil,none,no_bailout,fe_twoway,n_cell,conventional,-0.0017659675601998004,6.219631193694519e-4,-2.8393444968089807,156.18339706402867,190,0.017452310815059272,10,unemp,share,all,mi,unweighted,wb_nat,raw,gaussian,TRUE,0.00512247959274236,TRUE,TRUE,-0.2215499453434587,-0.2215499453434587
mice_pmm,mutil,none,no_bailout,fe_twoway,n_cell,clustered,-0.0017659675601998004,7.779831142921647e-4,-2.269930449334414,156.53102679140994,190,0.015555146910096513,10,unemp,share,all,mi,unweighted,wb_nat,raw,gaussian,TRUE,0.02457664513826609,TRUE,TRUE,-0.17851698795206972,-0.17851698795206972
mice_pmm,mcomm,none,no_bailout,fe_twoway,n_cell,conventional,0.0027371111155422155,8.391389345373014e-4,3.261809222392297,156.1927731608527,190,0.01740254813666477,10,unemp,share,all,mi,unweighted,wb_nat,raw,gaussian,FALSE,0.001359471482376563,TRUE,TRUE,0.25253329979839845,-0.25253329979839845
mice_pmm,mcomm,none,no_bailout,fe_twoway,n_cell,clustered,0.0027371111155422155,0.001613958768665048,1.6958990332858126,156.8676725055761,190,0.013602808611849322,10,unemp,share,all,mi,unweighted,wb_nat,raw,gaussian,FALSE,0.09188872798034696,FALSE,TRUE,0.13418008428636247,-0.13418008428636247
mice_pmm,mlib,none,no_bailout,fe_twoway,n_cell,conventional,-0.002478683649125001,8.005994931288384e-4,-3.096034497146644,155.79976772017744,190,0.01942887269318193,10,unemp,share,all,mi,unweighted,wb_nat,raw,gaussian,FALSE,0.0023262396680022073,TRUE,FALSE,-0.24074510927812348,0.24074510927812348
mice_pmm,mlib,none,no_bailout,fe_twoway,n_cell,clustered,-0.002478683649125001,0.0016455017190706788,-1.5063391428876014,156.81654548255833,190,0.013907491439757986,10,unemp,share,all,mi,unweighted,wb_nat,raw,gaussian,FALSE,0.1339918609095491,FALSE,FALSE,-0.11942831975236279,0.11942831975236279
mice_pmm,mpos,none,no_bailout,fe_twoway,n_cell,conventional,-2.5865689536620177e-4,0.001233505579018988,-0.20969252167623972,156.31227348958825,190,0.016761729660968963,10,unemp,share,all,mi,unweighted,wb_nat,raw,gaussian,TRUE,0.8341807167956783,FALSE,TRUE,-0.01676970130270716,-0.01676970130270716
mice_pmm,mpos,none,no_bailout,fe_twoway,n_cell,clustered,-2.5865689536620177e-4,0.0018145365838200614,-0.14254708208839922,156.74898540574736,190,0.014305423338380936,10,unemp,share,all,mi,unweighted,wb_nat,raw,gaussian,TRUE,0.8868309571209845,FALSE,TRUE,-0.011384863165501375,-0.011384863165501375
mice_pmm,mneg,none,no_bailout,fe_twoway,n_cell,conventional,2.584274664172145e-4,0.0012335113075353284,0.20950555121669448,156.31164513518905,190,0.016765131800693604,10,unemp,share,all,mi,unweighted,wb_nat,raw,gaussian,FALSE,0.8343264043298828,FALSE,TRUE,0.016754786614640773,-0.016754786614640773
mice_pmm,mneg,none,no_bailout,fe_twoway,n_cell,clustered,2.584274664172145e-4,0.0018145684005927512,0.14241814545695605,156.7487260241309,190,0.014306941076763098,10,unemp,share,all,mi,unweighted,wb_nat,raw,gaussian,FALSE,0.8869326261817572,FALSE,TRUE,0.01137457607629871,-0.01137457607629871
mice_pmm,mcosmo,none,no_bailout,fe_twoway,n_eff,conventional,0.0015479119855152396,0.001242878722850854,1.245424800550705,156.41740035785412,190,0.01618749786942526,10,unemp,share,all,mi,unweighted,wb_nat,raw,gaussian,TRUE,0.21483806649734674,FALSE,FALSE,0.09909056062766257,0.09909056062766257
mice_pmm,mcosmo,none,no_bailout,fe_twoway,n_eff,clustered,0.0015479119855152396,0.0018043771421829369,0.8578649935914032,156.78577878122618,190,0.014089358884933434,10,unemp,share,all,mi,unweighted,wb_nat,raw,gaussian,TRUE,0.3922765030497344,FALSE,FALSE,0.06835160796705501,0.06835160796705501
mice_pmm,mutil,none,no_bailout,fe_twoway,n_eff,conventional,-0.0016950983029682988,6.178925042195802e-4,-2.7433546958289567,156.1786920826258,190,0.017477254313454062,10,unemp,share,all,mi,unweighted,wb_nat,raw,gaussian,TRUE,0.0067930742007277995,TRUE,TRUE,-0.21441314415538373,-0.21441314415538373
mice_pmm,mutil,none,no_bailout,fe_twoway,n_eff,clustered,-0.0016950983029682988,7.53129946393839e-4,-2.250738150945694,156.49614964119385,190,0.015750577881914963,10,unemp,share,all,mi,unweighted,wb_nat,raw,gaussian,TRUE,0.02579515343565373,TRUE,TRUE,-0.1770742454769192,-0.1770742454769192
mice_pmm,mcomm,none,no_bailout,fe_twoway,n_eff,conventional,0.002515695841541167,8.271439852959895e-4,3.041424330300773,156.20485504912324,190,0.017338315853140815,10,unemp,share,all,mi,unweighted,wb_nat,raw,gaussian,FALSE,0.0027623596705060034,TRUE,TRUE,0.23644869112032368,-0.23644869112032368
mice_pmm,mcomm,none,no_bailout,fe_twoway,n_eff,clustered,0.002515695841541167,0.0015597108794614288,1.6129244686745032,156.86119487067256,190,0.013641583611996168,10,unemp,share,all,mi,unweighted,wb_nat,raw,gaussian,FALSE,0.10877096664976478,FALSE,TRUE,0.12772751011275504,-0.12772751011275504
mice_pmm,mlib,none,no_bailout,fe_twoway,n_eff,conventional,-0.0023687508169895513,7.928599611626615e-4,-2.9876030232577016,155.6352315823691,190,0.020243835383055197,10,unemp,share,all,mi,unweighted,wb_nat,raw,gaussian,FALSE,0.003267926705859549,TRUE,FALSE,-0.23289460426025896,0.23289460426025896
mice_pmm,mlib,none,no_bailout,fe_twoway,n_eff,clustered,-0.0023687508169895513,0.0016186489022786334,-1.463412364259458,156.77951289610183,190,0.014126263574142213,10,unemp,share,all,mi,unweighted,wb_nat,raw,gaussian,FALSE,0.14535657846619013,FALSE,FALSE,-0.11608495953571436,0.11608495953571436
mice_pmm,mpos,none,no_bailout,fe_twoway,n_eff,conventional,-1.4718631745305963e-4,0.0012213521405876186,-0.12051095876595029,156.28167711007785,190,0.016926983575153515,10,unemp,share,all,mi,unweighted,wb_nat,raw,gaussian,TRUE,0.9042331926940119,FALSE,TRUE,-0.009639451710023903,-0.009639451710023903
mice_pmm,mpos,none,no_bailout,fe_twoway,n_eff,clustered,-1.4718631745305963e-4,0.0018137460390894055,-0.0811504556210939,156.74293927795495,190,0.01434078181580031,10,unemp,share,all,mi,unweighted,wb_nat,raw,gaussian,TRUE,0.9354258270106307,FALSE,TRUE,-0.0064816838819675374,-0.0064816838819675374
mice_pmm,mneg,none,no_bailout,fe_twoway,n_eff,conventional,1.4694502455161494e-4,0.001221355751917964,0.12031304091445827,156.2814056378682,190,0.016928446129719492,10,unemp,share,all,mi,unweighted,wb_nat,raw,gaussian,FALSE,0.9043897100921159,FALSE,TRUE,0.009623630447276762,-0.009623630447276762
mice_pmm,mneg,none,no_bailout,fe_twoway,n_eff,clustered,1.4694502455161494e-4,0.001813772765199201,0.08101622616186788,156.74283445849795,190,0.014341394450502361,10,unemp,share,all,mi,unweighted,wb_nat,raw,gaussian,FALSE,0.9355324028563494,FALSE,TRUE,0.0064709652621146915,-0.0064709652621146915
mice_pmm,mcosmo,none,no_bailout,fe_twoway,pop,conventional,-0.0034063872473594405,9.541344921878795e-4,-3.570133220473373,151.41438838660457,190,0.037094811208251435,10,unemp,share,all,mi,unweighted,wb_nat,raw,gaussian,TRUE,4.785001639063285e-4,TRUE,TRUE,-0.2786444732993037,-0.2786444732993037
mice_pmm,mcosmo,none,no_bailout,fe_twoway,pop,clustered,-0.0034063872473594405,0.0020680903389696872,-1.6471172381456443,156.17532370599346,190,0.01749510044758688,10,unemp,share,all,mi,unweighted,wb_nat,raw,gaussian,TRUE,0.10154459099356576,FALSE,TRUE,-0.13067079319504307,-0.13067079319504307
mice_pmm,mutil,none,no_bailout,fe_twoway,pop,conventional,-0.0011369540507101237,4.5519368823826234e-4,-2.497736853756652,142.85813200824916,190,0.06117183118988744,10,unemp,share,all,mi,unweighted,wb_nat,raw,gaussian,TRUE,0.013633065149625279,TRUE,TRUE,-0.2045561256504995,-0.2045561256504995
mice_pmm,mutil,none,no_bailout,fe_twoway,pop,clustered,-0.0011369540507101237,8.765049837234694e-4,-1.2971449926961556,154.50758978311913,190,0.02540422367489323,10,unemp,share,all,mi,unweighted,wb_nat,raw,gaussian,TRUE,0.1965148851153242,FALSE,TRUE,-0.10379147118541303,-0.10379147118541303
mice_pmm,mcomm,none,no_bailout,fe_twoway,pop,conventional,0.005684408000434128,8.08778133944824e-4,7.028389816510453,151.74077468515472,190,0.03598052212715371,10,unemp,share,all,mi,unweighted,wb_nat,raw,gaussian,FALSE,6.625115253267506e-11,TRUE,TRUE,0.4955730221759101,-0.4955730221759101
mice_pmm,mcomm,none,no_bailout,fe_twoway,pop,clustered,0.005684408000434128,0.0026674409160035483,2.1310342682119097,156.7359210513689,190,0.014381773831223504,10,unemp,share,all,mi,unweighted,wb_nat,raw,gaussian,FALSE,0.034646024619174556,TRUE,TRUE,0.1678046178876443,-0.1678046178876443
mice_pmm,mlib,none,no_bailout,fe_twoway,pop,conventional,-0.001141056829802136,6.558123295296259e-4,-1.7399136588672346,146.681111892631,190,0.051350259962917984,10,unemp,share,all,mi,unweighted,wb_nat,raw,gaussian,FALSE,0.08397164020033787,FALSE,FALSE,-0.14220163716451498,0.14220163716451498
mice_pmm,mlib,none,no_bailout,fe_twoway,pop,clustered,-0.001141056829802136,0.001823848547149113,-0.6256313505777331,156.21998888689913,190,0.017257684133410948,10,unemp,share,all,mi,unweighted,wb_nat,raw,gaussian,FALSE,0.5324696948455983,FALSE,FALSE,-0.04999272529687196,0.04999272529687196
mice_pmm,mpos,none,no_bailout,fe_twoway,pop,conventional,-0.004543341298069565,9.329632413774771e-4,-4.86979668283772,150.6512268715516,190,0.03961835669980841,10,unemp,share,all,mi,unweighted,wb_nat,raw,gaussian,TRUE,2.796114659536865e-6,TRUE,TRUE,-0.3687905164512833,-0.3687905164512833
mice_pmm,mpos,none,no_bailout,fe_twoway,pop,clustered,-0.004543341298069565,0.001781911705703101,-2.549700573562857,155.74289458388586,190,0.019712655684970354,10,unemp,share,all,mi,unweighted,wb_nat,raw,gaussian,TRUE,0.011747336668330074,TRUE,TRUE,-0.20017278722432805,-0.20017278722432805
mice_pmm,mneg,none,no_bailout,fe_twoway,pop,conventional,0.0045433511706319905,9.329851148948772e-4,4.86969309381094,150.6545961913646,190,0.03960745045106985,10,unemp,share,all,mi,unweighted,wb_nat,raw,gaussian,FALSE,2.797328685343384e-6,TRUE,TRUE,0.36878017553457926,-0.36878017553457926
mice_pmm,mneg,none,no_bailout,fe_twoway,pop,clustered,0.0045433511706319905,0.0017821624040499954,2.549347444602773,155.74385053320253,190,0.019707904212873727,10,unemp,share,all,mi,unweighted,wb_nat,raw,gaussian,FALSE,0.011758745861997072,TRUE,TRUE,0.20014558465055932,-0.20014558465055932
mice_pmm,mcosmo,none,no_bailout,fe_country,none,conventional,-0.0026192638265555837,0.0012694840549430666,-2.063250669716408,165.70306732952807,190,0.013783550556578775,10,unemp,share,all,mi,unweighted,wb_nat,raw,gaussian,TRUE,0.040648642184671166,TRUE,TRUE,-0.15826269003167817,-0.15826269003167817
mice_pmm,mcosmo,none,no_bailout,fe_country,none,clustered,-0.0026192638265555837,0.0016399236677135066,-1.5971864289315,165.8626884728873,190,0.012892738165331876,10,unemp,share,all,mi,unweighted,wb_nat,raw,gaussian,TRUE,0.11212758282158475,FALSE,TRUE,-0.1230741689275849,-0.1230741689275849
mice_pmm,mutil,none,no_bailout,fe_country,none,conventional,-0.002898516790176785,7.271368453928154e-4,-3.986205359475275,165.76577535414467,190,0.01343689161928473,10,unemp,share,all,mi,unweighted,wb_nat,raw,gaussian,TRUE,1.0044491253913488e-4,TRUE,TRUE,-0.29575715722648244,-0.29575715722648244
mice_pmm,mutil,none,no_bailout,fe_country,none,clustered,-0.002898516790176785,9.996104586653938e-4,-2.89964632227505,165.9221724784061,190,0.012553465331381363,10,unemp,share,all,mi,unweighted,wb_nat,raw,gaussian,TRUE,0.00424184697405453,TRUE,TRUE,-0.21961338851163753,-0.21961338851163753
mice_pmm,mcomm,none,no_bailout,fe_country,none,conventional,0.0034926201844766316,7.76342266907588e-4,4.498814934279981,165.829756011429,190,0.013078822683300738,10,unemp,share,all,mi,unweighted,wb_nat,raw,gaussian,FALSE,1.2804611934434875e-5,TRUE,TRUE,0.3298078658017572,-0.3298078658017572
mice_pmm,mcomm,none,no_bailout,fe_country,none,clustered,0.0034926201844766316,0.0010787102913603073,3.2377740459602586,165.95801386798104,190,0.012347024839803732,10,unemp,share,all,mi,unweighted,wb_nat,raw,gaussian,FALSE,0.0014548243533092314,TRUE,TRUE,0.24375107663134243,-0.24375107663134243
mice_pmm,mlib,none,no_bailout,fe_country,none,conventional,0.002024993410474595,0.0010824016145278108,1.8708336936082477,165.3425510976372,190,0.015701288573513147,10,unemp,share,all,mi,unweighted,wb_nat,raw,gaussian,FALSE,0.06313519896401126,FALSE,TRUE,0.14397736005487038,-0.14397736005487038
mice_pmm,mlib,none,no_bailout,fe_country,none,clustered,0.002024993410474595,0.0017889300444084589,1.1319578520155016,165.83016272727968,190,0.013076532001386738,10,unemp,share,all,mi,unweighted,wb_nat,raw,gaussian,FALSE,0.25928633096959386,FALSE,TRUE,0.08756430377404222,-0.08756430377404222
mice_pmm,mpos,none,no_bailout,fe_country,none,conventional,-0.005517780616732368,0.001389776952978414,-3.970263433212992,165.74192334094013,190,0.013569240654381557,10,unemp,share,all,mi,unweighted,wb_nat,raw,gaussian,TRUE,1.0678561107419e-4,TRUE,TRUE,-0.29469660239445744,-0.29469660239445744
mice_pmm,mpos,none,no_bailout,fe_country,none,clustered,-0.005517780616732368,0.0019853166392837657,-2.7792950039057724,165.92365441958577,190,0.012544960013091114,10,unemp,share,all,mi,unweighted,wb_nat,raw,gaussian,TRUE,0.006076626448145703,TRUE,TRUE,-0.2109111719545393,-0.2109111719545393
mice_pmm,mneg,none,no_bailout,fe_country,none,conventional,0.0055176135949512265,0.0013897989533381875,3.970080407456311,165.74218243051638,190,0.013567806296605362,10,unemp,share,all,mi,unweighted,wb_nat,raw,gaussian,FALSE,1.0686044413853873e-4,TRUE,TRUE,0.29468398655963174,-0.29468398655963174
mice_pmm,mneg,none,no_bailout,fe_country,none,clustered,0.0055176135949512265,0.001985369411786782,2.7791370020078605,165.92378055312855,190,0.012544235973409073,10,unemp,share,all,mi,unweighted,wb_nat,raw,gaussian,FALSE,0.006079448770864615,TRUE,TRUE,0.21089963845951057,-0.21089963845951057
mice_pmm,mcosmo,none,no_bailout,fe_country,n_cell,conventional,-0.002157868253413811,0.0012008322317114705,-1.7969772932712984,165.34346004945152,190,0.01569660285968552,10,unemp,share,all,mi,unweighted,wb_nat,raw,gaussian,TRUE,0.07416440994183739,FALSE,TRUE,-0.13840415013745622,-0.13840415013745622
mice_pmm,mcosmo,none,no_bailout,fe_country,n_cell,clustered,-0.002157868253413811,0.0015993588412869626,-1.349208318801946,165.68325124040223,190,0.013892238842136593,10,unemp,share,all,mi,unweighted,wb_nat,raw,gaussian,TRUE,0.17911096717797134,FALSE,TRUE,-0.10424780490009408,-0.10424780490009408
mice_pmm,mutil,none,no_bailout,fe_country,n_cell,conventional,-0.002844001158456298,6.721582207879668e-4,-4.231148367303005,165.6200596346161,190,0.014236158574587026,10,unemp,share,all,mi,unweighted,wb_nat,raw,gaussian,TRUE,3.840263856924917e-5,TRUE,TRUE,-0.3123297744646092,-0.3123297744646092
mice_pmm,mutil,none,no_bailout,fe_country,n_cell,clustered,-0.002844001158456298,9.30630928668695e-4,-3.055992521680701,165.8514501352042,190,0.0129563783771451,10,unemp,share,all,mi,unweighted,wb_nat,raw,gaussian,TRUE,0.0026149129094671982,TRUE,TRUE,-0.23088566035523825,-0.23088566035523825
mice_pmm,mcomm,none,no_bailout,fe_country,n_cell,conventional,0.0037206650108272156,7.618062291000261e-4,4.884004447197409,165.87908882133945,190,0.012799607299068256,10,unemp,share,all,mi,unweighted,wb_nat,raw,gaussian,FALSE,2.4305069009140344e-6,TRUE,TRUE,0.3545725290871365,-0.3545725290871365
mice_pmm,mcomm,none,no_bailout,fe_country,n_cell,clustered,0.0037206650108272156,0.001380255696165003,2.695634599563665,166.02822011943542,190,0.011938101538610742,10,unemp,share,all,mi,unweighted,wb_nat,raw,gaussian,FALSE,0.007748858698376605,TRUE,TRUE,0.2047709873693036,-0.2047709873693036
mice_pmm,mlib,none,no_bailout,fe_country,n_cell,conventional,0.0012810452704475172,0.0010951861526855068,1.1697055037687112,165.39592537195577,190,0.0154249282407334,10,unemp,share,all,mi,unweighted,wb_nat,raw,gaussian,FALSE,0.243802342918081,FALSE,TRUE,0.0905785166179058,-0.0905785166179058
mice_pmm,mlib,none,no_bailout,fe_country,n_cell,clustered,0.0012810452704475172,0.0022866687277959025,0.5602233742367676,165.9406726008152,190,0.012447100010622091,10,unemp,share,all,mi,unweighted,wb_nat,raw,gaussian,FALSE,0.5760826155793572,FALSE,TRUE,0.0434484702815699,-0.0434484702815699
mice_pmm,mpos,none,no_bailout,fe_country,n_cell,conventional,-0.005001869411870109,0.0013307774946435028,-3.758606853514638,165.6416024295483,190,0.014119364722495278,10,unemp,share,all,mi,unweighted,wb_nat,raw,gaussian,TRUE,2.3649851648210461e-4,TRUE,TRUE,-0.2803301624530039,-0.2803301624530039
mice_pmm,mpos,none,no_bailout,fe_country,n_cell,clustered,-0.005001869411870109,0.0019441212233634807,-2.5728176575411723,165.88612059397994,190,0.012759581807457676,10,unemp,share,all,mi,unweighted,wb_nat,raw,gaussian,TRUE,0.010963252395717285,TRUE,TRUE,-0.1958878593618885,-0.1958878593618885
mice_pmm,mneg,none,no_bailout,fe_country,n_cell,conventional,0.005001710281274733,0.0013307929251858207,3.758443696697844,165.64202453185493,190,0.014117071661801626,10,unemp,share,all,mi,unweighted,wb_nat,raw,gaussian,FALSE,2.36640366627238e-4,TRUE,TRUE,0.2803186207702409,-0.2803186207702409
mice_pmm,mneg,none,no_bailout,fe_country,n_cell,clustered,0.005001710281274733,0.0019441501468890115,2.5726975302182113,165.886310594922,190,0.012758499510380657,10,unemp,share,all,mi,unweighted,wb_nat,raw,gaussian,FALSE,0.010966907750556875,TRUE,TRUE,0.19587895623165694,-0.19587895623165694
mice_pmm,mcosmo,none,no_bailout,fe_country,n_eff,conventional,-0.002155988863529272,0.0011927087578720427,-1.8076406744726636,165.34355521182277,190,0.01569611224963176,10,unemp,share,all,mi,unweighted,wb_nat,raw,gaussian,TRUE,0.07248005127894215,FALSE,TRUE,-0.13920953999356056,-0.13920953999356056
mice_pmm,mcosmo,none,no_bailout,fe_country,n_eff,clustered,-0.002155988863529272,0.0015782171460669047,-1.366091395535931,165.67771039788397,190,0.013922557058437505,10,unemp,share,all,mi,unweighted,wb_nat,raw,gaussian,TRUE,0.1737616954095096,FALSE,TRUE,-0.10553959536596405,-0.10553959536596405
mice_pmm,mutil,none,no_bailout,fe_country,n_eff,conventional,-0.0028585978135324775,6.686430106010441e-4,-4.275222754460381,165.61175703494644,190,0.014281047613044072,10,unemp,share,all,mi,unweighted,wb_nat,raw,gaussian,TRUE,3.2159872078391185e-5,TRUE,TRUE,-0.3152684662317435,-0.3152684662317435
mice_pmm,mutil,none,no_bailout,fe_country,n_eff,clustered,-0.0028585978135324775,9.338030921414362e-4,-3.061242608414395,165.8516113824278,190,0.012955466286139037,10,unemp,share,all,mi,unweighted,wb_nat,raw,gaussian,TRUE,0.002571926911253213,TRUE,TRUE,-0.23126101084170325,-0.23126101084170325
mice_pmm,mcomm,none,no_bailout,fe_country,n_eff,conventional,0.0035739399685070367,7.506608794149947e-4,4.761057977727947,165.85846226360982,190,0.01291668713439763,10,unemp,share,all,mi,unweighted,wb_nat,raw,gaussian,FALSE,4.173405515385981e-6,TRUE,TRUE,0.3467509724403513,-0.3467509724403513
mice_pmm,mcomm,none,no_bailout,fe_country,n_eff,clustered,0.0035739399685070367,0.0013231726012764785,2.701038371758317,166.01815207774337,190,0.011997121206632494,10,unemp,share,all,mi,unweighted,wb_nat,raw,gaussian,FALSE,0.007629421954601515,TRUE,TRUE,0.20517017616696617,-0.20517017616696617
mice_pmm,mlib,none,no_bailout,fe_country,n_eff,conventional,0.0014404783273323557,0.0010708170868185508,1.3452141780928115,165.34526571824748,190,0.01568729240009132,10,unemp,share,all,mi,unweighted,wb_nat,raw,gaussian,FALSE,0.1803981369895849,FALSE,TRUE,0.10404756546924185,-0.10404756546924185
mice_pmm,mlib,none,no_bailout,fe_country,n_eff,clustered,0.0014404783273323557,0.0021244898607985863,0.6780349268369237,165.91247447126554,190,0.012609061029687755,10,unemp,share,all,mi,unweighted,wb_nat,raw,gaussian,FALSE,0.49869406595399257,FALSE,TRUE,0.052566816730498137,-0.052566816730498137
mice_pmm,mpos,none,no_bailout,fe_country,n_eff,conventional,-0.00501458667706175,0.0013138383945017912,-3.816745421694946,165.62530292075968,190,0.014207774847173412,10,unemp,share,all,mi,unweighted,wb_nat,raw,gaussian,TRUE,1.9072109944351983e-4,TRUE,TRUE,-0.2843311345133804,-0.2843311345133804
mice_pmm,mpos,none,no_bailout,fe_country,n_eff,clustered,-0.00501458667706175,0.0019130475431177758,-2.6212556478806914,165.8773975714691,190,0.012809225522336012,10,unemp,share,all,mi,unweighted,wb_nat,raw,gaussian,TRUE,0.009575050333663886,TRUE,TRUE,-0.19943546455525793,-0.19943546455525793
mice_pmm,mneg,none,no_bailout,fe_country,n_eff,conventional,0.005014418295839392,0.0013138527108059361,3.816575674425085,165.62581797926,190,0.014204985181039699,10,unemp,share,all,mi,unweighted,wb_nat,raw,gaussian,FALSE,1.9084142902286855e-4,TRUE,TRUE,0.2843191049712715,-0.2843191049712715
mice_pmm,mneg,none,no_bailout,fe_country,n_eff,clustered,0.005014418295839392,0.001913081540230461,2.621121050195971,165.87763198629793,190,0.012807892590394814,10,unemp,share,all,mi,unweighted,wb_nat,raw,gaussian,FALSE,0.00957867695521271,TRUE,TRUE,0.19942549581428354,-0.19942549581428354
mice_pmm,mcosmo,none,no_bailout,fe_country,pop,conventional,-0.0044925396254063285,0.0012186672912155771,-3.6864365342284526,163.5998583913722,190,0.02366462576715432,10,unemp,share,all,mi,unweighted,wb_nat,raw,gaussian,TRUE,3.089664886554326e-4,TRUE,TRUE,-0.2769411928650361,-0.2769411928650361
mice_pmm,mcosmo,none,no_bailout,fe_country,pop,clustered,-0.0044925396254063285,0.0037559103182432823,-1.1961253716802225,165.87286644323396,190,0.01283497802795643,10,unemp,share,all,mi,unweighted,wb_nat,raw,gaussian,TRUE,0.2333546404879409,FALSE,TRUE,-0.09247494515089014,-0.09247494515089014
mice_pmm,mutil,none,no_bailout,fe_country,pop,conventional,-0.0012039263554204074,4.887374576424897e-4,-2.463339645026915,159.64725734313862,190,0.03750734565305894,10,unemp,share,all,mi,unweighted,wb_nat,raw,gaussian,TRUE,0.014826248798182406,TRUE,TRUE,-0.19135640060312212,-0.19135640060312212
mice_pmm,mutil,none,no_bailout,fe_country,pop,clustered,-0.0012039263554204074,0.0010717983556989528,-1.1232769195986403,165.0942362537158,190,0.016955879435523145,10,unemp,share,all,mi,unweighted,wb_nat,raw,gaussian,TRUE,0.26295067754588514,FALSE,TRUE,-0.08708986499269415,-0.08708986499269415
mice_pmm,mcomm,none,no_bailout,fe_country,pop,conventional,0.006162994576141293,7.531782779807086e-4,8.18265045118461,161.29729684632105,190,0.03220383724650933,10,unemp,share,all,mi,unweighted,wb_nat,raw,gaussian,FALSE,7.881465330405493e-14,TRUE,TRUE,0.5416087724632367,-0.5416087724632367
mice_pmm,mcomm,none,no_bailout,fe_country,pop,clustered,0.006162994576141293,0.002243476353769543,2.7470735609876527,165.68414791465096,190,0.013887329479792316,10,unemp,share,all,mi,unweighted,wb_nat,raw,gaussian,FALSE,0.006678552919579996,TRUE,TRUE,0.20871710058812867,-0.20871710058812867
mice_pmm,mlib,none,no_bailout,fe_country,pop,conventional,-4.664580312282463e-4,0.0012556215333097873,-0.3714957245107723,164.28424672115688,190,0.020746531455729855,10,unemp,share,all,mi,unweighted,wb_nat,raw,gaussian,FALSE,0.710747018088082,FALSE,FALSE,-0.028971669268254098,0.028971669268254098
mice_pmm,mlib,none,no_bailout,fe_country,pop,clustered,-4.664580312282463e-4,0.00524117822654952,-0.0889986966795698,166.0026241118866,190,0.012087897314200804,10,unemp,share,all,mi,unweighted,wb_nat,raw,gaussian,FALSE,0.929190227161468,FALSE,FALSE,-0.006907419133706048,0.006907419133706048
mice_pmm,mpos,none,no_bailout,fe_country,pop,conventional,-0.005696465980826735,0.0013872573790028834,-4.106279099355863,164.0196690690608,190,0.021901528852662645,10,unemp,share,all,mi,unweighted,wb_nat,raw,gaussian,TRUE,6.329089641962397e-5,TRUE,TRUE,-0.30531753875663037,-0.30531753875663037
mice_pmm,mpos,none,no_bailout,fe_country,pop,clustered,-0.005696465980826735,0.0045328622151727576,-1.2567039787265253,165.92639058043144,190,0.012529249491154486,10,unemp,share,all,mi,unweighted,wb_nat,raw,gaussian,TRUE,0.21062712138828638,FALSE,TRUE,-0.0970997699297824,-0.0970997699297824
mice_pmm,mneg,none,no_bailout,fe_country,pop,conventional,0.005696536544913047,0.0013873062132212933,4.1061854193572875,164.01483821714123,190,0.02192228718112291,10,unemp,share,all,mi,unweighted,wb_nat,raw,gaussian,FALSE,6.331494652979985e-5,TRUE,TRUE,0.3053152997042391,-0.3053152997042391
mice_pmm,mneg,none,no_bailout,fe_country,pop,clustered,0.005696536544913047,0.004533023469423853,1.256674840387949,165.92605217041285,190,0.01253119305989667,10,unemp,share,all,mi,unweighted,wb_nat,raw,gaussian,FALSE,0.21063765384755523,FALSE,TRUE,0.09709763785252862,-0.09709763785252862
mice_pmm,mcosmo,none,no_bailout,re,none,conventional,-0.0018472449493640848,0.0012614446937028031,-1.4643883783297251,183.68700183123724,190,0.012515831934372496,10,unemp,share,all,mi,unweighted,wb_nat,raw,gaussian,TRUE,0.14479720324610143,FALSE,TRUE,-0.10742285316773444,-0.10742285316773444
mice_pmm,mcosmo,none,no_bailout,re,none,clustered,-0.0018472449493640848,0.001451796801608403,-1.2723853278348434,183.78711788435118,190,0.012014819251242552,10,unemp,share,all,mi,unweighted,wb_nat,raw,gaussian,TRUE,0.20484366832833692,FALSE,TRUE,-0.09344512814063327,-0.09344512814063327
mice_pmm,mutil,none,no_bailout,re,none,conventional,-0.0026192526118321703,7.19766360967277e-4,-3.6390317106681933,183.76875560649964,190,0.01210743753789145,10,unemp,share,all,mi,unweighted,wb_nat,raw,gaussian,TRUE,3.555099723815695e-4,TRUE,TRUE,-0.2592628337256953,-0.2592628337256953
mice_pmm,mutil,none,no_bailout,re,none,clustered,-0.0026192526118321703,9.064280429150018e-4,-2.8896420761750248,183.88741542799022,190,0.01150292375005252,10,unemp,share,all,mi,unweighted,wb_nat,raw,gaussian,TRUE,0.0043206027004462615,TRUE,TRUE,-0.2084131211903281,-0.2084131211903281
mice_pmm,mcomm,none,no_bailout,re,none,conventional,0.0030865940283468125,7.82336732915158e-4,3.945352299700267,183.80129137317726,190,0.01194310045152142,10,unemp,share,all,mi,unweighted,wb_nat,raw,gaussian,FALSE,1.1328079809194881e-4,TRUE,TRUE,0.2794210034326838,-0.2794210034326838
mice_pmm,mcomm,none,no_bailout,re,none,clustered,0.0030865940283468125,0.0010115876242866746,3.0512374353366942,183.9166869356205,190,0.011351558776032812,10,unemp,share,all,mi,unweighted,wb_nat,raw,gaussian,FALSE,0.0026161737751575894,TRUE,TRUE,0.21950397749294936,-0.21950397749294936
mice_pmm,mlib,none,no_bailout,re,none,conventional,0.0016418211441069123,0.0010676730367998953,1.537756492406977,183.29849858872592,190,0.01437560767718,10,unemp,share,all,mi,unweighted,wb_nat,raw,gaussian,FALSE,0.1258325921671839,FALSE,TRUE,0.11285600199693097,-0.11285600199693097
mice_pmm,mlib,none,no_bailout,re,none,clustered,0.0016418211441069123,0.0016295713564210283,1.0075171839745563,183.76084329699754,190,0.012147244568926345,10,unemp,share,all,mi,unweighted,wb_nat,raw,gaussian,FALSE,0.31501111936369136,FALSE,TRUE,0.07411903541726579,-0.07411903541726579
mice_pmm,mpos,none,no_bailout,re,none,conventional,-0.004832141700380998,0.0013971585804064685,-3.4585492070450634,183.72300905195067,190,0.012336749252345547,10,unemp,share,all,mi,unweighted,wb_nat,raw,gaussian,TRUE,6.749601507271927e-4,TRUE,TRUE,-0.24723825292892393,-0.24723825292892393
mice_pmm,mpos,none,no_bailout,re,none,clustered,-0.004832141700380998,0.0018134703701308992,-2.6645826587352546,183.87272804315234,190,0.01157853203244269,10,unemp,share,all,mi,unweighted,wb_nat,raw,gaussian,TRUE,0.008393673134318743,TRUE,TRUE,-0.19281620031317878,-0.19281620031317878
mice_pmm,mneg,none,no_bailout,re,none,conventional,0.00483194762183281,0.0013971792069535946,3.458359241094329,183.7231973940743,190,0.012335809294116994,10,unemp,share,all,mi,unweighted,wb_nat,raw,gaussian,FALSE,6.754067901394343e-4,TRUE,TRUE,0.24722538405819142,-0.24722538405819142
mice_pmm,mneg,none,no_bailout,re,none,clustered,0.00483194762183281,0.0018135184279396204,2.664405030238648,183.8728416396105,190,0.01157794812328243,10,unemp,share,all,mi,unweighted,wb_nat,raw,gaussian,FALSE,0.008397938602615217,TRUE,TRUE,0.1928037671341539,-0.1928037671341539
mice_pmm,mcosmo,none,no_bailout,pooled_cl,none,conventional,0.006435924819234657,0.0016211137597809005,3.970063655560172,183.95132460317345,190,0.01117125604164588,10,unemp,share,all,mi,unweighted,wb_nat,raw,gaussian,TRUE,1.0295922781814273e-4,TRUE,FALSE,0.2809277210020341,0.2809277210020341
mice_pmm,mcosmo,none,no_bailout,pooled_cl,none,clustered,0.006435924819234657,0.003292497292948111,1.9547244072209735,184.0517586337225,190,0.010640913761397862,10,unemp,share,all,mi,unweighted,wb_nat,raw,gaussian,TRUE,0.05213024303643494,FALSE,FALSE,0.1426112183661514,0.1426112183661514
mice_pmm,mutil,none,no_bailout,pooled_cl,none,conventional,0.0014059964546504517,0.0010010181498584269,1.4045663955736472,184.02698951242348,190,0.010772774089603749,10,unemp,share,all,mi,unweighted,wb_nat,raw,gaussian,TRUE,0.16183584404553927,FALSE,FALSE,0.10298786128533535,0.10298786128533535
mice_pmm,mutil,none,no_bailout,pooled_cl,none,clustered,0.0014059964546504517,0.0012163615117933737,1.1559034390832417,184.04528472883396,190,0.010675446895534289,10,unemp,share,all,mi,unweighted,wb_nat,raw,gaussian,TRUE,0.24921897565676526,FALSE,FALSE,0.08489624468062576,0.08489624468062576
mice_pmm,mcomm,none,no_bailout,pooled_cl,none,conventional,-0.004347700947466318,0.0012363711551928698,-3.516501439883634,183.94491372271193,190,0.01120472556691447,10,unemp,share,all,mi,unweighted,wb_nat,raw,gaussian,FALSE,5.507254454009187e-4,TRUE,FALSE,-0.2509798284211817,0.2509798284211817
mice_pmm,mcomm,none,no_bailout,pooled_cl,none,clustered,-0.004347700947466318,0.0028159321467780434,-1.5439650960485347,184.05705795168814,190,0.010612609633524419,10,unemp,share,all,mi,unweighted,wb_nat,raw,gaussian,FALSE,0.12431438055334743,FALSE,FALSE,-0.11307507875431752,0.11307507875431752
mice_pmm,mlib,none,no_bailout,pooled_cl,none,conventional,-0.0034940666985020406,0.0014367139470381318,-2.431984951287805,183.9803953093158,190,0.01101891729427418,10,unemp,share,all,mi,unweighted,wb_nat,raw,gaussian,FALSE,0.015974188264434017,TRUE,FALSE,-0.17648352923715416,0.17648352923715416
mice_pmm,mlib,none,no_bailout,pooled_cl,none,clustered,-0.0034940666985020406,0.0019136944315556704,-1.8258226814516372,184.02564476008862,190,0.010779912670386426,10,unemp,share,all,mi,unweighted,wb_nat,raw,gaussian,FALSE,0.06949774904944254,FALSE,FALSE,-0.13338930240467245,0.13338930240467245
mice_pmm,mpos,none,no_bailout,pooled_cl,none,conventional,0.007841921273885078,0.002201525391888858,3.562039894146708,183.98552679979278,190,0.010991929311184008,10,unemp,share,all,mi,unweighted,wb_nat,raw,gaussian,TRUE,4.686015380421032e-4,TRUE,FALSE,0.25399530254950453,0.25399530254950453
mice_pmm,mpos,none,no_bailout,pooled_cl,none,clustered,0.007841921273885078,0.003733176347217976,2.100602956977643,184.04962581772563,190,0.010652296043577186,10,unemp,share,all,mi,unweighted,wb_nat,raw,gaussian,TRUE,0.03703802629179127,TRUE,FALSE,0.15301425493577603,0.15301425493577603
mice_pmm,mneg,none,no_bailout,pooled_cl,none,conventional,-0.007841767645968339,0.002201503754061947,-3.5620051210449506,183.98465825385708,190,0.010996499315692465,10,unemp,share,all,mi,unweighted,wb_nat,raw,gaussian,FALSE,4.686600992101383e-4,TRUE,FALSE,-0.2539935438172934,0.2539935438172934
mice_pmm,mneg,none,no_bailout,pooled_cl,none,clustered,-0.007841767645968339,0.003733165899215885,-2.1005676837494485,184.04932841550928,190,0.010653882779270653,10,unemp,share,all,mi,unweighted,wb_nat,raw,gaussian,FALSE,0.03704116758447406,TRUE,FALSE,-0.15301186641458644,0.15301186641458644
mice_pmm,mcosmo,none,no_bailout,pooled_cl,n_cell,conventional,0.007653107887473554,0.001619385113903234,4.725934443739035,183.86511340402538,190,0.01161764216369367,10,unemp,share,all,mi,unweighted,wb_nat,raw,gaussian,TRUE,4.540438081029085e-6,TRUE,FALSE,0.3291120741564609,0.3291120741564609
mice_pmm,mcosmo,none,no_bailout,pooled_cl,n_cell,clustered,0.007653107887473554,0.0032165776747335394,2.3792703492252945,184.02905937560442,190,0.010761782209889614,10,unemp,share,all,mi,unweighted,wb_nat,raw,gaussian,TRUE,0.018370010986668468,TRUE,FALSE,0.1727514054237985,0.1727514054237985
mice_pmm,mutil,none,no_bailout,pooled_cl,n_cell,conventional,0.0016060941554421324,9.78734743249375e-4,1.64099023409544,183.99758720070872,190,0.010928383854925491,10,unemp,share,all,mi,unweighted,wb_nat,raw,gaussian,TRUE,0.10250770800034995,FALSE,FALSE,0.12010054033851296,0.12010054033851296
mice_pmm,mutil,none,no_bailout,pooled_cl,n_cell,clustered,0.0016060941554421324,0.0012003404974760376,1.3380321323984945,184.02654042598687,190,0.01077515828398326,10,unemp,share,all,mi,unweighted,wb_nat,raw,gaussian,TRUE,0.18253697417818254,FALSE,FALSE,0.09815760931520079,0.09815760931520079
mice_pmm,mcomm,none,no_bailout,pooled_cl,n_cell,conventional,-0.0044844525858653474,0.0012508820911124989,-3.585032208652858,183.95722460053932,190,0.011140413885900676,10,unemp,share,all,mi,unweighted,wb_nat,raw,gaussian,FALSE,4.316806080963139e-4,TRUE,FALSE,-0.25554643906220487,0.25554643906220487
mice_pmm,mcomm,none,no_bailout,pooled_cl,n_cell,clustered,-0.0044844525858653474,0.0029164250613287197,-1.5376539741508861,184.06048008818232,190,0.01059431418869959,10,unemp,share,all,mi,unweighted,wb_nat,raw,gaussian,FALSE,0.12585053273397617,FALSE,FALSE,-0.11261771269413161,0.11261771269413161
mice_pmm,mlib,none,no_bailout,pooled_cl,n_cell,conventional,-0.0047746534182437576,0.001421893118214863,-3.357955219755313,183.96227545712958,190,0.011113980170125132,10,unemp,share,all,mi,unweighted,wb_nat,raw,gaussian,FALSE,9.542811287566441e-4,TRUE,FALSE,-0.24032146950205208,0.24032146950205208
mice_pmm,mlib,none,no_bailout,pooled_cl,n_cell,clustered,-0.0047746534182437576,0.0016502665958827707,-2.8932618706310724,183.99379400706985,190,0.010948387588222804,10,unemp,share,all,mi,unweighted,wb_nat,raw,gaussian,FALSE,0.004273015571802536,TRUE,FALSE,-0.2086051318030616,0.2086051318030616
mice_pmm,mpos,none,no_bailout,pooled_cl,n_cell,conventional,0.009259202042915693,0.0021981063525068913,4.212353980213823,183.95021710717555,190,0.011177041202770618,10,unemp,share,all,mi,unweighted,wb_nat,raw,gaussian,TRUE,3.9529633772723294e-5,TRUE,FALSE,0.29660482789319026,0.29660482789319026
mice_pmm,mpos,none,no_bailout,pooled_cl,n_cell,clustered,0.009259202042915693,0.003630429167992884,2.5504428304366913,184.03504699814047,190,0.010729957487885166,10,unemp,share,all,mi,unweighted,wb_nat,raw,gaussian,TRUE,0.011572939190134007,TRUE,FALSE,0.18476628812179208,0.18476628812179208
mice_pmm,mneg,none,no_bailout,pooled_cl,n_cell,conventional,-0.009259106004109013,0.0021980788736818604,-4.212362947922647,183.94977270778716,190,0.011179362207592781,10,unemp,share,all,mi,unweighted,wb_nat,raw,gaussian,FALSE,3.952824291324858e-5,TRUE,FALSE,-0.29660573054679923,0.29660573054679923
mice_pmm,mneg,none,no_bailout,pooled_cl,n_cell,clustered,-0.009259106004109013,0.0036303998055918145,-2.550437004168919,184.03488744656076,190,0.010730806055291486,10,unemp,share,all,mi,unweighted,wb_nat,raw,gaussian,FALSE,0.011573126587241302,TRUE,FALSE,-0.18476595780672678,0.18476595780672678
mice_pmm,mcosmo,none,no_bailout,pooled_cl,n_eff,conventional,0.007853665463005033,0.0016026348684268451,4.900470854421277,183.85035214478904,190,0.011693287182688906,10,unemp,share,all,mi,unweighted,wb_nat,raw,gaussian,TRUE,2.0905233863586304e-6,TRUE,FALSE,0.3398968662254282,0.3398968662254282
mice_pmm,mcosmo,none,no_bailout,pooled_cl,n_eff,clustered,0.007853665463005033,0.003133029857055127,2.506731764882394,184.0235598090749,190,0.010790976464694686,10,unemp,share,all,mi,unweighted,wb_nat,raw,gaussian,TRUE,0.013051727976903542,TRUE,FALSE,0.18171056620931855,0.18171056620931855
mice_pmm,mutil,none,no_bailout,pooled_cl,n_eff,conventional,0.0016235229904471738,9.766828156617564e-4,1.6622827436020233,184.00003895766937,190,0.010915445660808801,10,unemp,share,all,mi,unweighted,wb_nat,raw,gaussian,TRUE,0.0981587126161948,FALSE,FALSE,0.12163518403582768,0.12163518403582768
mice_pmm,mutil,none,no_bailout,pooled_cl,n_eff,clustered,0.0016235229904471738,0.0011834402590421937,1.3718672979413062,184.02680013551682,190,0.010773779517575938,10,unemp,share,all,mi,unweighted,wb_nat,raw,gaussian,TRUE,0.17177485921733648,FALSE,FALSE,0.10061485519398268,0.10061485519398268
mice_pmm,mcomm,none,no_bailout,pooled_cl,n_eff,conventional,-0.0047524924480135036,0.0012364870176322061,-3.843544153916168,183.95431685209616,190,0.0111556188802716,10,unemp,share,all,mi,unweighted,wb_nat,raw,gaussian,FALSE,1.6689785629537738e-4,TRUE,FALSE,-0.272648601267099,0.272648601267099
mice_pmm,mcomm,none,no_bailout,pooled_cl,n_eff,clustered,-0.0047524924480135036,0.00281890252222145,-1.68593713707712,184.05887635277494,190,0.010602889801255573,10,unemp,share,all,mi,unweighted,wb_nat,raw,gaussian,FALSE,0.09350231787078916,FALSE,FALSE,-0.12332049581811645,0.12332049581811645
mice_pmm,mlib,none,no_bailout,pooled_cl,n_eff,conventional,-0.004724585076509138,0.0013922899069660805,-3.393391744686576,183.9519082277086,190,0.011168206855747077,10,unemp,share,all,mi,unweighted,wb_nat,raw,gaussian,FALSE,8.453608947814181e-4,TRUE,FALSE,-0.24271535810275385,0.24271535810275385
mice_pmm,mlib,none,no_bailout,pooled_cl,n_eff,clustered,-0.004724585076509138,0.0016073621777319474,-2.939340704890616,183.9851025703885,190,0.010994161573072994,10,unemp,share,all,mi,unweighted,wb_nat,raw,gaussian,FALSE,0.003710795951833545,TRUE,FALSE,-0.21178431804173617,0.21178431804173617
mice_pmm,mpos,none,no_bailout,pooled_cl,n_eff,conventional,0.009477188453452324,0.0021794279196794995,4.348475289261235,183.9430142538727,190,0.01121463356799755,10,unemp,share,all,mi,unweighted,wb_nat,raw,gaussian,TRUE,2.266998044691399e-5,TRUE,FALSE,0.3053142608919178,0.3053142608919178
mice_pmm,mpos,none,no_bailout,pooled_cl,n_eff,clustered,0.009477188453452324,0.0035801465675630467,2.6471509684318058,184.031897000164,190,0.0107467051551803,10,unemp,share,all,mi,unweighted,wb_nat,raw,gaussian,TRUE,0.008821126791212058,TRUE,FALSE,0.19152141645177861,0.19152141645177861
mice_pmm,mneg,none,no_bailout,pooled_cl,n_eff,conventional,-0.009477077524522587,0.0021794014618406196,-4.348477180757094,183.94262445982181,190,0.011216666323204505,10,unemp,share,all,mi,unweighted,wb_nat,raw,gaussian,FALSE,2.2669825931060106e-5,TRUE,FALSE,-0.3053146746588577,0.3053146746588577
mice_pmm,mneg,none,no_bailout,pooled_cl,n_eff,clustered,-0.009477077524522587,0.0035801224199897373,-2.6471378385294866,184.03175582513532,190,0.010747455475315892,10,unemp,share,all,mi,unweighted,wb_nat,raw,gaussian,FALSE,0.00882145704115693,TRUE,FALSE,-0.19152057211280266,0.19152057211280266
mice_pmm,mcosmo,none,no_bailout,pooled_cl,pop,conventional,0.00994721960872944,0.0019338870870642818,5.1436403269178035,183.70379650062227,190,0.01243245582166115,10,unemp,share,all,mi,unweighted,wb_nat,raw,gaussian,TRUE,6.872220471514828e-7,TRUE,FALSE,0.35480906144813873,0.35480906144813873
mice_pmm,mcosmo,none,no_bailout,pooled_cl,pop,clustered,0.00994721960872944,0.003696699949647564,2.6908377050395416,183.98248166206506,190,0.01100794811900815,10,unemp,share,all,mi,unweighted,wb_nat,raw,gaussian,TRUE,0.007783815013027658,TRUE,FALSE,0.19458857584860156,0.19458857584860156
mice_pmm,mutil,none,no_bailout,pooled_cl,pop,conventional,9.726449477265364e-4,9.971792997519303e-4,0.9753962481657037,183.551835441101,190,0.013177453729898318,10,unemp,share,all,mi,unweighted,wb_nat,raw,gaussian,TRUE,0.3306474700969909,FALSE,FALSE,0.07180903493349214,0.07180903493349214
mice_pmm,mutil,none,no_bailout,pooled_cl,pop,clustered,9.726449477265364e-4,0.0011222232442919572,0.8667125303933675,183.6683811597951,190,0.01260796460277066,10,unemp,share,all,mi,unweighted,wb_nat,raw,gaussian,TRUE,0.38723038351861416,FALSE,FALSE,0.06382217063422618,0.06382217063422618
mice_pmm,mcomm,none,no_bailout,pooled_cl,pop,conventional,-0.0032982500079864418,0.0012916093469192674,-2.5535971970576026,183.56755936979124,190,0.01310132547084811,10,unemp,share,all,mi,unweighted,wb_nat,raw,gaussian,FALSE,0.01147435827957179,TRUE,FALSE,-0.18521432141335287,0.18521432141335287
mice_pmm,mcomm,none,no_bailout,pooled_cl,pop,clustered,-0.0032982500079864418,0.003711773564448984,-0.8885913838001241,184.02380434929984,190,0.01078967907033236,10,unemp,share,all,mi,unweighted,wb_nat,raw,gaussian,FALSE,0.37538273669558764,FALSE,FALSE,-0.06536351074594286,0.06536351074594286
mice_pmm,mlib,none,no_bailout,pooled_cl,pop,conventional,-0.0076216774805773265,0.0016737348483303422,-4.553694683587689,183.8656308676733,190,0.011614986290875113,10,unemp,share,all,mi,unweighted,wb_nat,raw,gaussian,FALSE,9.571696968720617e-6,TRUE,FALSE,-0.3183531999195318,0.3183531999195318
mice_pmm,mlib,none,no_bailout,pooled_cl,pop,clustered,-0.0076216774805773265,0.0025379524945997388,-3.0030812226764487,183.98994778553913,190,0.010968654418703512,10,unemp,share,all,mi,unweighted,wb_nat,raw,gaussian,FALSE,0.0030444452034352823,TRUE,FALSE,-0.21616178751394016,0.21616178751394016
mice_pmm,mpos,none,no_bailout,pooled_cl,pop,conventional,0.01091986455645586,0.00250510468767057,4.359045196873569,183.85074782326663,190,0.011691262439784427,10,unemp,share,all,mi,unweighted,wb_nat,raw,gaussian,TRUE,2.1705484592265458e-5,TRUE,FALSE,0.30605656565156947,0.30605656565156947
mice_pmm,mpos,none,no_bailout,pooled_cl,pop,clustered,0.01091986455645586,0.004159242747690723,2.6254453560131203,184.00035139181819,190,0.010913796422885454,10,unemp,share,all,mi,unweighted,wb_nat,raw,gaussian,TRUE,0.009381697792351982,TRUE,FALSE,0.1900236360978143,0.1900236360978143
mice_pmm,mneg,none,no_bailout,pooled_cl,pop,conventional,-0.01091992748856393,0.002505080449083577,-4.35911249579179,183.85073928791752,190,0.011691306118078991,10,unemp,share,all,mi,unweighted,wb_nat,raw,gaussian,FALSE,2.169943935983359e-5,TRUE,FALSE,-0.3060608546512741,0.3060608546512741
mice_pmm,mneg,none,no_bailout,pooled_cl,pop,clustered,-0.01091992748856393,0.004159443653320416,-2.625333674095268,184.00035811206172,190,0.010913760947699577,10,unemp,share,all,mi,unweighted,wb_nat,raw,gaussian,FALSE,0.009384662429957204,TRUE,FALSE,-0.19001584133632754,0.19001584133632754
mice_pmm,mcosmo,none,no_GR_ES,fe_twoway,none,conventional,-0.002398568002499381,0.0010897749415044406,-2.2009755511428297,210.68009063727933,250,0.010945164288120335,10,unemp,share,all,mi,unweighted,wb_nat,raw,gaussian,TRUE,0.02882378572407895,TRUE,TRUE,-0.14992256783630675,-0.14992256783630675
mice_pmm,mcosmo,none,no_GR_ES,fe_twoway,none,clustered,-0.002398568002499381,0.001940968938117795,-1.2357580563990536,210.95265077578762,250,0.00973254918499164,10,unemp,share,all,mi,unweighted,wb_nat,raw,gaussian,TRUE,0.2179228444361448,FALSE,TRUE,-0.08477634298940037,-0.08477634298940037
mice_pmm,mutil,none,no_GR_ES,fe_twoway,none,conventional,-0.0019224828149178434,4.894171306541339e-4,-3.928106914337746,209.965571955817,250,0.01385516027790075,10,unemp,share,all,mi,unweighted,wb_nat,raw,gaussian,TRUE,1.1614999670339473e-4,TRUE,TRUE,-0.26164388364882146,-0.26164388364882146
mice_pmm,mutil,none,no_GR_ES,fe_twoway,none,clustered,-0.0019224828149178434,6.033490795416529e-4,-3.1863524452184446,210.36920365511276,250,0.012254275606949526,10,unemp,share,all,mi,unweighted,wb_nat,raw,gaussian,TRUE,0.0016599836147800705,TRUE,TRUE,-0.21456940931629226,-0.21456940931629226
mice_pmm,mcomm,none,no_GR_ES,fe_twoway,none,conventional,0.005303746938129274,8.253221922546699e-4,6.426274475475021,210.31841810595034,250,0.012461464760664613,10,unemp,share,all,mi,unweighted,wb_nat,raw,gaussian,FALSE,8.606816213623972e-10,TRUE,TRUE,0.4051264915761994,-0.4051264915761994
mice_pmm,mcomm,none,no_GR_ES,fe_twoway,none,clustered,0.005303746938129274,0.0020327775232010874,2.609113332666761,210.95623038531326,250,0.00971617211418264,10,unemp,share,all,mi,unweighted,wb_nat,raw,gaussian,FALSE,0.009727535018642245,TRUE,TRUE,0.17680730230626926,-0.17680730230626926
mice_pmm,mlib,none,no_GR_ES,fe_twoway,none,conventional,-9.828040805307321e-4,6.12620072711492e-4,-1.6042635955116262,208.6171585838848,250,0.01860336038986416,10,unemp,share,all,mi,unweighted,wb_nat,raw,gaussian,FALSE,0.11016876729501682,FALSE,FALSE,-0.11039215462687003,0.11039215462687003
mice_pmm,mlib,none,no_GR_ES,fe_twoway,none,clustered,-9.828040805307321e-4,8.852468081422722e-4,-1.110203472626112,210.00841297484152,250,0.013689975451049942,10,unemp,share,all,mi,unweighted,wb_nat,raw,gaussian,FALSE,0.26818092012004696,FALSE,FALSE,-0.07638595458669273,0.07638595458669273
mice_pmm,mpos,none,no_GR_ES,fe_twoway,none,conventional,-0.004321050817417224,0.0011173344104328348,-3.8672851897072857,210.77529411287082,250,0.010529039296049196,10,unemp,share,all,mi,unweighted,wb_nat,raw,gaussian,TRUE,1.4662333482985354e-4,TRUE,TRUE,-0.25740111006251964,-0.25740111006251964
mice_pmm,mpos,none,no_GR_ES,fe_twoway,none,clustered,-0.004321050817417224,0.0021087235906715783,-2.049130970285713,210.99138837625887,250,0.009554658002146596,10,unemp,share,all,mi,unweighted,wb_nat,raw,gaussian,TRUE,0.04168674623626183,TRUE,TRUE,-0.1396877574980836,-0.1396877574980836
mice_pmm,mneg,none,no_GR_ES,fe_twoway,none,conventional,0.004320942857598541,0.001117344068549925,3.8671551397826867,210.7743124822997,250,0.010533369190596376,10,unemp,share,all,mi,unweighted,wb_nat,raw,gaussian,FALSE,1.4669649573294217e-4,TRUE,TRUE,0.25739358725919614,-0.25739358725919614
mice_pmm,mneg,none,no_GR_ES,fe_twoway,none,clustered,0.004320942857598541,0.00210880543899988,2.0490002433073142,210.99112973467388,250,0.00955585061799348,10,unemp,share,all,mi,unweighted,wb_nat,raw,gaussian,FALSE,0.041699652085349245,TRUE,TRUE,0.13967910374956283,-0.13967910374956283
mice_pmm,mcosmo,none,no_GR_ES,fe_twoway,n_cell,conventional,-8.729465842263807e-4,0.0010076382683777653,-0.8663293283131954,210.33093990503076,250,0.012410543187532382,10,unemp,share,all,mi,unweighted,wb_nat,raw,gaussian,TRUE,0.38729675204385594,FALSE,TRUE,-0.05962906035949481,-0.05962906035949481
mice_pmm,mcosmo,none,no_GR_ES,fe_twoway,n_cell,clustered,-8.729465842263807e-4,0.0015727296985685998,-0.5550518852800211,210.78125054247107,250,0.01050274805678797,10,unemp,share,all,mi,unweighted,wb_nat,raw,gaussian,TRUE,0.5794477176645622,FALSE,TRUE,-0.03820326123183809,-0.03820326123183809
mice_pmm,mutil,none,no_GR_ES,fe_twoway,n_cell,conventional,-0.001999089583997091,4.720640093223917e-4,-4.234784996353813,210.05238250192255,250,0.013519328448395063,10,unemp,share,all,mi,unweighted,wb_nat,raw,gaussian,TRUE,3.421175672893359e-5,TRUE,TRUE,-0.2804642298583364,-0.2804642298583364
mice_pmm,mutil,none,no_GR_ES,fe_twoway,n_cell,clustered,-0.001999089583997091,6.50930757112024e-4,-3.0711247888583815,210.56000391163167,250,0.011459508834075642,10,unemp,share,all,mi,unweighted,wb_nat,raw,gaussian,TRUE,0.002413729808903007,TRUE,TRUE,-0.2070590445336088,-0.2070590445336088
mice_pmm,mcomm,none,no_GR_ES,fe_twoway,n_cell,conventional,0.0044550027013306945,7.383033261902474e-4,6.034108940452912,210.4471976586725,250,0.011932589351965379,10,unemp,share,all,mi,unweighted,wb_nat,raw,gaussian,FALSE,7.112009787225851e-9,TRUE,TRUE,0.38405182692915574,-0.38405182692915574
mice_pmm,mcomm,none,no_GR_ES,fe_twoway,n_cell,clustered,0.0044550027013306945,0.0015780163495698277,2.8231663775506144,210.94268028702461,250,0.009778100094214447,10,unemp,share,all,mi,unweighted,wb_nat,raw,gaussian,FALSE,0.005210423279006982,TRUE,TRUE,0.1908098313833594,-0.1908098313833594
mice_pmm,mlib,none,no_GR_ES,fe_twoway,n_cell,conventional,-0.0015831179151925587,6.077687890003705e-4,-2.6048029182222345,208.41141320178704,250,0.01926492305340967,10,unemp,share,all,mi,unweighted,wb_nat,raw,gaussian,FALSE,0.009854912323830983,TRUE,FALSE,-0.17756499657568744,0.17756499657568744
mice_pmm,mlib,none,no_GR_ES,fe_twoway,n_cell,clustered,-0.0015831179151925587,0.0011067609235175875,-1.4304064062552724,210.37824480927182,250,0.012217204519834638,10,unemp,share,all,mi,unweighted,wb_nat,raw,gaussian,FALSE,0.154083966296152,FALSE,FALSE,-0.09814255073274954,0.09814255073274954
mice_pmm,mpos,none,no_GR_ES,fe_twoway,n_cell,conventional,-0.002872036168223472,0.00103381792660499,-2.778087025106157,210.30530484851198,250,0.01251467812844683,10,unemp,share,all,mi,unweighted,wb_nat,raw,gaussian,TRUE,0.005962563626430283,TRUE,TRUE,-0.18814583919297667,-0.18814583919297667
mice_pmm,mpos,none,no_GR_ES,fe_twoway,n_cell,clustered,-0.002872036168223472,0.0017573188786711423,-1.6343284096482604,210.82013029518293,250,0.010330373721000943,10,unemp,share,all,mi,unweighted,wb_nat,raw,gaussian,TRUE,0.10368226348777614,FALSE,TRUE,-0.11185344949442508,-0.11185344949442508
mice_pmm,mneg,none,no_GR_ES,fe_twoway,n_cell,conventional,0.002871884786138135,0.0010338255282927769,2.7779201688709163,210.3035231836867,250,0.012521899177726446,10,unemp,share,all,mi,unweighted,wb_nat,raw,gaussian,FALSE,0.00596552022906884,TRUE,TRUE,0.1881357075636382,-0.1881357075636382
mice_pmm,mneg,none,no_GR_ES,fe_twoway,n_cell,clustered,0.002871884786138135,0.001757360950210577,1.6342031418155782,210.81957738482876,250,0.010332834407406977,10,unemp,share,all,mi,unweighted,wb_nat,raw,gaussian,FALSE,0.10370858290307647,FALSE,TRUE,0.11184512824488252,-0.11184512824488252
mice_pmm,mcosmo,none,no_GR_ES,fe_twoway,n_eff,conventional,-8.801053360473691e-4,0.001009000362002384,-0.8722547277394235,210.3384115880503,250,0.012380107891344904,10,unemp,share,all,mi,unweighted,wb_nat,raw,gaussian,TRUE,0.3840640176019309,FALSE,TRUE,-0.06003437549800116,-0.06003437549800116
mice_pmm,mcosmo,none,no_GR_ES,fe_twoway,n_eff,clustered,-8.801053360473691e-4,0.001577112287842241,-0.5580486201470813,210.7849300585572,250,0.010486491554908854,10,unemp,share,all,mi,unweighted,wb_nat,raw,gaussian,TRUE,0.5774034163585529,FALSE,TRUE,-0.038408883088931145,-0.038408883088931145
mice_pmm,mutil,none,no_GR_ES,fe_twoway,n_eff,conventional,-0.0019267282332436416,4.702016589711318e-4,-4.0976636225818455,210.0833070140725,250,0.013398623204628942,10,unemp,share,all,mi,unweighted,wb_nat,raw,gaussian,TRUE,5.9596481877266784e-5,TRUE,TRUE,-0.272046907012898,-0.272046907012898
mice_pmm,mutil,none,no_GR_ES,fe_twoway,n_eff,clustered,-0.0019267282332436416,6.403269815243065e-4,-3.0089755528605724,210.56174357140986,250,0.011452138329104565,10,unemp,share,all,mi,unweighted,wb_nat,raw,gaussian,TRUE,0.002940968499419964,TRUE,TRUE,-0.20304251749798577,-0.20304251749798577
mice_pmm,mcomm,none,no_GR_ES,fe_twoway,n_eff,conventional,0.004316300081015706,7.372323849680636e-4,5.854734774304149,210.43187064941202,250,0.011996146383315911,10,unemp,share,all,mi,unweighted,wb_nat,raw,gaussian,FALSE,1.8159064447323914e-8,TRUE,TRUE,0.37426701526484035,-0.37426701526484035
mice_pmm,mcomm,none,no_GR_ES,fe_twoway,n_eff,clustered,0.004316300081015706,0.001582587958470885,2.7273682059265543,210.94080236359738,250,0.009786668842945642,10,unemp,share,all,mi,unweighted,wb_nat,raw,gaussian,FALSE,0.006921881521916068,TRUE,TRUE,0.18456017749956136,-0.18456017749956136
mice_pmm,mlib,none,no_GR_ES,fe_twoway,n_eff,conventional,-0.0015096220774472714,6.03812102892925e-4,-2.5001520675298146,208.18555679440988,250,0.01997557518461989,10,unemp,share,all,mi,unweighted,wb_nat,raw,gaussian,FALSE,0.013185715872697096,TRUE,FALSE,-0.1707329148044582,0.1707329148044582
mice_pmm,mlib,none,no_GR_ES,fe_twoway,n_eff,clustered,-0.0015096220774472714,0.0010601842753514583,-1.423924229537192,210.26489973850767,250,0.012677919544155843,10,unemp,share,all,mi,unweighted,wb_nat,raw,gaussian,FALSE,0.1559506926371328,FALSE,FALSE,-0.09772813147686606,0.09772813147686606
mice_pmm,mpos,none,no_GR_ES,fe_twoway,n_eff,conventional,-0.0028068335692910105,0.001032798427567937,-2.7176973689828534,210.28481394649316,250,0.01259759924258604,10,unemp,share,all,mi,unweighted,wb_nat,raw,gaussian,TRUE,0.007121996954038329,TRUE,TRUE,-0.18420487261394755,-0.18420487261394755
mice_pmm,mpos,none,no_GR_ES,fe_twoway,n_eff,clustered,-0.0028068335692910105,0.0017737308751991695,-1.5824461357339994,210.8191006326751,250,0.01033495593929795,10,unemp,share,all,mi,unweighted,wb_nat,raw,gaussian,TRUE,0.11504678628220169,FALSE,TRUE,-0.10834524455767805,-0.10834524455767805
mice_pmm,mneg,none,no_GR_ES,fe_twoway,n_eff,conventional,0.0028066780035684346,0.0010328056103538527,2.717527843992666,210.28294696581554,250,0.012605140509188241,10,unemp,share,all,mi,unweighted,wb_nat,raw,gaussian,FALSE,0.007125525281478431,TRUE,TRUE,0.18419456203175427,-0.18419456203175427
mice_pmm,mneg,none,no_GR_ES,fe_twoway,n_eff,clustered,0.0028066780035684346,0.001773776724764772,1.5823175286848123,210.81853588133168,250,0.010337468803524165,10,unemp,share,all,mi,unweighted,wb_nat,raw,gaussian,FALSE,0.11507614025717514,FALSE,TRUE,0.10833668598267047,-0.10833668598267047
mice_pmm,mcosmo,none,no_GR_ES,fe_twoway,pop,conventional,-0.00326333940827922,8.118998833889085e-4,-4.019386472452597,203.4521752605399,250,0.032374374382358614,10,unemp,share,all,mi,unweighted,wb_nat,raw,gaussian,TRUE,8.214899661894773e-5,TRUE,TRUE,-0.27122894910222506,-0.27122894910222506
mice_pmm,mcosmo,none,no_GR_ES,fe_twoway,pop,clustered,-0.00326333940827922,0.0016018926261663175,-2.03717737067628,209.6246110775118,250,0.01513405184442173,10,unemp,share,all,mi,unweighted,wb_nat,raw,gaussian,TRUE,0.042889039905790904,TRUE,TRUE,-0.13933194116854175,-0.13933194116854175
mice_pmm,mutil,none,no_GR_ES,fe_twoway,pop,conventional,-0.0015726812625694415,4.473155986167408e-4,-3.515820300997176,199.5478966252005,250,0.040540747741864544,10,unemp,share,all,mi,unweighted,wb_nat,raw,gaussian,TRUE,5.42560882376443e-4,TRUE,TRUE,-0.24151943397975367,-0.24151943397975367
mice_pmm,mutil,none,no_GR_ES,fe_twoway,pop,clustered,-0.0015726812625694415,8.168471742029374e-4,-1.925306608428965,208.62420377780356,250,0.01858045621348322,10,unemp,share,all,mi,unweighted,wb_nat,raw,gaussian,TRUE,0.05555073827151799,FALSE,TRUE,-0.13212749138629418,-0.13212749138629418
mice_pmm,mcomm,none,no_GR_ES,fe_twoway,pop,conventional,0.0060038960023629925,6.97407784622796e-4,8.608874369835569,204.50345409782736,250,0.029926492239994898,10,unemp,share,all,mi,unweighted,wb_nat,raw,gaussian,FALSE,1.972448578605053e-15,TRUE,TRUE,0.515754718189527,-0.515754718189527
mice_pmm,mcomm,none,no_GR_ES,fe_twoway,pop,clustered,0.0060038960023629925,0.002164815888584098,2.773397975330758,210.59094703357695,250,0.011328062372190431,10,unemp,share,all,mi,unweighted,wb_nat,raw,gaussian,FALSE,0.006045347965191086,TRUE,TRUE,0.18771654497624352,-0.18771654497624352
mice_pmm,mlib,none,no_GR_ES,fe_twoway,pop,conventional,-0.0011678376767831353,5.456941477893137e-4,-2.1400956589221556,196.5934218655862,250,0.04603460994721579,10,unemp,share,all,mi,unweighted,wb_nat,raw,gaussian,FALSE,0.03357933266871885,TRUE,FALSE,-0.15088562784124113,0.15088562784124113
mice_pmm,mlib,none,no_GR_ES,fe_twoway,pop,clustered,-0.0011678376767831353,0.0016253685401057274,-0.7185063866851819,210.10104039750274,250,0.013329146490256816,10,unemp,share,all,mi,unweighted,wb_nat,raw,gaussian,FALSE,0.4732433825850654,FALSE,FALSE,-0.0495089391675367,0.0495089391675367
mice_pmm,mpos,none,no_GR_ES,fe_twoway,pop,conventional,-0.004836020670848662,8.113440518626136e-4,-5.960505484383035,203.80930182627438,250,0.031557350636156306,10,unemp,share,all,mi,unweighted,wb_nat,raw,gaussian,TRUE,1.091848633473667e-8,TRUE,TRUE,-0.385281571118333,-0.385281571118333
mice_pmm,mpos,none,no_GR_ES,fe_twoway,pop,clustered,-0.004836020670848662,0.0012770243788503268,-3.7869446746211772,208.73762083637723,250,0.01820936655222526,10,unemp,share,all,mi,unweighted,wb_nat,raw,gaussian,TRUE,0.00019939487255079709,TRUE,TRUE,-0.25354790919428294,-0.25354790919428294
mice_pmm,mneg,none,no_GR_ES,fe_twoway,pop,conventional,0.004836058325579857,8.113640632346414e-4,5.960404884460972,203.81328202433284,250,0.031548163785002775,10,unemp,share,all,mi,unweighted,wb_nat,raw,gaussian,FALSE,1.0923928984097729e-8,TRUE,TRUE,0.38527283011604985,-0.38527283011604985
mice_pmm,mneg,none,no_GR_ES,fe_twoway,pop,clustered,0.004836058325579857,0.0012772187627893106,3.786397809423358,208.73944693404746,250,0.018203354789740854,10,unemp,share,all,mi,unweighted,wb_nat,raw,gaussian,FALSE,1.9980511080210783e-4,TRUE,TRUE,0.25351261054385965,-0.25351261054385965
mice_pmm,mcosmo,none,no_GR_ES,fe_country,none,conventional,-0.004740661096063783,9.828646189966274e-4,-4.823310356723757,219.279806578871,250,0.012103313486492826,10,unemp,share,all,mi,unweighted,wb_nat,raw,gaussian,TRUE,2.640990359220387e-6,TRUE,TRUE,-0.30970614606197744,-0.30970614606197744
mice_pmm,mcosmo,none,no_GR_ES,fe_country,none,clustered,-0.004740661096063783,0.0020204787414476815,-2.34630585257585,219.89392839622005,250,0.009589750141402712,10,unemp,share,all,mi,unweighted,wb_nat,raw,gaussian,TRUE,0.019849934877996196,TRUE,TRUE,-0.15628185403668365,-0.15628185403668365
mice_pmm,mutil,none,no_GR_ES,fe_country,none,conventional,-0.0036055838371273695,5.357772560255344e-4,-6.729632130848668,219.47240062334146,250,0.011344857388788335,10,unemp,share,all,mi,unweighted,wb_nat,raw,gaussian,TRUE,1.4608763508120765e-10,TRUE,TRUE,-0.4135850691824558,-0.4135850691824558
mice_pmm,mutil,none,no_GR_ES,fe_country,none,clustered,-0.0036055838371273695,7.245174566390212e-4,-4.976531350746724,219.75202969319437,250,0.010196454646900171,10,unemp,share,all,mi,unweighted,wb_nat,raw,gaussian,TRUE,1.3061223829195497e-6,TRUE,TRUE,-0.3182522048010285,-0.3182522048010285
mice_pmm,mcomm,none,no_GR_ES,fe_country,none,conventional,0.005493284842608594,6.99215048260202e-4,7.8563595796129855,219.1290837080194,250,0.012680282794940835,10,unemp,share,all,mi,unweighted,wb_nat,raw,gaussian,FALSE,1.7574949163751814e-13,TRUE,TRUE,0.4687950337087347,-0.4687950337087347
mice_pmm,mcomm,none,no_GR_ES,fe_country,none,clustered,0.005493284842608594,0.0019369769582921444,2.836009390350254,219.95690081970315,250,0.00931482866550431,10,unemp,share,all,mi,unweighted,wb_nat,raw,gaussian,FALSE,0.004994285652207747,TRUE,TRUE,0.18781937187194322,-0.18781937187194322
mice_pmm,mlib,none,no_GR_ES,fe_country,none,conventional,0.0028529788411387896,7.376462545948665e-4,3.8676788818045527,218.78794719848744,250,0.013937905244744,10,unemp,share,all,mi,unweighted,wb_nat,raw,gaussian,FALSE,1.4493576489775525e-4,TRUE,TRUE,0.2529749339310202,-0.2529749339310202
mice_pmm,mlib,none,no_GR_ES,fe_country,none,clustered,0.0028529788411387896,0.0011623922347418446,2.454402873546731,219.58845698432427,250,0.010875393503067031,10,unemp,share,all,mi,unweighted,wb_nat,raw,gaussian,FALSE,0.014889828655887106,TRUE,TRUE,0.16340457931126381,-0.16340457931126381
mice_pmm,mpos,none,no_GR_ES,fe_country,none,conventional,-0.008346244933191154,0.001088096571772,-7.670500164887963,219.43543163897013,250,0.011492386996816982,10,unemp,share,all,mi,unweighted,wb_nat,raw,gaussian,TRUE,5.525708367029831e-13,TRUE,TRUE,-0.4598211311479664,-0.4598211311479664
mice_pmm,mpos,none,no_GR_ES,fe_country,none,clustered,-0.008346244933191154,0.0024055672722709436,-3.469553742852509,219.94677859074997,250,0.009359264619545463,10,unemp,share,all,mi,unweighted,wb_nat,raw,gaussian,TRUE,6.272089143236107e-4,TRUE,TRUE,-0.22779493230764933,-0.22779493230764933
mice_pmm,mneg,none,no_GR_ES,fe_country,none,conventional,0.008346263683747383,0.00108811531429444,7.6703852745233165,219.43493405553795,250,0.011494366207894213,10,unemp,share,all,mi,unweighted,wb_nat,raw,gaussian,FALSE,5.529649651420022e-13,TRUE,TRUE,0.4598161111493131,-0.4598161111493131
mice_pmm,mneg,none,no_GR_ES,fe_country,none,clustered,0.008346263683747383,0.002405650109504493,3.4694420650667754,219.94669055817485,250,0.009359650661025148,10,unemp,share,all,mi,unweighted,wb_nat,raw,gaussian,FALSE,6.274561154632954e-4,TRUE,TRUE,0.22778802373525855,-0.22778802373525855
mice_pmm,mcosmo,none,no_GR_ES,fe_country,n_cell,conventional,-0.0033850138580067027,9.292611647862454e-4,-3.642693772514797,218.66074533263043,250,0.01439123741645609,10,unemp,share,all,mi,unweighted,wb_nat,raw,gaussian,TRUE,3.369556431706245e-4,TRUE,TRUE,-0.23919066910202308,-0.23919066910202308
mice_pmm,mcosmo,none,no_GR_ES,fe_country,n_cell,clustered,-0.0033850138580067027,0.0016850115796536967,-2.008896495953096,219.67763091792474,250,0.01050786141918536,10,unemp,share,all,mi,unweighted,wb_nat,raw,gaussian,TRUE,0.04577199389560981,TRUE,TRUE,-0.13431102486120505,-0.13431102486120505
mice_pmm,mutil,none,no_GR_ES,fe_country,n_cell,conventional,-0.0035429611450947824,5.109205969164473e-4,-6.934465289670395,219.46191742675666,250,0.011386788653497756,10,unemp,share,all,mi,unweighted,wb_nat,raw,gaussian,TRUE,4.5005003750376905e-11,TRUE,TRUE,-0.42394696912655494,-0.42394696912655494
mice_pmm,mutil,none,no_GR_ES,fe_country,n_cell,clustered,-0.0035429611450947824,7.051584184751711e-4,-5.02434779514659,219.75995793078152,250,0.010163005500151924,10,unemp,share,all,mi,unweighted,wb_nat,raw,gaussian,TRUE,1.0454190472876712e-6,TRUE,TRUE,-0.3209911669484277,-0.3209911669484277
mice_pmm,mcomm,none,no_GR_ES,fe_country,n_cell,conventional,0.004677148287591354,6.363385408443183e-4,7.350094308896543,219.09572083261773,250,0.01280614545409543,10,unemp,share,all,mi,unweighted,wb_nat,raw,gaussian,FALSE,3.886582173983217e-12,TRUE,TRUE,0.44475052762000683,-0.44475052762000683
mice_pmm,mcomm,none,no_GR_ES,fe_country,n_cell,clustered,0.004677148287591354,0.001389600206622702,3.365822964979792,219.8803776661411,250,0.009648440987795307,10,unemp,share,all,mi,unweighted,wb_nat,raw,gaussian,FALSE,9.005687872688477e-4,TRUE,TRUE,0.22135471050357874,-0.22135471050357874
mice_pmm,mlib,none,no_GR_ES,fe_country,n_cell,conventional,0.0022507612989975754,7.643602725339792e-4,2.9446340683509544,218.66872571994605,250,0.014363029327766353,10,unemp,share,all,mi,unweighted,wb_nat,raw,gaussian,FALSE,0.003582810652188436,TRUE,TRUE,0.19529619905485135,-0.19529619905485135
mice_pmm,mlib,none,no_GR_ES,fe_country,n_cell,clustered,0.0022507612989975754,0.0014993720668079824,1.5011359413872687,219.73846602490752,250,0.01025356014931987,10,unemp,share,all,mi,unweighted,wb_nat,raw,gaussian,FALSE,0.1347559511890228,FALSE,TRUE,0.10075149136828508,-0.10075149136828508
mice_pmm,mpos,none,no_GR_ES,fe_country,n_cell,conventional,-0.0069279750031014855,0.0010378857224882163,-6.675084600347359,219.02515712406742,250,0.013070226981503223,10,unemp,share,all,mi,unweighted,wb_nat,raw,gaussian,TRUE,1.9991437566368473e-10,TRUE,TRUE,-0.4111487485702627,-0.4111487485702627
mice_pmm,mpos,none,no_GR_ES,fe_country,n_cell,clustered,-0.0069279750031014855,0.0020646852620618745,-3.3554629998099283,219.82492104985207,250,0.009886952920785572,10,unemp,share,all,mi,unweighted,wb_nat,raw,gaussian,TRUE,9.332956832064662e-4,TRUE,TRUE,-0.2207331018523237,-0.2207331018523237
mice_pmm,mneg,none,no_GR_ES,fe_country,n_cell,conventional,0.0069279095865889305,0.0010379007833814073,6.674924711029017,219.02445695631013,250,0.01307283311832382,10,unemp,share,all,mi,unweighted,wb_nat,raw,gaussian,FALSE,2.000967221799135e-10,TRUE,TRUE,0.41114111107611867,-0.41114111107611867
mice_pmm,mneg,none,no_GR_ES,fe_country,n_cell,clustered,0.0069279095865889305,0.002064722350136898,3.355371043535024,219.8247688059289,250,0.009887604034917735,10,unemp,share,all,mi,unweighted,wb_nat,raw,gaussian,FALSE,9.335908444787327e-4,TRUE,TRUE,0.22072742010784352,-0.22072742010784352
mice_pmm,mcosmo,none,no_GR_ES,fe_country,n_eff,conventional,-0.0033862280336772526,9.236577605623799e-4,-3.6661068398488936,218.6460006415311,250,0.014443274667128796,10,unemp,share,all,mi,unweighted,wb_nat,raw,gaussian,TRUE,3.092063423911224e-4,TRUE,TRUE,-0.2406469309755499,-0.2406469309755499
mice_pmm,mcosmo,none,no_GR_ES,fe_country,n_eff,clustered,-0.0033862280336772526,0.0017099425393250927,-1.9803168561522442,219.69055192417412,250,0.010454096146622637,10,unemp,share,all,mi,unweighted,wb_nat,raw,gaussian,TRUE,0.04891581021262597,TRUE,TRUE,-0.13243016810707667,-0.13243016810707667
mice_pmm,mutil,none,no_GR_ES,fe_country,n_eff,conventional,-0.0035459132950132256,5.081408588322977e-4,-6.97820935549583,219.47831679358973,250,0.011321159525978041,10,unemp,share,all,mi,unweighted,wb_nat,raw,gaussian,TRUE,3.4895995424243344e-11,TRUE,TRUE,-0.4261238914252764,-0.4261238914252764
mice_pmm,mutil,none,no_GR_ES,fe_country,n_eff,clustered,-0.0035459132950132256,7.019646253111433e-4,-5.051413087150243,219.76868176325698,250,0.01012613986141361,10,unemp,share,all,mi,unweighted,wb_nat,raw,gaussian,TRUE,9.209911868874524e-7,TRUE,TRUE,-0.3225351017877497,-0.3225351017877497
mice_pmm,mcomm,none,no_GR_ES,fe_country,n_eff,conventional,0.004611927186508605,6.315549332435881e-4,7.302495703457365,218.98296763866827,250,0.01322677308374997,10,unemp,share,all,mi,unweighted,wb_nat,raw,gaussian,FALSE,5.175444925578825e-12,TRUE,TRUE,0.4425272150651247,-0.4425272150651247
mice_pmm,mcomm,none,no_GR_ES,fe_country,n_eff,clustered,0.004611927186508605,0.0014025488908350767,3.2882470027570063,219.86704937414513,250,0.009706009650701277,10,unemp,share,all,mi,unweighted,wb_nat,raw,gaussian,FALSE,0.0011737428282906544,TRUE,TRUE,0.21650095749811904,-0.21650095749811904
mice_pmm,mlib,none,no_GR_ES,fe_country,n_eff,conventional,0.0023201473393614836,7.46542388463722e-4,3.1078574709414917,218.56318606699995,250,0.014733633111414304,10,unemp,share,all,mi,unweighted,wb_nat,raw,gaussian,FALSE,0.0021347310202342626,TRUE,TRUE,0.20572277510558284,-0.20572277510558284
mice_pmm,mlib,none,no_GR_ES,fe_country,n_eff,clustered,0.0023201473393614836,0.001409304079472433,1.6463071193478847,219.68610167873754,250,0.010472628826035113,10,unemp,share,all,mi,unweighted,wb_nat,raw,gaussian,FALSE,0.10113033935178334,FALSE,TRUE,0.11039437668583704,-0.11039437668583704
mice_pmm,mpos,none,no_GR_ES,fe_country,n_eff,conventional,-0.006932141328690479,0.001028039626787696,-6.743068212605056,218.98133813691004,250,0.01323279957287398,10,unemp,share,all,mi,unweighted,wb_nat,raw,gaussian,TRUE,1.3590008123461092e-10,TRUE,TRUE,-0.414653671549233,-0.414653671549233
mice_pmm,mpos,none,no_GR_ES,fe_country,n_eff,clustered,-0.006932141328690479,0.0020876222954587607,-3.320591729533681,219.8258515674783,250,0.009882972867666723,10,unemp,share,all,mi,unweighted,wb_nat,raw,gaussian,TRUE,0.0010516425370455692,TRUE,TRUE,-0.21854883255327234,-0.21854883255327234
mice_pmm,mneg,none,no_GR_ES,fe_country,n_eff,conventional,0.006932074525870089,0.0010280540893579742,6.742908371872933,218.9807066029297,250,0.013235134820431706,10,unemp,share,all,mi,unweighted,wb_nat,raw,gaussian,FALSE,1.3602471963908179e-10,TRUE,TRUE,0.4146460274733051,-0.4146460274733051
mice_pmm,mneg,none,no_GR_ES,fe_country,n_eff,clustered,0.006932074525870089,0.0020876643616409623,3.320492821183806,219.82572223032992,250,0.00988352611892102,10,unemp,share,all,mi,unweighted,wb_nat,raw,gaussian,FALSE,0.0010519973604692814,TRUE,TRUE,0.21854269491596642,-0.21854269491596642
mice_pmm,mcosmo,none,no_GR_ES,fe_country,pop,conventional,-0.005016156813878528,0.001011529153015525,-4.958983929355459,215.73482656161602,250,0.023232748435323115,10,unemp,share,all,mi,unweighted,wb_nat,raw,gaussian,TRUE,1.4338880281866845e-6,TRUE,TRUE,-0.3198836237662428,-0.3198836237662428
mice_pmm,mcosmo,none,no_GR_ES,fe_country,pop,clustered,-0.005016156813878528,0.0032074525404480764,-1.5639067922662944,219.74051047933784,250,0.010244962240303586,10,unemp,share,all,mi,unweighted,wb_nat,raw,gaussian,TRUE,0.11927843515585101,FALSE,TRUE,-0.10491853379689338,-0.10491853379689338
mice_pmm,mutil,none,no_GR_ES,fe_country,pop,conventional,-0.0017655323016870243,4.947641953292702e-4,-3.568431827432553,214.53868866414768,250,0.02626573316385612,10,unemp,share,all,mi,unweighted,wb_nat,raw,gaussian,TRUE,4.4300641663175044e-4,TRUE,TRUE,-0.23670316258865132,-0.23670316258865132
mice_pmm,mutil,none,no_GR_ES,fe_country,pop,clustered,-0.0017655323016870243,0.0010805950421681344,-1.6338519360079737,219.18447911105454,250,0.01246984248795612,10,unemp,share,all,mi,unweighted,wb_nat,raw,gaussian,TRUE,0.10372546120199853,FALSE,TRUE,-0.10969305023267611,-0.10969305023267611
mice_pmm,mcomm,none,no_GR_ES,fe_country,pop,conventional,0.006285367292096742,6.548079368596459e-4,9.598795216564351,213.17414957227788,250,0.029462050443458253,10,unemp,share,all,mi,unweighted,wb_nat,raw,gaussian,FALSE,2.3133236323027108e-18,TRUE,TRUE,0.5493453932429097,-0.5493453932429097
mice_pmm,mcomm,none,no_GR_ES,fe_country,pop,clustered,0.006285367292096742,0.0018794233346244261,3.3443062966719928,219.47924708087626,250,0.011317430917659176,10,unemp,share,all,mi,unweighted,wb_nat,raw,gaussian,FALSE,9.699753653328865e-4,TRUE,TRUE,0.22019957873536564,-0.22019957873536564
mice_pmm,mlib,none,no_GR_ES,fe_country,pop,conventional,4.964172071276507e-4,0.0010258253360068935,0.4839198152972065,217.31567768465945,250,0.018774157691328067,10,unemp,share,all,mi,unweighted,wb_nat,raw,gaussian,FALSE,0.6289300620860339,FALSE,TRUE,0.03280907645592798,-0.03280907645592798
mice_pmm,mlib,none,no_GR_ES,fe_country,pop,clustered,4.964172071276507e-4,0.004468752528262791,0.11108630517981063,219.9521697398322,250,0.009335609630589246,10,unemp,share,all,mi,unweighted,wb_nat,raw,gaussian,FALSE,0.9116492082606897,FALSE,TRUE,0.007490041333252001,-0.007490041333252001
mice_pmm,mpos,none,no_GR_ES,fe_country,pop,conventional,-0.0067816891155655515,0.001187923932673785,-5.7088580581934165,217.11530639563043,250,0.0193743136057243,10,unemp,share,all,mi,unweighted,wb_nat,raw,gaussian,TRUE,3.708732284894025e-8,TRUE,TRUE,-0.36127211141171867,-0.36127211141171867
mice_pmm,mpos,none,no_GR_ES,fe_country,pop,clustered,-0.0067816891155655515,0.003997563291008545,-1.6964557211187015,219.8583717945042,250,0.009743406561902392,10,unemp,share,all,mi,unweighted,wb_nat,raw,gaussian,TRUE,0.09121493019880945,FALSE,TRUE,-0.1136702971212802,-0.1136702971212802
mice_pmm,mneg,none,no_GR_ES,fe_country,pop,conventional,0.006781784499224393,0.0011879675573601275,5.708728708294617,217.1075785786517,250,0.019397229668323315,10,unemp,share,all,mi,unweighted,wb_nat,raw,gaussian,FALSE,3.7113253163719366e-8,TRUE,TRUE,0.36127058444008164,-0.36127058444008164
mice_pmm,mneg,none,no_GR_ES,fe_country,pop,clustered,0.006781784499224393,0.003997705550327277,1.6964192119325032,219.85790130567787,250,0.009745432296454722,10,unemp,share,all,mi,unweighted,wb_nat,raw,gaussian,FALSE,0.0912218539439874,FALSE,TRUE,0.11366800249729835,-0.11366800249729835
mice_pmm,mcosmo,none,no_GR_ES,re,none,conventional,-0.004137753495663713,9.796467399632107e-4,-4.223719966463729,243.22685403973762,250,0.011100822086436507,10,unemp,share,all,mi,unweighted,wb_nat,raw,gaussian,TRUE,3.39862811027979e-5,TRUE,TRUE,-0.2614083203001969,-0.2614083203001969
mice_pmm,mcosmo,none,no_GR_ES,re,none,clustered,-0.004137753495663713,0.0019384957172789167,-2.1345177390806485,243.86241362342966,250,0.00876819633925228,10,unemp,share,all,mi,unweighted,wb_nat,raw,gaussian,TRUE,0.03379797340681096,TRUE,TRUE,-0.1354277712413829,-0.1354277712413829
mice_pmm,mutil,none,no_GR_ES,re,none,conventional,-0.0034489726496186204,5.330075205592352e-4,-6.470776708741247,243.44643333244952,250,0.01032471881424635,10,unemp,share,all,mi,unweighted,wb_nat,raw,gaussian,TRUE,5.315025935794848e-10,TRUE,TRUE,-0.38308248544621226,-0.38308248544621226
mice_pmm,mutil,none,no_GR_ES,re,none,clustered,-0.0034489726496186204,6.854738958323882e-4,-5.031515671986964,243.69935448494823,250,0.009392977359023415,10,unemp,share,all,mi,unweighted,wb_nat,raw,gaussian,TRUE,9.451438253404934e-7,TRUE,TRUE,-0.3067680843398027,-0.3067680843398027
mice_pmm,mcomm,none,no_GR_ES,re,none,conventional,0.005212079052928184,7.015805286377912e-4,7.429053173764821,243.1080366505541,250,0.011509297790184664,10,unemp,share,all,mi,unweighted,wb_nat,raw,gaussian,FALSE,1.8499028030907975e-12,TRUE,TRUE,0.43013785437095525,-0.43013785437095525
mice_pmm,mcomm,none,no_GR_ES,re,none,clustered,0.005212079052928184,0.0018702788551210909,2.7867924821246666,243.93929144013833,250,0.008466425485376088,10,unemp,share,all,mi,unweighted,wb_nat,raw,gaussian,FALSE,0.005742004709182987,TRUE,TRUE,0.1756540931502615,-0.1756540931502615
mice_pmm,mlib,none,no_GR_ES,re,none,conventional,0.002670692568363868,7.326419170959377e-4,3.645290429122617,242.65186565301332,250,0.01301136252351308,10,unemp,share,all,mi,unweighted,wb_nat,raw,gaussian,FALSE,3.267357219355153e-4,TRUE,TRUE,0.2278573518729349,-0.2278573518729349
mice_pmm,mlib,none,no_GR_ES,re,none,clustered,0.002670692568363868,0.0010964496715504253,2.435763936695241,243.4754820820658,250,0.010219852388034578,10,unemp,share,all,mi,unweighted,wb_nat,raw,gaussian,FALSE,0.015578717826033837,TRUE,TRUE,0.1542338265424901,-0.1542338265424901
mice_pmm,mpos,none,no_GR_ES,re,none,conventional,-0.007858045013838341,0.001094006536922363,-7.182813583495062,243.3746690056713,250,0.010581536146865123,10,unemp,share,all,mi,unweighted,wb_nat,raw,gaussian,TRUE,8.283658718287984e-12,TRUE,TRUE,-0.41822262767042095,-0.41822262767042095
mice_pmm,mpos,none,no_GR_ES,re,none,clustered,-0.007858045013838341,0.0023308148063440506,-3.371372531378376,243.91967772701838,250,0.00854387440938691,10,unemp,share,all,mi,unweighted,wb_nat,raw,gaussian,TRUE,8.695282555494546e-4,TRUE,TRUE,-0.21100531213564724,-0.21100531213564724
mice_pmm,mneg,none,no_GR_ES,re,none,conventional,0.007858061561067713,0.0010940235092052745,7.1827172770501075,243.37419722831427,250,0.010583214031735665,10,unemp,share,all,mi,unweighted,wb_nat,raw,gaussian,FALSE,8.28851109837152e-12,TRUE,TRUE,0.418218335428972,-0.418218335428972
mice_pmm,mneg,none,no_GR_ES,re,none,clustered,0.007858061561067713,0.002330894965073723,3.3712636900475577,243.91958944119926,250,0.008544222306031433,10,unemp,share,all,mi,unweighted,wb_nat,raw,gaussian,FALSE,8.698564915026507e-4,TRUE,TRUE,0.21099883981138348,-0.21099883981138348
mice_pmm,mcosmo,none,no_GR_ES,pooled_cl,none,conventional,0.002202078089356152,0.0013023647580857306,1.6908305263057464,243.8140391644288,250,0.008955661149701448,10,unemp,share,all,mi,unweighted,wb_nat,raw,gaussian,TRUE,0.09214706485568995,FALSE,FALSE,0.10765626756546096,0.10765626756546096
mice_pmm,mcosmo,none,no_GR_ES,pooled_cl,none,clustered,0.002202078089356152,0.0027922485610511237,0.7886397078228573,244.01038910990653,250,0.00818296446426915,10,unemp,share,all,mi,unweighted,wb_nat,raw,gaussian,TRUE,0.4310881462403767,FALSE,FALSE,0.050422189891773724,0.050422189891773724
mice_pmm,mutil,none,no_GR_ES,pooled_cl,none,conventional,-3.2734809366544995e-4,8.584039022396338e-4,-0.3813450670615274,243.9902788598066,250,0.008263580966273255,10,unemp,share,all,mi,unweighted,wb_nat,raw,gaussian,TRUE,0.7032790823920444,FALSE,TRUE,-0.02440633031923522,-0.02440633031923522
mice_pmm,mutil,none,no_GR_ES,pooled_cl,none,clustered,-3.2734809366544995e-4,9.574412441114397e-4,-0.341898884844101,244.00474662047753,250,0.008205619064640684,10,unemp,share,all,mi,unweighted,wb_nat,raw,gaussian,TRUE,0.7327212705689676,FALSE,TRUE,-0.02188237939569561,-0.02188237939569561
mice_pmm,mcomm,none,no_GR_ES,pooled_cl,none,conventional,-7.811838095792195e-4,0.0011909857646200952,-0.6559136412754726,243.83734906163787,250,0.008865557262327786,10,unemp,share,all,mi,unweighted,wb_nat,raw,gaussian,FALSE,0.5124981134333878,FALSE,FALSE,-0.04196756343964357,0.04196756343964357
mice_pmm,mcomm,none,no_GR_ES,pooled_cl,none,clustered,-7.811838095792195e-4,0.0024205170870000643,-0.3227342677210354,244.00978376275384,250,0.008185396261549632,10,unemp,share,all,mi,unweighted,wb_nat,raw,gaussian,FALSE,0.7471728665537815,FALSE,FALSE,-0.02065612199072773,0.02065612199072773
mice_pmm,mlib,none,no_GR_ES,pooled_cl,none,conventional,-0.0010931768299956303,0.001186018865623891,-0.9217195962735195,243.88919863929556,250,0.008663600699389793,10,unemp,share,all,mi,unweighted,wb_nat,raw,gaussian,FALSE,0.3575857233227939,FALSE,FALSE,-0.058917924324330774,0.058917924324330774
mice_pmm,mlib,none,no_GR_ES,pooled_cl,none,clustered,-0.0010931768299956303,0.0016266819503717499,-0.6720286222797295,243.97167841899324,250,0.008337835026714882,10,unemp,share,all,mi,unweighted,wb_nat,raw,gaussian,FALSE,0.5022013696454766,FALSE,FALSE,-0.04298495416583267,0.04298495416583267
mice_pmm,mpos,none,no_GR_ES,pooled_cl,none,conventional,0.0018747299956906715,0.001824870999532061,1.027321929150825,243.95844091199106,250,0.008390500483727947,10,unemp,share,all,mi,unweighted,wb_nat,raw,gaussian,TRUE,0.3052864050182884,FALSE,FALSE,0.0656313379711034,0.0656313379711034
mice_pmm,mpos,none,no_GR_ES,pooled_cl,none,clustered,0.0018747299956906715,0.003397081244073605,0.5518649278586555,244.03346812689813,250,0.008090012027583573,10,unemp,share,all,mi,unweighted,wb_nat,raw,gaussian,TRUE,0.5815459118637201,FALSE,FALSE,0.03530508543912352,0.03530508543912352
mice_pmm,mneg,none,no_GR_ES,pooled_cl,none,conventional,-0.0018743606395748458,0.0018248639415897338,-1.0271235004742287,243.95797727782036,250,0.008392342367323762,10,unemp,share,all,mi,unweighted,wb_nat,raw,gaussian,FALSE,0.3053796304739697,FALSE,FALSE,-0.06561877785955214,0.06561877785955214
mice_pmm,mneg,none,no_GR_ES,pooled_cl,none,clustered,-0.0018743606395748458,0.003397128452461836,-0.5517485328576643,244.03333756565752,250,0.008090539192321103,10,unemp,share,all,mi,unweighted,wb_nat,raw,gaussian,FALSE,0.58162554284781,FALSE,FALSE,-0.03529765787782985,0.03529765787782985
mice_pmm,mcosmo,none,no_GR_ES,pooled_cl,n_cell,conventional,0.003851175661746725,0.0012951555477030644,2.9735236578932294,243.61241969920707,250,0.009718121939145726,10,unemp,share,all,mi,unweighted,wb_nat,raw,gaussian,TRUE,0.003239509073899777,TRUE,FALSE,0.18714578241236923,0.18714578241236923
mice_pmm,mcosmo,none,no_GR_ES,pooled_cl,n_cell,clustered,0.003851175661746725,0.002739879060957565,1.4056006035539288,243.96632175971322,250,0.008359164393109575,10,unemp,share,all,mi,unweighted,wb_nat,raw,gaussian,TRUE,0.16111495923291855,FALSE,FALSE,0.08962838149634292,0.08962838149634292
mice_pmm,mutil,none,no_GR_ES,pooled_cl,n_cell,conventional,1.0330364834972016e-5,8.527690907554981e-4,0.0121139062695389,243.98210212504998,250,0.008296259450803766,10,unemp,share,all,mi,unweighted,wb_nat,raw,gaussian,TRUE,0.9903446371351623,FALSE,FALSE,7.75541592317954e-4,7.75541592317954e-4
mice_pmm,mutil,none,no_GR_ES,pooled_cl,n_cell,clustered,1.0330364834972016e-5,9.639121829901918e-4,0.010717122386528785,243.99992598137908,250,0.008224952016578715,10,unemp,share,all,mi,unweighted,wb_nat,raw,gaussian,TRUE,0.99145789449065,FALSE,FALSE,6.860933986996104e-4,6.860933986996104e-4
mice_pmm,mcomm,none,no_GR_ES,pooled_cl,n_cell,conventional,-0.001416504030453955,0.0011397002105980323,-1.2428742377003477,243.87019819157976,250,0.008737856717059617,10,unemp,share,all,mi,unweighted,wb_nat,raw,gaussian,FALSE,0.21510783398105082,FALSE,FALSE,-0.07933716766389211,0.07933716766389211
mice_pmm,mcomm,none,no_GR_ES,pooled_cl,n_cell,clustered,-0.001416504030453955,0.002480081102141894,-0.5711523019269842,244.02338561586922,250,0.008130677675041565,10,unemp,share,all,mi,unweighted,wb_nat,raw,gaussian,FALSE,0.5684220399988303,FALSE,FALSE,-0.03653811301488035,0.03653811301488035
mice_pmm,mlib,none,no_GR_ES,pooled_cl,n_cell,conventional,-0.0024447260084664675,0.0011897809444034932,-2.0547698464713195,243.81844488821397,250,0.008938663222473844,10,unemp,share,all,mi,unweighted,wb_nat,raw,gaussian,FALSE,0.040967060491300396,TRUE,FALSE,-0.13046735676826185,0.13046735676826185
mice_pmm,mlib,none,no_GR_ES,pooled_cl,n_cell,clustered,-0.0024447260084664675,0.0016079847394100354,-1.5203664242257857,243.9309306700542,250,0.008499478734354235,10,unemp,share,all,mi,unweighted,wb_nat,raw,gaussian,FALSE,0.12971403887928437,FALSE,FALSE,-0.09688729097521641,0.09688729097521641
mice_pmm,mpos,none,no_GR_ES,pooled_cl,n_cell,conventional,0.0038615060265816737,0.001826024605466033,2.114706458512453,243.8623145894727,250,0.008768582004222331,10,unemp,share,all,mi,unweighted,wb_nat,raw,gaussian,TRUE,0.03546988420614945,TRUE,FALSE,0.13419358001013884,0.13419358001013884
mice_pmm,mpos,none,no_GR_ES,pooled_cl,n_cell,clustered,0.0038615060265816737,0.0033411045570317646,1.1557573133874726,244.00434709886673,250,0.008207222094297436,10,unemp,share,all,mi,unweighted,wb_nat,raw,gaussian,TRUE,0.2489108660392619,FALSE,FALSE,0.07378742617843188,0.07378742617843188
mice_pmm,mneg,none,no_GR_ES,pooled_cl,n_cell,conventional,-0.003861230038920388,0.0018260130868046885,-2.114568656064286,243.86190286629503,250,0.00877018528194524,10,unemp,share,all,mi,unweighted,wb_nat,raw,gaussian,FALSE,0.03548175961824217,TRUE,FALSE,-0.13418510412978255,0.13418510412978255
mice_pmm,mneg,none,no_GR_ES,pooled_cl,n_cell,clustered,-0.003861230038920388,0.0033411256660254647,-1.155667408198276,244.00422924501905,250,0.00820769494138724,10,unemp,share,all,mi,unweighted,wb_nat,raw,gaussian,FALSE,0.248947581970546,FALSE,FALSE,-0.07378173529810779,0.07378173529810779
mice_pmm,mcosmo,none,no_GR_ES,pooled_cl,n_eff,conventional,0.003879033222997752,0.0012844501496308606,3.0199951505416935,243.6066104043847,250,0.009739661522781672,10,unemp,share,all,mi,unweighted,wb_nat,raw,gaussian,TRUE,0.002796832004485854,TRUE,FALSE,0.18996799575494416,0.18996799575494416
mice_pmm,mcosmo,none,no_GR_ES,pooled_cl,n_eff,clustered,0.003879033222997752,0.0027217189628363793,1.4252144604067802,243.96543994327834,250,0.008362673312194749,10,unemp,share,all,mi,unweighted,wb_nat,raw,gaussian,TRUE,0.15537330338391026,FALSE,FALSE,0.09086896899213992,0.09086896899213992
mice_pmm,mutil,none,no_GR_ES,pooled_cl,n_eff,conventional,-1.0022617033667581e-4,8.479864686325031e-4,-0.11819312458877385,243.98835762383843,250,0.008271264386111175,10,unemp,share,all,mi,unweighted,wb_nat,raw,gaussian,TRUE,0.9060118829044337,FALSE,TRUE,-0.007566503366883635,-0.007566503366883635
mice_pmm,mutil,none,no_GR_ES,pooled_cl,n_eff,clustered,-1.0022617033667581e-4,9.786573313043758e-4,-0.10241191388521269,244.00721333273069,250,0.008195718622197787,10,unemp,share,all,mi,unweighted,wb_nat,raw,gaussian,TRUE,0.9185138391772028,FALSE,TRUE,-0.006556013154808285,-0.006556013154808285
mice_pmm,mcomm,none,no_GR_ES,pooled_cl,n_eff,conventional,-0.0014744283151150756,0.0011409699932593204,-1.292258625402751,243.87261925507661,250,0.008728411000560956,10,unemp,share,all,mi,unweighted,wb_nat,raw,gaussian,FALSE,0.19749073275880707,FALSE,FALSE,-0.08246811299755294,0.08246811299755294
mice_pmm,mcomm,none,no_GR_ES,pooled_cl,n_eff,clustered,-0.0014744283151150756,0.002486380454877875,-0.5930018924587693,244.02399396364717,250,0.008128226575387813,10,unemp,share,all,mi,unweighted,wb_nat,raw,gaussian,FALSE,0.5537290545406579,FALSE,FALSE,-0.037933867127812305,0.037933867127812305
mice_pmm,mlib,none,no_GR_ES,pooled_cl,n_eff,conventional,-0.0023040878396137486,0.0011628463128269622,-1.981420772631894,243.79050785412994,250,0.00904619582467046,10,unemp,share,all,mi,unweighted,wb_nat,raw,gaussian,FALSE,0.04866759040772114,TRUE,FALSE,-0.12589231287647468,0.12589231287647468
mice_pmm,mlib,none,no_GR_ES,pooled_cl,n_eff,clustered,-0.0023040878396137486,0.001598947328821344,-1.4410029636887385,243.92108668186083,250,0.008538321452765993,10,unemp,share,all,mi,unweighted,wb_nat,raw,gaussian,FALSE,0.1508663035874636,FALSE,FALSE,-0.09187544592438647,0.09187544592438647
mice_pmm,mpos,none,no_GR_ES,pooled_cl,n_eff,conventional,0.003778807052660932,0.0018126369163580275,2.08470158505508,243.8598096761991,250,0.00877833422383996,10,unemp,share,all,mi,unweighted,wb_nat,raw,gaussian,TRUE,0.038137072112886576,TRUE,FALSE,0.13232379327911958,0.13232379327911958
mice_pmm,mpos,none,no_GR_ES,pooled_cl,n_eff,clustered,0.003778807052660932,0.003355759751266836,1.126066027591633,244.0050202404851,250,0.008204521119134021,10,unemp,share,all,mi,unweighted,wb_nat,raw,gaussian,TRUE,0.2612438675404452,FALSE,FALSE,0.07190166463085088,0.07190166463085088
mice_pmm,mneg,none,no_GR_ES,pooled_cl,n_eff,conventional,-0.0037785161547288504,0.0018126267770604903,-2.084552762072959,243.85943290276657,250,0.008779800661188775,10,unemp,share,all,mi,unweighted,wb_nat,raw,gaussian,FALSE,0.038150719193656195,TRUE,FALSE,-0.13231461273935924,0.13231461273935924
mice_pmm,mneg,none,no_GR_ES,pooled_cl,n_eff,clustered,-0.0037785161547288504,0.003355785966590621,-1.1259705453049829,244.00491519693756,250,0.008204942631425325,10,unemp,share,all,mi,unweighted,wb_nat,raw,gaussian,FALSE,0.26128420288222404,FALSE,FALSE,-0.07189561479839546,0.07189561479839546
mice_pmm,mcosmo,none,no_GR_ES,pooled_cl,pop,conventional,0.007008570483910914,0.0016902206566994677,4.146541728815875,243.5441763583963,250,0.009969710765212525,10,unemp,share,all,mi,unweighted,wb_nat,raw,gaussian,TRUE,4.663696770471236e-5,TRUE,FALSE,0.256793418091522,0.256793418091522
mice_pmm,mcosmo,none,no_GR_ES,pooled_cl,pop,clustered,0.007008570483910914,0.003944007398748617,1.7770175801735677,243.9722053495688,250,0.008335735555677277,10,unemp,share,all,mi,unweighted,wb_nat,raw,gaussian,TRUE,0.07681126039463372,FALSE,FALSE,0.11303917846651858,0.11303917846651858
mice_pmm,mutil,none,no_GR_ES,pooled_cl,pop,conventional,-1.5748228738571152e-4,0.001047403781128427,-0.15035489676774605,243.65239960283702,250,0.00956925299350877,10,unemp,share,all,mi,unweighted,wb_nat,raw,gaussian,TRUE,0.880609017731462,FALSE,TRUE,-0.009631902636695088,-0.009631902636695088
mice_pmm,mutil,none,no_GR_ES,pooled_cl,pop,clustered,-1.5748228738571152e-4,0.0013156452118174148,-0.11969966216664718,243.80696649850464,250,0.008982917237840948,10,unemp,share,all,mi,unweighted,wb_nat,raw,gaussian,TRUE,0.9048196432552738,FALSE,TRUE,-0.007665793362446751,-0.007665793362446751
mice_pmm,mcomm,none,no_GR_ES,pooled_cl,pop,conventional,-9.224056377910239e-4,0.0012419826472931514,-0.7426880237025598,243.4891732827467,250,0.010170241038778421,10,unemp,share,all,mi,unweighted,wb_nat,raw,gaussian,FALSE,0.45838648291736583,FALSE,FALSE,-0.04754175803768995,0.04754175803768995
mice_pmm,mcomm,none,no_GR_ES,pooled_cl,pop,clustered,-9.224056377910239e-4,0.003756815213968549,-0.24552861539778303,244.00395316835508,250,0.008208802554612354,10,unemp,share,all,mi,unweighted,wb_nat,raw,gaussian,FALSE,0.8062535416912454,FALSE,FALSE,-0.01571629026038984,0.01571629026038984
mice_pmm,mlib,none,no_GR_ES,pooled_cl,pop,conventional,-0.005928585778154272,0.0015414360055027272,-3.8461446060621314,243.78337485782697,250,0.009073555961608987,10,unemp,share,all,mi,unweighted,wb_nat,raw,gaussian,FALSE,1.5322964928869416e-4,TRUE,FALSE,-0.239183563277381,0.239183563277381
mice_pmm,mlib,none,no_GR_ES,pooled_cl,pop,clustered,-0.005928585778154272,0.00273940218895984,-2.164189618467588,243.97662192811882,250,0.008318129104495215,10,unemp,share,all,mi,unweighted,wb_nat,raw,gaussian,FALSE,0.03142043075715092,TRUE,FALSE,-0.13724358345467455,0.13724358345467455
mice_pmm,mpos,none,no_GR_ES,pooled_cl,pop,conventional,0.006851088196525246,0.002362990047534773,2.899330110879118,243.77719905527408,250,0.009097213448063914,10,unemp,share,all,mi,unweighted,wb_nat,raw,gaussian,TRUE,0.0040807166181876095,TRUE,FALSE,0.18257423600948836,0.18257423600948836
mice_pmm,mpos,none,no_GR_ES,pooled_cl,pop,clustered,0.006851088196525246,0.004789966230326868,1.4302998950490984,243.99544418999875,250,0.008242907976473516,10,unemp,share,all,mi,unweighted,wb_nat,raw,gaussian,TRUE,0.15391028469643303,FALSE,FALSE,0.09118495471753543,0.09118495471753543
mice_pmm,mneg,none,no_GR_ES,pooled_cl,pop,conventional,-0.006850991415945434,0.002362984740619707,-2.89929566542555,243.77690807922917,250,0.009098327371715351,10,unemp,share,all,mi,unweighted,wb_nat,raw,gaussian,FALSE,0.004081150233692044,TRUE,FALSE,-0.18257224456836668,0.18257224456836668
mice_pmm,mneg,none,no_GR_ES,pooled_cl,pop,clustered,-0.006850991415945434,0.004790184454779726,-1.4302145315321626,243.9953830594437,250,0.008243152771393826,10,unemp,share,all,mi,unweighted,wb_nat,raw,gaussian,FALSE,0.15393475321655997,FALSE,FALSE,-0.09117956916688398,0.09117956916688398
mice_pmm,mcosmo,other,all,fe_twoway,none,conventional,-0.004198946083277814,9.430898202146461e-4,-4.452328922734145,225.50871479838344,270,0.01755151187522798,10,unemp,share,all,mi,unweighted,wb_nat,raw,gaussian,TRUE,1.3362172271974272e-5,TRUE,TRUE,-0.28425635821583384,-0.28425635821583384
mice_pmm,mcosmo,other,all,fe_twoway,none,clustered,-0.004198946083277814,0.0012411314148761765,-3.383159940155675,226.70701531089296,270,0.013730764151954462,10,unemp,share,all,mi,unweighted,wb_nat,raw,gaussian,TRUE,8.44079652510854e-4,TRUE,TRUE,-0.21922733075386244,-0.21922733075386244
mice_pmm,mutil,other,all,fe_twoway,none,conventional,-7.570778233973808e-4,4.2087340610589684e-4,-1.7988255195361307,224.75477922561464,270,0.019715444616765124,10,unemp,share,all,mi,unweighted,wb_nat,raw,gaussian,TRUE,0.07338787811530699,FALSE,TRUE,-0.119132598512218,-0.119132598512218
mice_pmm,mutil,other,all,fe_twoway,none,clustered,-7.570778233973808e-4,5.795430681529211e-4,-1.3063357410352365,226.50346772167947,270,0.014419936303410406,10,unemp,share,all,mi,unweighted,wb_nat,raw,gaussian,TRUE,0.19276336789312157,FALSE,TRUE,-0.0864743869857039,-0.0864743869857039
mice_pmm,mcomm,other,all,fe_twoway,none,conventional,0.005028064874593223,7.180599979617193e-4,7.0022907401412935,226.90033402724046,270,0.013058066870055897,10,unemp,share,all,mi,unweighted,wb_nat,raw,gaussian,FALSE,2.823193281574952e-11,TRUE,TRUE,0.4215399913303147,-0.4215399913303147
mice_pmm,mcomm,other,all,fe_twoway,none,clustered,0.005028064874593223,0.0011453396715891886,4.390020706797532,227.6379423485639,270,0.010298025918056201,10,unemp,share,all,mi,unweighted,wb_nat,raw,gaussian,FALSE,1.7355719258505303e-5,TRUE,TRUE,0.2793811057240225,-0.2793811057240225
mice_pmm,mlib,other,all,fe_twoway,none,conventional,-7.213881851819118e-5,5.493516676287159e-4,-0.13131628202673779,220.57706053586665,270,0.029716734073099053,10,unemp,share,all,mi,unweighted,wb_nat,raw,gaussian,FALSE,0.8956448050419921,FALSE,FALSE,-0.008841407962839448,0.008841407962839448
mice_pmm,mlib,other,all,fe_twoway,none,clustered,-7.213881851819118e-5,0.0011006752942207838,-0.06554050853777127,226.6888087905898,270,0.013793182942831253,10,unemp,share,all,mi,unweighted,wb_nat,raw,gaussian,FALSE,0.9478014171398712,FALSE,FALSE,-0.004353019893693268,0.004353019893693268
mice_pmm,mpos,other,all,fe_twoway,none,conventional,-0.004956023906675195,9.796337375323572e-4,-5.059058009944761,225.90856883266522,270,0.016335455159401987,10,unemp,share,all,mi,unweighted,wb_nat,raw,gaussian,TRUE,8.718964306177541e-7,TRUE,TRUE,-0.319005659516094,-0.319005659516094
mice_pmm,mpos,other,all,fe_twoway,none,clustered,-0.004956023906675195,0.0012424445218713984,-3.9889297424808303,226.8098446563952,270,0.013375243919453649,10,unemp,share,all,mi,unweighted,wb_nat,raw,gaussian,TRUE,8.957833866909567e-5,TRUE,TRUE,-0.2560367750136361,-0.2560367750136361
mice_pmm,mneg,other,all,fe_twoway,none,conventional,0.004955926056075033,9.796427821263888e-4,5.058911418014861,225.90705414712158,270,0.01634016257540501,10,unemp,share,all,mi,unweighted,wb_nat,raw,gaussian,FALSE,8.725024409279627e-7,TRUE,TRUE,0.3189983171934223,-0.3189983171934223
mice_pmm,mneg,other,all,fe_twoway,none,clustered,0.004955926056075033,0.001242464233009782,3.988787704632472,226.80902277672416,270,0.013378105906620353,10,unemp,share,all,mi,unweighted,wb_nat,raw,gaussian,FALSE,8.962854093156143e-5,TRUE,TRUE,0.25602868915678006,-0.25602868915678006
mice_pmm,mcosmo,other,all,fe_twoway,n_cell,conventional,-0.003203594784495398,8.821252703890897e-4,-3.6316778263050438,225.77834090263073,270,0.01673729709481692,10,unemp,share,all,mi,unweighted,wb_nat,raw,gaussian,TRUE,3.484752651333647e-4,TRUE,TRUE,-0.23492972088217345,-0.23492972088217345
mice_pmm,mcosmo,other,all,fe_twoway,n_cell,clustered,-0.003203594784495398,0.0013386582889604115,-2.3931385708471407,227.1711550163734,270,0.012082910543050612,10,unemp,share,all,mi,unweighted,wb_nat,raw,gaussian,TRUE,0.017518182111821858,TRUE,TRUE,-0.15681395842521403,-0.15681395842521403
mice_pmm,mutil,other,all,fe_twoway,n_cell,conventional,-8.850898640138724e-4,3.989579344022221e-4,-2.218504227369347,224.97101212520548,270,0.01911046768695659,10,unemp,share,all,mi,unweighted,wb_nat,raw,gaussian,TRUE,0.027519702506385805,TRUE,TRUE,-0.14631794773315696,-0.14631794773315696
mice_pmm,mutil,other,all,fe_twoway,n_cell,clustered,-8.850898640138724e-4,5.854487216182816e-4,-1.5118144960114197,226.79323420892433,270,0.01343302086918085,10,unemp,share,all,mi,unweighted,wb_nat,raw,gaussian,TRUE,0.1319731994389279,FALSE,TRUE,-0.09988632596824804,-0.09988632596824804
mice_pmm,mcomm,other,all,fe_twoway,n_cell,conventional,0.004573736163883782,6.47250769810087e-4,7.066405135718546,227.20011192539945,270,0.011976206154018973,10,unemp,share,all,mi,unweighted,wb_nat,raw,gaussian,FALSE,1.930096728754062e-11,TRUE,TRUE,0.4244763286487464,-0.4244763286487464
mice_pmm,mcomm,other,all,fe_twoway,n_cell,clustered,0.004573736163883782,0.001060574689063527,4.312507370812638,227.76117172933266,270,0.009801373163255685,10,unemp,share,all,mi,unweighted,wb_nat,raw,gaussian,FALSE,2.4047611105732965e-5,TRUE,TRUE,0.2747550792055738,-0.2747550792055738
mice_pmm,mlib,other,all,fe_twoway,n_cell,conventional,-4.851741972562762e-4,5.417705537107546e-4,-0.8955344544533985,220.81898423295803,270,0.029202791811558132,10,unemp,share,all,mi,unweighted,wb_nat,raw,gaussian,FALSE,0.37147661264912657,FALSE,FALSE,-0.06015571282820694,0.06015571282820694
mice_pmm,mlib,other,all,fe_twoway,n_cell,clustered,-4.851741972562762e-4,0.0011977400631471736,-0.4050747004165794,226.98870350570388,270,0.012744253012119863,10,unemp,share,all,mi,unweighted,wb_nat,raw,gaussian,FALSE,0.685804098748281,FALSE,FALSE,-0.026876708602944263,0.026876708602944263
mice_pmm,mpos,other,all,fe_twoway,n_cell,conventional,-0.004088684648509271,9.101283509789455e-4,-4.492426418879744,225.7655751704769,270,0.01677637868253537,10,unemp,share,all,mi,unweighted,wb_nat,raw,gaussian,TRUE,1.1242413493107042e-5,TRUE,TRUE,-0.2864572329910112,-0.2864572329910112
mice_pmm,mpos,other,all,fe_twoway,n_cell,clustered,-0.004088684648509271,0.0013114874918749681,-3.117593323489409,227.05908538115236,270,0.012491331809168234,10,unemp,share,all,mi,unweighted,wb_nat,raw,gaussian,TRUE,0.0020589144940492033,TRUE,TRUE,-0.20260415822595892,-0.20260415822595892
mice_pmm,mneg,other,all,fe_twoway,n_cell,conventional,0.0040885619666275064,9.101355680812744e-4,4.492256000110965,225.7641805528386,270,0.01678064493472213,10,unemp,share,all,mi,unweighted,wb_nat,raw,gaussian,FALSE,1.1250705224009058e-5,TRUE,TRUE,0.2864480701163771,-0.2864480701163771
mice_pmm,mneg,other,all,fe_twoway,n_cell,clustered,0.0040885619666275064,0.001311499873357919,3.1174703480216843,227.05851999466535,270,0.012493374355302206,10,unemp,share,all,mi,unweighted,wb_nat,raw,gaussian,FALSE,0.002059738561391767,TRUE,TRUE,0.20259673629356326,-0.20259673629356326
mice_pmm,mcosmo,other,all,fe_twoway,n_eff,conventional,-0.0032519911907299567,8.808725218685032e-4,-3.6917841231235666,225.67336138610605,270,0.01705708800080026,10,unemp,share,all,mi,unweighted,wb_nat,raw,gaussian,TRUE,2.7928988707990514e-4,TRUE,TRUE,-0.23865061652746064,-0.23865061652746064
mice_pmm,mcosmo,other,all,fe_twoway,n_eff,clustered,-0.0032519911907299567,0.0013452914744827027,-2.41731346136749,227.146101171679,270,0.012174837591258973,10,unemp,share,all,mi,unweighted,wb_nat,raw,gaussian,TRUE,0.016424508340083844,TRUE,TRUE,-0.1583670367784683,-0.1583670367784683
mice_pmm,mutil,other,all,fe_twoway,n_eff,conventional,-8.230788119459218e-4,3.960426124643652e-4,-2.0782582127320457,224.89725455469812,270,0.019318158931624165,10,unemp,share,all,mi,unweighted,wb_nat,raw,gaussian,TRUE,0.038820159559281794,TRUE,TRUE,-0.13727032141813328,-0.13727032141813328
mice_pmm,mutil,other,all,fe_twoway,n_eff,clustered,-8.230788119459218e-4,5.689865999543321e-4,-1.4465697645814217,226.70236765198229,270,0.01374671294675847,10,unemp,share,all,mi,unweighted,wb_nat,raw,gaussian,TRUE,0.14939866149591677,FALSE,TRUE,-0.09563485056605127,-0.09563485056605127
mice_pmm,mcomm,other,all,fe_twoway,n_eff,conventional,0.004471320816720502,6.44893240046346e-4,6.933427952197429,227.15123781442162,270,0.012156019944149813,10,unemp,share,all,mi,unweighted,wb_nat,raw,gaussian,FALSE,4.214893743635719e-11,TRUE,TRUE,0.41793151692470853,-0.41793151692470853
mice_pmm,mcomm,other,all,fe_twoway,n_eff,clustered,0.004471320816720502,0.0010607938356361095,4.215070512772405,227.747288923299,270,0.009857914619423548,10,unemp,share,all,mi,unweighted,wb_nat,raw,gaussian,FALSE,3.6015776995600076e-5,TRUE,TRUE,0.2690088806433386,-0.2690088806433386
mice_pmm,mlib,other,all,fe_twoway,n_eff,conventional,-3.9637516070512756e-4,5.378597616893283e-4,-0.7369489018107228,220.2340328734675,270,0.03043518241680685,10,unemp,share,all,mi,unweighted,wb_nat,raw,gaussian,FALSE,0.4619377639642266,FALSE,FALSE,-0.049597562993432605,0.049597562993432605
mice_pmm,mlib,other,all,fe_twoway,n_eff,clustered,-3.9637516070512756e-4,0.0011947020807698292,-0.33177740884967377,226.9296579530789,270,0.012954386494149981,10,unemp,share,all,mi,unweighted,wb_nat,raw,gaussian,FALSE,0.7403635570351452,FALSE,FALSE,-0.022018913034708442,0.022018913034708442
mice_pmm,mpos,other,all,fe_twoway,n_eff,conventional,-0.0040750700026758804,9.074066297668147e-4,-4.490897320998296,225.66898451898768,270,0.01707034273185085,10,unemp,share,all,mi,unweighted,wb_nat,raw,gaussian,TRUE,1.1318885531279005e-5,TRUE,TRUE,-0.28642398005218717,-0.28642398005218717
mice_pmm,mpos,other,all,fe_twoway,n_eff,clustered,-0.0040750700026758804,0.0013169108525113006,-3.094415992475779,227.03599589342636,270,0.012574602853210924,10,unemp,share,all,mi,unweighted,wb_nat,raw,gaussian,TRUE,0.002219624640090101,TRUE,TRUE,-0.20116890806400411,-0.20116890806400411
mice_pmm,mneg,other,all,fe_twoway,n_eff,conventional,0.004074945656015373,9.074132136812733e-4,4.490727702193995,225.66778235330204,270,0.017073982240613975,10,unemp,share,all,mi,unweighted,wb_nat,raw,gaussian,FALSE,1.1327187903451105e-5,TRUE,TRUE,0.28641474972798414,-0.28641474972798414
mice_pmm,mneg,other,all,fe_twoway,n_eff,clustered,0.004074945656015373,0.0013169213707907035,3.0942968550724497,227.0355175531438,270,0.012576324867384466,10,unemp,share,all,mi,unweighted,wb_nat,raw,gaussian,FALSE,0.002220480235855587,TRUE,TRUE,0.20116167966451093,-0.20116167966451093
mice_pmm,mcosmo,other,all,fe_twoway,pop,conventional,-0.004273560783944162,5.999993992348452e-4,-7.122608438265205,204.53575368759581,270,0.056155121866969304,10,unemp,share,all,mi,unweighted,wb_nat,raw,gaussian,TRUE,1.7699293580394156e-11,TRUE,TRUE,-0.44580144672159994,-0.44580144672159994
mice_pmm,mcosmo,other,all,fe_twoway,pop,clustered,-0.004273560783944162,5.281668521594289e-4,-8.091308203972963,193.790848096209,270,0.06999603398759387,10,unemp,share,all,mi,unweighted,wb_nat,raw,gaussian,TRUE,6.344633653001334e-14,TRUE,TRUE,-0.5025171501105354,-0.5025171501105354
mice_pmm,mutil,other,all,fe_twoway,pop,conventional,-0.0010603710898281179,3.5455719452371894e-4,-2.990691223323017,208.786231951968,270,0.050097524842399134,10,unemp,share,all,mi,unweighted,wb_nat,raw,gaussian,TRUE,0.0031180367197862382,TRUE,TRUE,-0.20268050384089215,-0.20268050384089215
mice_pmm,mutil,other,all,fe_twoway,pop,clustered,-0.0010603710898281179,4.459392430181163e-4,-2.377837578616153,218.03053159526056,270,0.03479985386722252,10,unemp,share,all,mi,unweighted,wb_nat,raw,gaussian,TRUE,0.018278246399671245,TRUE,TRUE,-0.1589879105156167,-0.1589879105156167
mice_pmm,mcomm,other,all,fe_twoway,pop,conventional,0.004353028290949461,5.342035127909031e-4,8.148632846323709,211.39800851588325,270,0.0461303824269834,10,unemp,share,all,mi,unweighted,wb_nat,raw,gaussian,FALSE,3.195050327840214e-14,TRUE,TRUE,0.48889997646045974,-0.48889997646045974
mice_pmm,mcomm,other,all,fe_twoway,pop,clustered,0.004353028290949461,0.00117408144597547,3.707603340356686,225.92036644412138,270,0.016298762457401174,10,unemp,share,all,mi,unweighted,wb_nat,raw,gaussian,FALSE,2.6329279629073814e-4,TRUE,TRUE,0.2394911264582806,-0.2394911264582806
mice_pmm,mlib,other,all,fe_twoway,pop,conventional,9.80716944110584e-4,4.429307396628642e-4,2.2141541696949156,205.42474697903862,270,0.05492308051986098,10,unemp,share,all,mi,unweighted,wb_nat,raw,gaussian,FALSE,0.027917753243269776,TRUE,TRUE,0.15267225157493844,-0.15267225157493844
mice_pmm,mlib,other,all,fe_twoway,pop,clustered,9.80716944110584e-4,0.0013093145621661227,0.749030807759513,226.68034435218135,270,0.013822149094736601,10,unemp,share,all,mi,unweighted,wb_nat,raw,gaussian,FALSE,0.4546151856836914,FALSE,TRUE,0.049688508494019866,-0.049688508494019866
mice_pmm,mpos,other,all,fe_twoway,pop,conventional,-0.005333931873772285,6.723098760870155e-4,-7.933740174719561,213.61458354911574,270,0.04257600070009518,10,unemp,share,all,mi,unweighted,wb_nat,raw,gaussian,TRUE,1.1811374928654507e-13,TRUE,TRUE,-0.4770723200251228,-0.4770723200251228
mice_pmm,mpos,other,all,fe_twoway,pop,clustered,-0.005333931873772285,5.205034234178468e-4,-10.247640330100849,197.54612416017432,270,0.0653441923147978,10,unemp,share,all,mi,unweighted,wb_nat,raw,gaussian,TRUE,4.9221877071669704e-20,TRUE,TRUE,-0.5891392185811736,-0.5891392185811736
mice_pmm,mneg,other,all,fe_twoway,pop,conventional,0.005333745235060046,6.722924892112209e-4,7.933667742321437,213.67937555312574,270,0.04246910739049301,10,unemp,share,all,mi,unweighted,wb_nat,raw,gaussian,FALSE,1.180457045028387e-13,TRUE,TRUE,0.47701308170567447,-0.47701308170567447
mice_pmm,mneg,other,all,fe_twoway,pop,clustered,0.005333745235060046,5.203800424920412e-4,10.249711363866576,197.6684397669206,270,0.065189792070853,10,unemp,share,all,mi,unweighted,wb_nat,raw,gaussian,FALSE,4.8298475309666845e-20,TRUE,TRUE,0.5890979010556446,-0.5890979010556446
mice_pmm,mcosmo,other,all,fe_country,none,conventional,-0.006453672735287187,8.343189903754689e-4,-7.735258108391896,234.43967327941075,270,0.017087111172107934,10,unemp,share,all,mi,unweighted,wb_nat,raw,gaussian,TRUE,3.0438546664911305e-13,TRUE,TRUE,-0.4509194241003507,-0.4509194241003507
mice_pmm,mcosmo,other,all,fe_country,none,clustered,-0.006453672735287187,0.001217268563726312,-5.301765713501344,235.95640799219296,270,0.01237321905448406,10,unemp,share,all,mi,unweighted,wb_nat,raw,gaussian,TRUE,2.6341559137794976e-7,TRUE,TRUE,-0.32626088214721644,-0.32626088214721644
mice_pmm,mutil,other,all,fe_country,none,conventional,-0.002424093086868446,4.52135238800115e-4,-5.361433657110093,235.5146205343626,270,0.013839606148567368,10,unemp,share,all,mi,unweighted,wb_nat,raw,gaussian,TRUE,1.967638596240765e-7,TRUE,TRUE,-0.32981131930536384,-0.32981131930536384
mice_pmm,mutil,other,all,fe_country,none,clustered,-0.002424093086868446,5.45119506958219e-4,-4.446902112153256,236.04185512856472,270,0.012078711680122657,10,unemp,share,all,mi,unweighted,wb_nat,raw,gaussian,TRUE,1.341738726712646e-5,TRUE,TRUE,-0.27803088625866856,-0.27803088625866856
mice_pmm,mcomm,other,all,fe_country,none,conventional,0.005727130812333695,6.154497089055533e-4,9.305603251512103,235.3953774857338,270,0.01422063464551938,10,unemp,share,all,mi,unweighted,wb_nat,raw,gaussian,FALSE,9.6351389704122e-18,TRUE,TRUE,0.5185893458530741,-0.5185893458530741
mice_pmm,mcomm,other,all,fe_country,none,clustered,0.005727130812333695,0.0011896679342885737,4.8140583159943215,236.66352438016327,270,0.009808896912958805,10,unemp,share,all,mi,unweighted,wb_nat,raw,gaussian,FALSE,2.6382158782510604e-6,TRUE,TRUE,0.29864788583707746,-0.29864788583707746
mice_pmm,mlib,other,all,fe_country,none,conventional,0.003150640566043043,6.345889007361215e-4,4.964852934534953,233.5934002014486,270,0.01940011129698002,10,unemp,share,all,mi,unweighted,wb_nat,raw,gaussian,FALSE,1.3265546982436545e-6,TRUE,TRUE,0.3089526828837325,-0.3089526828837325
mice_pmm,mlib,other,all,fe_country,none,clustered,0.003150640566043043,0.0011417434957113613,2.7594994654031657,236.16210160016377,270,0.011657687090032308,10,unemp,share,all,mi,unweighted,wb_nat,raw,gaussian,FALSE,0.006242833188298688,TRUE,TRUE,0.17673965569190017,-0.17673965569190017
mice_pmm,mpos,other,all,fe_country,none,conventional,-0.008877765822155633,9.495746681537113e-4,-9.349202458630199,235.27870891447571,270,0.01458789484375647,10,unemp,share,all,mi,unweighted,wb_nat,raw,gaussian,TRUE,7.155433471090269e-18,TRUE,TRUE,-0.5204563407535725,-0.5204563407535725
mice_pmm,mpos,other,all,fe_country,none,clustered,-0.008877765822155633,0.001423551468346872,-6.236350437308121,236.33431880926364,270,0.011040478443249263,10,unemp,share,all,mi,unweighted,wb_nat,raw,gaussian,TRUE,2.0457735357122395e-9,TRUE,TRUE,-0.3759113840094091,-0.3759113840094091
mice_pmm,mneg,other,all,fe_country,none,conventional,0.008877771378376738,9.495952473619939e-4,9.34900569799551,235.27540758214676,270,0.0145982097539665,10,unemp,share,all,mi,unweighted,wb_nat,raw,gaussian,FALSE,7.165690058788433e-18,TRUE,TRUE,0.5204510166505668,-0.5204510166505668
mice_pmm,mneg,other,all,fe_country,none,clustered,0.008877771378376738,0.0014235868119692448,6.236199509390041,236.3330609532281,270,0.011045050092880062,10,unemp,share,all,mi,unweighted,wb_nat,raw,gaussian,FALSE,2.047482917824153e-9,TRUE,TRUE,0.37590443098391707,-0.37590443098391707
mice_pmm,mcosmo,other,all,fe_country,n_cell,conventional,-0.005397670786046606,7.925446705876562e-4,-6.81055716650563,234.4288345069558,270,0.017117937294763536,10,unemp,share,all,mi,unweighted,wb_nat,raw,gaussian,TRUE,8.098627486884459e-11,TRUE,TRUE,-0.4064193777525314,-0.4064193777525314
mice_pmm,mcosmo,other,all,fe_country,n_cell,clustered,-0.005397670786046606,0.0012670524685191853,-4.260021522514303,236.15375178038119,270,0.011687178816212814,10,unemp,share,all,mi,unweighted,wb_nat,raw,gaussian,TRUE,2.953506037318368e-5,TRUE,TRUE,-0.26713900392792683,-0.26713900392792683
mice_pmm,mutil,other,all,fe_country,n_cell,conventional,-0.002431230711122418,4.2218793156062733e-4,-5.75864568685163,235.3501217901295,270,0.014363731756824927,10,unemp,share,all,mi,unweighted,wb_nat,raw,gaussian,TRUE,2.6351627445736884e-8,TRUE,TRUE,-0.3514296582084747,-0.3514296582084747
mice_pmm,mutil,other,all,fe_country,n_cell,clustered,-0.002431230711122418,5.189354951684931e-4,-4.68503452501938,235.98398157615665,270,0.012278594970339817,10,unemp,share,all,mi,unweighted,wb_nat,raw,gaussian,TRUE,4.72944091256442e-6,TRUE,TRUE,-0.29171508969761706,-0.29171508969761706
mice_pmm,mcomm,other,all,fe_country,n_cell,conventional,0.005134694160739495,5.621005203614264e-4,9.134832605096905,235.7261259417305,270,0.01314881913181966,10,unemp,share,all,mi,unweighted,wb_nat,raw,gaussian,FALSE,3.0824266062633835e-17,TRUE,TRUE,0.5113151750251054,-0.5113151750251054
mice_pmm,mcomm,other,all,fe_country,n_cell,clustered,0.005134694160739495,0.001020120619503938,5.0334186590958065,236.69164012315568,270,0.00970025837252467,10,unemp,share,all,mi,unweighted,wb_nat,raw,gaussian,FALSE,9.540909790796921e-7,TRUE,TRUE,0.3109496549731011,-0.3109496549731011
mice_pmm,mlib,other,all,fe_country,n_cell,conventional,0.002694154431837573,6.491781553961466e-4,4.150100260526365,233.79795668703392,270,0.018857409803131168,10,unemp,share,all,mi,unweighted,wb_nat,raw,gaussian,FALSE,4.656238036461481e-5,TRUE,TRUE,0.2619408974971753,-0.2619408974971753
mice_pmm,mlib,other,all,fe_country,n_cell,clustered,0.002694154431837573,0.0013019070109525702,2.0693908314283775,236.3872075867714,270,0.010847375773079353,10,unemp,share,all,mi,unweighted,wb_nat,raw,gaussian,FALSE,0.03959636136783208,TRUE,TRUE,0.13339265452606217,-0.13339265452606217
mice_pmm,mpos,other,all,fe_country,n_cell,conventional,-0.00782890149716902,8.994298967406915e-4,-8.704293158965472,235.18554033981792,270,0.014877404891250542,10,unemp,share,all,mi,unweighted,wb_nat,raw,gaussian,TRUE,5.690984056672973e-16,TRUE,TRUE,-0.49361465789624864,-0.49361465789624864
mice_pmm,mpos,other,all,fe_country,n_cell,clustered,-0.00782890149716902,0.0013865552205660182,-5.646296217451126,236.3432877509178,270,0.011007853062294647,10,unemp,share,all,mi,unweighted,wb_nat,raw,gaussian,TRUE,4.683370534343526e-8,TRUE,TRUE,-0.34475842069179646,-0.34475842069179646
mice_pmm,mneg,other,all,fe_country,n_cell,conventional,0.007828848592577067,8.99444578730218e-4,8.704092256166984,235.184089041129,270,0.014881888805100607,10,unemp,share,all,mi,unweighted,wb_nat,raw,gaussian,FALSE,5.6987637819209505e-16,TRUE,TRUE,0.49360719266287745,-0.49360719266287745
mice_pmm,mneg,other,all,fe_country,n_cell,clustered,0.007828848592577067,0.001386567811814134,5.64620678907445,236.34275823991038,270,0.011009780573696908,10,unemp,share,all,mi,unweighted,wb_nat,raw,gaussian,FALSE,4.685526222963428e-8,TRUE,TRUE,0.3447539495663636,-0.3447539495663636
mice_pmm,mcosmo,other,all,fe_country,n_eff,conventional,-0.005446610570722695,7.85178279352208e-4,-6.936782020022621,234.34712717359255,270,0.01734923759401058,10,unemp,share,all,mi,unweighted,wb_nat,raw,gaussian,TRUE,3.879567970209002e-11,TRUE,TRUE,-0.4127384246787386,-0.4127384246787386
mice_pmm,mcosmo,other,all,fe_country,n_eff,clustered,-0.005446610570722695,0.001279762700491328,-4.255953520626618,236.1665523874856,270,0.0116419508956638,10,unemp,share,all,mi,unweighted,wb_nat,raw,gaussian,TRUE,3.003757243978728e-5,TRUE,TRUE,-0.26689536845906053,-0.26689536845906053
mice_pmm,mutil,other,all,fe_country,n_eff,conventional,-0.002427647253597976,4.1874955574626324e-4,-5.797372726214861,235.33039650842315,270,0.014425848184107932,10,unemp,share,all,mi,unweighted,wb_nat,raw,gaussian,TRUE,2.154476238499492e-8,TRUE,TRUE,-0.35351152880868,-0.35351152880868
mice_pmm,mutil,other,all,fe_country,n_eff,clustered,-0.002427647253597976,5.119685944994756e-4,-4.74178939817853,235.95910864133828,270,0.012363968411778656,10,unemp,share,all,mi,unweighted,wb_nat,raw,gaussian,TRUE,3.666574375998181e-6,TRUE,TRUE,-0.29495740724591313,-0.29495740724591313
mice_pmm,mcomm,other,all,fe_country,n_eff,conventional,0.005091976204340407,5.572458611126816e-4,9.137755091034673,235.58128283318337,270,0.013623998166576086,10,unemp,share,all,mi,unweighted,wb_nat,raw,gaussian,FALSE,3.0309255489501644e-17,TRUE,TRUE,0.5115520433108188,-0.5115520433108188
mice_pmm,mcomm,other,all,fe_country,n_eff,clustered,0.005091976204340407,0.001022458926336678,4.980127879155224,236.66355174249782,270,0.00980879146617725,10,unemp,share,all,mi,unweighted,wb_nat,raw,gaussian,FALSE,1.2253803686671787e-6,TRUE,TRUE,0.30798780913716134,-0.30798780913716134
mice_pmm,mlib,other,all,fe_country,n_eff,conventional,0.0027822297144066404,6.332262807222392e-4,4.393736961190732,233.48219545800671,270,0.019691140170848206,10,unemp,share,all,mi,unweighted,wb_nat,raw,gaussian,FALSE,1.691171075237215e-5,TRUE,TRUE,0.27634816338534646,-0.27634816338534646
mice_pmm,mlib,other,all,fe_country,n_eff,clustered,0.0027822297144066404,0.001266682655077617,2.1964694181717968,236.326389258089,270,0.011069282137238925,10,unemp,share,all,mi,unweighted,wb_nat,raw,gaussian,FALSE,0.02903028292092064,TRUE,TRUE,0.14144276803896255,-0.14144276803896255
mice_pmm,mpos,other,all,fe_country,n_eff,conventional,-0.007874257824320673,8.894354054955405e-4,-8.853096892329809,235.09464577717333,270,0.015156737004104325,10,unemp,share,all,mi,unweighted,wb_nat,raw,gaussian,TRUE,2.105176960899434e-16,TRUE,TRUE,-0.5000297689028965,-0.5000297689028965
mice_pmm,mpos,other,all,fe_country,n_eff,clustered,-0.007874257824320673,0.00139547597905289,-5.6427039537183115,236.33880454632606,270,0.011024167283601033,10,unemp,share,all,mi,unweighted,wb_nat,raw,gaussian,TRUE,4.7704011747439285e-8,TRUE,TRUE,-0.3445680085269462,-0.3445680085269462
mice_pmm,mneg,other,all,fe_country,n_eff,conventional,0.007874205918747048,8.894497430471406e-4,8.852895827223502,235.09318372655773,270,0.015161205545541482,10,unemp,share,all,mi,unweighted,wb_nat,raw,gaussian,FALSE,2.108083669582055e-16,TRUE,TRUE,0.5000224180144507,-0.5000224180144507
mice_pmm,mneg,other,all,fe_country,n_eff,clustered,0.007874205918747048,0.0013954889874183444,5.642614158721764,236.33829490963174,270,0.011026021056312606,10,unemp,share,all,mi,unweighted,wb_nat,raw,gaussian,FALSE,4.772604480040362e-8,TRUE,TRUE,0.34456350365278743,-0.34456350365278743
mice_pmm,mcosmo,other,all,fe_country,pop,conventional,-0.0065120002313669096,7.149180258475211e-4,-9.108736940360489,222.54283303540808,270,0.04107679522237127,10,unemp,share,all,mi,unweighted,wb_nat,raw,gaussian,TRUE,4.9339272917274033e-17,TRUE,TRUE,-0.521127604773127,-0.521127604773127
mice_pmm,mcosmo,other,all,fe_country,pop,clustered,-0.0065120002313669096,0.0015362449644828694,-4.238907454163066,235.04190493006408,270,0.015317448303578436,10,unemp,share,all,mi,unweighted,wb_nat,raw,gaussian,TRUE,3.228928663777796e-5,TRUE,TRUE,-0.2664924346425883,-0.2664924346425883
mice_pmm,mutil,other,all,fe_country,pop,conventional,-0.002068755969724377,3.8133315498381975e-4,-5.425061898465545,226.46708295816853,270,0.03450210894402672,10,unemp,share,all,mi,unweighted,wb_nat,raw,gaussian,TRUE,1.4844560422489532e-7,TRUE,TRUE,-0.33913368571459696,-0.33913368571459696
mice_pmm,mutil,other,all,fe_country,pop,clustered,-0.002068755969724377,7.005462941947043e-4,-2.95306104231479,234.81730256844205,270,0.01599107589569239,10,unemp,share,all,mi,unweighted,wb_nat,raw,gaussian,TRUE,0.003465902737337756,TRUE,TRUE,-0.1892296433195287,-0.1892296433195287
mice_pmm,mcomm,other,all,fe_country,pop,conventional,0.0054031266156901415,5.19298693920298e-4,10.40466051416531,212.46160418213495,270,0.05541353310781324,10,unemp,share,all,mi,unweighted,wb_nat,raw,gaussian,FALSE,9.354727810703036e-21,TRUE,TRUE,0.5809862640911022,-0.5809862640911022
mice_pmm,mcomm,other,all,fe_country,pop,clustered,0.0054031266156901415,0.0011809809542345712,4.575117487133455,234.35530012545397,270,0.0173261863979092,10,unemp,share,all,mi,unweighted,wb_nat,raw,gaussian,FALSE,7.717184983582294e-6,TRUE,TRUE,0.28634387712020104,-0.28634387712020104
mice_pmm,mlib,other,all,fe_country,pop,conventional,0.0031775313320763668,7.219612029597712e-4,4.401249428708462,232.23201289459683,270,0.022792545225647155,10,unemp,share,all,mi,unweighted,wb_nat,raw,gaussian,FALSE,1.6415194673994086e-5,TRUE,TRUE,0.27747129813938404,-0.27747129813938404
mice_pmm,mlib,other,all,fe_country,pop,clustered,0.0031775313320763668,0.0026730226613706993,1.188740887982955,236.803672114344,270,0.009261479659797948,10,unemp,share,all,mi,unweighted,wb_nat,raw,gaussian,FALSE,0.23573236484677762,FALSE,TRUE,0.07701955919899042,-0.07701955919899042
mice_pmm,mpos,other,all,fe_country,pop,conventional,-0.008580756201091286,8.912509253661777e-4,-9.627766947412495,232.03646233035548,270,0.02325264478269823,10,unemp,share,all,mi,unweighted,wb_nat,raw,gaussian,TRUE,1.1261814731401407e-18,TRUE,TRUE,-0.5342741018691709,-0.5342741018691709
mice_pmm,mpos,other,all,fe_country,pop,clustered,-0.008580756201091286,0.002101483690436026,-4.08318952944665,236.37153922636793,270,0.010904762955021066,10,unemp,share,all,mi,unweighted,wb_nat,raw,gaussian,TRUE,6.0822796216513126e-5,TRUE,TRUE,-0.25668561896666237,-0.25668561896666237
mice_pmm,mneg,other,all,fe_country,pop,conventional,0.00858065794776651,8.91261210897767e-4,9.627545598134152,232.0475008808425,270,0.023226834211878274,10,unemp,share,all,mi,unweighted,wb_nat,raw,gaussian,FALSE,1.127592854781828e-18,TRUE,TRUE,0.5342562441825681,-0.5342562441825681
mice_pmm,mneg,other,all,fe_country,pop,clustered,0.00858065794776651,0.0021014317746576474,4.0832436490422905,236.37275472969168,270,0.010900316500309787,10,unemp,share,all,mi,unweighted,wb_nat,raw,gaussian,FALSE,6.080947116030632e-5,TRUE,TRUE,0.25668818047352476,-0.25668818047352476
mice_pmm,mcosmo,other,all,re,none,conventional,-0.005542396251307679,8.423708250899693e-4,-6.579520665041699,260.68583332914784,270,0.014769085374264843,10,unemp,share,all,mi,unweighted,wb_nat,raw,gaussian,TRUE,2.5735739227362723e-10,TRUE,TRUE,-0.37737633343610444,-0.37737633343610444
mice_pmm,mcosmo,other,all,re,none,clustered,-0.005542396251307679,0.0011956858244771503,-4.635328225732925,261.98659907724647,270,0.01106124541026691,10,unemp,share,all,mi,unweighted,wb_nat,raw,gaussian,TRUE,5.625805956169069e-6,TRUE,TRUE,-0.27531174800803077,-0.27531174800803077
mice_pmm,mutil,other,all,re,none,conventional,-0.0022552941523055407,4.4872678222580126e-4,-5.025985168789562,261.36323906301556,270,0.012914171467931805,10,unemp,share,all,mi,unweighted,wb_nat,raw,gaussian,TRUE,9.301934469556817e-7,TRUE,TRUE,-0.29686917373744437,-0.29686917373744437
mice_pmm,mutil,other,all,re,none,clustered,-0.0022552941523055407,4.991455015406571e-4,-4.518310082619946,261.72513845474,270,0.011857879978016893,10,unemp,share,all,mi,unweighted,wb_nat,raw,gaussian,TRUE,9.443777802181035e-6,TRUE,TRUE,-0.2689945604183794,-0.2689945604183794
mice_pmm,mcomm,other,all,re,none,conventional,0.005291254279492674,6.296978162480532e-4,8.402846798833936,261.51477325159294,270,0.012478015224797221,10,unemp,share,all,mi,unweighted,wb_nat,raw,gaussian,FALSE,2.819608906454992e-15,TRUE,TRUE,0.461080999609243,-0.461080999609243
mice_pmm,mcomm,other,all,re,none,clustered,0.005291254279492674,0.0011778731566439576,4.492210599797285,262.65863641598787,270,0.008856604143104912,10,unemp,share,all,mi,unweighted,wb_nat,raw,gaussian,FALSE,1.0569942022400056e-5,TRUE,TRUE,0.2671103857871314,-0.2671103857871314
mice_pmm,mlib,other,all,re,none,conventional,0.0029194679510575502,6.295535245058321e-4,4.637362571116071,259.2574394305808,270,0.018282052017122952,10,unemp,share,all,mi,unweighted,wb_nat,raw,gaussian,FALSE,5.6004409753539775e-6,TRUE,TRUE,0.27675880521541424,-0.27675880521541424
mice_pmm,mlib,other,all,re,none,clustered,0.0029194679510575502,0.0010927965689515146,2.671556659313671,262.00098186742593,270,0.011016530933793924,10,unemp,share,all,mi,unweighted,wb_nat,raw,gaussian,FALSE,0.008022983910790302,TRUE,TRUE,0.16284585925606718,-0.16284585925606718
mice_pmm,mpos,other,all,re,none,conventional,-0.008129101632315379,9.665616238382322e-4,-8.410329390106119,261.1981025993974,270,0.013380089559294499,10,unemp,share,all,mi,unweighted,wb_nat,raw,gaussian,TRUE,2.6931946172907908e-15,TRUE,TRUE,-0.4616242467352335,-0.4616242467352335
mice_pmm,mpos,other,all,re,none,clustered,-0.008129101632315379,0.0013691700238794204,-5.937247741724799,262.20111676348233,270,0.010383961195878979,10,unemp,share,all,mi,unweighted,wb_nat,raw,gaussian,TRUE,9.159192112092765e-9,TRUE,TRUE,-0.34425218402160385,-0.34425218402160385
mice_pmm,mneg,other,all,re,none,conventional,0.008129097857207926,9.665790993683241e-4,8.410173427627837,261.19532712159486,270,0.013387839985294447,10,unemp,share,all,mi,unweighted,wb_nat,raw,gaussian,FALSE,2.6961162895029616e-15,TRUE,TRUE,0.4616194404203916,-0.4616194404203916
mice_pmm,mneg,other,all,re,none,clustered,0.008129097857207926,0.0013692158024805352,5.937046477612129,262.19994215521217,270,0.01038773218246885,10,unemp,share,all,mi,unweighted,wb_nat,raw,gaussian,FALSE,9.169146845174975e-9,TRUE,TRUE,0.3442425769695653,-0.3442425769695653
mice_pmm,mcosmo,other,all,pooled_cl,none,conventional,0.0010556246447855852,0.0010494407015555075,1.0058926085303455,262.3830086549463,270,0.009791163644800623,10,unemp,share,all,mi,unweighted,wb_nat,raw,gaussian,TRUE,0.3153939666781771,FALSE,FALSE,0.06197948951735571,0.06197948951735571
mice_pmm,mcosmo,other,all,pooled_cl,none,clustered,0.0010556246447855852,0.0021224839291354254,0.4973534217597512,262.90200032008704,270,0.007990166192282579,10,unemp,share,all,mi,unweighted,wb_nat,raw,gaussian,TRUE,0.6193555397507584,FALSE,FALSE,0.03065942110893693,0.03065942110893693
mice_pmm,mutil,other,all,pooled_cl,none,conventional,3.682118585197428e-4,6.591803340451305e-4,0.5585904789667668,262.3675342543475,270,0.009842299352917208,10,unemp,share,all,mi,unweighted,wb_nat,raw,gaussian,TRUE,0.5769176467123633,FALSE,FALSE,0.03446516729500879,0.03446516729500879
mice_pmm,mutil,other,all,pooled_cl,none,clustered,3.682118585197428e-4,6.397579091898227e-4,0.5755487399695289,262.3218806269462,270,0.009992385399846296,10,unemp,share,all,mi,unweighted,wb_nat,raw,gaussian,TRUE,0.5654136174501901,FALSE,FALSE,0.035513282116916255,0.035513282116916255
mice_pmm,mcomm,other,all,pooled_cl,none,conventional,-1.6321083342429234e-4,9.69972012514777e-4,-0.1682634460773227,262.840998942975,270,0.008211311038982228,10,unemp,share,all,mi,unweighted,wb_nat,raw,gaussian,FALSE,0.8665054319687058,FALSE,FALSE,-0.010378147414989727,0.010378147414989727
mice_pmm,mcomm,other,all,pooled_cl,none,clustered,-1.6321083342429234e-4,0.0021955672491742184,-0.07433652213826658,263.017319969226,270,0.007564309562765868,10,unemp,share,all,mi,unweighted,wb_nat,raw,gaussian,FALSE,0.940799121453974,FALSE,FALSE,-0.0045835872464880375,0.0045835872464880375
mice_pmm,mlib,other,all,pooled_cl,none,conventional,-0.0012601242203885263,9.568357563196118e-4,-1.3169702449618814,262.6580890699302,270,0.008858506939180838,10,unemp,share,all,mi,unweighted,wb_nat,raw,gaussian,FALSE,0.18899642367461883,FALSE,FALSE,-0.08099372951557256,0.08099372951557256
mice_pmm,mlib,other,all,pooled_cl,none,clustered,-0.0012601242203885263,0.0015068095795208012,-0.8362863081805424,262.9013492185364,270,0.007992541293198015,10,unemp,share,all,mi,unweighted,wb_nat,raw,gaussian,FALSE,0.4037533109787026,FALSE,FALSE,-0.051508830229251755,0.051508830229251755
mice_pmm,mpos,other,all,pooled_cl,none,conventional,0.0014238365033053166,0.0014394621974121793,0.9891447693902945,262.8741595005619,270,0.008091439368715207,10,unemp,share,all,mi,unweighted,wb_nat,raw,gaussian,TRUE,0.3235018918758956,FALSE,FALSE,0.0608946581829746,0.0608946581829746
mice_pmm,mpos,other,all,pooled_cl,none,clustered,0.0014238365033053166,0.002484316201458315,0.5731301444113726,262.99782118133714,270,0.007637055678138155,10,unemp,share,all,mi,unweighted,wb_nat,raw,gaussian,TRUE,0.5670462810076035,FALSE,FALSE,0.035318815767278675,0.035318815767278675
mice_pmm,mneg,other,all,pooled_cl,none,conventional,-0.0014233350538128578,0.0014394467525829316,-0.9888070199601596,262.8745291210798,270,0.008090098648112479,10,unemp,share,all,mi,unweighted,wb_nat,raw,gaussian,FALSE,0.32366682962812,FALSE,FALSE,-0.0608738997615749,0.0608738997615749
mice_pmm,mneg,other,all,pooled_cl,none,clustered,-0.0014233350538128578,0.002484300225423988,-0.5729319827155518,262.99794261335205,270,0.007636603590923995,10,unemp,share,all,mi,unweighted,wb_nat,raw,gaussian,FALSE,0.5671802536949804,FALSE,FALSE,-0.03530661125098162,0.03530661125098162
mice_pmm,mcosmo,other,all,pooled_cl,n_cell,conventional,0.0022193536125947916,0.0010438557956388382,2.1261113094999393,262.3772723292059,270,0.009810135257798773,10,unemp,share,all,mi,unweighted,wb_nat,raw,gaussian,TRUE,0.03442781096767074,TRUE,FALSE,0.13014085204601797,0.13014085204601797
mice_pmm,mcosmo,other,all,pooled_cl,n_cell,clustered,0.0022193536125947916,0.0021640255955516136,1.0255671731225873,262.9084913549754,270,0.0079664704833457,10,unemp,share,all,mi,unweighted,wb_nat,raw,gaussian,TRUE,0.30603831598422493,FALSE,FALSE,0.06312404512188656,0.06312404512188656
mice_pmm,mutil,other,all,pooled_cl,n_cell,conventional,5.691847925844751e-4,6.521989915425143e-4,0.8727164561206963,262.40679820513947,270,0.009712286026363901,10,unemp,share,all,mi,unweighted,wb_nat,raw,gaussian,TRUE,0.3836155173429454,FALSE,FALSE,0.05379677836128578,0.05379677836128578
mice_pmm,mutil,other,all,pooled_cl,n_cell,clustered,5.691847925844751e-4,6.807067260952503e-4,0.8361674282983798,262.46340967304815,270,0.00952327370647174,10,unemp,share,all,mi,unweighted,wb_nat,raw,gaussian,TRUE,0.40382132127956294,FALSE,FALSE,0.05154436263995546,0.05154436263995546
mice_pmm,mcomm,other,all,pooled_cl,n_cell,conventional,-5.262842041854115e-4,9.257183013445791e-4,-0.5685144210944073,262.96920372430924,270,0.007743268329455587,10,unemp,share,all,mi,unweighted,wb_nat,raw,gaussian,FALSE,0.5701708790918258,FALSE,FALSE,-0.035036628942451804,0.035036628942451804
mice_pmm,mcomm,other,all,pooled_cl,n_cell,clustered,-5.262842041854115e-4,0.00217548053821851,-0.24191630076193785,263.0429486073924,270,0.007468221855609375,10,unemp,share,all,mi,unweighted,wb_nat,raw,gaussian,FALSE,0.809033511660607,FALSE,FALSE,-0.014914321265363274,0.014914321265363274
mice_pmm,mlib,other,all,pooled_cl,n_cell,conventional,-0.002261804463099663,9.621980646022062e-4,-2.3506641161606807,262.6219748014281,270,0.008983623741189358,10,unemp,share,all,mi,unweighted,wb_nat,raw,gaussian,FALSE,0.0194799174496042,TRUE,FALSE,-0.14355014097223187,0.14355014097223187
mice_pmm,mlib,other,all,pooled_cl,n_cell,clustered,-0.002261804463099663,0.0015538026415965096,-1.455657496357254,262.896053492162,270,0.008011847231842749,10,unemp,share,all,mi,unweighted,wb_nat,raw,gaussian,FALSE,0.14668042171184653,FALSE,FALSE,-0.08941779983222853,0.08941779983222853
mice_pmm,mpos,other,all,pooled_cl,n_cell,conventional,0.0027885384051793746,0.0014373627181629217,1.9400380780318112,262.8979180485763,270,0.008005052280269305,10,unemp,share,all,mi,unweighted,wb_nat,raw,gaussian,TRUE,0.053444408775773215,FALSE,FALSE,0.1188036983032493,0.1188036983032493
mice_pmm,mpos,other,all,pooled_cl,n_cell,clustered,0.0027885384051793746,0.0025483897739681577,1.0942354398311982,263.0084246137141,270,0.007597534603224398,10,unemp,share,all,mi,unweighted,wb_nat,raw,gaussian,TRUE,0.2748528478811691,FALSE,FALSE,0.06731930485105093,0.06731930485105093
mice_pmm,mneg,other,all,pooled_cl,n_cell,conventional,-0.0027880886672850417,0.001437344205983204,-1.939750169569071,262.8982713253444,270,0.008003764547479246,10,unemp,share,all,mi,unweighted,wb_nat,raw,gaussian,FALSE,0.053479589491495214,FALSE,FALSE,-0.11878623752554217,0.11878623752554217
mice_pmm,mneg,other,all,pooled_cl,n_cell,clustered,-0.0027880886672850417,0.002548375310501255,-1.0940651699912427,263.0085351303996,270,0.007597122206813696,10,unemp,share,all,mi,unweighted,wb_nat,raw,gaussian,FALSE,0.27492737342634954,FALSE,FALSE,-0.06730886293281314,0.06730886293281314
mice_pmm,mcosmo,other,all,pooled_cl,n_eff,conventional,0.0021876498960052117,0.0010305293788139146,2.122840882540469,262.33843650667734,270,0.00993809132065419,10,unemp,share,all,mi,unweighted,wb_nat,raw,gaussian,TRUE,0.03470381072584529,TRUE,FALSE,0.12995350505636435,0.12995350505636435
mice_pmm,mcosmo,other,all,pooled_cl,n_eff,clustered,0.0021876498960052117,0.0021380000068841423,1.023222586043593,262.90057604348726,270,0.007995361279167027,10,unemp,share,all,mi,unweighted,wb_nat,raw,gaussian,TRUE,0.3071432137876004,FALSE,FALSE,0.06298125229390764,0.06298125229390764
mice_pmm,mutil,other,all,pooled_cl,n_eff,conventional,4.954899222009378e-4,6.449298911755781e-4,0.7682849391547952,262.3876213451663,270,0.00977589472439034,10,unemp,share,all,mi,unweighted,wb_nat,raw,gaussian,TRUE,0.44300882190910895,FALSE,FALSE,0.047376470945133545,0.047376470945133545
mice_pmm,mutil,other,all,pooled_cl,n_eff,clustered,4.954899222009378e-4,6.890543606845454e-4,0.7190868391119246,262.47561757047316,270,0.009482268870901,10,unemp,share,all,mi,unweighted,wb_nat,raw,gaussian,TRUE,0.4727271183816085,FALSE,FALSE,0.04434140913565369,0.04434140913565369
mice_pmm,mcomm,other,all,pooled_cl,n_eff,conventional,-6.1564325697779e-4,9.210363411649183e-4,-0.6684245012516336,262.96049545870267,270,0.0077754596936830634,10,unemp,share,all,mi,unweighted,wb_nat,raw,gaussian,FALSE,0.5044489666959386,FALSE,FALSE,-0.04118494290201918,0.04118494290201918
mice_pmm,mcomm,other,all,pooled_cl,n_eff,clustered,-6.1564325697779e-4,0.002150858858412856,-0.28623136035624414,263.0411727618854,270,0.007474897376262796,10,unemp,share,all,mi,unweighted,wb_nat,raw,gaussian,FALSE,0.7749262258284254,FALSE,FALSE,-0.01764565261266924,0.01764565261266924
mice_pmm,mlib,other,all,pooled_cl,n_eff,conventional,-0.0020670336158012197,9.374751703080588e-4,-2.204894253489383,262.56094742781323,270,0.009193156288155922,10,unemp,share,all,mi,unweighted,wb_nat,raw,gaussian,FALSE,0.028328758957758854,TRUE,FALSE,-0.13483069973148015,0.13483069973148015
mice_pmm,mlib,other,all,pooled_cl,n_eff,clustered,-0.0020670336158012197,0.0015575936040062356,-1.3270686336183393,262.88438822909393,270,0.0080542991748309,10,unemp,share,all,mi,unweighted,wb_nat,raw,gaussian,FALSE,0.18563742855810497,FALSE,FALSE,-0.08157575989716012,0.08157575989716012
mice_pmm,mpos,other,all,pooled_cl,n_eff,conventional,0.002683139818205982,0.001418925251368617,1.8909662898859354,262.8896112006587,270,0.00803530451644434,10,unemp,share,all,mi,unweighted,wb_nat,raw,gaussian,TRUE,0.05972831402360344,FALSE,FALSE,0.11584129480387576,0.11584129480387576
mice_pmm,mpos,other,all,pooled_cl,n_eff,clustered,0.002683139818205982,0.002529636904946416,1.0606817970434446,263.00643322776824,270,0.007604963824623656,10,unemp,share,all,mi,unweighted,wb_nat,raw,gaussian,TRUE,0.2898075921840286,FALSE,FALSE,0.06526420228503069,0.06526420228503069
mice_pmm,mneg,other,all,pooled_cl,n_eff,conventional,-0.0026826768727789435,0.001418907748685571,-1.8906633466933183,262.8899978640025,270,0.008033897502657615,10,unemp,share,all,mi,unweighted,wb_nat,raw,gaussian,FALSE,0.05976894232815453,FALSE,FALSE,-0.11582290133722906,0.11582290133722906
mice_pmm,mneg,other,all,pooled_cl,n_eff,clustered,-0.0026826768727789435,0.0025296261620082624,-1.0605032921738817,263.0065527691826,270,0.007604517944653472,10,unemp,share,all,mi,unweighted,wb_nat,raw,gaussian,FALSE,0.28988859676193207,FALSE,FALSE,-0.06525325080963378,0.06525325080963378
mice_pmm,mcosmo,other,all,pooled_cl,pop,conventional,0.0029695772292025946,0.0010748516889119058,2.762778585954271,259.8533252538153,270,0.016872568593451223,10,unemp,share,all,mi,unweighted,wb_nat,raw,gaussian,TRUE,0.006140638683519065,TRUE,FALSE,0.16892554672705046,0.16892554672705046
mice_pmm,mcosmo,other,all,pooled_cl,pop,clustered,0.0029695772292025946,0.0025736517929394855,1.1538379967908963,262.60029611753646,270,0.00905832549160693,10,unemp,share,all,mi,unweighted,wb_nat,raw,gaussian,TRUE,0.24961564050592663,FALSE,FALSE,0.07102301584719746,0.07102301584719746
mice_pmm,mutil,other,all,pooled_cl,pop,conventional,9.349478575615743e-4,6.553736328516858e-4,1.426587538307568,259.8880252140225,270,0.016788205468037297,10,unemp,share,all,mi,unweighted,wb_nat,raw,gaussian,TRUE,0.15489902733387437,FALSE,FALSE,0.08814779660386311,0.08814779660386311
mice_pmm,mutil,other,all,pooled_cl,pop,clustered,9.349478575615743e-4,8.154354321655415e-4,1.1465627083172547,261.1669504653497,270,0.013466932102383219,10,unemp,share,all,mi,unweighted,wb_nat,raw,gaussian,TRUE,0.2526117662281792,FALSE,FALSE,0.07076987295571886,0.07076987295571886
mice_pmm,mcomm,other,all,pooled_cl,pop,conventional,-0.0013348315568148042,8.071959177465054e-4,-1.6536649002652652,261.5210458939556,270,0.012459775607726617,10,unemp,share,all,mi,unweighted,wb_nat,raw,gaussian,FALSE,0.09939541723434023,FALSE,FALSE,-0.10172679567184048,0.10172679567184048
mice_pmm,mcomm,other,all,pooled_cl,pop,clustered,-0.0013348315568148042,0.001877935138160865,-0.7107974762760213,262.8049095038048,270,0.00834085884844043,10,unemp,share,all,mi,unweighted,wb_nat,raw,gaussian,FALSE,0.47784007582920407,FALSE,FALSE,-0.04380382982110645,0.04380382982110645
mice_pmm,mlib,other,all,pooled_cl,pop,conventional,-0.0025690674319358547,9.847785395344978e-4,-2.608776825244634,262.47911373377684,270,0.009470509433660925,10,unemp,share,all,mi,unweighted,wb_nat,raw,gaussian,FALSE,0.009607708202432324,TRUE,FALSE,-0.15897578692849845,0.15897578692849845
mice_pmm,mlib,other,all,pooled_cl,pop,clustered,-0.0025690674319358547,0.0026130972192298374,-0.9831503447441731,262.98076969347335,270,0.007700420294523289,10,unemp,share,all,mi,unweighted,wb_nat,raw,gaussian,FALSE,0.32643707566174585,FALSE,FALSE,-0.06051475498822472,0.06051475498822472
mice_pmm,mpos,other,all,pooled_cl,pop,conventional,0.0039045250867642445,0.0014952340091557025,2.611313722705498,262.4951015771085,270,0.009416641173965188,10,unemp,share,all,mi,unweighted,wb_nat,raw,gaussian,TRUE,0.009538515947033206,TRUE,FALSE,0.15912174642948584,0.15912174642948584
mice_pmm,mpos,other,all,pooled_cl,pop,clustered,0.0039045250867642445,0.0029263787127994847,1.3342514657062372,262.9179296644752,270,0.007931958436351853,10,unemp,share,all,mi,unweighted,wb_nat,raw,gaussian,TRUE,0.18327592363981393,FALSE,FALSE,0.08200913480465223,0.08200913480465223
mice_pmm,mneg,other,all,pooled_cl,pop,conventional,-0.0039038989887507074,0.0014952037438130629,-2.6109478423288315,262.4987565402473,270,0.00940430495145656,10,unemp,share,all,mi,unweighted,wb_nat,raw,gaussian,FALSE,0.009548455523539034,TRUE,FALSE,-0.15909893611087136,0.15909893611087136
mice_pmm,mneg,other,all,pooled_cl,pop,clustered,-0.0039038989887507074,0.002926508433073871,-1.3339783834657295,262.9188278757024,270,0.007928670497933,10,unemp,share,all,mi,unweighted,wb_nat,raw,gaussian,FALSE,0.183365284313647,FALSE,FALSE,-0.0819923236719516,0.0819923236719516
mice_pmm,mcosmo,other,y2004_2008,fe_twoway,none,conventional,-0.008835594683392485,0.0020356973189462127,-4.34032829987037,97.77371604048629,135,0.022674969469962964,10,unemp,share,all,mi,unweighted,wb_nat,raw,gaussian,TRUE,3.4706163698483306e-5,TRUE,TRUE,-0.40193020985129296,-0.40193020985129296
mice_pmm,mcosmo,other,y2004_2008,fe_twoway,none,clustered,-0.008835594683392485,0.0030537384309621295,-2.893369842618999,97.98711483434592,135,0.02065957159489717,10,unemp,share,all,mi,unweighted,wb_nat,raw,gaussian,TRUE,0.0046971137806359475,TRUE,TRUE,-0.28055462491995364,-0.28055462491995364
mice_pmm,mutil,other,y2004_2008,fe_twoway,none,conventional,2.952900810175704e-4,0.0010574857800353514,0.2792378740144373,96.7668549162052,135,0.031235470039294912,10,unemp,share,all,mi,unweighted,wb_nat,raw,gaussian,TRUE,0.7806582188242557,FALSE,FALSE,0.028375015351560846,0.028375015351560846
mice_pmm,mutil,other,y2004_2008,fe_twoway,none,clustered,2.952900810175704e-4,0.0013866508099908965,0.2129520127850421,97.38619921828617,135,0.02613591739628933,10,unemp,share,all,mi,unweighted,wb_nat,raw,gaussian,TRUE,0.8318095305662832,FALSE,FALSE,0.02157406328965757,0.02157406328965757
mice_pmm,mcomm,other,y2004_2008,fe_twoway,none,conventional,0.0054531211162242256,0.0014146481431053166,3.8547543732351657,97.06816204842195,135,0.028813578133667014,10,unemp,share,all,mi,unweighted,wb_nat,raw,gaussian,FALSE,2.0817504435683388e-4,TRUE,TRUE,0.36435833516880145,-0.36435833516880145
mice_pmm,mcomm,other,y2004_2008,fe_twoway,none,clustered,0.0054531211162242256,0.001754775752722244,3.107588595160727,97.47143875623811,135,0.025394619345539993,10,unemp,share,all,mi,unweighted,wb_nat,raw,gaussian,FALSE,0.0024717438897376154,TRUE,TRUE,0.3002416336190112,-0.3002416336190112
mice_pmm,mlib,other,y2004_2008,fe_twoway,none,conventional,0.0030869572085917524,0.0012334071649443405,2.502788451639209,97.36033166068717,135,0.026358806212607336,10,unemp,share,all,mi,unweighted,wb_nat,raw,gaussian,FALSE,0.013987202329837682,TRUE,TRUE,0.24586311282169032,-0.24586311282169032
mice_pmm,mlib,other,y2004_2008,fe_twoway,none,clustered,0.0030869572085917524,0.0015896519518790915,1.9419076011844796,97.68934978128512,135,0.023449078856311506,10,unemp,share,all,mi,unweighted,wb_nat,raw,gaussian,FALSE,0.05502883203940008,FALSE,TRUE,0.19278816653894806,-0.19278816653894806
mice_pmm,mpos,other,y2004_2008,fe_twoway,none,conventional,-0.008540304602374912,0.0021033839435126607,-4.060268991172656,97.65675073154448,135,0.02374496660193503,10,unemp,share,all,mi,unweighted,wb_nat,raw,gaussian,TRUE,9.895093116930003e-5,TRUE,TRUE,-0.38004152273889985,-0.38004152273889985
mice_pmm,mpos,other,y2004_2008,fe_twoway,none,clustered,-0.008540304602374912,0.002749861458903007,-3.1057217718095034,97.86790149389644,135,0.021795944595591945,10,unemp,share,all,mi,unweighted,wb_nat,raw,gaussian,TRUE,0.002483412116374444,TRUE,TRUE,-0.29952372617322676,-0.29952372617322676
mice_pmm,mneg,other,y2004_2008,fe_twoway,none,conventional,0.008540078324815977,0.002103373804395353,4.0601809849347985,97.65695164635876,135,0.02374314837408812,10,unemp,share,all,mi,unweighted,wb_nat,raw,gaussian,FALSE,9.898269127617094e-5,TRUE,TRUE,0.380034140581869,-0.380034140581869
mice_pmm,mneg,other,y2004_2008,fe_twoway,none,clustered,0.008540078324815977,0.002749719920602853,3.105799343717755,97.8679872223035,135,0.021795137128728014,10,unemp,share,all,mi,unweighted,wb_nat,raw,gaussian,FALSE,0.0024828193547275293,TRUE,TRUE,0.2995304167898485,-0.2995304167898485
mice_pmm,mcosmo,other,y2004_2008,fe_twoway,n_cell,conventional,-0.008160400951248814,0.0018689955481631,-4.366196034693116,97.77333103107028,135,0.022678530129623745,10,unemp,share,all,mi,unweighted,wb_nat,raw,gaussian,TRUE,3.1441094950831376e-5,TRUE,TRUE,-0.40393644079419316,-0.40393644079419316
mice_pmm,mcosmo,other,y2004_2008,fe_twoway,n_cell,clustered,-0.008160400951248814,0.0025710067354229467,-3.1740099466936544,97.95520932395432,135,0.02096640141372047,10,unemp,share,all,mi,unweighted,wb_nat,raw,gaussian,TRUE,0.002009486727540586,TRUE,TRUE,-0.3053774772131489,-0.3053774772131489
mice_pmm,mutil,other,y2004_2008,fe_twoway,n_cell,conventional,2.577879881866203e-4,0.0010322087185792033,0.24974405228959493,97.01700405123582,135,0.02923222262449677,10,unemp,share,all,mi,unweighted,wb_nat,raw,gaussian,TRUE,0.8033133284942457,FALSE,FALSE,0.025347297713401686,0.025347297713401686
mice_pmm,mutil,other,y2004_2008,fe_twoway,n_cell,clustered,2.577879881866203e-4,0.0012574964970525292,0.20500095927969156,97.41232265334766,135,0.02590985437802908,10,unemp,share,all,mi,unweighted,wb_nat,raw,gaussian,TRUE,0.8379991284311625,FALSE,FALSE,0.02076611635356352,0.02076611635356352
mice_pmm,mcomm,other,y2004_2008,fe_twoway,n_cell,conventional,0.005182122140064174,0.0013516757487873773,3.833850052213475,96.94733840069256,135,0.029797298391767108,10,unemp,share,all,mi,unweighted,wb_nat,raw,gaussian,FALSE,2.2428959752569992e-4,TRUE,TRUE,0.36283906208545735,-0.36283906208545735
mice_pmm,mcomm,other,y2004_2008,fe_twoway,n_cell,clustered,0.005182122140064174,0.0017058410292679887,3.0378693273006387,97.42532238818123,135,0.025796992232035448,10,unemp,share,all,mi,unweighted,wb_nat,raw,gaussian,FALSE,0.003057989878863885,TRUE,TRUE,0.29415793696742626,-0.29415793696742626
mice_pmm,mlib,other,y2004_2008,fe_twoway,n_cell,conventional,0.002720305303377763,0.0011998529980181618,2.2671988217481513,97.12604917913714,135,0.02833599593454445,10,unemp,share,all,mi,unweighted,wb_nat,raw,gaussian,FALSE,0.02559486006374317,TRUE,TRUE,0.22419373052000613,-0.22419373052000613
mice_pmm,mlib,other,y2004_2008,fe_twoway,n_cell,clustered,0.002720305303377763,0.0014423524141920063,1.8860198635308247,97.46222263486514,135,0.02547528265034434,10,unemp,share,all,mi,unweighted,wb_nat,raw,gaussian,FALSE,0.06226983314402722,FALSE,TRUE,0.18764806865550462,-0.18764806865550462
mice_pmm,mpos,other,y2004_2008,fe_twoway,n_cell,conventional,-0.007902612963062192,0.0019961284641421034,-3.9589701289383594,97.56956310969508,135,0.024527818956024676,10,unemp,share,all,mi,unweighted,wb_nat,raw,gaussian,TRUE,1.430453430126626e-4,TRUE,TRUE,-0.3720287708611522,-0.3720287708611522
mice_pmm,mpos,other,y2004_2008,fe_twoway,n_cell,clustered,-0.007902612963062192,0.002428661014451168,-3.253897071694888,97.76563546671588,135,0.02274964597515082,10,unemp,share,all,mi,unweighted,wb_nat,raw,gaussian,TRUE,0.0015637186753575227,TRUE,TRUE,-0.3125952509225465,-0.3125952509225465
mice_pmm,mneg,other,y2004_2008,fe_twoway,n_cell,conventional,0.007902427443441936,0.001996132235636588,3.9588697093115015,97.56894013030572,135,0.024533369027444983,10,unemp,share,all,mi,unweighted,wb_nat,raw,gaussian,FALSE,1.430976531547841e-4,TRUE,TRUE,0.37202166364703976,-0.37202166364703976
mice_pmm,mneg,other,y2004_2008,fe_twoway,n_cell,clustered,0.007902427443441936,0.0024286029597175326,3.2538984652975373,97.76520874040907,135,0.022753586378488014,10,unemp,share,all,mi,unweighted,wb_nat,raw,gaussian,FALSE,0.0015637137904190418,TRUE,TRUE,0.3125959872666114,-0.3125959872666114
mice_pmm,mcosmo,other,y2004_2008,fe_twoway,n_eff,conventional,-0.008254653903242402,0.0018627463515037707,-4.431442797661918,97.81039713852167,135,0.022334530084006318,10,unemp,share,all,mi,unweighted,wb_nat,raw,gaussian,TRUE,2.4460102762193177e-5,TRUE,TRUE,-0.40890477539097414,-0.40890477539097414
mice_pmm,mcosmo,other,y2004_2008,fe_twoway,n_eff,clustered,-0.008254653903242402,0.002591470524419614,-3.1853165318525534,97.97816191619359,135,0.020745873826905195,10,unemp,share,all,mi,unweighted,wb_nat,raw,gaussian,TRUE,0.0019396191391981392,TRUE,TRUE,-0.3063308483715707,-0.3063308483715707
mice_pmm,mutil,other,y2004_2008,fe_twoway,n_eff,conventional,2.953092516805426e-4,0.0010376635736406216,0.28459055437829056,96.96606228914804,135,0.02964598477261564,10,unemp,share,all,mi,unweighted,wb_nat,raw,gaussian,TRUE,0.7765647434482706,FALSE,FALSE,0.028888786769834734,0.028888786769834734
mice_pmm,mutil,other,y2004_2008,fe_twoway,n_eff,clustered,2.953092516805426e-4,0.001288644328224873,0.229162729554194,97.4111915692754,135,0.02591966273220517,10,unemp,share,all,mi,unweighted,wb_nat,raw,gaussian,TRUE,0.8192228954007197,FALSE,FALSE,0.02321253242483327,0.02321253242483327
mice_pmm,mcomm,other,y2004_2008,fe_twoway,n_eff,conventional,0.005174437814815965,0.001344667024919278,3.8481183214309826,96.94571527851797,135,0.02981039614640593,10,unemp,share,all,mi,unweighted,wb_nat,raw,gaussian,FALSE,2.1326572480243338e-4,TRUE,TRUE,0.3640134272814603,-0.3640134272814603
mice_pmm,mcomm,other,y2004_2008,fe_twoway,n_eff,clustered,0.005174437814815965,0.0017258905091380448,2.998126351248212,97.45014041142876,135,0.025580840428046744,10,unemp,share,all,mi,unweighted,wb_nat,raw,gaussian,FALSE,0.003446929137259241,TRUE,TRUE,0.29060276259813383,-0.29060276259813383
mice_pmm,mlib,other,y2004_2008,fe_twoway,n_eff,conventional,0.002784704461037268,0.0011946522146494326,2.3309750125516087,97.07174394139045,135,0.02878414696695846,10,unemp,share,all,mi,unweighted,wb_nat,raw,gaussian,FALSE,0.021823664789447653,TRUE,TRUE,0.2302314739216326,-0.2302314739216326
mice_pmm,mlib,other,y2004_2008,fe_twoway,n_eff,clustered,0.002784704461037268,0.0014369688462633047,1.9379017633392794,97.42759140310035,135,0.025777267738645884,10,unemp,share,all,mi,unweighted,wb_nat,raw,gaussian,FALSE,0.05553034074906223,FALSE,TRUE,0.19265392645187912,-0.19265392645187912
mice_pmm,mpos,other,y2004_2008,fe_twoway,n_eff,conventional,-0.007959344651561858,0.001993090008125227,-3.993469747534738,97.57892315808448,135,0.024444357593414984,10,unemp,share,all,mi,unweighted,wb_nat,raw,gaussian,TRUE,1.2627127851660392e-4,TRUE,TRUE,-0.37480152244827314,-0.37480152244827314
mice_pmm,mpos,other,y2004_2008,fe_twoway,n_eff,clustered,-0.007959344651561858,0.0024232538411166644,-3.284569084968043,97.77118054981877,135,0.022698413506175855,10,unemp,share,all,mi,unweighted,wb_nat,raw,gaussian,TRUE,0.0014182661371445458,TRUE,TRUE,-0.3152421889318208,-0.3152421889318208
mice_pmm,mneg,other,y2004_2008,fe_twoway,n_eff,conventional,0.007959142275853232,0.0019930931178607633,3.9933619781879424,97.57831142269053,135,0.024449816509869823,10,unemp,share,all,mi,unweighted,wb_nat,raw,gaussian,FALSE,1.2632107264767633e-4,TRUE,TRUE,0.3747938385013275,-0.3747938385013275
mice_pmm,mneg,other,y2004_2008,fe_twoway,n_eff,clustered,0.007959142275853232,0.002423194834271595,3.2845655509354557,97.77076056432917,135,0.022702295749186214,10,unemp,share,all,mi,unweighted,wb_nat,raw,gaussian,FALSE,0.0014182840088017156,TRUE,TRUE,0.3152424932458653,-0.3152424932458653
mice_pmm,mcosmo,other,y2004_2008,fe_twoway,pop,conventional,-0.005821295859983918,0.001387039180835998,-4.196922437674255,97.1921904839798,135,0.027785146559618706,10,unemp,share,all,mi,unweighted,wb_nat,raw,gaussian,TRUE,5.989158339648497e-5,TRUE,TRUE,-0.39169496705069584,-0.39169496705069584
mice_pmm,mcosmo,other,y2004_2008,fe_twoway,pop,clustered,-0.005821295859983918,0.0012735736319625854,-4.5708357286050765,96.99499137986157,135,0.02941139216137242,10,unemp,share,all,mi,unweighted,wb_nat,raw,gaussian,TRUE,1.4325577598785506e-5,TRUE,TRUE,-0.42098020773414957,-0.42098020773414957
mice_pmm,mutil,other,y2004_2008,fe_twoway,pop,conventional,-7.911861162487558e-4,8.77593431996353e-4,-0.9015406079885562,94.7264987927394,135,0.04553779666046888,10,unemp,share,all,mi,unweighted,wb_nat,raw,gaussian,TRUE,0.36958749829371373,FALSE,TRUE,-0.09223469678653475,-0.09223469678653475
mice_pmm,mutil,other,y2004_2008,fe_twoway,pop,clustered,-7.911861162487558e-4,8.858511624476077e-4,-0.8931366236092164,94.8039274540195,135,0.045046226091619616,10,unemp,share,all,mi,unweighted,wb_nat,raw,gaussian,TRUE,0.3740455968779456,FALSE,TRUE,-0.09134510331722688,-0.09134510331722688
mice_pmm,mcomm,other,y2004_2008,fe_twoway,pop,conventional,0.0044028634749483705,0.0013524934736502071,3.2553676307698582,95.77040229983518,135,0.038608018282687194,10,unemp,share,all,mi,unweighted,wb_nat,raw,gaussian,FALSE,0.0015661087623884023,TRUE,TRUE,0.31564208982555,-0.31564208982555
mice_pmm,mcomm,other,y2004_2008,fe_twoway,pop,clustered,0.0044028634749483705,0.0018878130466551608,2.332256090055841,97.03472846601844,135,0.029087535633051803,10,unemp,share,all,mi,unweighted,wb_nat,raw,gaussian,FALSE,0.021754006941120785,TRUE,TRUE,0.23039289396975043,-0.23039289396975043
mice_pmm,mlib,other,y2004_2008,fe_twoway,pop,conventional,0.002209656402358002,8.522137699788582e-4,2.5928428760460176,93.44374724378274,135,0.053259873039588505,10,unemp,share,all,mi,unweighted,wb_nat,raw,gaussian,FALSE,0.011048120850813567,TRUE,TRUE,0.2590685973134031,-0.2590685973134031
mice_pmm,mlib,other,y2004_2008,fe_twoway,pop,clustered,0.002209656402358002,0.001337895094883048,1.651591676215211,96.54847886931621,135,0.03292906348206013,10,unemp,share,all,mi,unweighted,wb_nat,raw,gaussian,FALSE,0.10186679481066063,FALSE,TRUE,0.1657601146892279,-0.1657601146892279
mice_pmm,mpos,other,y2004_2008,fe_twoway,pop,conventional,-0.006612481976232671,0.0014480368598225643,-4.566514955318841,97.39707491650125,135,0.026041922025791978,10,unemp,share,all,mi,unweighted,wb_nat,raw,gaussian,TRUE,1.4513441906494627e-5,TRUE,TRUE,-0.41993692519523906,-0.41993692519523906
mice_pmm,mpos,other,y2004_2008,fe_twoway,pop,clustered,-0.006612481976232671,0.0012091512019518193,-5.468697351959591,97.03582427757573,135,0.029078577953114693,10,unemp,share,all,mi,unweighted,wb_nat,raw,gaussian,TRUE,3.525476842947124e-7,TRUE,TRUE,-0.4853783585027188,-0.4853783585027188
mice_pmm,mneg,other,y2004_2008,fe_twoway,pop,conventional,0.006612519877306371,0.0014481553014984976,4.5661676413185655,97.38501091482829,135,0.026146177295349866,10,unemp,share,all,mi,unweighted,wb_nat,raw,gaussian,FALSE,1.4534941114619644e-5,TRUE,TRUE,0.41993204007690466,-0.41993204007690466
mice_pmm,mneg,other,y2004_2008,fe_twoway,pop,clustered,0.006612519877306371,0.0012092369437828837,5.468340932935999,97.01748293011681,135,0.02922831842181418,10,unemp,share,all,mi,unweighted,wb_nat,raw,gaussian,FALSE,3.532044177321436e-7,TRUE,TRUE,0.4853892446833862,-0.4853892446833862
mice_pmm,mcosmo,other,y2004_2008,fe_country,none,conventional,-0.010641385487162848,0.0016263473539062589,-6.543119747207586,101.90965267871424,135,0.02056126765057454,10,unemp,share,all,mi,unweighted,wb_nat,raw,gaussian,TRUE,2.4569389716080463e-9,TRUE,TRUE,-0.5438980322218198,-0.5438980322218198
mice_pmm,mcosmo,other,y2004_2008,fe_country,none,clustered,-0.010641385487162848,0.002900871338522843,-3.668341075954635,102.07282945438655,135,0.019044098312082133,10,unemp,share,all,mi,unweighted,wb_nat,raw,gaussian,TRUE,3.89990211688131e-4,TRUE,TRUE,-0.3412896808339807,-0.3412896808339807
mice_pmm,mutil,other,y2004_2008,fe_country,none,conventional,0.0020252350930104446,8.514342231033973e-4,2.3786160316984373,101.39741515397947,135,0.02502547262024775,10,unemp,share,all,mi,unweighted,wb_nat,raw,gaussian,TRUE,0.019250189469831917,TRUE,FALSE,0.2298901684470066,0.2298901684470066
mice_pmm,mutil,other,y2004_2008,fe_country,none,clustered,0.0020252350930104446,0.0013187905215563706,1.5356761061797468,101.84687058381691,135,0.021131680910725203,10,unemp,share,all,mi,unweighted,wb_nat,raw,gaussian,TRUE,0.12771870123182152,FALSE,FALSE,0.15043711297838155,0.15043711297838155
mice_pmm,mcomm,other,y2004_2008,fe_country,none,conventional,0.0061250368283927315,0.001108670876500393,5.524666479674195,101.39144450396452,135,0.02507516062692607,10,unemp,share,all,mi,unweighted,wb_nat,raw,gaussian,FALSE,2.5634250607713984e-7,TRUE,TRUE,0.4810183386081739,-0.4810183386081739
mice_pmm,mcomm,other,y2004_2008,fe_country,none,clustered,0.0061250368283927315,0.001392051837217514,4.400006281831923,101.67991769965143,135,0.02261526368716331,10,unemp,share,all,mi,unweighted,wb_nat,raw,gaussian,FALSE,2.6744424302370193e-5,TRUE,TRUE,0.3999345163059915,-0.3999345163059915
mice_pmm,mlib,other,y2004_2008,fe_country,none,conventional,0.0024908244741727427,9.643801389029272e-4,2.582824317603937,100.88429048362696,135,0.029129884238378503,10,unemp,share,all,mi,unweighted,wb_nat,raw,gaussian,FALSE,0.011233993113294606,TRUE,TRUE,0.24904568148413972,-0.24904568148413972
mice_pmm,mlib,other,y2004_2008,fe_country,none,clustered,0.0024908244741727427,0.0013905868672380876,1.791203795214815,101.57389150537617,135,0.023533875083763374,10,unemp,share,all,mi,unweighted,wb_nat,raw,gaussian,FALSE,0.07623889393860842,FALSE,TRUE,0.17498508465006973,-0.17498508465006973
mice_pmm,mpos,other,y2004_2008,fe_country,none,conventional,-0.008616150394152403,0.0016491449529335304,-5.224616780244714,101.74381994542524,135,0.022052946327900214,10,unemp,share,all,mi,unweighted,wb_nat,raw,gaussian,TRUE,9.313606479505225e-7,TRUE,TRUE,-0.4599297714737835,-0.4599297714737835
mice_pmm,mpos,other,y2004_2008,fe_country,none,clustered,-0.008616150394152403,0.002330414393353644,-3.6972610616917385,101.94860978623853,135,0.020203693154824086,10,unemp,share,all,mi,unweighted,wb_nat,raw,gaussian,TRUE,3.5303943825225407e-4,TRUE,TRUE,-0.34384818396569805,-0.34384818396569805
mice_pmm,mneg,other,y2004_2008,fe_country,none,conventional,0.008615861302565473,0.0016491426729572964,5.224448705287111,101.74488479907576,135,0.022043518989394793,10,unemp,share,all,mi,unweighted,wb_nat,raw,gaussian,FALSE,9.320135252265759e-7,TRUE,TRUE,0.4599162076885897,-0.4599162076885897
mice_pmm,mneg,other,y2004_2008,fe_country,none,clustered,0.008615861302565473,0.0023303110321285106,3.6973009970672153,101.94910482525056,135,0.02019913111641263,10,unemp,share,all,mi,unweighted,wb_nat,raw,gaussian,FALSE,3.5298976942142843e-4,TRUE,TRUE,0.34385072274204737,-0.34385072274204737
mice_pmm,mcosmo,other,y2004_2008,fe_country,n_cell,conventional,-0.009502027096167468,0.0015239674422314316,-6.235059117965381,101.81473843879702,135,0.021420904654282563,10,unemp,share,all,mi,unweighted,wb_nat,raw,gaussian,TRUE,1.0368812652010091e-8,TRUE,TRUE,-0.5256635690225114,-0.5256635690225114
mice_pmm,mcosmo,other,y2004_2008,fe_country,n_cell,clustered,-0.009502027096167468,0.002368915152235658,-4.011130194848875,102.01152900442004,135,0.01962011480246684,10,unemp,share,all,mi,unweighted,wb_nat,raw,gaussian,TRUE,1.1532591219001672e-4,TRUE,TRUE,-0.36909701509792836,-0.36909701509792836
mice_pmm,mutil,other,y2004_2008,fe_country,n_cell,conventional,0.0014350101199609288,8.225745520523703e-4,1.7445350289289852,101.65309134690436,135,0.022849354965594867,10,unemp,share,all,mi,unweighted,wb_nat,raw,gaussian,TRUE,0.08408828825253585,FALSE,FALSE,0.17049577653636255,0.17049577653636255
mice_pmm,mutil,other,y2004_2008,fe_country,n_cell,clustered,0.0014350101199609288,0.0011224162023524148,1.2785008956155162,101.88722030154972,135,0.020765897138674782,10,unemp,share,all,mi,unweighted,wb_nat,raw,gaussian,TRUE,0.20397752869990773,FALSE,FALSE,0.12565655849834476,0.12565655849834476
mice_pmm,mcomm,other,y2004_2008,fe_country,n_cell,conventional,0.006348828494899762,0.001070053688362524,5.933186870852446,101.36810833466943,135,0.02526889463093911,10,unemp,share,all,mi,unweighted,wb_nat,raw,gaussian,FALSE,4.164464860726814e-8,TRUE,TRUE,0.5077022368401558,-0.5077022368401558
mice_pmm,mcomm,other,y2004_2008,fe_country,n_cell,clustered,0.006348828494899762,0.0014072198706357026,4.5116108913610775,101.71015621960458,135,0.022350008548504833,10,unemp,share,all,mi,unweighted,wb_nat,raw,gaussian,FALSE,1.7306663593719766e-5,TRUE,TRUE,0.40835364259607787,-0.40835364259607787
mice_pmm,mlib,other,y2004_2008,fe_country,n_cell,conventional,0.0017179416890769367,9.591335728895585e-4,1.7911391464499937,100.77617614689794,135,0.029955759294218884,10,unemp,share,all,mi,unweighted,wb_nat,raw,gaussian,FALSE,0.07627292663373819,FALSE,TRUE,0.17564885511293538,-0.17564885511293538
mice_pmm,mlib,other,y2004_2008,fe_country,n_cell,clustered,0.0017179416890769367,0.0012696376801136068,1.3530960178522866,101.40375305662732,135,0.024972674318601583,10,unemp,share,all,mi,unweighted,wb_nat,raw,gaussian,FALSE,0.17903392543296007,FALSE,TRUE,0.1331729224026397,-0.1331729224026397
mice_pmm,mpos,other,y2004_2008,fe_country,n_cell,conventional,-0.008067016976206539,0.0015874701258162943,-5.081681125846946,101.74395734367042,135,0.022051730023098674,10,unemp,share,all,mi,unweighted,wb_nat,raw,gaussian,TRUE,1.7044348585210796e-6,TRUE,TRUE,-0.44992226866494794,-0.44992226866494794
mice_pmm,mpos,other,y2004_2008,fe_country,n_cell,clustered,-0.008067016976206539,0.0018619127070383487,-4.3326504758852735,101.85695643252592,135,0.021040522190596978,10,unemp,share,all,mi,unweighted,wb_nat,raw,gaussian,TRUE,3.461733612535329e-5,TRUE,TRUE,-0.3944828447473723,-0.3944828447473723
mice_pmm,mneg,other,y2004_2008,fe_country,n_cell,conventional,0.008066770183976698,0.00158747802097035,5.081500390818554,101.7438842339668,135,0.02205237722366422,10,unemp,share,all,mi,unweighted,wb_nat,raw,gaussian,FALSE,1.7057298944451159e-6,TRUE,TRUE,0.44990963479216206,-0.44990963479216206
mice_pmm,mneg,other,y2004_2008,fe_country,n_cell,clustered,0.008066770183976698,0.001861867270944587,4.332623656832507,101.85688694574989,135,0.021041150850017298,10,unemp,share,all,mi,unweighted,wb_nat,raw,gaussian,FALSE,3.462091365740198e-5,TRUE,TRUE,0.3944808965104191,-0.3944808965104191
mice_pmm,mcosmo,other,y2004_2008,fe_country,n_eff,conventional,-0.009625994161487952,0.001530290254599899,-6.290306124967587,101.84002423985719,135,0.021193457406701068,10,unemp,share,all,mi,unweighted,wb_nat,raw,gaussian,TRUE,8.023765022301422e-9,TRUE,TRUE,-0.5289746126968442,-0.5289746126968442
mice_pmm,mcosmo,other,y2004_2008,fe_country,n_eff,clustered,-0.009625994161487952,0.0024354517972575243,-3.952447004833946,102.02738985401264,135,0.019471793633431975,10,unemp,share,all,mi,unweighted,wb_nat,raw,gaussian,TRUE,1.4276948147492436e-4,TRUE,TRUE,-0.36439425069634485,-0.36439425069634485
mice_pmm,mutil,other,y2004_2008,fe_country,n_eff,conventional,0.001539579300456245,8.338294974540536e-4,1.8463958221159962,101.62828428905411,135,0.023064810190407695,10,unemp,share,all,mi,unweighted,wb_nat,raw,gaussian,TRUE,0.06774491856706893,FALSE,FALSE,0.18015764636079623,0.18015764636079623
mice_pmm,mutil,other,y2004_2008,fe_country,n_eff,clustered,0.001539579300456245,0.0011817062392546682,1.3028443527786537,101.89480882275281,135,0.020696776944245203,10,unemp,share,all,mi,unweighted,wb_nat,raw,gaussian,TRUE,0.19556459793833078,FALSE,FALSE,0.1280056033687397,0.1280056033687397
mice_pmm,mcomm,other,y2004_2008,fe_country,n_eff,conventional,0.006308823952994918,0.0010720497086271143,5.884824091854947,101.3435629073233,135,0.02547186629955424,10,unemp,share,all,mi,unweighted,wb_nat,raw,gaussian,FALSE,5.182770932892454e-8,TRUE,TRUE,0.5046664138929645,-0.5046664138929645
mice_pmm,mcomm,other,y2004_2008,fe_country,n_eff,clustered,0.006308823952994918,0.0014228627377073436,4.4338949821402425,101.70534091222936,135,0.02239234836177438,10,unemp,share,all,mi,unweighted,wb_nat,raw,gaussian,FALSE,2.344654286840122e-5,TRUE,TRUE,0.40247516932388133,-0.40247516932388133
mice_pmm,mlib,other,y2004_2008,fe_country,n_eff,conventional,0.0017773302133665932,9.627988305998449e-4,1.8460037100993125,100.75259745505055,135,0.030134242603553595,10,unemp,share,all,mi,unweighted,wb_nat,raw,gaussian,FALSE,0.06782768090385137,FALSE,TRUE,0.18087619020706253,-0.18087619020706253
mice_pmm,mlib,other,y2004_2008,fe_country,n_eff,clustered,0.0017773302133665932,0.0012500105466801597,1.4218521740371834,101.359455652556,135,0.025340538882112105,10,unemp,share,all,mi,unweighted,wb_nat,raw,gaussian,FALSE,0.1581389819421273,FALSE,TRUE,0.13984077800304542,-0.13984077800304542
mice_pmm,mpos,other,y2004_2008,fe_country,n_eff,conventional,-0.008086414861031706,0.0015975210167521446,-5.061851941999405,101.76137797326211,135,0.0218972596927242,10,unemp,share,all,mi,unweighted,wb_nat,raw,gaussian,TRUE,1.8517914430631656e-6,TRUE,TRUE,-0.44848969539715583,-0.44848969539715583
mice_pmm,mpos,other,y2004_2008,fe_country,n_eff,clustered,-0.008086414861031706,0.0018872742200325221,-4.284705834053282,101.87342749490062,135,0.020891262127361105,10,unemp,share,all,mi,unweighted,wb_nat,raw,gaussian,TRUE,4.1572012889750114e-5,TRUE,TRUE,-0.39076057274647724,-0.39076057274647724
mice_pmm,mneg,other,y2004_2008,fe_country,n_eff,conventional,0.00808615416636151,0.0015975277896979737,5.061667295246404,101.76142613964991,135,0.021896831890675636,10,unemp,share,all,mi,unweighted,wb_nat,raw,gaussian,FALSE,1.8532230618079021e-6,TRUE,TRUE,0.44847654112026747,-0.44847654112026747
mice_pmm,mneg,other,y2004_2008,fe_country,n_eff,clustered,0.00808615416636151,0.001887228320592526,4.284671906482799,101.87344526568269,135,0.020891100826661582,10,unemp,share,all,mi,unweighted,wb_nat,raw,gaussian,FALSE,4.15773789433264e-5,TRUE,TRUE,0.39075792216468763,-0.39075792216468763
mice_pmm,mcosmo,other,y2004_2008,fe_country,pop,conventional,-0.005829316037709407,0.0010803789630208624,-5.3956215709809605,101.13611251879875,135,0.027155840404899424,10,unemp,share,all,mi,unweighted,wb_nat,raw,gaussian,TRUE,4.5121584402755223e-7,TRUE,TRUE,-0.47277504257923647,-0.47277504257923647
mice_pmm,mcosmo,other,y2004_2008,fe_country,pop,clustered,-0.005829316037709407,9.994870907911065e-4,-5.8323074819259855,100.94776444284786,135,0.0286391252188596,10,unemp,share,all,mi,unweighted,wb_nat,raw,gaussian,TRUE,6.615848891144775e-8,TRUE,TRUE,-0.5020328380046107,-0.5020328380046107
mice_pmm,mutil,other,y2004_2008,fe_country,pop,conventional,3.150574526525029e-4,6.992009237686706e-4,0.450596447948543,99.17447634883932,135,0.04100532363135523,10,unemp,share,all,mi,unweighted,wb_nat,raw,gaussian,TRUE,0.6532639914766039,FALSE,FALSE,0.04520054806618819,0.04520054806618819
mice_pmm,mutil,other,y2004_2008,fe_country,pop,clustered,3.150574526525029e-4,5.781409993700417e-4,0.5449491611835143,97.393856311247,135,0.051487143132647614,10,unemp,share,all,mi,unweighted,wb_nat,raw,gaussian,TRUE,0.5870342089455662,FALSE,FALSE,0.0551352182198137,0.0551352182198137
mice_pmm,mcomm,other,y2004_2008,fe_country,pop,conventional,0.005070541918184752,0.0010363828910504927,4.892537267809561,100.52783091787379,135,0.03180773699844406,10,unemp,share,all,mi,unweighted,wb_nat,raw,gaussian,FALSE,3.7926164311841593e-6,TRUE,TRUE,0.43854175847975135,-0.43854175847975135
mice_pmm,mcomm,other,y2004_2008,fe_country,pop,clustered,0.005070541918184752,0.0018855430927999595,2.689167878234589,101.70278808308403,135,0.022414779409584012,10,unemp,share,all,mi,unweighted,wb_nat,raw,gaussian,FALSE,0.008372425488080669,TRUE,TRUE,0.25765309775157896,-0.25765309775157896
mice_pmm,mlib,other,y2004_2008,fe_country,pop,conventional,4.437693687642103e-4,6.991118886116053e-4,0.6347615825064997,97.22490729386988,135,0.05241187076048014,10,unemp,share,all,mi,unweighted,wb_nat,raw,gaussian,FALSE,0.5270748539500243,FALSE,TRUE,0.06424270470704592,-0.06424270470704592
mice_pmm,mlib,other,y2004_2008,fe_country,pop,clustered,4.437693687642103e-4,0.0018865222392863677,0.23523145368913279,101.63269490005995,135,0.023026573675115358,10,unemp,share,all,mi,unweighted,wb_nat,raw,gaussian,FALSE,0.8145024126349676,FALSE,TRUE,0.0233270853418199,-0.0233270853418199
mice_pmm,mpos,other,y2004_2008,fe_country,pop,conventional,-0.005514258585056904,0.0011214091187462525,-4.917258557003625,101.722158603301,135,0.022244309204816848,10,unemp,share,all,mi,unweighted,wb_nat,raw,gaussian,TRUE,3.3790153059285693e-6,TRUE,TRUE,-0.438235380328083,-0.438235380328083
mice_pmm,mpos,other,y2004_2008,fe_country,pop,clustered,-0.005514258585056904,7.129347919329095e-4,-7.734590382532239,101.0311952072419,135,0.02798718973817399,10,unemp,share,all,mi,unweighted,wb_nat,raw,gaussian,TRUE,8.006803597118681e-12,TRUE,TRUE,-0.6098456402479238,-0.6098456402479238
mice_pmm,mneg,other,y2004_2008,fe_country,pop,conventional,0.005514311286948962,0.001121437688271819,4.917180280829281,101.72387500608397,135,0.022229174298912708,10,unemp,share,all,mi,unweighted,wb_nat,raw,gaussian,FALSE,3.3800391921865947e-6,TRUE,TRUE,0.43822675679017264,-0.43822675679017264
mice_pmm,mneg,other,y2004_2008,fe_country,pop,clustered,0.005514311286948962,7.128848552317407e-4,7.735206108644853,101.03572334160937,135,0.02795157791316454,10,unemp,share,all,mi,unweighted,wb_nat,raw,gaussian,FALSE,7.9807597767593e-12,TRUE,TRUE,0.6098675478045067,-0.6098675478045067
mice_pmm,mcosmo,other,y2004_2008,re,none,conventional,-0.007971307027860607,0.0016210614634260881,-4.91733793425289,127.78773256769513,135,0.017266542252876306,10,unemp,share,all,mi,unweighted,wb_nat,raw,gaussian,TRUE,2.642227970977309e-6,TRUE,TRUE,-0.39889083692736826,-0.39889083692736826
mice_pmm,mcosmo,other,y2004_2008,re,none,clustered,-0.007971307027860607,0.002727987828787335,-2.922046404951913,128.00386736886918,135,0.015680552443189732,10,unemp,share,all,mi,unweighted,wb_nat,raw,gaussian,TRUE,0.0041121952412921945,TRUE,TRUE,-0.25006541124492104,-0.25006541124492104
mice_pmm,mutil,other,y2004_2008,re,none,conventional,0.0019002017553741747,8.480341418278333e-4,2.240713742112462,127.31624761576907,135,0.020510441099763875,10,unemp,share,all,mi,unweighted,wb_nat,raw,gaussian,TRUE,0.026777679910513257,TRUE,FALSE,0.19478058240973598,0.19478058240973598
mice_pmm,mutil,other,y2004_2008,re,none,clustered,0.0019002017553741747,0.001260464426355027,1.507540963190148,127.7700983636064,135,0.017392957644459923,10,unemp,share,all,mi,unweighted,wb_nat,raw,gaussian,TRUE,0.13414064589841407,FALSE,FALSE,0.13219834015376453,0.13219834015376453
mice_pmm,mcomm,other,y2004_2008,re,none,conventional,0.005069708653643411,0.0011264933522535609,4.500433707399524,127.26475467725973,135,0.02084906961199372,10,unemp,share,all,mi,unweighted,wb_nat,raw,gaussian,FALSE,1.5120262141108204e-5,TRUE,TRUE,0.3705364121825252,-0.3705364121825252
mice_pmm,mcomm,other,y2004_2008,re,none,clustered,0.005069708653643411,0.0013380320329154584,3.7889292101601972,127.52728365130898,135,0.019091899894393506,10,unemp,share,all,mi,unweighted,wb_nat,raw,gaussian,FALSE,2.3215163012680788e-4,TRUE,TRUE,0.31809064696792616,-0.31809064696792616
mice_pmm,mlib,other,y2004_2008,re,none,conventional,0.002237663216261457,9.460784349537083e-4,2.365198416525524,126.61308871690032,135,0.02491439004099789,10,unemp,share,all,mi,unweighted,wb_nat,raw,gaussian,FALSE,0.019539151554262772,TRUE,TRUE,0.20570267528897773,-0.20570267528897773
mice_pmm,mlib,other,y2004_2008,re,none,clustered,0.002237663216261457,0.0013116107245212255,1.7060421773222894,127.38265305291422,135,0.02006950937293371,10,unemp,share,all,mi,unweighted,wb_nat,raw,gaussian,FALSE,0.09043723496980895,FALSE,TRUE,0.1494613269003253,-0.1494613269003253
mice_pmm,mpos,other,y2004_2008,re,none,conventional,-0.007475545665589274,0.0016641784884734972,-4.4920335873626005,127.70893973377657,135,0.017828099704115443,10,unemp,share,all,mi,unweighted,wb_nat,raw,gaussian,TRUE,1.5604713373416815e-5,TRUE,TRUE,-0.3693835465797764,-0.3693835465797764
mice_pmm,mpos,other,y2004_2008,re,none,clustered,-0.007475545665589274,0.002219602017870377,-3.367966691957585,127.89218536764258,135,0.016508722660940826,10,unemp,share,all,mi,unweighted,wb_nat,raw,gaussian,TRUE,0.0010008694924446412,TRUE,TRUE,-0.2854256362351904,-0.2854256362351904
mice_pmm,mneg,other,y2004_2008,re,none,conventional,0.007475224746269703,0.0016641783549467396,4.491841108286101,127.70976187182495,135,0.01782228357281681,10,unemp,share,all,mi,unweighted,wb_nat,raw,gaussian,FALSE,1.5616820631534095e-5,TRUE,TRUE,0.36936885163749594,-0.36936885163749594
mice_pmm,mneg,other,y2004_2008,re,none,clustered,0.007475224746269703,0.00221951422160684,3.36795532711565,127.89261313522142,135,0.01650558662539332,10,unemp,share,all,mi,unweighted,wb_nat,raw,gaussian,FALSE,0.0010009064735073505,TRUE,TRUE,0.2854243131123712,-0.2854243131123712
mice_pmm,mcosmo,other,y2004_2008,pooled_cl,none,conventional,0.0024689467080090113,0.0018812819771205427,1.3123746137131116,128.0650027762293,135,0.01521891102947146,10,unemp,share,all,mi,unweighted,wb_nat,raw,gaussian,TRUE,0.1917410328037338,FALSE,FALSE,0.11519713336518751,0.11519713336518751
mice_pmm,mcosmo,other,y2004_2008,pooled_cl,none,clustered,0.0024689467080090113,0.0031354347981862665,0.7874335991414033,128.09890172146942,135,0.014960292715085206,10,unemp,share,all,mi,unweighted,wb_nat,raw,gaussian,TRUE,0.43248263237350504,FALSE,FALSE,0.06940530896926982,0.06940530896926982
mice_pmm,mutil,other,y2004_2008,pooled_cl,none,conventional,-1.8428514271093128e-4,0.0013543324857562928,-0.13607082799023454,128.05030280860458,135,0.01533046651838133,10,unemp,share,all,mi,unweighted,wb_nat,raw,gaussian,TRUE,0.891978975739913,FALSE,TRUE,-0.01202384382636976,-0.01202384382636976
mice_pmm,mutil,other,y2004_2008,pooled_cl,none,clustered,-1.8428514271093128e-4,0.0015999261691698658,-0.11518352925407117,128.06955292567037,135,0.01518430862252441,10,unemp,share,all,mi,unweighted,wb_nat,raw,gaussian,TRUE,0.9084800531259725,FALSE,TRUE,-0.01017758974339595,-0.01017758974339595
mice_pmm,mcomm,other,y2004_2008,pooled_cl,none,conventional,-0.0010761618520748993,0.00158326611131105,-0.6797100275100093,127.95649236356186,135,0.016034196532149027,10,unemp,share,all,mi,unweighted,wb_nat,raw,gaussian,FALSE,0.4979159050023818,FALSE,FALSE,-0.059980472661571776,0.059980472661571776
mice_pmm,mcomm,other,y2004_2008,pooled_cl,none,clustered,-0.0010761618520748993,0.002571869678812841,-0.41843560773718863,128.0573633869698,135,0.01527692931364527,10,unemp,share,all,mi,unweighted,wb_nat,raw,gaussian,FALSE,0.6763295648561384,FALSE,FALSE,-0.03695129486802372,0.03695129486802372
mice_pmm,mlib,other,y2004_2008,pooled_cl,none,conventional,-0.001208436307127324,0.0017581723047526833,-0.6873253001771695,128.00581858851072,135,0.01566591138666633,10,unemp,share,all,mi,unweighted,wb_nat,raw,gaussian,FALSE,0.4931211904722398,FALSE,FALSE,-0.06063837439311807,0.06063837439311807
mice_pmm,mlib,other,y2004_2008,pooled_cl,none,clustered,-0.001208436307127324,0.0020545679720808748,-0.5881705173781205,128.03608028736585,135,0.015438062512616575,10,unemp,share,all,mi,unweighted,wb_nat,raw,gaussian,FALSE,0.5574538980433599,FALSE,FALSE,-0.05191001336900546,0.05191001336900546
mice_pmm,mpos,other,y2004_2008,pooled_cl,none,conventional,0.0022846615652982543,0.0026623549979652573,0.8581355856166212,128.0851758088975,135,0.015065240215650118,10,unemp,share,all,mi,unweighted,wb_nat,raw,gaussian,TRUE,0.3924205571798911,FALSE,FALSE,0.07560693170697078,0.07560693170697078
mice_pmm,mpos,other,y2004_2008,pooled_cl,none,clustered,0.0022846615652982543,0.00335762178237363,0.680440416872427,128.0973378078146,135,0.014972266298624245,10,unemp,share,all,mi,unweighted,wb_nat,raw,gaussian,TRUE,0.49745364914408696,FALSE,FALSE,0.06001179277318138,0.06001179277318138
mice_pmm,mneg,other,y2004_2008,pooled_cl,none,conventional,-0.0022845981592022634,0.002662303183937868,-0.8581284704858696,128.08507444998025,135,0.015066014024477322,10,unemp,share,all,mi,unweighted,wb_nat,raw,gaussian,FALSE,0.39242447210677756,FALSE,FALSE,-0.07560633814859893,0.07560633814859893
mice_pmm,mneg,other,y2004_2008,pooled_cl,none,clustered,-0.0022845981592022634,0.0033574999517146475,-0.6804462225041993,128.0972735558206,135,0.014972758134394542,10,unemp,share,all,mi,unweighted,wb_nat,raw,gaussian,FALSE,0.49744998707112376,FALSE,FALSE,-0.0600123179563094,0.0600123179563094
mice_pmm,mcosmo,other,y2004_2008,pooled_cl,n_cell,conventional,0.0029943774278660233,0.001935149496100842,1.547362327251426,128.04823447928865,135,0.015346134284923032,10,unemp,share,all,mi,unweighted,wb_nat,raw,gaussian,TRUE,0.12424389382013114,FALSE,FALSE,0.1354822356957203,0.1354822356957203
mice_pmm,mcosmo,other,y2004_2008,pooled_cl,n_cell,clustered,0.0029943774278660233,0.0033737700210828485,0.8875463973993536,128.09507024654852,135,0.014989619803897002,10,unemp,share,all,mi,unweighted,wb_nat,raw,gaussian,TRUE,0.3764482469097923,FALSE,FALSE,0.0781796225396044,0.0781796225396044
mice_pmm,mutil,other,y2004_2008,pooled_cl,n_cell,conventional,-9.439559960294525e-4,0.0013546275373222006,-0.6968380385175433,128.05934993782682,135,0.015261851447539216,10,unemp,share,all,mi,unweighted,wb_nat,raw,gaussian,TRUE,0.4871671797775816,FALSE,TRUE,-0.061461671656068,-0.061461671656068
mice_pmm,mutil,other,y2004_2008,pooled_cl,n_cell,clustered,-9.439559960294525e-4,0.0017408206700771894,-0.5422476951560994,128.08252045219257,135,0.015085506454837418,10,unemp,share,all,mi,unweighted,wb_nat,raw,gaussian,TRUE,0.5885900658994672,FALSE,TRUE,-0.04785803461521668,-0.04785803461521668
mice_pmm,mcomm,other,y2004_2008,pooled_cl,n_cell,conventional,7.574622583564338e-7,0.0016189411379251121,4.6787510713775687e-4,127.9224100767256,135,0.016286469557298407,10,unemp,share,all,mi,unweighted,wb_nat,raw,gaussian,FALSE,0.9996274185334503,FALSE,TRUE,4.136724730942906e-5,-4.136724730942906e-5
mice_pmm,mcomm,other,y2004_2008,pooled_cl,n_cell,clustered,7.574622583564338e-7,0.002826202303580191,2.68014167774505e-4,128.05462280016394,135,0.01529771965659608,10,unemp,share,all,mi,unweighted,wb_nat,raw,gaussian,FALSE,0.9997865727111538,FALSE,TRUE,2.3684276446822254e-5,-2.3684276446822254e-5
mice_pmm,mlib,other,y2004_2008,pooled_cl,n_cell,conventional,-0.0020512481623685365,0.0017835208766257451,-1.1501116635367377,128.00196923227395,135,0.015694789392440206,10,unemp,share,all,mi,unweighted,wb_nat,raw,gaussian,FALSE,0.2522420795386353,FALSE,FALSE,-0.10113447495850174,0.10113447495850174
mice_pmm,mlib,other,y2004_2008,pooled_cl,n_cell,clustered,-0.0020512481623685365,0.0021812665359960143,-0.9403931745699713,128.04070277433672,135,0.015403128629817003,10,unemp,share,all,mi,unweighted,wb_nat,raw,gaussian,FALSE,0.3487866628176569,FALSE,FALSE,-0.0828210681599803,0.0828210681599803
mice_pmm,mpos,other,y2004_2008,pooled_cl,n_cell,conventional,0.002050421431836407,0.0027678545727113273,0.7407981084164624,128.06960210682354,135,0.015183934428825669,10,unemp,share,all,mi,unweighted,wb_nat,raw,gaussian,TRUE,0.46017193705258896,FALSE,FALSE,0.06532032554046951,0.06532032554046951
mice_pmm,mpos,other,y2004_2008,pooled_cl,n_cell,clustered,0.002050421431836407,0.004171829545588051,0.4914921401822003,128.0966808230686,135,0.014977295053270345,10,unemp,share,all,mi,unweighted,wb_nat,raw,gaussian,TRUE,0.6239195122359682,FALSE,FALSE,0.043384892776883954,0.043384892776883954
mice_pmm,mneg,other,y2004_2008,pooled_cl,n_cell,conventional,-0.0020504907001101633,0.002767789171275487,-0.7408406396666516,128.06961265247563,135,0.015183854191947376,10,unemp,share,all,mi,unweighted,wb_nat,raw,gaussian,FALSE,0.4601462357520826,FALSE,FALSE,-0.06532405707880767,0.06532405707880767
mice_pmm,mneg,other,y2004_2008,pooled_cl,n_cell,clustered,-0.0020504907001101633,0.004171679733362481,-0.4915263949223195,128.09668491630924,135,0.014977263724653255,10,unemp,share,all,mi,unweighted,wb_nat,raw,gaussian,FALSE,0.6238953578957793,FALSE,FALSE,-0.04338791012032341,0.04338791012032341
mice_pmm,mcosmo,other,y2004_2008,pooled_cl,n_eff,conventional,0.0031677019665334533,0.001922920644414646,1.6473388934350588,128.04537849466237,135,0.015367757128890136,10,unemp,share,all,mi,unweighted,wb_nat,raw,gaussian,TRUE,0.10194034424467145,FALSE,FALSE,0.14406118549244185,0.14406118549244185
mice_pmm,mcosmo,other,y2004_2008,pooled_cl,n_eff,clustered,0.0031677019665334533,0.0033341276118051713,0.9500842005319612,128.09387823901503,135,0.014998738691990504,10,unemp,share,all,mi,unweighted,wb_nat,raw,gaussian,TRUE,0.3438586143014213,FALSE,FALSE,0.08365137196298351,0.08365137196298351
mice_pmm,mutil,other,y2004_2008,pooled_cl,n_eff,conventional,-9.361838198934704e-4,0.001370170024014292,-0.6832610577413313,128.0581836347607,135,0.015270704441528287,10,unemp,share,all,mi,unweighted,wb_nat,raw,gaussian,TRUE,0.4956762374142797,FALSE,TRUE,-0.06026883729622196,-0.06026883729622196
mice_pmm,mutil,other,y2004_2008,pooled_cl,n_eff,clustered,-9.361838198934704e-4,0.0017140464263746414,-0.5461834670800495,128.07981666466242,135,0.01510613023412194,10,unemp,share,all,mi,unweighted,wb_nat,raw,gaussian,TRUE,0.5858899713975985,FALSE,TRUE,-0.04820510377581566,-0.04820510377581566
mice_pmm,mcomm,other,y2004_2008,pooled_cl,n_eff,conventional,-1.860071198799742e-4,0.0016162329661043588,-0.11508682459825774,127.91742038840913,135,0.016323254770126208,10,unemp,share,all,mi,unweighted,wb_nat,raw,gaussian,FALSE,0.9085567632957123,FALSE,FALSE,-0.010175090440995611,0.010175090440995611
mice_pmm,mcomm,other,y2004_2008,pooled_cl,n_eff,clustered,-1.860071198799742e-4,0.002786093087556927,-0.066762708220593,128.0513618081017,135,0.015322441802948209,10,unemp,share,all,mi,unweighted,wb_nat,raw,gaussian,FALSE,0.9468747387889558,FALSE,FALSE,-0.00589975920179763,0.00589975920179763
mice_pmm,mlib,other,y2004_2008,pooled_cl,n_eff,conventional,-0.0020455518021157137,0.001786156774990019,-1.1452252292507437,127.99560642446428,135,0.01574247194204068,10,unemp,share,all,mi,unweighted,wb_nat,raw,gaussian,FALSE,0.25425270654334875,FALSE,FALSE,-0.10071163387016721,0.10071163387016721
mice_pmm,mlib,other,y2004_2008,pooled_cl,n_eff,clustered,-0.0020455518021157137,0.002162297322453804,-0.9460085719360712,128.0347905577609,135,0.01544780330766219,10,unemp,share,all,mi,unweighted,wb_nat,raw,gaussian,FALSE,0.34592614714934267,FALSE,FALSE,-0.08331410767184178,0.08331410767184178
mice_pmm,mpos,other,y2004_2008,pooled_cl,n_eff,conventional,0.0022315181466398873,0.0027607975265159478,0.8082875057686694,128.06920001719905,135,0.015186993601268585,10,unemp,share,all,mi,unweighted,wb_nat,raw,gaussian,TRUE,0.42042398367747535,FALSE,FALSE,0.07124240702770199,0.07124240702770199
mice_pmm,mpos,other,y2004_2008,pooled_cl,n_eff,clustered,0.0022315181466398873,0.004090641644407886,0.5455178772969481,128.0957600865789,135,0.014984341417628676,10,unemp,share,all,mi,unweighted,wb_nat,raw,gaussian,TRUE,0.586346068834882,FALSE,FALSE,0.048143506933928874,0.048143506933928874
mice_pmm,mneg,other,y2004_2008,pooled_cl,n_eff,conventional,-0.0022315589219956103,0.0027607320746140408,-0.8083214385472699,128.06919587064152,135,0.015187025147653306,10,unemp,share,all,mi,unweighted,wb_nat,raw,gaussian,FALSE,0.42040452596205136,FALSE,FALSE,-0.07124538382720559,0.07124538382720559
mice_pmm,mneg,other,y2004_2008,pooled_cl,n_eff,clustered,-0.0022315589219956103,0.0040904935327412,-0.5455475981403534,128.09575765486184,135,0.014984360025584332,10,unemp,share,all,mi,unweighted,wb_nat,raw,gaussian,FALSE,0.5863256937257204,FALSE,FALSE,-0.048146124259012345,0.048146124259012345
mice_pmm,mcosmo,other,y2004_2008,pooled_cl,pop,conventional,0.00651857774971438,0.0019401732370235864,3.359791602792393,127.82585627254733,135,0.016991758253038537,10,unemp,share,all,mi,unweighted,wb_nat,raw,gaussian,TRUE,0.001028596199150266,TRUE,FALSE,0.2848569592045252,0.2848569592045252
mice_pmm,mcosmo,other,y2004_2008,pooled_cl,pop,clustered,0.00651857774971438,0.004670164896870817,1.395791774736277,128.06873459134363,135,0.01519053431342967,10,unemp,share,all,mi,unweighted,wb_nat,raw,gaussian,TRUE,0.16519234613248904,FALSE,FALSE,0.12241104786109636,0.12241104786109636
mice_pmm,mutil,other,y2004_2008,pooled_cl,pop,conventional,-0.0026330039009365876,0.0012690924234889079,-2.0747140651096956,127.88537899510573,135,0.01655858491998875,10,unemp,share,all,mi,unweighted,wb_nat,raw,gaussian,TRUE,0.04001828299865943,TRUE,TRUE,-0.1804509819814156,-0.1804509819814156
mice_pmm,mutil,other,y2004_2008,pooled_cl,pop,clustered,-0.0026330039009365876,0.0019897244516378803,-1.3233007710033313,128.02466121331926,135,0.015524212646465469,10,unemp,share,all,mi,unweighted,wb_nat,raw,gaussian,TRUE,0.18809379988795505,FALSE,TRUE,-0.11616137158114577,-0.11616137158114577
mice_pmm,mcomm,other,y2004_2008,pooled_cl,pop,conventional,-9.583613709197795e-4,0.0014969667494003417,-0.6402021763701045,127.5491406535545,135,0.018942018237349072,10,unemp,share,all,mi,unweighted,wb_nat,raw,gaussian,FALSE,0.5231895508196875,FALSE,FALSE,-0.05659547749054408,0.05659547749054408
mice_pmm,mcomm,other,y2004_2008,pooled_cl,pop,clustered,-9.583613709197795e-4,0.0034029598996858975,-0.28162581963079814,128.01279910111612,135,0.015613483248737157,10,unemp,share,all,mi,unweighted,wb_nat,raw,gaussian,FALSE,0.778685186605407,FALSE,FALSE,-0.024883489052293074,0.024883489052293074
mice_pmm,mlib,other,y2004_2008,pooled_cl,pop,conventional,-0.0029273993845337315,0.0016089451595914673,-1.8194525569019626,127.89782022537592,135,0.01646739083567256,10,unemp,share,all,mi,unweighted,wb_nat,raw,gaussian,FALSE,0.07118135350696136,FALSE,FALSE,-0.15884011790854483,0.15884011790854483
mice_pmm,mlib,other,y2004_2008,pooled_cl,pop,clustered,-0.0029273993845337315,0.0036508645916908476,-0.8018372938827476,128.07592729349233,135,0.015135775973247223,10,unemp,share,all,mi,unweighted,wb_nat,raw,gaussian,FALSE,0.424132302041602,FALSE,FALSE,-0.07067489009892097,0.07067489009892097
mice_pmm,mpos,other,y2004_2008,pooled_cl,pop,conventional,0.003885573848777841,0.0027428579635756303,1.4166150418203023,127.96220883963215,135,0.01599170970013747,10,unemp,share,all,mi,unweighted,wb_nat,raw,gaussian,TRUE,0.15902537140836287,FALSE,FALSE,0.12426017143543899,0.12426017143543899
mice_pmm,mpos,other,y2004_2008,pooled_cl,pop,clustered,0.003885573848777841,0.006331202876543141,0.6137181076875201,128.08904316087825,135,0.015035702677128455,10,unemp,share,all,mi,unweighted,wb_nat,raw,gaussian,TRUE,0.5404900044282901,FALSE,FALSE,0.05414711912912399,0.05414711912912399
mice_pmm,mneg,other,y2004_2008,pooled_cl,pop,conventional,-0.003885760755453565,0.0027427741994331257,-1.4167264502694648,127.96219436474736,135,0.015991817346203068,10,unemp,share,all,mi,unweighted,wb_nat,raw,gaussian,FALSE,0.15899284740084202,FALSE,FALSE,-0.12426979977973868,0.12426979977973868
mice_pmm,mneg,other,y2004_2008,pooled_cl,pop,clustered,-0.003885760755453565,0.006331137149066467,-0.613754000894851,128.08904168227534,135,0.015035713974989505,10,unemp,share,all,mi,unweighted,wb_nat,raw,gaussian,FALSE,0.540466356473142,FALSE,FALSE,-0.054150276940981214,0.054150276940981214
mice_pmm,mcosmo,other,y2009_2013,fe_twoway,none,conventional,-0.004483615606166027,0.0010874504301097607,-4.123052860178167,96.35026685887428,135,0.03442563465378063,10,unemp,share,all,mi,unweighted,wb_nat,raw,gaussian,TRUE,7.925842670405845e-5,TRUE,TRUE,-0.38726519127944337,-0.38726519127944337
mice_pmm,mcosmo,other,y2009_2013,fe_twoway,none,clustered,-0.004483615606166027,9.830158942131346e-4,-4.561081496810369,95.87595770185833,135,0.03786668898455228,10,unemp,share,all,mi,unweighted,wb_nat,raw,gaussian,TRUE,1.5049095889190639e-5,TRUE,TRUE,-0.422251010401064,-0.422251010401064
mice_pmm,mutil,other,y2009_2013,fe_twoway,none,conventional,-0.0019418906222736993,5.952509748524061e-4,-3.2623056564589343,96.70843832494387,135,0.03169333887563803,10,unemp,share,all,mi,unweighted,wb_nat,raw,gaussian,TRUE,0.001527516361656718,TRUE,TRUE,-0.31486286812322456,-0.31486286812322456
mice_pmm,mutil,other,y2009_2013,fe_twoway,none,clustered,-0.0019418906222736993,8.431727224379026e-4,-2.303075716988359,97.47652050657169,135,0.025350087636446236,10,unemp,share,all,mi,unweighted,wb_nat,raw,gaussian,TRUE,0.023399937482645156,TRUE,TRUE,-0.2271707838707215,-0.2271707838707215
mice_pmm,mcomm,other,y2009_2013,fe_twoway,none,conventional,0.006593017791393573,8.961093871193868e-4,7.357380567775705,97.22745896439241,135,0.027489107321332844,10,unemp,share,all,mi,unweighted,wb_nat,raw,gaussian,FALSE,6.001219209361699e-11,TRUE,TRUE,0.5980256368344804,-0.5980256368344804
mice_pmm,mcomm,other,y2009_2013,fe_twoway,none,clustered,0.006593017791393573,9.896649803078344e-4,6.661868331789229,97.4055505031908,135,0.025968552436216485,10,unemp,share,all,mi,unweighted,wb_nat,raw,gaussian,FALSE,1.6168094863352546e-9,TRUE,TRUE,0.5594732261947318,-0.5594732261947318
mice_pmm,mlib,other,y2009_2013,fe_twoway,none,conventional,-1.6736708457933212e-4,8.281928419864501e-4,-0.20208709384386392,97.14055719966457,135,0.028215645021189863,10,unemp,share,all,mi,unweighted,wb_nat,raw,gaussian,FALSE,0.8402712579971738,FALSE,FALSE,-0.02049967665543539,0.02049967665543539
mice_pmm,mlib,other,y2009_2013,fe_twoway,none,clustered,-1.6736708457933212e-4,0.0013368131815784793,-0.12519855944396716,97.7854375173933,135,0.022566441397411804,10,unemp,share,all,mi,unweighted,wb_nat,raw,gaussian,FALSE,0.9006233899000633,FALSE,FALSE,-0.012659817207124712,0.012659817207124712
mice_pmm,mpos,other,y2009_2013,fe_twoway,none,conventional,-0.006425506228439728,0.001368310531599418,-4.695941513312007,97.33583572636668,135,0.026569007020094314,10,unemp,share,all,mi,unweighted,wb_nat,raw,gaussian,TRUE,8.703509981542915e-6,TRUE,TRUE,-0.4297767150170453,-0.4297767150170453
mice_pmm,mpos,other,y2009_2013,fe_twoway,none,clustered,-0.006425506228439728,0.0015797915173191273,-4.067312780197526,97.55132270384652,135,0.02469006977717944,10,unemp,share,all,mi,unweighted,wb_nat,raw,gaussian,TRUE,9.649684611229875e-5,TRUE,TRUE,-0.3807811934966213,-0.3807811934966213
mice_pmm,mneg,other,y2009_2013,fe_twoway,none,conventional,0.0064256507068142414,0.0013683397945093191,4.695946673916951,97.33459894216656,135,0.02657959769066479,10,unemp,share,all,mi,unweighted,wb_nat,raw,gaussian,FALSE,8.703445893492152e-6,TRUE,TRUE,0.42977932621333553,-0.42977932621333553
mice_pmm,mneg,other,y2009_2013,fe_twoway,none,clustered,0.0064256507068142414,0.0015797450644634812,4.0675238374595235,97.55036337497451,135,0.02469858877037917,10,unemp,share,all,mi,unweighted,wb_nat,raw,gaussian,FALSE,9.642284281235877e-5,TRUE,TRUE,0.3807996883904023,-0.3807996883904023
mice_pmm,mcosmo,other,y2009_2013,fe_twoway,n_cell,conventional,-0.0035587256992820728,0.0010674934237749369,-3.333721426308637,96.65293402393665,135,0.03212506957703767,10,unemp,share,all,mi,unweighted,wb_nat,raw,gaussian,TRUE,0.0012158735131547768,TRUE,TRUE,-0.32113463683239946,-0.32113463683239946
mice_pmm,mcosmo,other,y2009_2013,fe_twoway,n_cell,clustered,-0.0035587256992820728,8.980044449399034e-4,-3.9629265972288494,95.92387200369737,135,0.03752738768523811,10,unemp,share,all,mi,unweighted,wb_nat,raw,gaussian,TRUE,1.4243953325096144e-4,TRUE,TRUE,-0.37508368496866035,-0.37508368496866035
mice_pmm,mutil,other,y2009_2013,fe_twoway,n_cell,conventional,-0.0015344923041440022,5.671171922860999e-4,-2.705776380995129,95.99951494808987,135,0.0369880836708006,10,unemp,share,all,mi,unweighted,wb_nat,raw,gaussian,TRUE,0.008064664802518048,TRUE,TRUE,-0.2661939286321966,-0.2661939286321966
mice_pmm,mutil,other,y2009_2013,fe_twoway,n_cell,clustered,-0.0015344923041440022,7.041908965371285e-4,-2.179085687829672,96.83666617460617,135,0.030683479384956316,10,unemp,share,all,mi,unweighted,wb_nat,raw,gaussian,TRUE,0.03175106361597203,TRUE,TRUE,-0.21620181897724494,-0.21620181897724494
mice_pmm,mcomm,other,y2009_2013,fe_twoway,n_cell,conventional,0.005507123971647394,8.663153679127843e-4,6.356950569762742,97.42023842107996,135,0.02584115983613051,10,unemp,share,all,mi,unweighted,wb_nat,raw,gaussian,FALSE,6.644213892257785e-9,TRUE,TRUE,0.5414711075968229,-0.5414711075968229
mice_pmm,mcomm,other,y2009_2013,fe_twoway,n_cell,clustered,0.005507123971647394,0.0010077093628832166,5.464992362371862,97.62088621218494,135,0.024068473558204687,10,unemp,share,all,mi,unweighted,wb_nat,raw,gaussian,FALSE,3.5455241443189054e-7,TRUE,TRUE,0.4840124816807777,-0.4840124816807777
mice_pmm,mlib,other,y2009_2013,fe_twoway,n_cell,conventional,-4.13830096577867e-4,8.194524384991182e-4,-0.5050080726293577,96.96007082483673,135,0.029694448132249574,10,unemp,share,all,mi,unweighted,wb_nat,raw,gaussian,FALSE,0.6146990971669558,FALSE,FALSE,-0.05121904161731863,0.05121904161731863
mice_pmm,mlib,other,y2009_2013,fe_twoway,n_cell,clustered,-4.13830096577867e-4,0.001362145692194279,-0.3038075140928784,97.7492402869881,135,0.022900811169227202,10,unemp,share,all,mi,unweighted,wb_nat,raw,gaussian,FALSE,0.7619202865229122,FALSE,FALSE,-0.03071403485521568,0.03071403485521568
mice_pmm,mpos,other,y2009_2013,fe_twoway,n_cell,conventional,-0.005093218003426074,0.001310661641080986,-3.885989979248476,97.23319734940802,135,0.027440785436054382,10,unemp,share,all,mi,unweighted,wb_nat,raw,gaussian,TRUE,1.8614832740128875e-4,TRUE,TRUE,-0.36664506293384047,-0.36664506293384047
mice_pmm,mpos,other,y2009_2013,fe_twoway,n_cell,clustered,-0.005093218003426074,0.001332341450043503,-3.8227572993843073,97.26527475410631,135,0.0271698611882799,10,unemp,share,all,mi,unweighted,wb_nat,raw,gaussian,TRUE,2.328385121165344e-4,TRUE,TRUE,-0.36141229857093454,-0.36141229857093454
mice_pmm,mneg,other,y2009_2013,fe_twoway,n_cell,conventional,0.005093293875069527,0.0013106888868002528,3.885967086745993,97.23108645566688,135,0.02745856594613781,10,unemp,share,all,mi,unweighted,wb_nat,raw,gaussian,FALSE,1.8616571749437483e-4,TRUE,TRUE,0.36664663825592003,-0.36664663825592003
mice_pmm,mneg,other,y2009_2013,fe_twoway,n_cell,clustered,0.005093293875069527,0.0013323060087802926,3.822915937857524,97.26315119072603,135,0.027187839229934743,10,unemp,share,all,mi,unweighted,wb_nat,raw,gaussian,FALSE,2.3271102426111176e-4,TRUE,TRUE,0.3614287675919164,-0.3614287675919164
mice_pmm,mcosmo,other,y2009_2013,fe_twoway,n_eff,conventional,-0.0035933648605904456,0.0010493169339371303,-3.424480006348341,96.55120068588461,135,0.03290825136172285,10,unemp,share,all,mi,unweighted,wb_nat,raw,gaussian,TRUE,9.056590201779296e-4,TRUE,TRUE,-0.3290970526604797,-0.3290970526604797
mice_pmm,mcosmo,other,y2009_2013,fe_twoway,n_eff,clustered,-0.0035933648605904456,8.728330143262282e-4,-4.116898423422143,95.70256816401053,135,0.039080069469827554,10,unemp,share,all,mi,unweighted,wb_nat,raw,gaussian,TRUE,8.144714983030656e-5,TRUE,TRUE,-0.38788395481708005,-0.38788395481708005
mice_pmm,mutil,other,y2009_2013,fe_twoway,n_eff,conventional,-0.0014919063552965477,5.609191895084662e-4,-2.6597527472788123,95.81173359822216,135,0.038318738586152895,10,unemp,share,all,mi,unweighted,wb_nat,raw,gaussian,TRUE,0.009167049401657724,TRUE,TRUE,-0.26221835348411127,-0.26221835348411127
mice_pmm,mutil,other,y2009_2013,fe_twoway,n_eff,clustered,-0.0014919063552965477,6.98406808994993e-4,-2.1361566583856764,96.73594697995544,135,0.031478176679309744,10,unemp,share,all,mi,unweighted,wb_nat,raw,gaussian,TRUE,0.035190430810424014,TRUE,TRUE,-0.2122414868918065,-0.2122414868918065
mice_pmm,mcomm,other,y2009_2013,fe_twoway,n_eff,conventional,0.00547891414375363,8.570149788190071e-4,6.393020284550618,97.42993391616989,135,0.025756896453730155,10,unemp,share,all,mi,unweighted,wb_nat,raw,gaussian,FALSE,5.62636291155408e-9,TRUE,TRUE,0.5436181946243702,-0.5436181946243702
mice_pmm,mcomm,other,y2009_2013,fe_twoway,n_eff,clustered,0.00547891414375363,0.0010088943454438478,5.430612401086721,97.64082161452849,135,0.023888910160072965,10,unemp,share,all,mi,unweighted,wb_nat,raw,gaussian,FALSE,4.110114524558323e-7,TRUE,TRUE,0.48163798508632444,-0.48163798508632444
mice_pmm,mlib,other,y2009_2013,fe_twoway,n_eff,conventional,-3.9356757655738224e-4,8.04711662695413e-4,-0.48907900158811207,96.84632985572341,135,0.030606648774406938,10,unemp,share,all,mi,unweighted,wb_nat,raw,gaussian,FALSE,0.6258915812251968,FALSE,FALSE,-0.049636570585208276,0.049636570585208276
mice_pmm,mlib,other,y2009_2013,fe_twoway,n_eff,clustered,-3.9356757655738224e-4,0.0013764651354642315,-0.2859262951288964,97.73864025126537,135,0.02299829619863065,10,unemp,share,all,mi,unweighted,wb_nat,raw,gaussian,FALSE,0.7755396991027714,FALSE,FALSE,-0.02890942094677489,0.02890942094677489
mice_pmm,mpos,other,y2009_2013,fe_twoway,n_eff,conventional,-0.005085271215886992,0.0012905259542906854,-3.9404641177340913,97.17700353158233,135,0.02791212501347716,10,unemp,share,all,mi,unweighted,wb_nat,raw,gaussian,TRUE,1.5325063925433652e-4,TRUE,TRUE,-0.3711737112511549,-0.3711737112511549
mice_pmm,mpos,other,y2009_2013,fe_twoway,n_eff,clustered,-0.005085271215886992,0.0013211968157835652,-3.8489883983493094,97.22553096634385,135,0.027505332876072243,10,unemp,share,all,mi,unweighted,wb_nat,raw,gaussian,TRUE,2.1228482235051028e-4,TRUE,TRUE,-0.36362989594071576,-0.36362989594071576
mice_pmm,mneg,other,y2009_2013,fe_twoway,n_eff,conventional,0.005085346567196248,0.0012905510459995746,3.9404458916675225,97.17503021780938,135,0.02792860206858607,10,unemp,share,all,mi,unweighted,wb_nat,raw,gaussian,FALSE,1.5326246209609328e-4,TRUE,TRUE,0.3711754803953705,-0.3711754803953705
mice_pmm,mneg,other,y2009_2013,fe_twoway,n_eff,clustered,0.005085346567196248,0.0013211552394408633,3.8491665592216537,97.22355980161544,135,0.0275219166423738,10,unemp,share,all,mi,unweighted,wb_nat,raw,gaussian,FALSE,2.1215330337269442e-4,TRUE,TRUE,0.3636477006846232,-0.3636477006846232
mice_pmm,mcosmo,other,y2009_2013,fe_twoway,pop,conventional,-0.0057560429050057494,0.0012245989193982012,-4.700349488985679,95.71518558657279,135,0.03899251949126512,10,unemp,share,all,mi,unweighted,wb_nat,raw,gaussian,TRUE,8.703886973334386e-6,TRUE,TRUE,-0.4330538370968542,-0.4330538370968542
mice_pmm,mcosmo,other,y2009_2013,fe_twoway,pop,clustered,-0.0057560429050057494,0.0021225191767866745,-2.711892061074304,97.43798406613168,135,0.025686828518262667,10,unemp,share,all,mi,unweighted,wb_nat,raw,gaussian,TRUE,0.007908991071270086,TRUE,TRUE,-0.2649156561078022,-0.2649156561078022
mice_pmm,mutil,other,y2009_2013,fe_twoway,pop,conventional,-0.003999317080343006,7.487677683409202e-4,-5.341198231868981,94.60293426503712,135,0.04631564014275059,10,unemp,share,all,mi,unweighted,wb_nat,raw,gaussian,TRUE,6.342292450364369e-7,TRUE,TRUE,-0.48134271840441595,-0.48134271840441595
mice_pmm,mutil,other,y2009_2013,fe_twoway,pop,clustered,-0.003999317080343006,0.002031306781629343,-1.9688395256255145,97.76530550452422,135,0.022752692883724487,10,unemp,share,all,mi,unweighted,wb_nat,raw,gaussian,TRUE,0.05180279777010999,FALSE,TRUE,-0.19528752400794094,-0.19528752400794094
mice_pmm,mcomm,other,y2009_2013,fe_twoway,pop,conventional,0.006732453615137608,9.17246809806943e-4,7.339849583728307,93.92090070019935,135,0.050473460920929615,10,unemp,share,all,mi,unweighted,wb_nat,raw,gaussian,FALSE,7.580136671499776e-11,TRUE,TRUE,0.603751646836318,-0.603751646836318
mice_pmm,mcomm,other,y2009_2013,fe_twoway,pop,clustered,0.006732453615137608,0.0010352925726833206,6.502947855298637,95.01094943585102,135,0.04371557385652136,10,unemp,share,all,mi,unweighted,wb_nat,raw,gaussian,FALSE,3.649400313390231e-9,TRUE,TRUE,0.5549784776585877,-0.5549784776585877
mice_pmm,mlib,other,y2009_2013,fe_twoway,pop,conventional,0.003023093868728397,0.0010632897920497552,2.8431514073887914,96.63198194535447,135,0.032287218253865164,10,unemp,share,all,mi,unweighted,wb_nat,raw,gaussian,FALSE,0.005451091143255257,TRUE,TRUE,0.2778398395045157,-0.2778398395045157
mice_pmm,mlib,other,y2009_2013,fe_twoway,pop,clustered,0.003023093868728397,0.003314545156035696,0.9120689948131875,98.01290169754712,135,0.020410099396464106,10,unemp,share,all,mi,unweighted,wb_nat,raw,gaussian,FALSE,0.36397030212330617,FALSE,TRUE,0.09173833241420805,-0.09173833241420805
mice_pmm,mpos,other,y2009_2013,fe_twoway,pop,conventional,-0.00975535998534876,0.0016370606525680613,-5.959070587913467,97.1983541711959,135,0.027733526539269984,10,unemp,share,all,mi,unweighted,wb_nat,raw,gaussian,TRUE,4.068132681348789e-8,TRUE,TRUE,-0.5172834022750753,-0.5172834022750753
mice_pmm,mpos,other,y2009_2013,fe_twoway,pop,clustered,-0.00975535998534876,0.003992295284157924,-2.4435467045886146,98.00278708189913,135,0.020508111875194798,10,unemp,share,all,mi,unweighted,wb_nat,raw,gaussian,TRUE,0.01633226023733639,TRUE,TRUE,-0.23963976165369766,-0.23963976165369766
mice_pmm,mneg,other,y2009_2013,fe_twoway,pop,conventional,0.009755547483866003,0.0016370571998273894,5.95919769015684,97.20205692530911,135,0.027702492718375143,10,unemp,share,all,mi,unweighted,wb_nat,raw,gaussian,FALSE,4.0654670047469754e-8,TRUE,TRUE,0.5172842668245013,-0.5172842668245013
mice_pmm,mneg,other,y2009_2013,fe_twoway,pop,clustered,0.009755547483866003,0.0039920550990052385,2.443740690427079,98.00330866777006,135,0.020503062671488215,10,unemp,share,all,mi,unweighted,wb_nat,raw,gaussian,FALSE,0.016323989086523272,TRUE,TRUE,0.23965709218525086,-0.23965709218525086
mice_pmm,mcosmo,other,y2009_2013,fe_country,none,conventional,-0.007714338558262403,0.0011343168965131116,-6.8008671844493085,101.0113562666313,135,0.028142934369480704,10,unemp,share,all,mi,unweighted,wb_nat,raw,gaussian,TRUE,7.454257034054498e-10,TRUE,TRUE,-0.5604246760770946,-0.5604246760770946
mice_pmm,mcosmo,other,y2009_2013,fe_country,none,clustered,-0.007714338558262403,0.0016702688148139493,-4.618620960795284,101.65119836566565,135,0.022865830162412695,10,unemp,share,all,mi,unweighted,wb_nat,raw,gaussian,TRUE,1.1342713225239836e-5,TRUE,TRUE,-0.41647604981292685,-0.41647604981292685
mice_pmm,mutil,other,y2009_2013,fe_country,none,conventional,-0.003777530898864888,6.131930469683069e-4,-6.160426830573849,100.86761691587598,135,0.029258066634919627,10,unemp,share,all,mi,unweighted,wb_nat,raw,gaussian,TRUE,1.4964795862641464e-8,TRUE,TRUE,-0.5228621063215094,-0.5228621063215094
mice_pmm,mutil,other,y2009_2013,fe_country,none,clustered,-0.003777530898864888,0.0012025756595885097,-3.141200197048277,101.84095600867984,135,0.02118505465911704,10,unemp,share,all,mi,unweighted,wb_nat,raw,gaussian,TRUE,0.0022030568131491293,TRUE,TRUE,-0.2972030717601539,-0.2972030717601539
mice_pmm,mcomm,other,y2009_2013,fe_country,none,conventional,0.008137254231911653,8.219701925946496e-4,9.899695031793565,100.95868501304636,135,0.028554240126615164,10,unemp,share,all,mi,unweighted,wb_nat,raw,gaussian,FALSE,1.4986218856832897e-16,TRUE,TRUE,0.7018366464965294,-0.7018366464965294
mice_pmm,mcomm,other,y2009_2013,fe_country,none,clustered,0.008137254231911653,0.0012541928064523148,6.488040905711443,101.66654021180061,135,0.02273214152486939,10,unemp,share,all,mi,unweighted,wb_nat,raw,gaussian,FALSE,3.205027539933152e-9,TRUE,TRUE,0.5411189111906065,-0.5411189111906065
mice_pmm,mlib,other,y2009_2013,fe_country,none,conventional,0.00335488872212898,0.001013762585650634,3.3093435974220817,101.9085386755712,135,0.020571451377033256,10,unemp,share,all,mi,unweighted,wb_nat,raw,gaussian,FALSE,0.0012934605686345888,TRUE,TRUE,0.31150948345309415,-0.31150948345309415
mice_pmm,mlib,other,y2009_2013,fe_country,none,clustered,0.00335488872212898,0.0019463013862092912,1.7237251876304318,102.08259036886247,135,0.018951680487667898,10,unemp,share,all,mi,unweighted,wb_nat,raw,gaussian,FALSE,0.08778479482498706,FALSE,TRUE,0.16817525912805553,-0.16817525912805553
mice_pmm,mpos,other,y2009_2013,fe_country,none,conventional,-0.01149186945712729,0.0015192177738104751,-7.564333208334961,101.49180586580627,135,0.024233291744608493,10,unemp,share,all,mi,unweighted,wb_nat,raw,gaussian,TRUE,1.8130186660719203e-11,TRUE,TRUE,-0.6004366808286536,-0.6004366808286536
mice_pmm,mpos,other,y2009_2013,fe_country,none,clustered,-0.01149186945712729,0.0026988406801100396,-4.258076270237164,101.94756524141842,135,0.020213317657716084,10,unemp,share,all,mi,unweighted,wb_nat,raw,gaussian,TRUE,4.5975932585137836e-5,TRUE,TRUE,-0.3885798757139508,-0.3885798757139508
mice_pmm,mneg,other,y2009_2013,fe_country,none,conventional,0.011492142954040633,0.0015192773845702579,7.564216429965023,101.48769823495591,135,0.02426803028223299,10,unemp,share,all,mi,unweighted,wb_nat,raw,gaussian,FALSE,1.8143957994587294e-11,TRUE,TRUE,0.6004385232957345,-0.6004385232957345
mice_pmm,mneg,other,y2009_2013,fe_country,none,clustered,0.011492142954040633,0.002698858416588379,4.258149624820937,101.94635699961734,135,0.02022444791501403,10,unemp,share,all,mi,unweighted,wb_nat,raw,gaussian,FALSE,4.5963531398449766e-5,TRUE,TRUE,0.3885875140392602,-0.3885875140392602
mice_pmm,mcosmo,other,y2009_2013,fe_country,n_cell,conventional,-0.006279973238176723,0.0011868914602436095,-5.2911099696409964,101.20296516928786,135,0.02661915051711101,10,unemp,share,all,mi,unweighted,wb_nat,raw,gaussian,TRUE,7.0665314803713e-7,TRUE,TRUE,-0.4654976912784073,-0.4654976912784073
mice_pmm,mcosmo,other,y2009_2013,fe_country,n_cell,clustered,-0.006279973238176723,0.0015845946078896027,-3.963141870424844,101.63706792375554,135,0.022988632915510888,10,unemp,share,all,mi,unweighted,wb_nat,raw,gaussian,TRUE,1.376376182637711e-4,TRUE,TRUE,-0.365855835664893,-0.365855835664893
mice_pmm,mutil,other,y2009_2013,fe_country,n_cell,conventional,-0.0031082134184997837,6.189177314305951e-4,-5.022013848779732,100.33925677646774,135,0.03317500050780601,10,unemp,share,all,mi,unweighted,wb_nat,raw,gaussian,TRUE,2.2265622422379506e-6,TRUE,TRUE,-0.44817998757475225,-0.44817998757475225
mice_pmm,mutil,other,y2009_2013,fe_country,n_cell,clustered,-0.0031082134184997837,0.0010673973098738769,-2.911955454400619,101.59719925893855,135,0.02333343456002527,10,unemp,share,all,mi,unweighted,wb_nat,raw,gaussian,TRUE,0.004415677325384895,TRUE,TRUE,-0.2775473328968349,-0.2775473328968349
mice_pmm,mcomm,other,y2009_2013,fe_country,n_cell,conventional,0.006817635426139469,8.287077972404394e-4,8.226826691919511,101.2353648100041,135,0.026357035681990038,10,unemp,share,all,mi,unweighted,wb_nat,raw,gaussian,FALSE,6.862051020986718e-13,TRUE,TRUE,0.6329900740465377,-0.6329900740465377
mice_pmm,mcomm,other,y2009_2013,fe_country,n_cell,clustered,0.006817635426139469,0.0010454750941691004,6.521088320671894,101.5917459036691,135,0.023380406419076485,10,unemp,share,all,mi,unweighted,wb_nat,raw,gaussian,FALSE,2.750279870528083e-9,TRUE,TRUE,0.5432046412658295,-0.5432046412658295
mice_pmm,mlib,other,y2009_2013,fe_country,n_cell,conventional,0.0025707334149907527,0.0010809607192025076,2.3781931843807826,101.80954864066307,135,0.021467449273516005,10,unemp,share,all,mi,unweighted,wb_nat,raw,gaussian,FALSE,0.0192633705359758,TRUE,TRUE,0.22941029240195182,-0.22941029240195182
mice_pmm,mlib,other,y2009_2013,fe_country,n_cell,clustered,0.0025707334149907527,0.0020019118252780086,1.2841391826204689,102.05016394560316,135,0.01925795276686081,10,unemp,share,all,mi,unweighted,wb_nat,raw,gaussian,FALSE,0.20200099249269204,FALSE,TRUE,0.12610271645004656,-0.12610271645004656
mice_pmm,mpos,other,y2009_2013,fe_country,n_cell,conventional,-0.009388186656676508,0.0015581076768103504,-6.0253773191692055,101.50233997022086,135,0.024144091841470965,10,unemp,share,all,mi,unweighted,wb_nat,raw,gaussian,TRUE,2.7330560292272464e-8,TRUE,TRUE,-0.513272271088831,-0.513272271088831
mice_pmm,mpos,other,y2009_2013,fe_country,n_cell,clustered,-0.009388186656676508,0.0024753185161804415,-3.7927186320906365,101.90049835607851,135,0.0206448849337102,10,unemp,share,all,mi,unweighted,wb_nat,raw,gaussian,TRUE,2.5287079963127535e-4,TRUE,TRUE,-0.35171296588868134,-0.35171296588868134
mice_pmm,mneg,other,y2009_2013,fe_country,n_cell,conventional,0.009388368841130219,0.0015581541867805326,6.025314388512809,101.49996289144302,135,0.024164234427550148,10,unemp,share,all,mi,unweighted,wb_nat,raw,gaussian,FALSE,2.7339849388134094e-8,TRUE,TRUE,0.5132727494344907,-0.5132727494344907
mice_pmm,mneg,other,y2009_2013,fe_country,n_cell,clustered,0.009388368841130219,0.0024753124673656335,3.792801500782585,101.89960743367014,135,0.020653014591160344,10,unemp,share,all,mi,unweighted,wb_nat,raw,gaussian,FALSE,2.5279797601052384e-4,TRUE,TRUE,0.3517210473246135,-0.3517210473246135
mice_pmm,mcosmo,other,y2009_2013,fe_country,n_eff,conventional,-0.0063488388950322105,0.0011581948596681147,-5.48166730497448,101.13425510593912,135,0.02717067304034296,10,unemp,share,all,mi,unweighted,wb_nat,raw,gaussian,TRUE,3.1062057824106647e-7,TRUE,TRUE,-0.47860144745815725,-0.47860144745815725
mice_pmm,mcosmo,other,y2009_2013,fe_country,n_eff,clustered,-0.0063488388950322105,0.0015740626544023218,-4.033409265683195,101.62134669874655,135,0.023124892110374988,10,unemp,share,all,mi,unweighted,wb_nat,raw,gaussian,TRUE,1.06533978078064e-4,TRUE,TRUE,-0.37147902089747714,-0.37147902089747714
mice_pmm,mutil,other,y2009_2013,fe_country,n_eff,conventional,-0.003109487399782574,6.090860242786111e-4,-5.105169509455395,100.23486415780472,135,0.03391842644086403,10,unemp,share,all,mi,unweighted,wb_nat,raw,gaussian,TRUE,1.5753530890179499e-6,TRUE,TRUE,-0.4542684589464977,-0.4542684589464977
mice_pmm,mutil,other,y2009_2013,fe_country,n_eff,clustered,-0.003109487399782574,0.0010715674675387066,-2.9018120594168324,101.59190808721854,135,0.02337901012765454,10,unemp,share,all,mi,unweighted,wb_nat,raw,gaussian,TRUE,0.0045497377195085195,TRUE,TRUE,-0.27666130396617233,-0.27666130396617233
mice_pmm,mcomm,other,y2009_2013,fe_country,n_eff,conventional,0.006839451477672763,8.175756000566373e-4,8.36552788170166,101.21650003731801,135,0.02650981451337502,10,unemp,share,all,mi,unweighted,wb_nat,raw,gaussian,FALSE,3.430339191973814e-13,TRUE,TRUE,0.6393568189335634,-0.6393568189335634
mice_pmm,mcomm,other,y2009_2013,fe_country,n_eff,clustered,0.006839451477672763,0.0010405045419149969,6.573206749376695,101.59093843752495,135,0.02338735756030539,10,unemp,share,all,mi,unweighted,wb_nat,raw,gaussian,FALSE,2.1521860916930972e-9,TRUE,TRUE,0.5462557641899919,-0.5462557641899919
mice_pmm,mlib,other,y2009_2013,fe_country,n_eff,conventional,0.0026190633262613916,0.0010474306520958268,2.500464657035624,101.76922757308436,135,0.021827489822246127,10,unemp,share,all,mi,unweighted,wb_nat,raw,gaussian,FALSE,0.013999592775275927,TRUE,TRUE,0.2405833211658432,-0.2405833211658432
mice_pmm,mlib,other,y2009_2013,fe_country,n_eff,clustered,0.0026190633262613916,0.002012198336743863,1.3015930281005783,102.04662335402624,135,0.01929126563051847,10,unemp,share,all,mi,unweighted,wb_nat,raw,gaussian,FALSE,0.19598629063520112,FALSE,TRUE,0.12779106359890458,-0.12779106359890458
mice_pmm,mpos,other,y2009_2013,fe_country,n_eff,conventional,-0.009458326294814785,0.001522029155686524,-6.214287196455529,101.4589174493073,135,0.024510748092867334,10,unemp,share,all,mi,unweighted,wb_nat,raw,gaussian,TRUE,1.15133870672407e-8,TRUE,TRUE,-0.5250600992584726,-0.5250600992584726
mice_pmm,mpos,other,y2009_2013,fe_country,n_eff,clustered,-0.009458326294814785,0.002477456960412775,-3.817756048217649,101.8972652704814,135,0.02067437988995245,10,unemp,share,all,mi,unweighted,wb_nat,raw,gaussian,TRUE,2.3145850898832163e-4,TRUE,TRUE,-0.3537499814173687,-0.3537499814173687
mice_pmm,mneg,other,y2009_2013,fe_country,n_eff,conventional,0.009458514803934157,0.0015220742857872777,6.214226790541852,101.45648771510281,135,0.024531184420361257,10,unemp,share,all,mi,unweighted,wb_nat,raw,gaussian,FALSE,1.1517286764365867e-8,TRUE,TRUE,0.5250609563142169,-0.5250609563142169
mice_pmm,mneg,other,y2009_2013,fe_country,n_eff,clustered,0.009458514803934157,0.002477446076184096,3.817848910965078,101.89640201511833,135,0.02068225201226097,10,unemp,share,all,mi,unweighted,wb_nat,raw,gaussian,FALSE,2.3138336407495136e-4,TRUE,TRUE,0.353758820161237,-0.353758820161237
mice_pmm,mcosmo,other,y2009_2013,fe_country,pop,conventional,-0.010529127151622497,0.0014166371186018654,-7.432480070841363,100.14369521069077,135,0.034560196991338686,10,unemp,share,all,mi,unweighted,wb_nat,raw,gaussian,TRUE,3.670046544285375e-11,TRUE,TRUE,-0.5962502459123138,-0.5962502459123138
mice_pmm,mcosmo,other,y2009_2013,fe_country,pop,clustered,-0.010529127151622497,0.0032987116175545988,-3.1918907659554523,101.82391353253051,135,0.0213385034111893,10,unemp,share,all,mi,unweighted,wb_nat,raw,gaussian,TRUE,0.0018802439389678826,TRUE,TRUE,-0.301589063723891,-0.301589063723891
mice_pmm,mutil,other,y2009_2013,fe_country,pop,conventional,-0.005576289885438132,6.983118171329392e-4,-7.98538668346287,98.58188309269514,135,0.04466075999613887,10,unemp,share,all,mi,unweighted,wb_nat,raw,gaussian,TRUE,2.6394601642924546e-12,TRUE,TRUE,-0.6267179021995465,-0.6267179021995465
mice_pmm,mutil,other,y2009_2013,fe_country,pop,clustered,-0.005576289885438132,0.0023412902591034607,-2.3817166042340405,101.89562720789478,135,0.020689316408923505,10,unemp,share,all,mi,unweighted,wb_nat,raw,gaussian,TRUE,0.019088348131482247,TRUE,TRUE,-0.229640313601807,-0.229640313601807
mice_pmm,mcomm,other,y2009_2013,fe_country,pop,conventional,0.009000969492772038,8.976596038151439e-4,10.027152223980012,95.36849476006124,135,0.06197746811172395,10,unemp,share,all,mi,unweighted,wb_nat,raw,gaussian,FALSE,1.3900080508080812e-16,TRUE,TRUE,0.7163854927544836,-0.7163854927544836
mice_pmm,mcomm,other,y2009_2013,fe_country,pop,clustered,0.009000969492772038,0.0013543400781919738,6.646018705130704,99.71141132681377,135,0.03751507077952922,10,unemp,share,all,mi,unweighted,wb_nat,raw,gaussian,FALSE,1.6173681550305061e-9,TRUE,TRUE,0.5540639218219409,-0.5540639218219409
mice_pmm,mlib,other,y2009_2013,fe_country,pop,conventional,0.007104607172304031,0.0012113162470905714,5.86519597121594,101.63466653772119,135,0.02300947127783357,10,unemp,share,all,mi,unweighted,wb_nat,raw,gaussian,FALSE,5.627622277033806e-8,TRUE,TRUE,0.502871349961852,-0.502871349961852
mice_pmm,mlib,other,y2009_2013,fe_country,pop,clustered,0.007104607172304031,0.0041571454438767055,1.70901097116263,102.10441377499026,135,0.01874434524929933,10,unemp,share,all,mi,unweighted,wb_nat,raw,gaussian,FALSE,0.09048686863018744,FALSE,TRUE,0.16676243662569942,-0.16676243662569942
mice_pmm,mpos,other,y2009_2013,fe_country,pop,conventional,-0.016105417037060633,0.0018221467075634798,-8.838704902414975,101.00478741084989,135,0.02819440281256947,10,unemp,share,all,mi,unweighted,wb_nat,raw,gaussian,TRUE,3.217906379192939e-14,TRUE,TRUE,-0.6604006803452104,-0.6604006803452104
mice_pmm,mpos,other,y2009_2013,fe_country,pop,clustered,-0.016105417037060633,0.005384642407762574,-2.990991010627343,102.02693129646983,135,0.019476088747812575,10,unemp,share,all,mi,unweighted,wb_nat,raw,gaussian,TRUE,0.0034862826396951283,TRUE,TRUE,-0.2839268900996143,-0.2839268900996143
mice_pmm,mneg,other,y2009_2013,fe_country,pop,conventional,0.016105576665076067,0.0018221672822197014,8.838692705236596,101.00440667865192,135,0.02819738441412206,10,unemp,share,all,mi,unweighted,wb_nat,raw,gaussian,FALSE,3.218190824169428e-14,TRUE,TRUE,0.6604008683053654,-0.6604008683053654
mice_pmm,mneg,other,y2009_2013,fe_country,pop,clustered,0.016105576665076067,0.005384434053240222,2.9911363953625028,102.02688280378514,135,0.019476542933956745,10,unemp,share,all,mi,unweighted,wb_nat,raw,gaussian,FALSE,0.003484759134848825,TRUE,TRUE,0.28393964049215187,-0.28393964049215187
mice_pmm,mcosmo,other,y2009_2013,re,none,conventional,-0.006351478151176332,0.0011208594748914596,-5.666614141608955,127.00944330918382,135,0.02248814413888859,10,unemp,share,all,mi,unweighted,wb_nat,raw,gaussian,TRUE,9.287079309979234e-8,TRUE,TRUE,-0.4492223048875006,-0.4492223048875006
mice_pmm,mcosmo,other,y2009_2013,re,none,clustered,-0.006351478151176332,0.001442947509502821,-4.4017388777813435,127.47547929326434,135,0.019444858690285238,10,unemp,share,all,mi,unweighted,wb_nat,raw,gaussian,TRUE,2.2475483525985802e-5,TRUE,TRUE,-0.3632337046698282,-0.3632337046698282
mice_pmm,mutil,other,y2009_2013,re,none,conventional,-0.00304093459855206,5.882460773217812e-4,-5.169494053232103,126.54763656988317,135,0.025302581846723307,10,unemp,share,all,mi,unweighted,wb_nat,raw,gaussian,TRUE,8.905679318159833e-7,TRUE,TRUE,-0.4175587723136039,-0.4175587723136039
mice_pmm,mutil,other,y2009_2013,re,none,clustered,-0.00304093459855206,8.520350848772578e-4,-3.5690250935970904,127.42082226763819,135,0.019813849550627483,10,unemp,share,all,mi,unweighted,wb_nat,raw,gaussian,TRUE,5.0596069726393e-4,TRUE,TRUE,-0.3014667885033683,-0.3014667885033683
mice_pmm,mcomm,other,y2009_2013,re,none,conventional,0.007474207435583665,8.391918623817479e-4,8.906434595744033,127.08206593272064,135,0.022028425939236852,10,unemp,share,all,mi,unweighted,wb_nat,raw,gaussian,FALSE,4.647520551526268e-15,TRUE,TRUE,0.6199291351434776,-0.6199291351434776
mice_pmm,mcomm,other,y2009_2013,re,none,clustered,0.007474207435583665,0.0012254134965487445,6.099335005395345,127.65640924183198,135,0.018197876647882322,10,unemp,share,all,mi,unweighted,wb_nat,raw,gaussian,FALSE,1.1782318012440462e-8,TRUE,TRUE,0.47503661251399637,-0.47503661251399637
mice_pmm,mlib,other,y2009_2013,re,none,conventional,0.002459498349564548,9.634511393944812e-4,2.552800291575052,127.82600679502346,135,0.01699066926610879,10,unemp,share,all,mi,unweighted,wb_nat,raw,gaussian,FALSE,0.011861872214316279,TRUE,TRUE,0.22024682130063059,-0.22024682130063059
mice_pmm,mlib,other,y2009_2013,re,none,clustered,0.002459498349564548,0.001591026464490357,1.545856341460909,128.01290476922205,135,0.015612689016787296,10,unemp,share,all,mi,unweighted,wb_nat,raw,gaussian,FALSE,0.12460787758901835,FALSE,TRUE,0.13537112732031747,-0.13537112732031747
mice_pmm,mpos,other,y2009_2013,re,none,conventional,-0.009340512608690427,0.0015041819853184332,-6.209695834585503,127.52600393552521,135,0.019100657511815056,10,unemp,share,all,mi,unweighted,wb_nat,raw,gaussian,TRUE,6.903404663748332e-9,TRUE,TRUE,-0.4818405972440029,-0.4818405972440029
mice_pmm,mpos,other,y2009_2013,re,none,clustered,-0.009340512608690427,0.002077944775246123,-4.495072592862381,127.81633119597808,135,0.017060604023745225,10,unemp,share,all,mi,unweighted,wb_nat,raw,gaussian,TRUE,1.5404256284790895e-5,TRUE,TRUE,-0.3694652208357132,-0.3694652208357132
mice_pmm,mneg,other,y2009_2013,re,none,conventional,0.009340785277080378,0.0015042197299527348,6.209721286778948,127.52271368003306,135,0.019123165038789677,10,unemp,share,all,mi,unweighted,wb_nat,raw,gaussian,FALSE,6.902930492292703e-9,TRUE,TRUE,0.48184688650636326,-0.48184688650636326
mice_pmm,mneg,other,y2009_2013,re,none,clustered,0.009340785277080378,0.002078031672693041,4.495015836296237,127.81470812770631,135,0.017072322491956705,10,unemp,share,all,mi,unweighted,wb_nat,raw,gaussian,FALSE,1.54079440299195e-5,TRUE,TRUE,0.3694632182101013,-0.3694632182101013
mice_pmm,mcosmo,other,y2009_2013,pooled_cl,none,conventional,9.97221921691065e-4,0.0014093102826720047,0.7075957182405325,127.82431444375865,135,0.017002911086684037,10,unemp,share,all,mi,unweighted,wb_nat,raw,gaussian,TRUE,0.48048450492431494,FALSE,FALSE,0.062463965158329464,0.062463965158329464
mice_pmm,mcosmo,other,y2009_2013,pooled_cl,none,clustered,9.97221921691065e-4,0.0025466086841322974,0.3915882043066413,128.02987034834578,135,0.01548493891340232,10,unemp,share,all,mi,unweighted,wb_nat,raw,gaussian,TRUE,0.6960134947007601,FALSE,FALSE,0.03458709022524601,0.03458709022524601
mice_pmm,mutil,other,y2009_2013,pooled_cl,none,conventional,5.397298608911435e-4,6.754547336727505e-4,0.7990614825606299,127.49916456618273,135,0.01928387871023358,10,unemp,share,all,mi,unweighted,wb_nat,raw,gaussian,TRUE,0.42574080809338843,FALSE,FALSE,0.07058977471237084,0.07058977471237084
mice_pmm,mutil,other,y2009_2013,pooled_cl,none,clustered,5.397298608911435e-4,9.192312587951682e-4,0.5871535108570662,127.79312112721882,135,0.01722782688674609,10,unemp,share,all,mi,unweighted,wb_nat,raw,gaussian,TRUE,0.5581365377073981,FALSE,FALSE,0.05186960146622788,0.05186960146622788
mice_pmm,mcomm,other,y2009_2013,pooled_cl,none,conventional,7.787341702326778e-4,0.0013788445170612987,0.5647730114577219,128.0367421959169,135,0.015433062344698125,10,unemp,share,all,mi,unweighted,wb_nat,raw,gaussian,FALSE,0.5732163300689096,FALSE,TRUE,0.04985013481611379,-0.04985013481611379
mice_pmm,mcomm,other,y2009_2013,pooled_cl,none,clustered,7.787341702326778e-4,0.0027882388599666007,0.27929248867939743,128.09815525729755,135,0.01496600828374361,10,unemp,share,all,mi,unweighted,wb_nat,raw,gaussian,FALSE,0.7804707975813665,FALSE,TRUE,0.02466923194953264,-0.02466923194953264
mice_pmm,mlib,other,y2009_2013,pooled_cl,none,conventional,-0.0023149443728033257,0.0011486533466114248,-2.0153550935384534,127.97266902516095,135,0.01591383508727188,10,unemp,share,all,mi,unweighted,wb_nat,raw,gaussian,FALSE,0.04596213534010612,TRUE,FALSE,-0.17539134246836247,0.17539134246836247
mice_pmm,mlib,other,y2009_2013,pooled_cl,none,clustered,-0.0023149443728033257,0.0018828548547415395,-1.2294863658628108,128.06435426832624,135,0.01522383993695506,10,unemp,share,all,mi,unweighted,wb_nat,raw,gaussian,FALSE,0.22114360047962517,FALSE,FALSE,-0.1080093736474009,0.1080093736474009
mice_pmm,mpos,other,y2009_2013,pooled_cl,none,conventional,0.0015369517825822019,0.0018247409390170027,0.8422849236945195,128.04169755119742,135,0.015395606189506658,10,unemp,share,all,mi,unweighted,wb_nat,raw,gaussian,TRUE,0.40119900334585523,FALSE,FALSE,0.07423068755959931,0.07423068755959931
mice_pmm,mpos,other,y2009_2013,pooled_cl,none,clustered,0.0015369517825822019,0.003127018065546001,0.4915071644505637,128.09206761375424,135,0.015012585450315393,10,unemp,share,all,mi,unweighted,wb_nat,raw,gaussian,TRUE,0.6239089482618879,FALSE,FALSE,0.04338699629471717,0.04338699629471717
mice_pmm,mneg,other,y2009_2013,pooled_cl,none,conventional,-0.0015362102025706032,0.00182473290506511,-0.8418822274242861,128.04154166063356,135,0.015396785130448868,10,unemp,share,all,mi,unweighted,wb_nat,raw,gaussian,FALSE,0.401423556324525,FALSE,FALSE,-0.07419543821464201,0.07419543821464201
mice_pmm,mneg,other,y2009_2013,pooled_cl,none,clustered,-0.0015362102025706032,0.003126973066871588,-0.4912770816115536,128.09201459072546,135,0.015012990860946148,10,unemp,share,all,mi,unweighted,wb_nat,raw,gaussian,FALSE,0.6240711981040797,FALSE,FALSE,-0.04336673327054519,0.04336673327054519
mice_pmm,mcosmo,other,y2009_2013,pooled_cl,n_cell,conventional,0.002792632830512616,0.0013930508411570278,2.0046883774845834,127.82809552648834,135,0.016975554565130568,10,unemp,share,all,mi,unweighted,wb_nat,raw,gaussian,TRUE,0.047109061185444626,TRUE,FALSE,0.17458702263661594,0.17458702263661594
mice_pmm,mcosmo,other,y2009_2013,pooled_cl,n_cell,clustered,0.002792632830512616,0.002623752171306298,1.064366086497505,128.03795247428093,135,0.015423917863516615,10,unemp,share,all,mi,unweighted,wb_nat,raw,gaussian,TRUE,0.28916604757328557,FALSE,FALSE,0.0936502211353636,0.0936502211353636
mice_pmm,mutil,other,y2009_2013,pooled_cl,n_cell,conventional,0.001109068330172561,6.704155781272927e-4,1.654299760263,127.55715843721724,135,0.018886891889881657,10,unemp,share,all,mi,unweighted,wb_nat,raw,gaussian,TRUE,0.10052534279487776,FALSE,FALSE,0.14492797409923344,0.14492797409923344
mice_pmm,mutil,other,y2009_2013,pooled_cl,n_cell,clustered,0.001109068330172561,0.0010446414564523044,1.061673671212567,127.8944719522447,135,0.01649195617998007,10,unemp,share,all,mi,unweighted,wb_nat,raw,gaussian,TRUE,0.29038453753951593,FALSE,FALSE,0.09346732145193727,0.09346732145193727
mice_pmm,mcomm,other,y2009_2013,pooled_cl,n_cell,conventional,-1.8453139813992152e-4,0.0012935072983953162,-0.1426597270605626,128.09237165275707,135,0.015010260696679717,10,unemp,share,all,mi,unweighted,wb_nat,raw,gaussian,FALSE,0.886783082677212,FALSE,FALSE,-0.012603908943634501,0.012603908943634501
mice_pmm,mcomm,other,y2009_2013,pooled_cl,n_cell,clustered,-1.8453139813992152e-4,0.0026963085164944302,-0.06843853253849362,128.11200680496623,135,0.014859795402376147,10,unemp,share,all,mi,unweighted,wb_nat,raw,gaussian,FALSE,0.9455432515079767,FALSE,FALSE,-0.006046413341331492,0.006046413341331492
mice_pmm,mlib,other,y2009_2013,pooled_cl,n_cell,conventional,-0.0037164472530209114,0.0011466289577191301,-3.241194309634089,127.97375962426331,135,0.015905705950676027,10,unemp,share,all,mi,unweighted,wb_nat,raw,gaussian,FALSE,0.0015174763380101479,TRUE,FALSE,-0.2754310839926347,0.2754310839926347
mice_pmm,mlib,other,y2009_2013,pooled_cl,n_cell,clustered,-0.0037164472530209114,0.002095228582978177,-1.7737669690141011,128.07517249703346,135,0.01514152630142401,10,unemp,share,all,mi,unweighted,wb_nat,raw,gaussian,FALSE,0.07847817462284194,FALSE,FALSE,-0.154843932998054,0.154843932998054
mice_pmm,mpos,other,y2009_2013,pooled_cl,n_cell,conventional,0.0039017011606851952,0.0018023864747914089,2.164741699549616,128.05262646352682,135,0.015312856297718648,10,unemp,share,all,mi,unweighted,wb_nat,raw,gaussian,TRUE,0.03226206971569502,TRUE,FALSE,0.1878915499224985,0.1878915499224985
mice_pmm,mpos,other,y2009_2013,pooled_cl,n_cell,clustered,0.0039017011606851952,0.003305700940475879,1.1802946579080194,128.0985646658316,135,0.01496287361796168,10,unemp,share,all,mi,unweighted,wb_nat,raw,gaussian,TRUE,0.24007013084462406,FALSE,FALSE,0.10372167990282675,0.10372167990282675
mice_pmm,mneg,other,y2009_2013,pooled_cl,n_cell,conventional,-0.003900978651160866,0.0018023825788366019,-2.1643455151896007,128.05241429077742,135,0.015314464652093953,10,unemp,share,all,mi,unweighted,wb_nat,raw,gaussian,FALSE,0.03229311611203282,TRUE,FALSE,-0.18785852639296124,0.18785852639296124
mice_pmm,mneg,other,y2009_2013,pooled_cl,n_cell,clustered,-0.003900978651160866,0.0033056717925633314,-1.1800864985860902,128.09850196232335,135,0.01496335373020255,10,unemp,share,all,mi,unweighted,wb_nat,raw,gaussian,FALSE,0.24015260628431156,FALSE,FALSE,-0.10370360917443767,0.10370360917443767
mice_pmm,mcosmo,other,y2009_2013,pooled_cl,n_eff,conventional,0.002737053135674467,0.001381162861995769,1.981701949123833,127.80540444592246,135,0.017139422870320414,10,unemp,share,all,mi,unweighted,wb_nat,raw,gaussian,TRUE,0.04965856001085232,TRUE,FALSE,0.17266002204278663,0.17266002204278663
mice_pmm,mcosmo,other,y2009_2013,pooled_cl,n_eff,clustered,0.002737053135674467,0.0026287334781667834,1.0412060250334785,128.03363399627378,135,0.015456536049510028,10,unemp,share,all,mi,unweighted,wb_nat,raw,gaussian,TRUE,0.29974208125541707,FALSE,FALSE,0.09163127043058308,0.09163127043058308
mice_pmm,mutil,other,y2009_2013,pooled_cl,n_eff,conventional,9.670572205006924e-4,6.604034477407214e-4,1.4643430827156512,127.52860033817056,135,0.019082887212631742,10,unemp,share,all,mi,unweighted,wb_nat,raw,gaussian,TRUE,0.14556099045772522,FALSE,FALSE,0.1285932659896337,0.1285932659896337
mice_pmm,mutil,other,y2009_2013,pooled_cl,n_eff,clustered,9.670572205006924e-4,0.001026585209505022,0.9420135918059528,127.88230276392285,135,0.016581098411206956,10,unemp,share,all,mi,unweighted,wb_nat,raw,gaussian,TRUE,0.3479618259332138,FALSE,FALSE,0.08301380871256109,0.08301380871256109
mice_pmm,mcomm,other,y2009_2013,pooled_cl,n_eff,conventional,-3.2814017079257576e-4,0.0012951719867957112,-0.25335644542807245,128.08755439243657,135,0.015047076356507061,10,unemp,share,all,mi,unweighted,wb_nat,raw,gaussian,FALSE,0.8003989783891332,FALSE,FALSE,-0.022380495478545256,0.022380495478545256
mice_pmm,mcomm,other,y2009_2013,pooled_cl,n_eff,clustered,-3.2814017079257576e-4,0.002703759056765548,-0.1213644277848941,128.11092387061743,135,0.014868111011131018,10,unemp,share,all,mi,unweighted,wb_nat,raw,gaussian,FALSE,0.903592544766795,FALSE,FALSE,-0.010721939846426066,0.010721939846426066
mice_pmm,mlib,other,y2009_2013,pooled_cl,n_eff,conventional,-0.0033752512344184444,0.0011152832447276879,-3.02636236164613,127.95443191506395,135,0.016049498151931334,10,unemp,share,all,mi,unweighted,wb_nat,raw,gaussian,FALSE,0.0029931733425215094,TRUE,FALSE,-0.25845273580842665,0.25845273580842665
mice_pmm,mlib,other,y2009_2013,pooled_cl,n_eff,clustered,-0.0033752512344184444,0.00207851757302885,-1.6238742833912985,128.07139407166233,135,0.015170297573005094,10,unemp,share,all,mi,unweighted,wb_nat,raw,gaussian,FALSE,0.10686140700400205,FALSE,FALSE,-0.14203674736151628,0.14203674736151628
mice_pmm,mpos,other,y2009_2013,pooled_cl,n_eff,conventional,0.0037041103561752417,0.0017885775670792175,2.0709811105503952,128.04750779270418,135,0.015351637337936208,10,unemp,share,all,mi,unweighted,wb_nat,raw,gaussian,TRUE,0.040369138504787634,TRUE,FALSE,0.18002646917987217,0.18002646917987217
mice_pmm,mpos,other,y2009_2013,pooled_cl,n_eff,clustered,0.0037041103561752417,0.00330857770164521,1.1195476395592434,128.0974126509869,135,0.01497169338079269,10,unemp,share,all,mi,unweighted,wb_nat,raw,gaussian,TRUE,0.2650013998660626,FALSE,FALSE,0.09843692073729715,0.09843692073729715
mice_pmm,mneg,other,y2009_2013,pooled_cl,n_eff,conventional,-0.003703391405211013,0.001788574981072796,-2.070582136282428,128.0472888007694,135,0.015353295551342475,10,unemp,share,all,mi,unweighted,wb_nat,raw,gaussian,FALSE,0.040407071638664874,TRUE,FALSE,-0.17999305974650162,0.17999305974650162
mice_pmm,mneg,other,y2009_2013,pooled_cl,n_eff,clustered,-0.003703391405211013,0.003308553009635116,-1.1193386941137273,128.09734909937967,135,0.014972179863301995,10,unemp,share,all,mi,unweighted,wb_nat,raw,gaussian,FALSE,0.26509016045757705,FALSE,FALSE,-0.09841875122547057,0.09841875122547057
mice_pmm,mcosmo,other,y2009_2013,pooled_cl,pop,conventional,0.0016059388611792346,0.0013112356972125455,1.22475224293632,126.27626996202625,135,0.026877928970977644,10,unemp,share,all,mi,unweighted,wb_nat,raw,gaussian,TRUE,0.22294839480622028,FALSE,FALSE,0.1083485515210781,0.1083485515210781
mice_pmm,mcosmo,other,y2009_2013,pooled_cl,pop,clustered,0.0016059388611792346,0.0018562164082260415,0.8651679050256896,127.26700024072431,135,0.02083436100057387,10,unemp,share,all,mi,unweighted,wb_nat,raw,gaussian,TRUE,0.3885745420378739,FALSE,FALSE,0.07646612721611831,0.07646612721611831
mice_pmm,mutil,other,y2009_2013,pooled_cl,pop,conventional,0.0012309667747963577,6.533139996187016e-4,1.88418857626623,125.89511862016312,135,0.029005801052685878,10,unemp,share,all,mi,unweighted,wb_nat,raw,gaussian,TRUE,0.061845581371396716,FALSE,FALSE,0.16560797545789824,0.16560797545789824
mice_pmm,mutil,other,y2009_2013,pooled_cl,pop,clustered,0.0012309667747963577,0.0010711755204950142,1.1491737359975331,127.37904150407596,135,0.02009361507824729,10,unemp,share,all,mi,unweighted,wb_nat,raw,gaussian,TRUE,0.25263757404455583,FALSE,FALSE,0.10129710243764117,0.10129710243764117
mice_pmm,mcomm,other,y2009_2013,pooled_cl,pop,conventional,-3.586460253974041e-4,9.871494360823019e-4,-0.36331482578844587,127.35953972384974,135,0.02022353165459605,10,unemp,share,all,mi,unweighted,wb_nat,raw,gaussian,FALSE,0.7169720522986174,FALSE,FALSE,-0.03217676964471875,0.03217676964471875
mice_pmm,mcomm,other,y2009_2013,pooled_cl,pop,clustered,-3.586460253974041e-4,0.0019086020516773524,-0.18791032163159013,127.92576921428791,135,0.016261684030405097,10,unemp,share,all,mi,unweighted,wb_nat,raw,gaussian,FALSE,0.8512446907325568,FALSE,FALSE,-0.016611608542934697,0.016611608542934697
mice_pmm,mlib,other,y2009_2013,pooled_cl,pop,conventional,-0.0024772789037258705,0.0011327932905239515,-2.186876391702544,127.8705943410426,135,0.016666659730242412,10,unemp,share,all,mi,unweighted,wb_nat,raw,gaussian,FALSE,0.03057090430972909,TRUE,FALSE,-0.1898740705526992,0.1898740705526992
mice_pmm,mlib,other,y2009_2013,pooled_cl,pop,clustered,-0.0024772789037258705,0.0027694893023042753,-0.8944894286700152,128.07738961451275,135,0.015124632757461997,10,unemp,share,all,mi,unweighted,wb_nat,raw,gaussian,FALSE,0.3727379495580765,FALSE,FALSE,-0.07879282273273974,0.07879282273273974
mice_pmm,mpos,other,y2009_2013,pooled_cl,pop,conventional,0.0028369056359755463,0.0017259807737431416,1.6436484572323118,127.66680009257841,135,0.018125018399375907,10,unemp,share,all,mi,unweighted,wb_nat,raw,gaussian,TRUE,0.1027093377327609,FALSE,FALSE,0.14395368989769713,0.14395368989769713
mice_pmm,mpos,other,y2009_2013,pooled_cl,pop,clustered,0.0028369056359755463,0.0027361151372206336,1.0368370823960633,127.94330290191508,135,0.01613203347480207,10,unemp,share,all,mi,unweighted,wb_nat,raw,gaussian,TRUE,0.3017674242726956,FALSE,FALSE,0.0912819284301989,0.0912819284301989
mice_pmm,mneg,other,y2009_2013,pooled_cl,pop,conventional,-0.002835924929123308,0.001725962912090485,-1.6430972584969614,127.66777383967035,135,0.01811818353983185,10,unemp,share,all,mi,unweighted,wb_nat,raw,gaussian,FALSE,0.10282348186954934,FALSE,FALSE,-0.14390587737678723,0.14390587737678723
mice_pmm,mneg,other,y2009_2013,pooled_cl,pop,clustered,-0.002835924929123308,0.002736030629198013,-1.036510665801492,127.94366275390934,135,0.016129367696239724,10,unemp,share,all,mi,unweighted,wb_nat,raw,gaussian,FALSE,0.3019190035044105,FALSE,FALSE,-0.09125330317186385,0.09125330317186385
mice_pmm,mcosmo,other,no_bailout,fe_twoway,none,conventional,2.1689801516057105e-4,0.0013868477315147536,0.15639641629847065,155.56928617044173,190,0.015437453647469093,10,unemp,share,all,mi,unweighted,wb_nat,raw,gaussian,TRUE,0.8759233341247408,FALSE,FALSE,0.01253807111832788,0.01253807111832788
mice_pmm,mcosmo,other,no_bailout,fe_twoway,none,clustered,2.1689801516057105e-4,0.0016019203965479028,0.135398747420896,155.70687729851213,190,0.014644013343139058,10,unemp,share,all,mi,unweighted,wb_nat,raw,gaussian,TRUE,0.8924714942656871,FALSE,FALSE,0.010850136052009933,0.010850136052009933
mice_pmm,mutil,other,no_bailout,fe_twoway,none,conventional,-9.87357091175397e-4,6.719396141237924e-4,-1.4694134270724732,155.03147648369827,190,0.018364804767616073,10,unemp,share,all,mi,unweighted,wb_nat,raw,gaussian,TRUE,0.14374704548499725,FALSE,TRUE,-0.11720081882536523,-0.11720081882536523
mice_pmm,mutil,other,no_bailout,fe_twoway,none,clustered,-9.87357091175397e-4,7.969765422577001e-4,-1.238878484902932,155.36095027402928,190,0.016602388894362077,10,unemp,share,all,mi,unweighted,wb_nat,raw,gaussian,TRUE,0.21725895110946133,FALSE,TRUE,-0.09890610357751925,-0.09890610357751925
mice_pmm,mcomm,other,no_bailout,fe_twoway,none,conventional,0.0025929743804802992,9.14403294955981e-4,2.83570104655531,155.29553505463738,190,0.016959739847192373,10,unemp,share,all,mi,unweighted,wb_nat,raw,gaussian,FALSE,0.005181901073124654,TRUE,TRUE,0.22188017912297764,-0.22188017912297764
mice_pmm,mcomm,other,no_bailout,fe_twoway,none,clustered,0.0025929743804802992,0.0013788259840600812,1.880566808615722,155.75993915836946,190,0.014332519967230114,10,unemp,share,all,mi,unweighted,wb_nat,raw,gaussian,FALSE,0.06189765716931686,FALSE,TRUE,0.14899980147803854,-0.14899980147803854
mice_pmm,mlib,other,no_bailout,fe_twoway,none,conventional,-0.0018228112134913768,8.693122250373333e-4,-2.096842953535014,153.36456525122588,190,0.026178977107418087,10,unemp,share,all,mi,unweighted,wb_nat,raw,gaussian,FALSE,0.03764857786177109,TRUE,FALSE,-0.16694201256552738,0.16694201256552738
mice_pmm,mlib,other,no_bailout,fe_twoway,none,clustered,-0.0018228112134913768,0.0011796255395507735,-1.5452456329366537,154.74576372230186,190,0.01982364936717921,10,unemp,share,all,mi,unweighted,wb_nat,raw,gaussian,FALSE,0.12432947189530891,FALSE,FALSE,-0.12327160961298687,0.12327160961298687
mice_pmm,mpos,other,no_bailout,fe_twoway,none,conventional,-7.704590760148271e-4,0.0013961949750324334,-0.5518277101641406,155.2637546076138,190,0.017131970870793337,10,unemp,share,all,mi,unweighted,wb_nat,raw,gaussian,TRUE,0.5818597796856249,FALSE,TRUE,-0.04424283989228832,-0.04424283989228832
mice_pmm,mpos,other,no_bailout,fe_twoway,none,clustered,-7.704590760148271e-4,0.0015383645381524922,-0.5008299768402842,155.42028937044532,190,0.016274836594512038,10,unemp,share,all,mi,unweighted,wb_nat,raw,gaussian,TRUE,0.6171993177706318,FALSE,TRUE,-0.04014082464678967,-0.04014082464678967
mice_pmm,mneg,other,no_bailout,fe_twoway,none,conventional,7.701631669889228e-4,0.0013961963144273933,0.5516152413744061,155.2654328474288,190,0.017122898021856393,10,unemp,share,all,mi,unweighted,wb_nat,raw,gaussian,FALSE,0.5820050078495576,FALSE,TRUE,0.04422559996334024,-0.04422559996334024
mice_pmm,mneg,other,no_bailout,fe_twoway,none,clustered,7.701631669889228e-4,0.001538407844652697,0.5006235307925063,155.42167548159793,190,0.01626714582613998,10,unemp,share,all,mi,unweighted,wb_nat,raw,gaussian,FALSE,0.6173442878121476,FALSE,TRUE,0.04012412629379657,-0.04012412629379657
mice_pmm,mcosmo,other,no_bailout,fe_twoway,n_cell,conventional,6.759448268663655e-4,0.0012871877768695795,0.5251330373181857,155.30609023638794,190,0.01690233931677036,10,unemp,share,all,mi,unweighted,wb_nat,raw,gaussian,TRUE,0.600239578130509,FALSE,FALSE,0.0421007535328677,0.0421007535328677
mice_pmm,mcosmo,other,no_bailout,fe_twoway,n_cell,clustered,6.759448268663655e-4,0.0016804672522639918,0.4022362387340223,155.6476868743415,190,0.014987815798866497,10,unemp,share,all,mi,unweighted,wb_nat,raw,gaussian,TRUE,0.6880620153942023,FALSE,FALSE,0.03222435658726045,0.03222435658726045
mice_pmm,mutil,other,no_bailout,fe_twoway,n_cell,conventional,-0.0010268974022277118,6.200143277862349e-4,-1.6562478578426656,154.73882848753243,190,0.019858330591666248,10,unemp,share,all,mi,unweighted,wb_nat,raw,gaussian,TRUE,0.09969807668116776,FALSE,TRUE,-0.1319805363114373,-0.1319805363114373
mice_pmm,mutil,other,no_bailout,fe_twoway,n_cell,clustered,-0.0010268974022277118,7.769324706332488e-4,-1.3217331506182588,155.26918518831303,190,0.01710260331194243,10,unemp,share,all,mi,unweighted,wb_nat,raw,gaussian,TRUE,0.18820111004090506,FALSE,TRUE,-0.10548035957765166,-0.10548035957765166
mice_pmm,mcomm,other,no_bailout,fe_twoway,n_cell,conventional,0.0025957331417472028,8.778088330913432e-4,2.9570597194903088,155.42557323656922,190,0.01624550957440624,10,unemp,share,all,mi,unweighted,wb_nat,raw,gaussian,FALSE,0.003590950199200509,TRUE,TRUE,0.2307881433738482,-0.2307881433738482
mice_pmm,mcomm,other,no_bailout,fe_twoway,n_cell,clustered,0.0025957331417472028,0.0016030973194647439,1.619198728754589,155.90538355789775,190,0.01346194789380606,10,unemp,share,all,mi,unweighted,wb_nat,raw,gaussian,FALSE,0.10742564216774908,FALSE,TRUE,0.12860216384968973,-0.12860216384968973
mice_pmm,mlib,other,no_bailout,fe_twoway,n_cell,conventional,-0.0022450586249345124,8.386242548179504e-4,-2.6770733281758856,153.682170569818,190,0.02480379312668055,10,unemp,share,all,mi,unweighted,wb_nat,raw,gaussian,FALSE,0.00823348531167041,TRUE,FALSE,-0.21108201442211624,0.21108201442211624
mice_pmm,mlib,other,no_bailout,fe_twoway,n_cell,clustered,-0.0022450586249345124,0.001389671378279216,-1.615532031547267,155.31854874691044,190,0.01683446018419289,10,unemp,share,all,mi,unweighted,wb_nat,raw,gaussian,FALSE,0.10822502779143263,FALSE,FALSE,-0.12855392125703427,0.12855392125703427
mice_pmm,mpos,other,no_bailout,fe_twoway,n_cell,conventional,-3.50952575361346e-4,0.0012932248616321846,-0.27137784446736296,155.0136519047936,190,0.01845760453791373,10,unemp,share,all,mi,unweighted,wb_nat,raw,gaussian,TRUE,0.7864615014186926,FALSE,TRUE,-0.02179145727135843,-0.02179145727135843
mice_pmm,mpos,other,no_bailout,fe_twoway,n_cell,clustered,-3.50952575361346e-4,0.0016282727120002691,-0.2155367296736273,155.43859219809715,190,0.016173137312131446,10,unemp,share,all,mi,unweighted,wb_nat,raw,gaussian,TRUE,0.8296314393934087,FALSE,TRUE,-0.017285302036234663,-0.017285302036234663
mice_pmm,mneg,other,no_bailout,fe_twoway,n_cell,conventional,3.5067451681268936e-4,0.001293219129687942,0.2711640345880967,155.01651891340518,190,0.01844269479503363,10,unemp,share,all,mi,unweighted,wb_nat,raw,gaussian,FALSE,0.7866256250428814,FALSE,TRUE,0.021774095364276075,-0.021774095364276075
mice_pmm,mneg,other,no_bailout,fe_twoway,n_cell,clustered,3.5067451681268936e-4,0.001628315590367739,0.21536028942245342,155.44032497929078,190,0.01616349261805193,10,unemp,share,all,mi,unweighted,wb_nat,raw,gaussian,FALSE,0.8297687444095253,FALSE,TRUE,0.017271060122192705,-0.017271060122192705
mice_pmm,mcosmo,other,no_bailout,fe_twoway,n_eff,conventional,6.947633239503762e-4,0.0012824157904596978,0.5417613609555835,155.30309185868325,190,0.016918654999700657,10,unemp,share,all,mi,unweighted,wb_nat,raw,gaussian,TRUE,0.5887593206391175,FALSE,FALSE,0.04343181511186337,0.04343181511186337
mice_pmm,mcosmo,other,no_bailout,fe_twoway,n_eff,clustered,6.947633239503762e-4,0.0016569682062464763,0.4192979209445551,155.6361240947306,190,0.01505453603432968,10,unemp,share,all,mi,unweighted,wb_nat,raw,gaussian,TRUE,0.6755765744495947,FALSE,FALSE,0.03359095481240027,0.03359095481240027
mice_pmm,mutil,other,no_bailout,fe_twoway,n_eff,conventional,-9.592633477421992e-4,6.164898889465598e-4,-1.5560082410781477,154.77391901808278,190,0.019682510112219772,10,unemp,share,all,mi,unweighted,wb_nat,raw,gaussian,TRUE,0.12174858049500184,FALSE,TRUE,-0.1241058968540422,-0.1241058968540422
mice_pmm,mutil,other,no_bailout,fe_twoway,n_eff,clustered,-9.592633477421992e-4,7.521195784947085e-4,-1.2754133453912582,155.24185453477935,190,0.017250141374852052,10,unemp,share,all,mi,unweighted,wb_nat,raw,gaussian,TRUE,0.20406824538166107,FALSE,TRUE,-0.10183171039387029,-0.10183171039387029
mice_pmm,mcomm,other,no_bailout,fe_twoway,n_eff,conventional,0.0023862659316807432,8.658420779105638e-4,2.7560059652439644,155.43741884710732,190,0.016179666578227992,10,unemp,share,all,mi,unweighted,wb_nat,raw,gaussian,FALSE,0.0065511019012371,TRUE,TRUE,0.21584520711973004,-0.21584520711973004
mice_pmm,mcomm,other,no_bailout,fe_twoway,n_eff,clustered,0.0023862659316807432,0.0015571288316796087,1.532478163098926,155.90260879901115,190,0.013478795344097759,10,unemp,share,all,mi,unweighted,wb_nat,raw,gaussian,FALSE,0.1274312099266116,FALSE,TRUE,0.12182065454397195,-0.12182065454397195
mice_pmm,mlib,other,no_bailout,fe_twoway,n_eff,conventional,-0.002122054099561967,8.309139139081048e-4,-2.553879606590216,153.3530229043702,190,0.026228129082349894,10,unemp,share,all,mi,unweighted,wb_nat,raw,gaussian,FALSE,0.011628215998372876,TRUE,FALSE,-0.20198062020947669,0.20198062020947669
mice_pmm,mlib,other,no_bailout,fe_twoway,n_eff,clustered,-0.002122054099561967,0.0013603683341142792,-1.5599114198314628,155.19951562953997,190,0.017477425162195918,10,unemp,share,all,mi,unweighted,wb_nat,raw,gaussian,FALSE,0.12081764769499168,FALSE,FALSE,-0.12424433285613745,0.12424433285613745
mice_pmm,mpos,other,no_bailout,fe_twoway,n_eff,conventional,-2.6450002379182293e-4,0.0012811655902829433,-0.20645264421549797,154.93399311228495,190,0.01886934207114905,10,unemp,share,all,mi,unweighted,wb_nat,raw,gaussian,TRUE,0.8367084097518276,FALSE,TRUE,-0.01658392645424455,-0.01658392645424455
mice_pmm,mpos,other,no_bailout,fe_twoway,n_eff,clustered,-2.6450002379182293e-4,0.0016168674178668647,-0.16358794844216612,155.39525452657767,190,0.016413429558123614,10,unemp,share,all,mi,unweighted,wb_nat,raw,gaussian,TRUE,0.8702680982698255,FALSE,TRUE,-0.013121849054855682,-0.013121849054855682
mice_pmm,mneg,other,no_bailout,fe_twoway,n_eff,conventional,2.642118321187748e-4,0.0012811574023139326,0.2062290173257203,154.93739350188713,190,0.01885186465206196,10,unemp,share,all,mi,unweighted,wb_nat,raw,gaussian,FALSE,0.8368827689066362,FALSE,TRUE,0.016565786150923766,-0.016565786150923766
mice_pmm,mneg,other,no_bailout,fe_twoway,n_eff,clustered,2.642118321187748e-4,0.0016169044791252858,0.1634059621516469,155.39728442328683,190,0.01640221395246653,10,unemp,share,all,mi,unweighted,wb_nat,raw,gaussian,FALSE,0.8704111292653042,FALSE,TRUE,0.01310716833919673,-0.01310716833919673
mice_pmm,mcosmo,other,no_bailout,fe_twoway,pop,conventional,-0.003900192131219604,9.918371098516876e-4,-3.9322909906071284,151.58454037600254,190,0.033197706612155924,10,unemp,share,all,mi,unweighted,wb_nat,raw,gaussian,TRUE,1.276625773617005e-4,TRUE,TRUE,-0.3042465900154389,-0.3042465900154389
mice_pmm,mcosmo,other,no_bailout,fe_twoway,pop,clustered,-0.003900192131219604,0.0018783450195325694,-2.0763981540463616,155.08110636549762,190,0.018105100184836947,10,unemp,share,all,mi,unweighted,wb_nat,raw,gaussian,TRUE,0.039507087010916826,TRUE,TRUE,-0.1644661947705342,-0.1644661947705342
mice_pmm,mutil,other,no_bailout,fe_twoway,pop,conventional,-6.590261888677452e-4,4.629848035149726e-4,-1.4234294168284354,137.38419547819626,190,0.07199888187698816,10,unemp,share,all,mi,unweighted,wb_nat,raw,gaussian,TRUE,0.15687874077016115,FALSE,TRUE,-0.1205558898533746,-0.1205558898533746
mice_pmm,mutil,other,no_bailout,fe_twoway,pop,clustered,-6.590261888677452e-4,8.532870013246649e-4,-0.7723382494338433,152.4654134258693,190,0.029854358489764542,10,unemp,share,all,mi,unweighted,wb_nat,raw,gaussian,TRUE,0.44110968035538556,FALSE,TRUE,-0.06242721567709174,-0.06242721567709174
mice_pmm,mcomm,other,no_bailout,fe_twoway,pop,conventional,0.005348350434117869,8.454640171408138e-4,6.325935019925384,150.55624082556574,190,0.03684498844799013,10,unemp,share,all,mi,unweighted,wb_nat,raw,gaussian,FALSE,2.724996850643749e-9,TRUE,TRUE,0.45824026728259437,-0.45824026728259437
mice_pmm,mcomm,other,no_bailout,fe_twoway,pop,clustered,0.005348350434117869,0.0026105591949823976,2.0487374675884076,155.67191463220334,190,0.014847550819203638,10,unemp,share,all,mi,unweighted,wb_nat,raw,gaussian,FALSE,0.04216708788408379,TRUE,TRUE,0.1620331425380879,-0.1620331425380879
mice_pmm,mlib,other,no_bailout,fe_twoway,pop,conventional,-7.891375868426362e-4,6.81549018066692e-4,-1.1578588860433459,146.7636124564557,190,0.04864845764997084,10,unemp,share,all,mi,unweighted,wb_nat,raw,gaussian,FALSE,0.248802422785671,FALSE,FALSE,-0.0951419115675807,0.0951419115675807
mice_pmm,mlib,other,no_bailout,fe_twoway,pop,clustered,-7.891375868426362e-4,0.001633744495166371,-0.483023868895898,154.98603125851656,190,0.018600918524708788,10,unemp,share,all,mi,unweighted,wb_nat,raw,gaussian,FALSE,0.6297603994482662,FALSE,FALSE,-0.03876998842234043,0.03876998842234043
mice_pmm,mpos,other,no_bailout,fe_twoway,pop,conventional,-0.004559218320087349,9.80599280193896e-4,-4.64942042297425,149.59496318631824,190,0.04005218871376322,10,unemp,share,all,mi,unweighted,wb_nat,raw,gaussian,TRUE,7.256288087041349e-6,TRUE,TRUE,-0.3553297951772063,-0.3553297951772063
mice_pmm,mpos,other,no_bailout,fe_twoway,pop,clustered,-0.004559218320087349,0.0016510203010970804,-2.7614550330227985,154.2827940468451,190,0.02207038215287431,10,unemp,share,all,mi,unweighted,wb_nat,raw,gaussian,TRUE,0.0064532113645147755,TRUE,TRUE,-0.21702174323585205,-0.21702174323585205
mice_pmm,mneg,other,no_bailout,fe_twoway,pop,conventional,0.004559212847275232,9.806186659352164e-4,4.649322928120187,149.6005656943261,190,0.04003399235062752,10,unemp,share,all,mi,unweighted,wb_nat,raw,gaussian,FALSE,7.259090092631137e-6,TRUE,TRUE,0.3553174714671438,-0.3553174714671438
mice_pmm,mneg,other,no_bailout,fe_twoway,pop,clustered,0.004559212847275232,0.0016512741879815397,2.7610271391986423,154.28471319551952,190,0.022061338872990263,10,unemp,share,all,mi,unweighted,wb_nat,raw,gaussian,FALSE,0.006461257685398959,TRUE,TRUE,0.21698841266375457,-0.21698841266375457
mice_pmm,mcosmo,other,no_bailout,fe_country,none,conventional,-0.003399462876905329,0.0012752077010643446,-2.665811125566437,164.6529485934327,190,0.014142742616234244,10,unemp,share,all,mi,unweighted,wb_nat,raw,gaussian,TRUE,0.00844570156459081,TRUE,TRUE,-0.20340845243352415,-0.20340845243352415
mice_pmm,mcosmo,other,no_bailout,fe_country,none,clustered,-0.003399462876905329,0.0013569163729808627,-2.5052854727056,164.7063269344942,190,0.013848992565903299,10,unemp,share,all,mi,unweighted,wb_nat,raw,gaussian,TRUE,0.013206704692189269,TRUE,TRUE,-0.19159361432304003,-0.19159361432304003
mice_pmm,mutil,other,no_bailout,fe_country,none,conventional,-0.0022466277376288132,7.109228260182309e-4,-3.1601569894890402,164.6953145063125,190,0.01390983743528095,10,unemp,share,all,mi,unweighted,wb_nat,raw,gaussian,TRUE,0.0018768115440553146,TRUE,TRUE,-0.23910281879395986,-0.23910281879395986
mice_pmm,mutil,other,no_bailout,fe_country,none,clustered,-0.0022466277376288132,8.668034989696872e-4,-2.591853563465345,164.82891641821794,190,0.013162898604102333,10,unemp,share,all,mi,unweighted,wb_nat,raw,gaussian,TRUE,0.010403030538511568,TRUE,TRUE,-0.19788796224077226,-0.19788796224077226
mice_pmm,mcomm,other,no_bailout,fe_country,none,conventional,0.003879165497331642,7.860997803269428e-4,4.934698615127813,164.77809681050005,190,0.013449304964196279,10,unemp,share,all,mi,unweighted,wb_nat,raw,gaussian,FALSE,1.9501015333802654e-6,TRUE,TRUE,0.3588237425763179,-0.3588237425763179
mice_pmm,mcomm,other,no_bailout,fe_country,none,clustered,0.003879165497331642,0.0010228527666627301,3.7924964606472407,164.9093326872752,190,0.012703712956141724,10,unemp,share,all,mi,unweighted,wb_nat,raw,gaussian,FALSE,2.089781738567241e-4,TRUE,TRUE,0.28323328518986934,-0.28323328518986934
mice_pmm,mlib,other,no_bailout,fe_country,none,conventional,0.0017667239847546832,0.0011092849171421262,1.5926692569717174,164.08013435754245,190,0.01712824390729799,10,unemp,share,all,mi,unweighted,wb_nat,raw,gaussian,FALSE,0.11315904331923965,FALSE,TRUE,0.12338611612799535,-0.12338611612799535
mice_pmm,mlib,other,no_bailout,fe_country,none,clustered,0.0017667239847546832,0.001665311070958923,1.060897279531904,164.66650081078834,190,0.014068440463598716,10,unemp,share,all,mi,unweighted,wb_nat,raw,gaussian,FALSE,0.2902901369332432,FALSE,TRUE,0.08239323320438016,-0.08239323320438016
mice_pmm,mpos,other,no_bailout,fe_country,none,conventional,-0.0056460906145341435,0.001427532734509969,-3.9551391558613083,164.71771396807074,190,0.013785944242261493,10,unemp,share,all,mi,unweighted,wb_nat,raw,gaussian,TRUE,1.1340616025908376e-4,TRUE,TRUE,-0.2945036243282299,-0.2945036243282299
mice_pmm,mpos,other,no_bailout,fe_country,none,clustered,-0.0056460906145341435,0.0017707862613668096,-3.188465337525331,164.8522558778575,190,0.013030393845579039,10,unemp,share,all,mi,unweighted,wb_nat,raw,gaussian,TRUE,0.001711822476025997,TRUE,TRUE,-0.24101253910986614,-0.24101253910986614
mice_pmm,mneg,other,no_bailout,fe_country,none,conventional,0.005645889482086323,0.0014275541653766858,3.954938887097537,164.71835199279698,190,0.013782407553613141,10,unemp,share,all,mi,unweighted,wb_nat,raw,gaussian,FALSE,1.134927436238185e-4,TRUE,TRUE,0.2944894845165221,-0.2944894845165221
mice_pmm,mneg,other,no_bailout,fe_country,none,clustered,0.005645889482086323,0.001770847288106473,3.1882418772108494,164.85266933990306,190,0.01302804092047302,10,unemp,share,all,mi,unweighted,wb_nat,raw,gaussian,FALSE,0.001713067516106177,TRUE,TRUE,0.24099634438596035,-0.24099634438596035
mice_pmm,mcosmo,other,no_bailout,fe_country,n_cell,conventional,-0.0026504167046361203,0.0011985097219232145,-2.211426954787711,164.26975059196974,190,0.016171268361798594,10,unemp,share,all,mi,unweighted,wb_nat,raw,gaussian,TRUE,0.028386862570915713,TRUE,TRUE,-0.17002921725805178,-0.17002921725805178
mice_pmm,mcosmo,other,no_bailout,fe_country,n_cell,clustered,-0.0026504167046361203,0.0013857979531013932,-1.9125563713703941,164.48919144451557,190,0.015026198044623858,10,unemp,share,all,mi,unweighted,wb_nat,raw,gaussian,TRUE,0.057542588611517134,FALSE,TRUE,-0.14749238595501218,-0.14749238595501218
mice_pmm,mutil,other,no_bailout,fe_country,n_cell,conventional,-0.0023775417889079584,6.468870702966259e-4,-3.675358340085159,164.54399225280477,190,0.014733441732999711,10,unemp,share,all,mi,unweighted,wb_nat,raw,gaussian,TRUE,3.2107865662878686e-4,TRUE,TRUE,-0.2754393303459777,-0.2754393303459777
mice_pmm,mutil,other,no_bailout,fe_country,n_cell,clustered,-0.0023775417889079584,8.080131430699922e-4,-2.9424543515154302,164.74785752686142,190,0.013618380868635477,10,unemp,share,all,mi,unweighted,wb_nat,raw,gaussian,TRUE,0.003726003538089036,TRUE,TRUE,-0.22344868602400997,-0.22344868602400997
mice_pmm,mcomm,other,no_bailout,fe_country,n_cell,conventional,0.003960372024588399,7.66112529949108e-4,5.169439044224329,164.86858938883762,190,0.012937294271934194,10,unemp,share,all,mi,unweighted,wb_nat,raw,gaussian,FALSE,6.72580610044214e-7,TRUE,TRUE,0.37346945267521153,-0.37346945267521153
mice_pmm,mcomm,other,no_bailout,fe_country,n_cell,clustered,0.003960372024588399,0.0013453088835597622,2.9438384544886333,165.02113087325122,190,0.012052535568551211,10,unemp,share,all,mi,unweighted,wb_nat,raw,gaussian,FALSE,0.0037094193264944992,TRUE,TRUE,0.22337261186849536,-0.22337261186849536
mice_pmm,mlib,other,no_bailout,fe_country,n_cell,conventional,0.0010673989482917964,0.0011092663156081963,0.9622567036181527,164.20836347422076,190,0.016484228030555985,10,unemp,share,all,mi,unweighted,wb_nat,raw,gaussian,FALSE,0.3373355148163565,FALSE,TRUE,0.07488111430591517,-0.07488111430591517
mice_pmm,mlib,other,no_bailout,fe_country,n_cell,clustered,0.0010673989482917964,0.0021740048872395815,0.49098277311009836,164.8764762448323,190,0.012892229890289746,10,unemp,share,all,mi,unweighted,wb_nat,raw,gaussian,FALSE,0.6240915053224152,FALSE,TRUE,0.03820934995589132,-0.03820934995589132
mice_pmm,mpos,other,no_bailout,fe_country,n_cell,conventional,-0.005027958493544079,0.0013528666715925501,-3.716521811883599,164.60916905399222,190,0.014381501312215716,10,unemp,share,all,mi,unweighted,wb_nat,raw,gaussian,TRUE,2.7645025153075713e-4,TRUE,TRUE,-0.2782356951305434,-0.2782356951305434
mice_pmm,mpos,other,no_bailout,fe_country,n_cell,clustered,-0.005027958493544079,0.0017335206936442307,-2.9004317698534283,164.80376926567064,190,0.013304979697123104,10,unemp,share,all,mi,unweighted,wb_nat,raw,gaussian,TRUE,0.004235288804181951,TRUE,TRUE,-0.22037803566889524,-0.22037803566889524
mice_pmm,mneg,other,no_bailout,fe_country,n_cell,conventional,0.005027770972880196,0.0013528815734922804,3.7163422663091543,164.60982375685722,190,0.014377944916380711,10,unemp,share,all,mi,unweighted,wb_nat,raw,gaussian,FALSE,2.766310387779327e-4,TRUE,TRUE,0.27822278358630076,-0.27822278358630076
mice_pmm,mneg,other,no_bailout,fe_country,n_cell,clustered,0.005027770972880196,0.001733551104485142,2.9002727175864966,164.80415745123196,190,0.013302791812948033,10,unemp,share,all,mi,unweighted,wb_nat,raw,gaussian,FALSE,0.0042373314199919765,TRUE,TRUE,0.2203662906523387,-0.2203662906523387
mice_pmm,mcosmo,other,no_bailout,fe_country,n_eff,conventional,-0.0026767029740532204,0.001189391182535735,-2.2504816021475755,164.25118710532823,190,0.016266233851320432,10,unemp,share,all,mi,unweighted,wb_nat,raw,gaussian,TRUE,0.025745519635797444,TRUE,TRUE,-0.17295242410289752,-0.17295242410289752
mice_pmm,mcosmo,other,no_bailout,fe_country,n_eff,clustered,-0.0026767029740532204,0.0013580045727923536,-1.9710559358053819,164.45906825509832,190,0.01518592640886312,10,unemp,share,all,mi,unweighted,wb_nat,raw,gaussian,TRUE,0.05039555624395282,FALSE,TRUE,-0.15191475608390856,-0.15191475608390856
mice_pmm,mutil,other,no_bailout,fe_country,n_eff,conventional,-0.002381342048854982,6.435554898353605e-4,-3.7002901637342815,164.53683877391322,190,0.014771818459025862,10,unemp,share,all,mi,unweighted,wb_nat,raw,gaussian,TRUE,2.933228730525458e-4,TRUE,TRUE,-0.27717024966682574,-0.27717024966682574
mice_pmm,mutil,other,no_bailout,fe_country,n_eff,clustered,-0.002381342048854982,8.070355872997722e-4,-2.950727435481028,164.74629147869402,190,0.013627110169937095,10,unemp,share,all,mi,unweighted,wb_nat,raw,gaussian,TRUE,0.0036325865654937084,TRUE,TRUE,-0.22404645769837153,-0.22404645769837153
mice_pmm,mcomm,other,no_bailout,fe_country,n_eff,conventional,0.0038219994788747905,7.549557993310754e-4,5.0625473468264675,164.84544799570767,190,0.013069108021798724,10,unemp,share,all,mi,unweighted,wb_nat,raw,gaussian,FALSE,1.0964844057580999e-6,TRUE,TRUE,0.36681771099178545,-0.36681771099178545
mice_pmm,mcomm,other,no_bailout,fe_country,n_eff,clustered,0.0038219994788747905,0.001288147903990781,2.9670501865771337,165.00916976951945,190,0.012122942263539166,10,unemp,share,all,mi,unweighted,wb_nat,raw,gaussian,FALSE,0.0034538023362551025,TRUE,TRUE,0.22505274710662795,-0.22505274710662795
mice_pmm,mlib,other,no_bailout,fe_country,n_eff,conventional,0.0012358493375438438,0.0010857551434150445,1.138239450247231,164.1190900415872,190,0.01693394974538634,10,unemp,share,all,mi,unweighted,wb_nat,raw,gaussian,FALSE,0.25667936288260573,FALSE,TRUE,0.08850068056106888,-0.08850068056106888
mice_pmm,mlib,other,no_bailout,fe_country,n_eff,clustered,0.0012358493375438438,0.002005894216636095,0.6161089290223767,164.82545345776964,190,0.013182506336570995,10,unemp,share,all,mi,unweighted,wb_nat,raw,gaussian,FALSE,0.5386725481269723,FALSE,TRUE,0.04793424064582059,-0.04793424064582059
mice_pmm,mpos,other,no_bailout,fe_country,n_eff,conventional,-0.005058045022908202,0.0013364350318376434,-3.7847294499256123,164.5836958631059,190,0.014519544750336455,10,unemp,share,all,mi,unweighted,wb_nat,raw,gaussian,TRUE,2.1520627835152923e-4,TRUE,TRUE,-0.2829567857473004,-0.2829567857473004
mice_pmm,mpos,other,no_bailout,fe_country,n_eff,clustered,-0.005058045022908202,0.0016959133405143054,-2.9824902617808826,164.7826785015548,190,0.013423600758886711,10,unemp,share,all,mi,unweighted,wb_nat,raw,gaussian,TRUE,0.0032934366614381164,TRUE,TRUE,-0.22631155116726728,-0.22631155116726728
mice_pmm,mneg,other,no_bailout,fe_country,n_eff,conventional,0.005057848816418634,0.001336448726401763,3.7845438560417652,164.58449004749042,190,0.014515250573707266,10,unemp,share,all,mi,unweighted,wb_nat,raw,gaussian,FALSE,2.153536513676012e-4,TRUE,TRUE,0.28294339309224636,-0.28294339309224636
mice_pmm,mneg,other,no_bailout,fe_country,n_eff,clustered,0.005057848816418634,0.001695951592728735,2.9823073005761374,164.78316145439712,190,0.013420889957452754,10,unemp,share,all,mi,unweighted,wb_nat,raw,gaussian,FALSE,0.003295302106377095,TRUE,TRUE,0.22629806440771993,-0.22629806440771993
mice_pmm,mcosmo,other,no_bailout,fe_country,pop,conventional,-0.004473745103412226,0.0012268401480045852,-3.6465590979302593,162.91585065037992,190,0.02247920643908931,10,unemp,share,all,mi,unweighted,wb_nat,raw,gaussian,TRUE,3.572224053583581e-4,TRUE,TRUE,-0.2747033674536739,-0.2747033674536739
mice_pmm,mcosmo,other,no_bailout,fe_country,pop,clustered,-0.004473745103412226,0.0036207415587195956,-1.235588077983196,164.87970716338688,190,0.012873748078180923,10,unemp,share,all,mi,unweighted,wb_nat,raw,gaussian,TRUE,0.21836929657872511,FALSE,TRUE,-0.0957830619064129,-0.0957830619064129
mice_pmm,mutil,other,no_bailout,fe_country,pop,conventional,-0.0010870386761810153,4.8275701857506477e-4,-2.251730444830373,158.80103992716224,190,0.03725638923693048,10,unemp,share,all,mi,unweighted,wb_nat,raw,gaussian,TRUE,0.025710549148348912,TRUE,TRUE,-0.1758996238078508,-0.1758996238078508
mice_pmm,mutil,other,no_bailout,fe_country,pop,clustered,-0.0010870386761810153,9.832901133230057e-4,-1.1055116505823432,163.9425298217344,190,0.01780546361239074,10,unemp,share,all,mi,unweighted,wb_nat,raw,gaussian,TRUE,0.27055766024105216,FALSE,TRUE,-0.08602104735066965,-0.08602104735066965
mice_pmm,mcomm,other,no_bailout,fe_country,pop,conventional,0.006272151904650069,7.53555468059671e-4,8.323411043383741,160.25373577401487,190,0.03254475824178423,10,unemp,share,all,mi,unweighted,wb_nat,raw,gaussian,FALSE,3.550196015628091e-14,TRUE,TRUE,0.5493876136509982,-0.5493876136509982
mice_pmm,mcomm,other,no_bailout,fe_country,pop,clustered,0.006272151904650069,0.002325751842309064,2.696827662586272,164.71089006862655,190,0.013823743538910792,10,unemp,share,all,mi,unweighted,wb_nat,raw,gaussian,FALSE,0.007728235048542145,TRUE,TRUE,0.20564088419528243,-0.20564088419528243
mice_pmm,mlib,other,no_bailout,fe_country,pop,conventional,-7.112944871452366e-4,0.0012491620567128365,-0.5694173012403245,163.25430896376446,190,0.02100442962063167,10,unemp,share,all,mi,unweighted,wb_nat,raw,gaussian,FALSE,0.5698556192302097,FALSE,FALSE,-0.044521264237357125,0.044521264237357125
mice_pmm,mlib,other,no_bailout,fe_country,pop,clustered,-7.112944871452366e-4,0.005000307275586981,-0.1422501554290458,164.9938113910605,190,0.012213082279671208,10,unemp,share,all,mi,unweighted,wb_nat,raw,gaussian,FALSE,0.8870559704694361,FALSE,FALSE,-0.011073688237720472,0.011073688237720472
mice_pmm,mpos,other,no_bailout,fe_country,pop,conventional,-0.005560783779593243,0.0013924020122949266,-3.99366255613785,163.28072317619814,190,0.020886832407776744,10,unemp,share,all,mi,unweighted,wb_nat,raw,gaussian,TRUE,9.81748717295239e-5,TRUE,TRUE,-0.29830871186400565,-0.29830871186400565
mice_pmm,mpos,other,no_bailout,fe_country,pop,clustered,-0.005560783779593243,0.004310250767040272,-1.2901299901424705,164.92832769055423,190,0.01259414649403581,10,unemp,share,all,mi,unweighted,wb_nat,raw,gaussian,TRUE,0.19881145311402115,FALSE,TRUE,-0.09995520292591843,-0.09995520292591843
mice_pmm,mneg,other,no_bailout,fe_country,pop,conventional,0.0055608574175048334,0.0013924514830399558,3.9935735537187598,163.27606105421071,190,0.02090761587248313,10,unemp,share,all,mi,unweighted,wb_nat,raw,gaussian,FALSE,9.820953444820576e-5,TRUE,TRUE,0.29830653517063527,-0.29830653517063527
mice_pmm,mneg,other,no_bailout,fe_country,pop,clustered,0.0055608574175048334,0.0043104122711374515,1.2900987348102109,164.92795304908813,190,0.012596311648524951,10,unemp,share,all,mi,unweighted,wb_nat,raw,gaussian,FALSE,0.1988222819669693,FALSE,TRUE,0.09995291794390654,-0.09995291794390654
mice_pmm,mcosmo,other,no_bailout,re,none,conventional,-0.0024882413605802397,0.0012711507483953413,-1.957471498735546,182.65683807487332,190,0.012734049829523402,10,unemp,share,all,mi,unweighted,wb_nat,raw,gaussian,TRUE,0.051815676368573496,FALSE,TRUE,-0.1433406539012615,-0.1433406539012615
mice_pmm,mcosmo,other,no_bailout,re,none,clustered,-0.0024882413605802397,0.0012225758389824944,-2.035244997685471,182.62060610094784,190,0.012912968627245829,10,unemp,share,all,mi,unweighted,wb_nat,raw,gaussian,TRUE,0.04327145512330901,TRUE,TRUE,-0.14892632574856612,-0.14892632574856612
mice_pmm,mutil,other,no_bailout,re,none,conventional,-0.001994800826915829,7.012864570793146e-4,-2.844487879066827,182.70593760995823,190,0.012489646765624295,10,unemp,share,all,mi,unweighted,wb_nat,raw,gaussian,TRUE,0.004955750506866325,TRUE,TRUE,-0.20592935581377111,-0.20592935581377111
mice_pmm,mutil,other,no_bailout,re,none,clustered,-0.001994800826915829,7.743676500939157e-4,-2.576038431711214,182.77607034557246,190,0.012136553597447313,10,unemp,share,all,mi,unweighted,wb_nat,raw,gaussian,TRUE,0.010783847137438213,TRUE,TRUE,-0.18717530186008252,-0.18717530186008252
mice_pmm,mcomm,other,no_bailout,re,none,conventional,0.003411656610537809,7.939371460001653e-4,4.297136905264662,182.76323814388508,190,0.012201517482824017,10,unemp,share,all,mi,unweighted,wb_nat,raw,gaussian,FALSE,2.808360202493662e-5,TRUE,TRUE,0.3029244387524058,-0.3029244387524058
mice_pmm,mcomm,other,no_bailout,re,none,clustered,0.003411656610537809,9.651542755141888e-4,3.5348303344770855,182.86924508554475,190,0.01165987933038186,10,unemp,share,all,mi,unweighted,wb_nat,raw,gaussian,FALSE,5.168613839715041e-4,TRUE,TRUE,0.2528983542617061,-0.2528983542617061
mice_pmm,mlib,other,no_bailout,re,none,conventional,0.0013483937100665245,0.001090861194379929,1.2360818379216274,182.05448144895576,190,0.015567476005729367,10,unemp,share,all,mi,unweighted,wb_nat,raw,gaussian,FALSE,0.21802059447736152,FALSE,TRUE,0.09122875070442127,-0.09122875070442127
mice_pmm,mlib,other,no_bailout,re,none,clustered,0.0013483937100665245,0.0015100900857625264,0.8929226956586814,182.57080229331663,190,0.013156970045998242,10,unemp,share,all,mi,unweighted,wb_nat,raw,gaussian,FALSE,0.3730740216790661,FALSE,TRUE,0.06594045712518637,-0.06594045712518637
mice_pmm,mpos,other,no_bailout,re,none,conventional,-0.0048230898347553335,0.0014375486265800583,-3.3550794356289075,182.72036537353046,190,0.012417396605120168,10,unemp,share,all,mi,unweighted,wb_nat,raw,gaussian,TRUE,9.648991883297207e-4,TRUE,TRUE,-0.24089499320851146,-0.24089499320851146
mice_pmm,mpos,other,no_bailout,re,none,clustered,-0.0048230898347553335,0.0016168318505557615,-2.9830497420603566,182.79876472904476,190,0.012021261650807928,10,unemp,share,all,mi,unweighted,wb_nat,raw,gaussian,TRUE,0.0032435537371989145,TRUE,TRUE,-0.21545294760707467,-0.21545294760707467
mice_pmm,mneg,other,no_bailout,re,none,conventional,0.004822852047521378,0.0014375684448210053,3.3548677733545285,182.72102363044013,190,0.012414095491748172,10,unemp,share,all,mi,unweighted,wb_nat,raw,gaussian,FALSE,9.65593812628855e-4,TRUE,TRUE,0.2408802689558275,-0.2408802689558275
mice_pmm,mneg,other,no_bailout,re,none,clustered,0.004822852047521378,0.0016168866385418276,2.982801596944865,182.7992890228843,190,0.012018592050640741,10,unemp,share,all,mi,unweighted,wb_nat,raw,gaussian,FALSE,0.003246059501598842,TRUE,TRUE,0.21543556239489042,-0.21543556239489042
mice_pmm,mcosmo,other,no_bailout,pooled_cl,none,conventional,0.006428864745931877,0.0016224383786426295,3.9624708282051477,182.9527657466652,190,0.011224877851754798,10,unemp,share,all,mi,unweighted,wb_nat,raw,gaussian,TRUE,1.062186033672814e-4,TRUE,FALSE,0.28113666296532336,0.28113666296532336
mice_pmm,mcosmo,other,no_bailout,pooled_cl,none,clustered,0.006428864745931877,0.0033115728601262103,1.9413327193673344,183.0527456733668,190,0.010693992516715265,10,unemp,share,all,mi,unweighted,wb_nat,raw,gaussian,TRUE,0.0537533560912835,FALSE,FALSE,0.14203210561647242,0.14203210561647242
mice_pmm,mutil,other,no_bailout,pooled_cl,none,conventional,0.0013861404958445285,9.643116315549577e-4,1.4374403984004316,183.0234739488367,190,0.010850606993567723,10,unemp,share,all,mi,unweighted,wb_nat,raw,gaussian,TRUE,0.15230035192556302,FALSE,FALSE,0.10565710579827735,0.10565710579827735
mice_pmm,mutil,other,no_bailout,pooled_cl,none,clustered,0.0013861404958445285,0.0012067702810290256,1.1486365861301722,183.0454001974665,190,0.01073338749814844,10,unemp,share,all,mi,unweighted,wb_nat,raw,gaussian,TRUE,0.2522046548882811,FALSE,FALSE,0.08459480267433654,0.08459480267433654
mice_pmm,mcomm,other,no_bailout,pooled_cl,none,conventional,-0.004338054776542827,0.0012322804838706385,-3.520346896119653,182.94553539235267,190,0.011262834336928809,10,unemp,share,all,mi,unweighted,wb_nat,raw,gaussian,FALSE,5.43961125385137e-4,TRUE,FALSE,-0.25187883323399995,0.25187883323399995
mice_pmm,mcomm,other,no_bailout,pooled_cl,none,clustered,-0.004338054776542827,0.0028803115133521134,-1.506106112631612,183.0588647710153,190,0.010661126348014928,10,unemp,share,all,mi,unweighted,wb_nat,raw,gaussian,FALSE,0.13376355067543552,FALSE,FALSE,-0.11063332503134515,0.11063332503134515
mice_pmm,mlib,other,no_bailout,pooled_cl,none,conventional,-0.003476796660283975,0.0014200643502434124,-2.4483374008283634,182.97917214585107,190,0.011085762858920904,10,unemp,share,all,mi,unweighted,wb_nat,raw,gaussian,FALSE,0.01529461025185243,TRUE,FALSE,-0.17810281393729938,0.17810281393729938
mice_pmm,mlib,other,no_bailout,pooled_cl,none,clustered,-0.003476796660283975,0.001806779996135333,-1.9243054869551217,183.01947822542232,190,0.01087190844615486,10,unemp,share,all,mi,unweighted,wb_nat,raw,gaussian,FALSE,0.05586746083805052,FALSE,FALSE,-0.14082370723201834,0.14082370723201834
mice_pmm,mpos,other,no_bailout,pooled_cl,none,conventional,0.007815005241776382,0.0021749227182412353,3.5932335324981266,182.98401642034696,190,0.011060157582892485,10,unemp,share,all,mi,unweighted,wb_nat,raw,gaussian,TRUE,4.1971416923481655e-4,TRUE,FALSE,0.256728088584089,0.256728088584089
mice_pmm,mpos,other,no_bailout,pooled_cl,none,clustered,0.007815005241776382,0.003780838374291661,2.0670032590960785,183.0510727952667,190,0.010702970005104184,10,unemp,share,all,mi,unweighted,wb_nat,raw,gaussian,TRUE,0.04014121666904694,TRUE,FALSE,0.15102364306252303,0.15102364306252303
mice_pmm,mneg,other,no_bailout,pooled_cl,none,conventional,-0.00781485143682677,0.0021749002658980636,-3.593199908686318,182.9831249314991,190,0.011064871686187873,10,unemp,share,all,mi,unweighted,wb_nat,raw,gaussian,FALSE,4.1976524802862406e-4,TRUE,FALSE,-0.25672642873858437,0.25672642873858437
mice_pmm,mneg,other,no_bailout,pooled_cl,none,clustered,-0.00781485143682677,0.0037808176852043266,-2.0669738896453644,183.05078237179282,190,0.01070452822546119,10,unemp,share,all,mi,unweighted,wb_nat,raw,gaussian,FALSE,0.04014401882644762,TRUE,FALSE,-0.15102166322407798,0.15102166322407798
mice_pmm,mcosmo,other,no_bailout,pooled_cl,n_cell,conventional,0.0075663273597951,0.0016256251651378393,4.654410821176935,182.87182894078774,190,0.0116465332933152,10,unemp,share,all,mi,unweighted,wb_nat,raw,gaussian,TRUE,6.223806143790112e-6,TRUE,FALSE,0.32544717365385184,0.32544717365385184
mice_pmm,mcosmo,other,no_bailout,pooled_cl,n_cell,clustered,0.0075663273597951,0.0032166011559651973,2.3522740286787878,183.03062539577408,190,0.010812436143906387,10,unemp,share,all,mi,unweighted,wb_nat,raw,gaussian,TRUE,0.01972161063124659,TRUE,FALSE,0.1713005397763054,0.1713005397763054
mice_pmm,mutil,other,no_bailout,pooled_cl,n_cell,conventional,0.0013435354761895096,9.476997833891491e-4,1.41768047195788,182.99925843911984,190,0.010979420547508124,10,unemp,share,all,mi,unweighted,wb_nat,raw,gaussian,TRUE,0.15798452330157242,FALSE,FALSE,0.10422738450449169,0.10422738450449169
mice_pmm,mutil,other,no_bailout,pooled_cl,n_cell,clustered,0.0013435354761895096,0.0011370555614489926,1.1815917548280506,183.02526106294368,190,0.01084107381477331,10,unemp,share,all,mi,unweighted,wb_nat,raw,gaussian,TRUE,0.23890072363473983,FALSE,FALSE,0.0870085178686214,0.0870085178686214
mice_pmm,mcomm,other,no_bailout,pooled_cl,n_cell,conventional,-0.004344164876976403,0.0012495345412638233,-3.4766264825160906,182.96673100802556,190,0.011151402288077053,10,unemp,share,all,mi,unweighted,wb_nat,raw,gaussian,FALSE,6.342459390593663e-4,TRUE,FALSE,-0.24893214367945213,0.24893214367945213
mice_pmm,mcomm,other,no_bailout,pooled_cl,n_cell,clustered,-0.004344164876976403,0.0029475245587348878,-1.473835006430267,183.06304426775247,190,0.010638652521537036,10,unemp,share,all,mi,unweighted,wb_nat,raw,gaussian,FALSE,0.14224352210737046,FALSE,FALSE,-0.1082896795644427,0.1082896795644427
mice_pmm,mlib,other,no_bailout,pooled_cl,n_cell,conventional,-0.004565596148802675,0.001413829663357921,-3.2292405988704043,182.96784679425923,190,0.011145522453079771,10,unemp,share,all,mi,unweighted,wb_nat,raw,gaussian,FALSE,0.0014713835706590536,TRUE,FALSE,-0.23220781827792636,0.23220781827792636
mice_pmm,mlib,other,no_bailout,pooled_cl,n_cell,clustered,-0.004565596148802675,0.0015749463634956971,-2.898889927063315,182.99060063962744,190,0.01102531316784369,10,unemp,share,all,mi,unweighted,wb_nat,raw,gaussian,FALSE,0.004202965393129269,TRUE,FALSE,-0.20954021262452055,0.20954021262452055
mice_pmm,mpos,other,no_bailout,pooled_cl,n_cell,conventional,0.00890986283598461,0.0021815712218520443,4.084149417968846,182.9518751274303,190,0.011229556357544723,10,unemp,share,all,mi,unweighted,wb_nat,raw,gaussian,TRUE,6.608015959999929e-5,TRUE,FALSE,0.28905892188187904,0.28905892188187904
mice_pmm,mpos,other,no_bailout,pooled_cl,n_cell,clustered,0.00890986283598461,0.0036663957326354547,2.430142157507935,183.03757318178577,190,0.010775295541770452,10,unemp,share,all,mi,unweighted,wb_nat,raw,gaussian,TRUE,0.01605803498018656,TRUE,FALSE,0.17679341610679383,0.17679341610679383
mice_pmm,mneg,other,no_bailout,pooled_cl,n_cell,conventional,-0.00890976102577899,0.002181542854374363,-4.08415585690348,182.95132531385627,190,0.011232444142854747,10,unemp,share,all,mi,unweighted,wb_nat,raw,gaussian,FALSE,6.607855665481935e-5,TRUE,FALSE,-0.2890597375794484,0.2890597375794484
mice_pmm,mneg,other,no_bailout,pooled_cl,n_cell,clustered,-0.00890976102577899,0.0036663622965044,-2.4301365509550914,183.03738242597723,190,0.010776316009765015,10,unemp,share,all,mi,unweighted,wb_nat,raw,gaussian,FALSE,0.016058276444621065,TRUE,FALSE,-0.17679311022193872,0.17679311022193872
mice_pmm,mcosmo,other,no_bailout,pooled_cl,n_eff,conventional,0.007773343606811608,0.00160780299531356,4.834761242185409,182.85694061044325,190,0.011723338215961008,10,unemp,share,all,mi,unweighted,wb_nat,raw,gaussian,TRUE,2.816506985751264e-6,TRUE,FALSE,0.3366643696013097,0.3366643696013097
mice_pmm,mcosmo,other,no_bailout,pooled_cl,n_eff,clustered,0.007773343606811608,0.0031290594648622004,2.484242851279254,183.02502101721737,190,0.010842354528802533,10,unemp,share,all,mi,unweighted,wb_nat,raw,gaussian,TRUE,0.013881256685459522,TRUE,FALSE,0.1806082225798475,0.1806082225798475
mice_pmm,mutil,other,no_bailout,pooled_cl,n_eff,conventional,0.0013887759279099564,9.454649141658539e-4,1.4688815069729142,183.00060746044738,190,0.010972262097997896,10,unemp,share,all,mi,unweighted,wb_nat,raw,gaussian,TRUE,0.1435818222239783,FALSE,FALSE,0.10794816500136546,0.10794816500136546
mice_pmm,mutil,other,no_bailout,pooled_cl,n_eff,clustered,0.0013887759279099564,0.0011414224398924278,1.2167063475997897,183.02690764545565,190,0.010832287020992804,10,unemp,share,all,mi,unweighted,wb_nat,raw,gaussian,TRUE,0.2252826057686186,FALSE,FALSE,0.08957339151011355,0.08957339151011355
mice_pmm,mcomm,other,no_bailout,pooled_cl,n_eff,conventional,-0.00461780076514712,0.001233204894713778,-3.744552738106747,182.96262079728822,190,0.011173049833251117,10,unemp,share,all,mi,unweighted,wb_nat,raw,gaussian,FALSE,2.4192980236704357e-4,TRUE,FALSE,-0.2667989703604429,0.2667989703604429
mice_pmm,mcomm,other,no_bailout,pooled_cl,n_eff,clustered,-0.00461780076514712,0.00285045520799235,-1.6200222168723564,183.06142414844797,190,0.010647366616369548,10,unemp,share,all,mi,unweighted,wb_nat,raw,gaussian,FALSE,0.1069488646545873,FALSE,FALSE,-0.11888621799306316,0.11888621799306316
mice_pmm,mlib,other,no_bailout,pooled_cl,n_eff,conventional,-0.004544202344099915,0.0013842824907500022,-3.282713156068219,182.95848705326677,190,0.011194802409344338,10,unemp,share,all,mi,unweighted,wb_nat,raw,gaussian,FALSE,0.0012315886861797361,TRUE,FALSE,-0.23584639188959697,0.23584639188959697
mice_pmm,mlib,other,no_bailout,pooled_cl,n_eff,clustered,-0.004544202344099915,0.001535755631779869,-2.9589358163924797,182.9822611415943,190,0.011069438467717614,10,unemp,share,all,mi,unweighted,wb_nat,raw,gaussian,FALSE,0.0034952313732377663,TRUE,FALSE,-0.213688890419692,0.213688890419692
mice_pmm,mpos,other,no_bailout,pooled_cl,n_eff,conventional,0.009162119534721645,0.002161252132062864,4.239264544288324,182.94427694466276,190,0.011269434814209242,10,unemp,share,all,mi,unweighted,wb_nat,raw,gaussian,TRUE,3.5535205229807444e-5,TRUE,FALSE,0.29907743367615275,0.29907743367615275
mice_pmm,mpos,other,no_bailout,pooled_cl,n_eff,clustered,0.009162119534721645,0.003606461404095144,2.5404734747245707,183.03422701950112,190,0.010793190039406443,10,unemp,share,all,mi,unweighted,wb_nat,raw,gaussian,TRUE,0.011900919818197003,TRUE,FALSE,0.18455403394992823,0.18455403394992823
mice_pmm,mneg,other,no_bailout,pooled_cl,n_eff,conventional,-0.009162003109246971,0.002161224722251806,-4.239264438776626,182.94378469358443,190,0.011272016166624835,10,unemp,share,all,mi,unweighted,wb_nat,raw,gaussian,FALSE,3.553526184148608e-5,TRUE,FALSE,-0.29907779327449274,0.29907779327449274
mice_pmm,mneg,other,no_bailout,pooled_cl,n_eff,clustered,-0.009162003109246971,0.0036064326427548833,-2.5404614523032643,183.03405407509453,190,0.010794114551930682,10,unemp,share,all,mi,unweighted,wb_nat,raw,gaussian,FALSE,0.011901315520104093,TRUE,FALSE,-0.18455327454212006,0.18455327454212006
mice_pmm,mcosmo,other,no_bailout,pooled_cl,pop,conventional,0.009673911312605008,0.0019386446191288894,4.9900385130678995,182.6536002844777,190,0.01275008755251564,10,unemp,share,all,mi,unweighted,wb_nat,raw,gaussian,TRUE,1.4004239822659715e-6,TRUE,FALSE,0.3463683934030152,0.3463683934030152
mice_pmm,mcosmo,other,no_bailout,pooled_cl,pop,clustered,0.009673911312605008,0.0034566452304152493,2.798641650431356,182.9525904958716,190,0.011225798529628149,10,unemp,share,all,mi,unweighted,wb_nat,raw,gaussian,TRUE,0.005681901438025497,TRUE,FALSE,0.2026166807017351,0.2026166807017351
mice_pmm,mutil,other,no_bailout,pooled_cl,pop,conventional,8.782796732784968e-4,0.0010025113561015165,0.8760795256164263,182.53164258856592,190,0.013347284159654112,10,unemp,share,all,mi,unweighted,wb_nat,raw,gaussian,TRUE,0.38213825198055984,FALSE,FALSE,0.06470879252172686,0.06470879252172686
mice_pmm,mutil,other,no_bailout,pooled_cl,pop,clustered,8.782796732784968e-4,0.0010079146806115877,0.8713829554953696,182.5378677551319,190,0.013317119403009791,10,unemp,share,all,mi,unweighted,wb_nat,raw,gaussian,TRUE,0.38468970258762036,FALSE,FALSE,0.06436224345404225,0.06436224345404225
mice_pmm,mcomm,other,no_bailout,pooled_cl,pop,conventional,-0.0030340279197393527,0.0012870871915331816,-2.357282350176456,182.54078110775816,190,0.01330299089553262,10,unemp,share,all,mi,unweighted,wb_nat,raw,gaussian,FALSE,0.019468398856655925,TRUE,FALSE,-0.171877893397564,0.171877893397564
mice_pmm,mcomm,other,no_bailout,pooled_cl,pop,clustered,-0.0030340279197393527,0.0033785970238775893,-0.8980141456045039,183.00869900458642,190,0.01092928161212693,10,unemp,share,all,mi,unweighted,wb_nat,raw,gaussian,FALSE,0.37035791971897425,FALSE,FALSE,-0.0662357642618904,0.0662357642618904
mice_pmm,mlib,other,no_bailout,pooled_cl,pop,conventional,-0.007518215866553697,0.0016849995373627632,-4.461850404018896,182.84353598853372,190,0.011792291883041942,10,unemp,share,all,mi,unweighted,wb_nat,raw,gaussian,FALSE,1.4171500173202215e-5,TRUE,FALSE,-0.31335224605464673,0.31335224605464673
mice_pmm,mlib,other,no_bailout,pooled_cl,pop,clustered,-0.007518215866553697,0.002525978651066103,-2.9763576439494424,182.9784363981364,190,0.01108964947989893,10,unemp,share,all,mi,unweighted,wb_nat,raw,gaussian,FALSE,0.003311387552196179,TRUE,FALSE,-0.21489126803814312,0.21489126803814312
mice_pmm,mpos,other,no_bailout,pooled_cl,pop,conventional,0.010552190985883414,0.002510154760358453,4.203800957824828,182.813882089132,190,0.01194417597168176,10,unemp,share,all,mi,unweighted,wb_nat,raw,gaussian,TRUE,4.102384462029117e-5,TRUE,FALSE,0.2968932400348245,0.2968932400348245
mice_pmm,mpos,other,no_bailout,pooled_cl,pop,clustered,0.010552190985883414,0.0036823912754194916,2.8655811391692283,182.9603222529585,190,0.011185147564706137,10,unemp,share,all,mi,unweighted,wb_nat,raw,gaussian,TRUE,0.004649984820499142,TRUE,FALSE,0.20725294351311083,0.20725294351311083
mice_pmm,mneg,other,no_bailout,pooled_cl,pop,conventional,-0.010552243786293197,0.0025101296533883064,-4.2038640402694805,182.81383213458605,190,0.011944431077470955,10,unemp,share,all,mi,unweighted,wb_nat,raw,gaussian,FALSE,4.101342430748926e-5,TRUE,FALSE,-0.2968973395040771,0.2968973395040771
mice_pmm,mneg,other,no_bailout,pooled_cl,pop,clustered,-0.010552243786293197,0.0036826121080834663,-2.865423638598983,182.96031724879862,190,0.011185173896280563,10,unemp,share,all,mi,unweighted,wb_nat,raw,gaussian,FALSE,0.004652197567998854,TRUE,FALSE,-0.20724204426571685,0.20724204426571685
mice_pmm,mcosmo,other,no_GR_ES,fe_twoway,none,conventional,-0.0027062928934651247,0.001177546772954399,-2.2982466222341107,209.44488678528893,250,0.011998914130134113,10,unemp,share,all,mi,unweighted,wb_nat,raw,gaussian,TRUE,0.022534684463003062,TRUE,TRUE,-0.1568387888478991,-0.1568387888478991
mice_pmm,mcosmo,other,no_GR_ES,fe_twoway,none,clustered,-0.0027062928934651247,0.0018367558678791045,-1.473409145326467,209.82447820916462,250,0.010360155784118372,10,unemp,share,all,mi,unweighted,wb_nat,raw,gaussian,TRUE,0.1421393299628776,FALSE,TRUE,-0.10119525040797568,-0.10119525040797568
mice_pmm,mutil,other,no_GR_ES,fe_twoway,none,conventional,-0.0010501688247345686,5.057331986253645e-4,-2.076527361836314,207.7043323341878,250,0.018405271108405737,10,unemp,share,all,mi,unweighted,wb_nat,raw,gaussian,TRUE,0.03907569700423941,TRUE,TRUE,-0.14261100299157412,-0.14261100299157412
mice_pmm,mutil,other,no_GR_ES,fe_twoway,none,clustered,-0.0010501688247345686,7.264068638408979e-4,-1.4457033337787721,209.03009744204874,250,0.013670446513619372,10,unemp,share,all,mi,unweighted,wb_nat,raw,gaussian,TRUE,0.14975804016278563,FALSE,TRUE,-0.09949799605068828,-0.09949799605068828
mice_pmm,mcomm,other,no_GR_ES,fe_twoway,none,conventional,0.0048070106892786155,8.874884826538314e-4,5.416420362892315,209.45532054873877,250,0.01195536680516545,10,unemp,share,all,mi,unweighted,wb_nat,raw,gaussian,FALSE,1.6611879311925369e-7,TRUE,TRUE,0.35051098223296495,-0.35051098223296495
mice_pmm,mcomm,other,no_GR_ES,fe_twoway,none,clustered,0.0048070106892786155,0.0018024812842638836,2.666885216087974,209.93049842591586,250,0.009880547828822774,10,unemp,share,all,mi,unweighted,wb_nat,raw,gaussian,FALSE,0.008252429325829664,TRUE,TRUE,0.1810221242614807,-0.1810221242614807
mice_pmm,mlib,other,no_GR_ES,fe_twoway,none,conventional,-0.001050690812116939,6.641798702893311e-4,-1.5819371515418486,205.7186722070118,250,0.02437328674355631,10,unemp,share,all,mi,unweighted,wb_nat,raw,gaussian,FALSE,0.11520011793598765,FALSE,FALSE,-0.10962932894531778,0.10962932894531778
mice_pmm,mlib,other,no_GR_ES,fe_twoway,none,clustered,-0.001050690812116939,8.992852117924981e-4,-1.1683621595674325,207.97963788130485,250,0.017484220762711104,10,unemp,share,all,mi,unweighted,wb_nat,raw,gaussian,FALSE,0.24399822584373043,FALSE,FALSE,-0.08075073598745337,0.08075073598745337
mice_pmm,mpos,other,no_GR_ES,fe_twoway,none,conventional,-0.0037564617181996946,0.0012047322576905209,-3.11808843352535,209.371192222194,250,0.01230427404510093,10,unemp,share,all,mi,unweighted,wb_nat,raw,gaussian,TRUE,0.002076212113512486,TRUE,TRUE,-0.21065584575811447,-0.21065584575811447
mice_pmm,mpos,other,no_GR_ES,fe_twoway,none,clustered,-0.0037564617181996946,0.001961337790033008,-1.915254851708372,209.81969650065693,250,0.010381544886533334,10,unemp,share,all,mi,unweighted,wb_nat,raw,gaussian,TRUE,0.056819758020307996,FALSE,TRUE,-0.13108105886538823,-0.13108105886538823
mice_pmm,mneg,other,no_GR_ES,fe_twoway,none,conventional,0.003756319877161676,0.0012047403389906929,3.1179497818663937,209.37087894716208,250,0.012305563951357552,10,unemp,share,all,mi,unweighted,wb_nat,raw,gaussian,FALSE,0.002077145600749702,TRUE,TRUE,0.21064704480128724,-0.21064704480128724
mice_pmm,mneg,other,no_GR_ES,fe_twoway,none,clustered,0.003756319877161676,0.0019614192219812076,1.9151030208460276,209.8196057958221,250,0.010381950421683111,10,unemp,share,all,mi,unweighted,wb_nat,raw,gaussian,FALSE,0.05683923123211714,FALSE,TRUE,0.13107087385119642,-0.13107087385119642
mice_pmm,mcosmo,other,no_GR_ES,fe_twoway,n_cell,conventional,-0.00118063639308701,0.0010655049408218019,-1.1080534194204765,209.15123269962456,250,0.013193733687521391,10,unemp,share,all,mi,unweighted,wb_nat,raw,gaussian,TRUE,0.26911135177386764,FALSE,TRUE,-0.0763940420719659,-0.0763940420719659
mice_pmm,mcosmo,other,no_GR_ES,fe_twoway,n_cell,clustered,-0.00118063639308701,0.0015841451803756334,-0.7452829498916614,209.6758170789771,250,0.011015843012043045,10,unemp,share,all,mi,unweighted,wb_nat,raw,gaussian,TRUE,0.45693529199011207,FALSE,TRUE,-0.05140111446425855,-0.05140111446425855
mice_pmm,mutil,other,no_GR_ES,fe_twoway,n_cell,conventional,-0.0012275602221552347,4.733589707285691e-4,-2.593296627009812,207.88099517296067,250,0.017817473436674412,10,unemp,share,all,mi,unweighted,wb_nat,raw,gaussian,TRUE,0.010181644833175695,TRUE,TRUE,-0.17702356415602644,-0.17702356415602644
mice_pmm,mutil,other,no_GR_ES,fe_twoway,n_cell,clustered,-0.0012275602221552347,7.093796911276816e-4,-1.7304699267663213,209.18823587962666,250,0.013046307817990477,10,unemp,share,all,mi,unweighted,wb_nat,raw,gaussian,TRUE,0.08502106756065762,FALSE,TRUE,-0.1187979665697842,-0.1187979665697842
mice_pmm,mcomm,other,no_GR_ES,fe_twoway,n_cell,conventional,0.003984482224257302,7.754875992737226e-4,5.138034738387746,209.4491576294749,250,0.011981098484657601,10,unemp,share,all,mi,unweighted,wb_nat,raw,gaussian,FALSE,6.344005285918047e-7,TRUE,TRUE,0.33456493611243904,-0.33456493611243904
mice_pmm,mcomm,other,no_GR_ES,fe_twoway,n_cell,clustered,0.003984482224257302,0.0014858834526652476,2.6815577070397323,209.9109876283981,250,0.009969595401546651,10,unemp,share,all,mi,unweighted,wb_nat,raw,gaussian,FALSE,0.007910803662999157,TRUE,TRUE,0.18199334023490532,-0.18199334023490532
mice_pmm,mlib,other,no_GR_ES,fe_twoway,n_cell,conventional,-0.0015764763746321292,6.450861721631671e-4,-2.44382292267362,205.9378855642075,250,0.023762358097750482,10,unemp,share,all,mi,unweighted,wb_nat,raw,gaussian,FALSE,0.015374237659277227,TRUE,FALSE,-0.16787802389754264,0.16787802389754264
mice_pmm,mlib,other,no_GR_ES,fe_twoway,n_cell,clustered,-0.0015764763746321292,0.0010961112615142097,-1.4382448479311534,208.87856282818072,250,0.014254644222447994,10,unemp,share,all,mi,unweighted,wb_nat,raw,gaussian,FALSE,0.15186116886827206,FALSE,FALSE,-0.09902527016416013,0.09902527016416013
mice_pmm,mpos,other,no_GR_ES,fe_twoway,n_cell,conventional,-0.0024081966152422443,0.001091317302538356,-2.2066878346388212,208.88616517084483,250,0.014225644605454026,10,unemp,share,all,mi,unweighted,wb_nat,raw,gaussian,TRUE,0.02842516024501196,TRUE,TRUE,-0.1509322732576881,-0.1509322732576881
mice_pmm,mpos,other,no_GR_ES,fe_twoway,n_cell,clustered,-0.0024081966152422443,0.0017967934864889065,-1.34027456875307,209.66463311014584,250,0.011064417806689469,10,unemp,share,all,mi,unweighted,wb_nat,raw,gaussian,TRUE,0.18160666218633092,FALSE,TRUE,-0.09216768260559792,-0.09216768260559792
mice_pmm,mneg,other,no_GR_ES,fe_twoway,n_cell,conventional,0.0024080058496251714,0.0010913213634061504,2.206504821008437,208.88580472685666,250,0.014227020263302024,10,unemp,share,all,mi,unweighted,wb_nat,raw,gaussian,FALSE,0.028438155754108907,TRUE,TRUE,0.15092016792463087,-0.15092016792463087
mice_pmm,mneg,other,no_GR_ES,fe_twoway,n_cell,clustered,0.0024080058496251714,0.0017968398020677013,1.3401338543670809,209.66453493494788,250,0.011064843753719097,10,unemp,share,all,mi,unweighted,wb_nat,raw,gaussian,FALSE,0.1816523234124189,FALSE,TRUE,0.09215810957424864,-0.09215810957424864
mice_pmm,mcosmo,other,no_GR_ES,fe_twoway,n_eff,conventional,-0.0011729965420704009,0.0010673695465358418,-1.0989600985688344,209.15005869771534,250,0.013198396992772794,10,unemp,share,all,mi,unweighted,wb_nat,raw,gaussian,TRUE,0.27304888902474306,FALSE,TRUE,-0.07577093441103629,-0.07577093441103629
mice_pmm,mcosmo,other,no_GR_ES,fe_twoway,n_eff,clustered,-0.0011729965420704009,0.001600386303743623,-0.7329458764590323,209.6822723177566,250,0.01098775960001642,10,unemp,share,all,mi,unweighted,wb_nat,raw,gaussian,TRUE,0.46441002272924836,FALSE,TRUE,-0.050551660428314334,-0.050551660428314334
mice_pmm,mutil,other,no_GR_ES,fe_twoway,n_eff,conventional,-0.0011545589651106398,4.71417533626607e-4,-2.449121814007717,207.91792773883057,250,0.017693134994240408,10,unemp,share,all,mi,unweighted,wb_nat,raw,gaussian,TRUE,0.01514831033883967,TRUE,TRUE,-0.16745133899881243,-0.16745133899881243
mice_pmm,mutil,other,no_GR_ES,fe_twoway,n_eff,clustered,-0.0011545589651106398,6.966853830441475e-4,-1.6572171502519923,209.1753591011208,250,0.013097708726588629,10,unemp,share,all,mi,unweighted,wb_nat,raw,gaussian,TRUE,0.09897463757327968,FALSE,TRUE,-0.11383915830827482,-0.11383915830827482
mice_pmm,mcomm,other,no_GR_ES,fe_twoway,n_eff,conventional,0.003831850472327083,7.741129915928632e-4,4.949988585571246,209.44503322943856,250,0.011998303463251717,10,unemp,share,all,mi,unweighted,wb_nat,raw,gaussian,FALSE,1.5241941072238306e-6,TRUE,TRUE,0.3236272383379236,-0.3236272383379236
mice_pmm,mcomm,other,no_GR_ES,fe_twoway,n_eff,clustered,0.003831850472327083,0.0014950043856766582,2.5631031648062614,209.91256413945632,250,0.009962413584163693,10,unemp,share,all,mi,unweighted,wb_nat,raw,gaussian,FALSE,0.011073756827656708,TRUE,TRUE,0.17420279907289396,-0.17420279907289396
mice_pmm,mlib,other,no_GR_ES,fe_twoway,n_eff,conventional,-0.0015044883436175882,6.411177779170522e-4,-2.3466645216196746,205.56409643601035,250,0.024798151421354296,10,unemp,share,all,mi,unweighted,wb_nat,raw,gaussian,FALSE,0.01989377560776463,TRUE,FALSE,-0.16152390098260186,0.16152390098260186
mice_pmm,mlib,other,no_GR_ES,fe_twoway,n_eff,clustered,-0.0015044883436175882,0.0010602845913193896,-1.4189476636130713,208.70357859196446,250,0.01491353083192912,10,unemp,share,all,mi,unweighted,wb_nat,raw,gaussian,FALSE,0.1574059661071333,FALSE,FALSE,-0.09774996243841069,0.09774996243841069
mice_pmm,mpos,other,no_GR_ES,fe_twoway,n_eff,conventional,-0.00232755550718104,0.0010902204864028315,-2.134940166883838,208.83472847456542,250,0.014421234596846372,10,unemp,share,all,mi,unweighted,wb_nat,raw,gaussian,TRUE,0.03393098831914476,TRUE,TRUE,-0.14614902787636738,-0.14614902787636738
mice_pmm,mpos,other,no_GR_ES,fe_twoway,n_eff,clustered,-0.00232755550718104,0.0018165412205539948,-1.2813116932580257,209.65843842262444,250,0.011091278956494388,10,unemp,share,all,mi,unweighted,wb_nat,raw,gaussian,TRUE,0.2014995532400431,FALSE,TRUE,-0.08814645227153443,-0.08814645227153443
mice_pmm,mneg,other,no_GR_ES,fe_twoway,n_eff,conventional,0.002327362128709494,0.0010902238993308717,2.134756108481863,208.83438408749814,250,0.014422539280997286,10,unemp,share,all,mi,unweighted,wb_nat,raw,gaussian,FALSE,0.03394621910060682,TRUE,TRUE,0.14613681502828182,-0.14613681502828182
mice_pmm,mneg,other,no_GR_ES,fe_twoway,n_eff,clustered,0.002327362128709494,0.001816590589146001,1.2811704203552063,209.6583507907489,250,0.011091658718279846,10,unemp,share,all,mi,unweighted,wb_nat,raw,gaussian,FALSE,0.20154906594630848,FALSE,TRUE,0.08813682733141749,-0.08813682733141749
mice_pmm,mcosmo,other,no_GR_ES,fe_twoway,pop,conventional,-0.0035737667359729353,8.458037336889795e-4,-4.225290801668519,203.21907955743507,250,0.030746153481833884,10,unemp,share,all,mi,unweighted,wb_nat,raw,gaussian,TRUE,3.60227772659423e-5,TRUE,TRUE,-0.28417742524035017,-0.28417742524035017
mice_pmm,mcosmo,other,no_GR_ES,fe_twoway,pop,clustered,-0.0035737667359729353,0.001510591368475034,-2.3658064057261954,208.41505222907534,250,0.01596622699742106,10,unemp,share,all,mi,unweighted,wb_nat,raw,gaussian,TRUE,0.018908061151932658,TRUE,TRUE,-0.1617186275699612,-0.1617186275699612
mice_pmm,mutil,other,no_GR_ES,fe_twoway,pop,conventional,-8.893795605819395e-4,4.4105751869520453e-4,-2.016470693466515,191.7475658252322,250,0.05284081078964177,10,unemp,share,all,mi,unweighted,wb_nat,raw,gaussian,TRUE,0.04514589508926412,TRUE,TRUE,-0.14410211519652436,-0.14410211519652436
mice_pmm,mutil,other,no_GR_ES,fe_twoway,pop,clustered,-8.893795605819395e-4,7.499333143066394e-4,-1.185944861516423,205.7429854976645,250,0.024306020409129523,10,unemp,share,all,mi,unweighted,wb_nat,raw,gaussian,TRUE,0.2370118693089728,FALSE,TRUE,-0.08239912590461383,-0.08239912590461383
mice_pmm,mcomm,other,no_GR_ES,fe_twoway,pop,conventional,0.005342992732794711,7.13750692565505e-4,7.48579691543256,202.1402633097958,250,0.03323278258284175,10,unemp,share,all,mi,unweighted,wb_nat,raw,gaussian,FALSE,2.151157525501929e-12,TRUE,TRUE,0.46588519932601025,-0.46588519932601025
mice_pmm,mcomm,other,no_GR_ES,fe_twoway,pop,clustered,0.005342992732794711,0.002076978212576922,2.572483765328294,209.4319576650539,250,0.01205276707623761,10,unemp,share,all,mi,unweighted,wb_nat,raw,gaussian,FALSE,0.010788812568957659,TRUE,TRUE,0.17501524440785687,-0.17501524440785687
mice_pmm,mlib,other,no_GR_ES,fe_twoway,pop,conventional,-8.798494912681837e-4,5.666744613337596e-4,-1.55265421560964,196.0976478626907,250,0.045343504259947154,10,unemp,share,all,mi,unweighted,wb_nat,raw,gaussian,FALSE,0.12211816380187106,FALSE,FALSE,-0.11020094557024115,0.11020094557024115
mice_pmm,mlib,other,no_GR_ES,fe_twoway,pop,clustered,-8.798494912681837e-4,0.0014824448845707852,-0.593512447191538,208.81510866088323,250,0.014495460741157954,10,unemp,share,all,mi,unweighted,wb_nat,raw,gaussian,FALSE,0.5534805908465499,FALSE,FALSE,-0.04103768636793336,0.04103768636793336
mice_pmm,mpos,other,no_GR_ES,fe_twoway,pop,conventional,-0.004463146296554874,8.447068768425074e-4,-5.283662793462745,202.64454912415442,250,0.03208678947721466,10,unemp,share,all,mi,unweighted,wb_nat,raw,gaussian,TRUE,3.2577977053210875e-7,TRUE,TRUE,-0.3479698092045118,-0.3479698092045118
mice_pmm,mpos,other,no_GR_ES,fe_twoway,pop,clustered,-0.004463146296554874,0.0012242275512136546,-3.6456835921804513,207.17436715807133,250,0.020104830656347585,10,unemp,share,all,mi,unweighted,wb_nat,raw,gaussian,TRUE,3.3726594672738237e-4,TRUE,TRUE,-0.24553238192232876,-0.24553238192232876
mice_pmm,mneg,other,no_GR_ES,fe_twoway,pop,conventional,0.004463143241526527,8.447249056065653e-4,5.283546408900672,202.65057591328295,250,0.032072925194319646,10,unemp,share,all,mi,unweighted,wb_nat,raw,gaussian,FALSE,3.2595334996724974e-7,TRUE,TRUE,0.3479585246957017,-0.3479585246957017
mice_pmm,mneg,other,no_GR_ES,fe_twoway,pop,clustered,0.004463143241526527,0.0012244191649675674,3.6451105709740728,207.17742184579592,250,0.020095288840247263,10,unemp,share,all,mi,unweighted,wb_nat,raw,gaussian,FALSE,3.379714760132578e-4,TRUE,TRUE,0.24549441493499638,-0.24549441493499638
mice_pmm,mcosmo,other,no_GR_ES,fe_country,none,conventional,-0.005398000664742408,0.0010442288897422318,-5.169365373596306,218.30875208861798,250,0.012045471359741875,10,unemp,share,all,mi,unweighted,wb_nat,raw,gaussian,TRUE,5.298378385181263e-7,TRUE,TRUE,-0.33023768642555146,-0.33023768642555146
mice_pmm,mcosmo,other,no_GR_ES,fe_country,none,clustered,-0.005398000664742408,0.001799282296292457,-3.0000854651131474,218.82635137196897,250,0.00992599263805726,10,unemp,share,all,mi,unweighted,wb_nat,raw,gaussian,TRUE,0.003011852388728969,TRUE,TRUE,-0.19876099429438468,-0.19876099429438468
mice_pmm,mutil,other,no_GR_ES,fe_country,none,conventional,-0.0026969752935147094,5.467061504980964e-4,-4.933135087391157,218.1967517880339,250,0.012479486470544567,10,unemp,share,all,mi,unweighted,wb_nat,raw,gaussian,TRUE,1.60364162630337e-6,TRUE,TRUE,-0.3167655697193126,-0.3167655697193126
mice_pmm,mutil,other,no_GR_ES,fe_country,none,clustered,-0.0026969752935147094,7.422849931468009e-4,-3.6333420699794905,218.6142969615493,250,0.010818643515487138,10,unemp,share,all,mi,unweighted,wb_nat,raw,gaussian,TRUE,3.4869950711715545e-4,TRUE,TRUE,-0.23863551526519616,-0.23863551526519616
mice_pmm,mcomm,other,no_GR_ES,fe_country,none,conventional,0.005568168793698182,7.481365797268998e-4,7.4427169377692906,218.13489653122036,250,0.012715856525527246,10,unemp,share,all,mi,unweighted,wb_nat,raw,gaussian,FALSE,2.251408175780578e-12,TRUE,TRUE,0.45001798147405486,-0.45001798147405486
mice_pmm,mcomm,other,no_GR_ES,fe_country,none,clustered,0.005568168793698182,0.0017408679785850527,3.198501472939891,218.90997110078348,250,0.009563602457765991,10,unemp,share,all,mi,unweighted,wb_nat,raw,gaussian,FALSE,0.0015860825336747183,TRUE,TRUE,0.21129817105997034,-0.21129817105997034
mice_pmm,mlib,other,no_GR_ES,fe_country,none,conventional,0.0025267666162911936,7.875733283939251e-4,3.208293786997528,217.330401696359,250,0.015603618037138552,10,unemp,share,all,mi,unweighted,wb_nat,raw,gaussian,FALSE,0.0015369282071205444,TRUE,TRUE,0.21265007167356187,-0.21265007167356187
mice_pmm,mlib,other,no_GR_ES,fe_country,none,clustered,0.0025267666162911936,0.0011867076911563305,2.1292241005273227,218.365023963441,250,0.011824368897680513,10,unemp,share,all,mi,unweighted,wb_nat,raw,gaussian,FALSE,0.03435539297287962,TRUE,TRUE,0.1426158137049729,-0.1426158137049729
mice_pmm,mpos,other,no_GR_ES,fe_country,none,conventional,-0.008094975958257117,0.0011636537273943535,-6.956516159135535,218.35151150252625,250,0.011877652267460312,10,unemp,share,all,mi,unweighted,wb_nat,raw,gaussian,TRUE,4.0027234094246267e-11,TRUE,TRUE,-0.425935616320128,-0.425935616320128
mice_pmm,mpos,other,no_GR_ES,fe_country,none,clustered,-0.008094975958257117,0.002191814032523178,-3.6932768191735326,218.877958533966,250,0.009703069427632898,10,unemp,share,all,mi,unweighted,wb_nat,raw,gaussian,TRUE,2.796356998954987e-4,TRUE,TRUE,-0.24220512881359973,-0.24220512881359973
mice_pmm,mneg,other,no_GR_ES,fe_country,none,conventional,0.008094935409989379,0.0011636744795177427,6.956357256665225,218.35051001180142,250,0.011881596597346882,10,unemp,share,all,mi,unweighted,wb_nat,raw,gaussian,FALSE,4.006457728051127e-11,TRUE,TRUE,0.42592845162915405,-0.42592845162915405
mice_pmm,mneg,other,no_GR_ES,fe_country,none,clustered,0.008094935409989379,0.002191900998928379,3.693111784677773,218.87771109484268,250,0.009704143858240291,10,unemp,share,all,mi,unweighted,wb_nat,raw,gaussian,FALSE,2.798066519386281e-4,TRUE,TRUE,0.2421950695899446,-0.2421950695899446
mice_pmm,mcosmo,other,no_GR_ES,fe_country,n_cell,conventional,-0.0038475797770177495,9.666897376992927e-4,-3.980159948914874,217.67852461866968,250,0.014393401770190332,10,unemp,share,all,mi,unweighted,wb_nat,raw,gaussian,TRUE,9.383452204044804e-5,TRUE,TRUE,-0.2604583591669051,-0.2604583591669051
mice_pmm,mcosmo,other,no_GR_ES,fe_country,n_cell,clustered,-0.0038475797770177495,0.001533551986918011,-2.5089333846127087,218.55733222302933,250,0.01105242428759118,10,unemp,share,all,mi,unweighted,wb_nat,raw,gaussian,TRUE,0.012835412570442593,TRUE,TRUE,-0.16731723410714264,-0.16731723410714264
mice_pmm,mutil,other,no_GR_ES,fe_country,n_cell,conventional,-0.0027708745457407386,5.040117634319313e-4,-5.497638640164309,218.24019229871067,250,0.012312086230336507,10,unemp,share,all,mi,unweighted,wb_nat,raw,gaussian,TRUE,1.0704258237391692e-7,TRUE,TRUE,-0.3487741260476788,-0.3487741260476788
mice_pmm,mutil,other,no_GR_ES,fe_country,n_cell,clustered,-0.0027708745457407386,6.887116839348708e-4,-4.0232721621763154,218.64202909220353,250,0.010703942185782809,10,unemp,share,all,mi,unweighted,wb_nat,raw,gaussian,TRUE,7.908217902379371e-5,TRUE,TRUE,-0.2625450176027591,-0.2625450176027591
mice_pmm,mcomm,other,no_GR_ES,fe_country,n_cell,conventional,0.004734268920493574,6.660273136398881e-4,7.1082203740571055,218.0354830600297,250,0.013091001755059667,10,unemp,share,all,mi,unweighted,wb_nat,raw,gaussian,FALSE,1.6548210802763712e-11,TRUE,TRUE,0.43374888965328917,-0.43374888965328917
mice_pmm,mcomm,other,no_GR_ES,fe_country,n_cell,clustered,0.004734268920493574,0.0013118493859936927,3.6088509634110824,218.8224307164953,250,0.009942833707901241,10,unemp,share,all,mi,unweighted,wb_nat,raw,gaussian,FALSE,3.811882863267243e-4,TRUE,TRUE,0.23701122904690325,-0.23701122904690325
mice_pmm,mlib,other,no_GR_ES,fe_country,n_cell,conventional,0.0018840678524357746,7.960498211652703e-4,2.366771277805008,217.29091131987056,250,0.015737526992470486,10,unemp,share,all,mi,unweighted,wb_nat,raw,gaussian,FALSE,0.018822450913686083,TRUE,TRUE,0.1585289362212557,-0.1585289362212557
mice_pmm,mlib,other,no_GR_ES,fe_country,n_cell,clustered,0.0018840678524357746,0.0014862431605226374,1.2676713356737952,218.6126151998583,250,0.010825580423610842,10,unemp,share,all,mi,unweighted,wb_nat,raw,gaussian,FALSE,0.20626389737652284,FALSE,TRUE,0.08542375929975128,-0.08542375929975128
mice_pmm,mpos,other,no_GR_ES,fe_country,n_cell,conventional,-0.006618454322758489,0.0010842563866780659,-6.1041414227091115,217.90462470190505,250,0.013576277760125087,10,unemp,share,all,mi,unweighted,wb_nat,raw,gaussian,TRUE,4.677376887704474e-9,TRUE,TRUE,-0.38213242717854207,-0.38213242717854207
mice_pmm,mpos,other,no_GR_ES,fe_country,n_cell,clustered,-0.006618454322758489,0.001911629101041942,-3.462206303069498,218.72191697329868,250,0.010370163207143979,10,unemp,share,all,mi,unweighted,wb_nat,raw,gaussian,TRUE,6.44304840746649e-4,TRUE,TRUE,-0.2279401724330319,-0.2279401724330319
mice_pmm,mneg,other,no_GR_ES,fe_country,n_cell,conventional,0.0066183367729293514,0.00108427265536682,6.103941421164314,217.90327465966337,250,0.01358123549469617,10,unemp,share,all,mi,unweighted,wb_nat,raw,gaussian,FALSE,4.682419075974258e-9,TRUE,TRUE,0.382122745775295,-0.382122745775295
mice_pmm,mneg,other,no_GR_ES,fe_country,n_cell,clustered,0.0066183367729293514,0.0019116643766102647,3.4620809248247277,218.72154060708752,250,0.010371747632159119,10,unemp,share,all,mi,unweighted,wb_nat,raw,gaussian,FALSE,6.445895339254945e-4,TRUE,TRUE,0.227932532718899,-0.227932532718899
mice_pmm,mcosmo,other,no_GR_ES,fe_country,n_eff,conventional,-0.003860843591492501,9.620917069151155e-4,-4.012968372705389,217.65368981313213,250,0.014481594892910416,10,unemp,share,all,mi,unweighted,wb_nat,raw,gaussian,TRUE,8.248032859165989e-5,TRUE,TRUE,-0.2624719286621465,-0.2624719286621465
mice_pmm,mcosmo,other,no_GR_ES,fe_country,n_eff,clustered,-0.003860843591492501,0.0015624493709414649,-2.4710199660204815,218.57382374168273,250,0.010984993537325606,10,unemp,share,all,mi,unweighted,wb_nat,raw,gaussian,TRUE,0.014237279238790257,TRUE,TRUE,-0.16485202094798526,-0.16485202094798526
mice_pmm,mutil,other,no_GR_ES,fe_country,n_eff,conventional,-0.0027632331603585844,5.018742798807306e-4,-5.505827397680672,218.25435602493502,250,0.012257251144736187,10,unemp,share,all,mi,unweighted,wb_nat,raw,gaussian,TRUE,1.027581375570783e-7,TRUE,TRUE,-0.34922035890106307,-0.34922035890106307
mice_pmm,mutil,other,no_GR_ES,fe_country,n_eff,clustered,-0.0027632331603585844,6.853803788135222e-4,-4.031678241419868,218.64857977710784,250,0.010676761727070057,10,unemp,share,all,mi,unweighted,wb_nat,raw,gaussian,TRUE,7.649447362410822e-5,TRUE,TRUE,-0.26305197973314204,-0.26305197973314204
mice_pmm,mcomm,other,no_GR_ES,fe_country,n_eff,conventional,0.004658218178218433,6.620103055510957e-4,7.036473811900349,217.93339148897303,250,0.013470404905357834,10,unemp,share,all,mi,unweighted,wb_nat,raw,gaussian,FALSE,2.522757585441636e-11,TRUE,TRUE,0.4302665118818825,-0.4302665118818825
mice_pmm,mcomm,other,no_GR_ES,fe_country,n_eff,clustered,0.004658218178218433,0.0013211808332226954,3.5257990890284536,218.80682412286706,250,0.01000974078532584,10,unemp,share,all,mi,unweighted,wb_nat,raw,gaussian,FALSE,5.141907954755137e-4,TRUE,TRUE,0.23186109402410435,-0.23186109402410435
mice_pmm,mlib,other,no_GR_ES,fe_country,n_eff,conventional,0.0019657400644179555,7.7893213843201e-4,2.523634559969485,217.12382440228768,250,0.016297018632979495,10,unemp,share,all,mi,unweighted,wb_nat,raw,gaussian,FALSE,0.012330541791202245,TRUE,TRUE,0.1688087426999196,-0.1688087426999196
mice_pmm,mlib,other,no_GR_ES,fe_country,n_eff,clustered,0.0019657400644179555,0.0013950910339078223,1.4090407124986495,218.5281540339194,250,0.011171237708368281,10,unemp,share,all,mi,unweighted,wb_nat,raw,gaussian,FALSE,0.16024448026658056,FALSE,TRUE,0.09488682204612883,-0.09488682204612883
mice_pmm,mpos,other,no_GR_ES,fe_country,n_eff,conventional,-0.006624076751851085,0.001075607008996415,-6.158454432192309,217.847855386948,250,0.013783914658463705,10,unemp,share,all,mi,unweighted,wb_nat,raw,gaussian,TRUE,3.497165460674403e-9,TRUE,TRUE,-0.38507309991918165,-0.38507309991918165
mice_pmm,mpos,other,no_GR_ES,fe_country,n_eff,clustered,-0.006624076751851085,0.0019356681467345785,-3.4221138385862937,218.72120146355897,250,0.010373175259041398,10,unemp,share,all,mi,unweighted,wb_nat,raw,gaussian,TRUE,7.415231402957739e-4,TRUE,TRUE,-0.225435858311253,-0.225435858311253
mice_pmm,mneg,other,no_GR_ES,fe_country,n_eff,conventional,0.0066239582426363885,0.0010756225076481534,6.158255517653364,217.84666088693615,250,0.013788265362211012,10,unemp,share,all,mi,unweighted,wb_nat,raw,gaussian,FALSE,3.5009341245441642e-9,TRUE,TRUE,0.38506340563047775,-0.38506340563047775
mice_pmm,mneg,other,no_GR_ES,fe_country,n_eff,clustered,0.0066239582426363885,0.0019357085012423622,3.4219812737222823,218.72088697416726,250,0.010374499020981276,10,unemp,share,all,mi,unweighted,wb_nat,raw,gaussian,FALSE,7.418664067333547e-4,TRUE,TRUE,0.22542772306363024,-0.22542772306363024
mice_pmm,mcosmo,other,no_GR_ES,fe_country,pop,conventional,-0.004945131665573493,0.0010239306071990733,-4.829557423916382,215.44550763659515,250,0.021398435045113733,10,unemp,share,all,mi,unweighted,wb_nat,raw,gaussian,TRUE,2.5942317948059764e-6,TRUE,TRUE,-0.3125484388495675,-0.3125484388495675
mice_pmm,mcosmo,other,no_GR_ES,fe_country,pop,clustered,-0.004945131665573493,0.003058858337956911,-1.6166592627746443,218.7490362481871,250,0.010255693116642473,10,unemp,share,all,mi,unweighted,wb_nat,raw,gaussian,TRUE,0.1073930314609768,FALSE,TRUE,-0.1086591612579374,-0.1086591612579374
mice_pmm,mutil,other,no_GR_ES,fe_country,pop,conventional,-0.001451194073969097,4.8128363226582915e-4,-3.015257483694259,213.44745564059275,250,0.02660731588624025,10,unemp,share,all,mi,unweighted,wb_nat,raw,gaussian,TRUE,0.0028788309346612965,TRUE,TRUE,-0.20212550140920324,-0.20212550140920324
mice_pmm,mutil,other,no_GR_ES,fe_country,pop,clustered,-0.001451194073969097,9.344327721921594e-4,-1.553021380622842,217.90895951479865,250,0.01356035250170671,10,unemp,share,all,mi,unweighted,wb_nat,raw,gaussian,TRUE,0.12186916216993349,FALSE,TRUE,-0.10462841598503658,-0.10462841598503658
mice_pmm,mcomm,other,no_GR_ES,fe_country,pop,conventional,0.006304964297530146,6.64130911288671e-4,9.493556451537657,211.6996641480397,250,0.030657447295964434,10,unemp,share,all,mi,unweighted,wb_nat,raw,gaussian,FALSE,4.9140211238492e-18,TRUE,TRUE,0.5464490728748059,-0.5464490728748059
mice_pmm,mcomm,other,no_GR_ES,fe_country,pop,clustered,0.006304964297530146,0.001984617672499556,3.176916332499078,218.49841969758833,250,0.011291679340779768,10,unemp,share,all,mi,unweighted,wb_nat,raw,gaussian,FALSE,0.0017037112380941563,TRUE,TRUE,0.21012416827152117,-0.21012416827152117
mice_pmm,mlib,other,no_GR_ES,fe_country,pop,conventional,9.144557384165687e-5,0.00102421886920609,0.08928323485442102,216.16531598023943,250,0.019312658021159976,10,unemp,share,all,mi,unweighted,wb_nat,raw,gaussian,FALSE,0.9289394835595446,FALSE,TRUE,0.006072519294363843,-0.006072519294363843
mice_pmm,mlib,other,no_GR_ES,fe_country,pop,clustered,9.144557384165687e-5,0.0042440752879103,0.021546642704984364,218.93385937838485,250,0.00945892571688038,10,unemp,share,all,mi,unweighted,wb_nat,raw,gaussian,FALSE,0.9828292210611552,FALSE,TRUE,0.0014562055541011928,-0.0014562055541011928
mice_pmm,mpos,other,no_GR_ES,fe_country,pop,conventional,-0.00639632573954259,0.001190963425057901,-5.37071551062252,216.57499905971116,250,0.01806096278920435,10,unemp,share,all,mi,unweighted,wb_nat,raw,gaussian,TRUE,2.0166289581204163e-7,TRUE,TRUE,-0.3428289908074045,-0.3428289908074045
mice_pmm,mpos,other,no_GR_ES,fe_country,pop,clustered,-0.00639632573954259,0.0037085683944550795,-1.7247425581003577,218.85569436814987,250,0.009799528096543853,10,unemp,share,all,mi,unweighted,wb_nat,raw,gaussian,TRUE,0.08598568671024698,FALSE,TRUE,-0.11580137548977021,-0.11580137548977021
mice_pmm,mneg,other,no_GR_ES,fe_country,pop,conventional,0.006396409871371803,0.0011910093123899568,5.370579226233211,216.56644312345566,250,0.018087637908167496,10,unemp,share,all,mi,unweighted,wb_nat,raw,gaussian,FALSE,2.0180434598858264e-7,TRUE,TRUE,0.3428272897826483,-0.3428272897826483
mice_pmm,mneg,other,no_GR_ES,fe_country,pop,clustered,0.006396409871371803,0.0037087053487744304,1.7247015521159008,218.8550572075538,250,0.0098022821461977,10,unemp,share,all,mi,unweighted,wb_nat,raw,gaussian,FALSE,0.08599309998920629,FALSE,TRUE,0.11579882551946159,-0.11579882551946159
mice_pmm,mcosmo,other,no_GR_ES,re,none,conventional,-0.004435662938063672,0.0010473641783314864,-4.235072222089882,242.29410580817094,250,0.010910729042523557,10,unemp,share,all,mi,unweighted,wb_nat,raw,gaussian,TRUE,3.246807974902759e-5,TRUE,TRUE,-0.2625319642780013,-0.2625319642780013
mice_pmm,mcosmo,other,no_GR_ES,re,none,clustered,-0.004435662938063672,0.0017375549486846628,-2.5528187994408404,242.79721032991802,250,0.009057596771154836,10,unemp,share,all,mi,unweighted,wb_nat,raw,gaussian,TRUE,0.011298471136508607,TRUE,TRUE,-0.16167637908195429,-0.16167637908195429
mice_pmm,mutil,other,no_GR_ES,re,none,conventional,-0.002527725797847065,5.428338534830664e-4,-4.656536768346407,242.17361563909168,250,0.011331083948908006,10,unemp,share,all,mi,unweighted,wb_nat,raw,gaussian,TRUE,5.303592714036282e-6,TRUE,TRUE,-0.2866677034774628,-0.2866677034774628
mice_pmm,mutil,other,no_GR_ES,re,none,clustered,-0.002527725797847065,6.913562268811836e-4,-3.656184322299421,242.53249783810796,250,0.010053599116703464,10,unemp,share,all,mi,unweighted,wb_nat,raw,gaussian,TRUE,3.138936819429031e-4,TRUE,TRUE,-0.2285560832657283,-0.2285560832657283
mice_pmm,mcomm,other,no_GR_ES,re,none,conventional,0.005057764517475952,7.621655766778979e-4,6.636044282558087,242.23885567857732,250,0.011104500698983446,10,unemp,share,all,mi,unweighted,wb_nat,raw,gaussian,FALSE,2.0913946304917286e-10,TRUE,TRUE,0.39220836423698174,-0.39220836423698174
mice_pmm,mcomm,other,no_GR_ES,re,none,clustered,0.005057764517475952,0.001661149438325224,3.044737818757117,242.9008255527127,250,0.008653541264992919,10,unemp,share,all,mi,unweighted,wb_nat,raw,gaussian,FALSE,0.0025852613350583645,TRUE,TRUE,0.19173531559281737,-0.19173531559281737
mice_pmm,mlib,other,no_GR_ES,re,none,conventional,0.00231551980289939,7.789002518509929e-4,2.9728065915972506,241.16066854034034,250,0.014587236142944788,10,unemp,share,all,mi,unweighted,wb_nat,raw,gaussian,FALSE,0.0032499012333903044,TRUE,TRUE,0.18801745642768233,-0.18801745642768233
mice_pmm,mlib,other,no_GR_ES,re,none,clustered,0.00231551980289939,0.0011195931624842863,2.0681796571188764,242.21483393261096,250,0.011188206523535174,10,unemp,share,all,mi,unweighted,wb_nat,raw,gaussian,FALSE,0.039684863873071505,TRUE,TRUE,0.1317306002101659,-0.1317306002101659
mice_pmm,mpos,other,no_GR_ES,re,none,conventional,-0.007327439638362921,0.0011790882413462347,-6.214496406135601,242.3289085967475,250,0.010787759767909143,10,unemp,share,all,mi,unweighted,wb_nat,raw,gaussian,TRUE,2.2296956710493814e-9,TRUE,TRUE,-0.3707595045526362,-0.3707595045526362
mice_pmm,mpos,other,no_GR_ES,re,none,clustered,-0.007327439638362921,0.002119024162098899,-3.457931140863006,242.8473509048779,250,0.008863129867934536,10,unemp,share,all,mi,unweighted,wb_nat,raw,gaussian,TRUE,6.426051968173197e-4,TRUE,TRUE,-0.21662704509220135,-0.21662704509220135
mice_pmm,mneg,other,no_GR_ES,re,none,conventional,0.007327377642247844,0.001179107594656732,6.214341825506627,242.3281092683081,250,0.010790592057776258,10,unemp,share,all,mi,unweighted,wb_nat,raw,gaussian,FALSE,2.2315990426478534e-9,TRUE,TRUE,0.37075207731128107,-0.37075207731128107
mice_pmm,mneg,other,no_GR_ES,re,none,clustered,0.007327377642247844,0.002119105532088811,3.4577691064895753,242.84713568274253,250,0.008863968794802545,10,unemp,share,all,mi,unweighted,wb_nat,raw,gaussian,FALSE,6.429735757360831e-4,TRUE,TRUE,0.216617462021989,-0.216617462021989
mice_pmm,mcosmo,other,no_GR_ES,pooled_cl,none,conventional,0.002738837426564623,0.001306246464103099,2.096723322765261,242.7703825884987,250,0.009160851196159331,10,unemp,share,all,mi,unweighted,wb_nat,raw,gaussian,TRUE,0.03705315147304041,TRUE,FALSE,0.13336633199424505,0.13336633199424505
mice_pmm,mcosmo,other,no_GR_ES,pooled_cl,none,clustered,0.002738837426564623,0.0027607453758940513,0.9920644802955313,242.99968045211534,250,0.008259880744410026,10,unemp,share,all,mi,unweighted,wb_nat,raw,gaussian,TRUE,0.3221528932024524,FALSE,FALSE,0.06351251939590614,0.06351251939590614
mice_pmm,mutil,other,no_GR_ES,pooled_cl,none,conventional,3.2632167280393536e-4,8.338781691475177e-4,0.3913301545446829,242.9748365758087,250,0.008359592745262623,10,unemp,share,all,mi,unweighted,wb_nat,raw,gaussian,TRUE,0.6958961663848717,FALSE,FALSE,0.025097233264007503,0.025097233264007503
mice_pmm,mutil,other,no_GR_ES,pooled_cl,none,clustered,3.2632167280393536e-4,8.958192836929739e-4,0.36427176635301844,242.98681478663985,250,0.008311584120128388,10,unemp,share,all,mi,unweighted,wb_nat,raw,gaussian,TRUE,0.71597187102895,FALSE,FALSE,0.02336230056055589,0.02336230056055589
mice_pmm,mcomm,other,no_GR_ES,pooled_cl,none,conventional,-0.0015216751481191351,0.001174780506495469,-1.295284642284796,242.82059677312418,250,0.008967137377124268,10,unemp,share,all,mi,unweighted,wb_nat,raw,gaussian,FALSE,0.19645215037808939,FALSE,FALSE,-0.08283754927026131,0.08283754927026131
mice_pmm,mcomm,other,no_GR_ES,pooled_cl,none,clustered,-0.0015216751481191351,0.0023718802585638407,-0.641548047219087,243.00529923546665,250,0.008237255402287032,10,unemp,share,all,mi,unweighted,wb_nat,raw,gaussian,FALSE,0.5217713283240418,FALSE,FALSE,-0.041120069385996515,0.041120069385996515
mice_pmm,mlib,other,no_GR_ES,pooled_cl,none,conventional,-0.0015431306405777976,0.0011918309196145174,-1.2947563410059069,242.86879243249217,250,0.008779367449621269,10,unemp,share,all,mi,unweighted,wb_nat,raw,gaussian,FALSE,0.1966338594869406,FALSE,FALSE,-0.08279583441190014,0.08279583441190014
mice_pmm,mlib,other,no_GR_ES,pooled_cl,none,clustered,-0.0015431306405777976,0.0015931364481714901,-0.9686117233391488,242.9556643421293,250,0.008436179863690009,10,unemp,share,all,mi,unweighted,wb_nat,raw,gaussian,FALSE,0.3337021956182601,FALSE,FALSE,-0.06202250116851918,0.06202250116851918
mice_pmm,mpos,other,no_GR_ES,pooled_cl,none,conventional,0.003065159099368519,0.001794599181095219,1.7079909161096882,242.9385292320865,250,0.008504366260301119,10,unemp,share,all,mi,unweighted,wb_nat,raw,gaussian,TRUE,0.08891542095219498,FALSE,FALSE,0.10892946254875162,0.10892946254875162
mice_pmm,mpos,other,no_GR_ES,pooled_cl,none,clustered,0.003065159099368519,0.0032398082906848627,0.946092738938135,243.02572975998828,250,0.008154754159989262,10,unemp,share,all,mi,unweighted,wb_nat,raw,gaussian,TRUE,0.34504099927389376,FALSE,FALSE,0.0605772107558438,0.0605772107558438
mice_pmm,mneg,other,no_GR_ES,pooled_cl,none,conventional,-0.0030648057886969457,0.0017945898141286548,-1.7078029556213834,242.938131488244,250,0.00850594609186873,10,unemp,share,all,mi,unweighted,wb_nat,raw,gaussian,FALSE,0.08895036449932658,FALSE,FALSE,-0.10891770542960914,0.10891770542960914
mice_pmm,mneg,other,no_GR_ES,pooled_cl,none,clustered,-0.0030648057886969457,0.003239823472685052,-0.9459792530476799,243.02561074508222,250,0.008155235822576119,10,unemp,share,all,mi,unweighted,wb_nat,raw,gaussian,FALSE,0.3450987628488371,FALSE,FALSE,-0.060569985823778885,0.060569985823778885
mice_pmm,mcosmo,other,no_GR_ES,pooled_cl,n_cell,conventional,0.00414556183342785,0.0012901605642050497,3.2132138808491604,242.591966682112,250,0.0098341184896758,10,unemp,share,all,mi,unweighted,wb_nat,raw,gaussian,TRUE,0.0014904957175824877,TRUE,FALSE,0.202046286343399,0.202046286343399
mice_pmm,mcosmo,other,no_GR_ES,pooled_cl,n_cell,clustered,0.00414556183342785,0.0027189347147054577,1.5247007627680162,242.96148305957124,250,0.008412968907985964,10,unemp,share,all,mi,unweighted,wb_nat,raw,gaussian,TRUE,0.12863435238227777,FALSE,FALSE,0.09735271415947265,0.09735271415947265
mice_pmm,mutil,other,no_GR_ES,pooled_cl,n_cell,conventional,3.847178908457998e-4,8.23837784517415e-4,0.4669825760312251,242.9663544731046,250,0.008393514676579929,10,unemp,share,all,mi,unweighted,wb_nat,raw,gaussian,TRUE,0.640930833481814,FALSE,FALSE,0.02994558462968052,0.02994558462968052
mice_pmm,mutil,other,no_GR_ES,pooled_cl,n_cell,clustered,3.847178908457998e-4,8.917210648338622e-4,0.4314329962783566,242.98075636280836,250,0.008335881663737872,10,unemp,share,all,mi,unweighted,wb_nat,raw,gaussian,TRUE,0.6665361005452886,FALSE,FALSE,0.02766694051020724,0.02766694051020724
mice_pmm,mcomm,other,no_GR_ES,pooled_cl,n_cell,conventional,-0.0018303551438677574,0.001115946479876962,-1.6401818338721423,242.8529959101501,250,0.00884111279049638,10,unemp,share,all,mi,unweighted,wb_nat,raw,gaussian,FALSE,0.10226195051723314,FALSE,FALSE,-0.10467140374868718,0.10467140374868718
mice_pmm,mcomm,other,no_GR_ES,pooled_cl,n_cell,clustered,-0.0018303551438677574,0.0024563786889950866,-0.7451437158561909,243.0210707375148,250,0.008173600242945573,10,unemp,share,all,mi,unweighted,wb_nat,raw,gaussian,FALSE,0.4569048707147588,FALSE,FALSE,-0.04774440877828381,0.04774440877828381
mice_pmm,mlib,other,no_GR_ES,pooled_cl,n_cell,conventional,-0.0026996623111383744,0.0011866339239575024,-2.2750591034299967,242.80072564267059,250,0.009044026364687627,10,unemp,share,all,mi,unweighted,wb_nat,raw,gaussian,FALSE,0.023774888518059655,TRUE,FALSE,-0.14447320786856127,0.14447320786856127
mice_pmm,mlib,other,no_GR_ES,pooled_cl,n_cell,clustered,-0.0026996623111383744,0.0015559190116758528,-1.7350917951896583,242.91255610996402,250,0.008607254876457204,10,unemp,share,all,mi,unweighted,wb_nat,raw,gaussian,FALSE,0.08399286093995106,FALSE,FALSE,-0.11064270734007767,0.11064270734007767
mice_pmm,mpos,other,no_GR_ES,pooled_cl,n_cell,conventional,0.004530279724273646,0.0017870904263746787,2.5350030739428484,242.84091646365817,250,0.008888195262444549,10,unemp,share,all,mi,unweighted,wb_nat,raw,gaussian,TRUE,0.011873467579972031,TRUE,FALSE,0.1605631796897225,0.1605631796897225
mice_pmm,mpos,other,no_GR_ES,pooled_cl,n_cell,clustered,0.004530279724273646,0.0032329582614593175,1.401279991232777,242.9968184588739,250,0.00827139466949084,10,unemp,share,all,mi,unweighted,wb_nat,raw,gaussian,TRUE,0.1624062257027689,FALSE,FALSE,0.0895317299139002,0.0895317299139002
mice_pmm,mneg,other,no_GR_ES,pooled_cl,n_cell,conventional,-0.0045300174550061,0.0017870760740615495,-2.534876674114143,242.84055759804804,250,0.00888959226450557,10,unemp,share,all,mi,unweighted,wb_nat,raw,gaussian,FALSE,0.011877640475134557,TRUE,FALSE,-0.16055549567775104,0.16055549567775104
mice_pmm,mneg,other,no_GR_ES,pooled_cl,n_cell,clustered,-0.0045300174550061,0.0032329533355583617,-1.401201002557534,242.99671319971034,250,0.008271817996135838,10,unemp,share,all,mi,unweighted,wb_nat,raw,gaussian,FALSE,0.162429812602901,FALSE,FALSE,-0.08952674279097049,0.08952674279097049
mice_pmm,mcosmo,other,no_GR_ES,pooled_cl,n_eff,conventional,0.004217129790061652,0.001279668293290502,3.2954866602327444,242.58539767556863,250,0.009858479561779099,10,unemp,share,all,mi,unweighted,wb_nat,raw,gaussian,TRUE,0.00112943518597876,TRUE,FALSE,0.20700324536813122,0.20700324536813122
mice_pmm,mcosmo,other,no_GR_ES,pooled_cl,n_eff,clustered,0.004217129790061652,0.002690255236144252,1.5675575065902516,242.95959597781774,250,0.008420499648962711,10,unemp,share,all,mi,unweighted,wb_nat,raw,gaussian,TRUE,0.11828590341128234,FALSE,FALSE,0.10006249068003115,0.10006249068003115
mice_pmm,mutil,other,no_GR_ES,pooled_cl,n_eff,conventional,3.141673448334138e-4,8.198854142808875e-4,0.3831844540239401,242.97319759376347,250,0.008366152209545582,10,unemp,share,all,mi,unweighted,wb_nat,raw,gaussian,TRUE,0.7019180404140246,FALSE,FALSE,0.024575225567241208,0.024575225567241208
mice_pmm,mutil,other,no_GR_ES,pooled_cl,n_eff,clustered,3.141673448334138e-4,9.143758054562998e-4,0.3435866773362789,242.99109802592164,250,0.008294386932310726,10,unemp,share,all,mi,unweighted,wb_nat,raw,gaussian,TRUE,0.7314542482613087,FALSE,FALSE,0.022036147126353794,0.022036147126353794
mice_pmm,mcomm,other,no_GR_ES,pooled_cl,n_eff,conventional,-0.001956190729428485,0.001115250898804341,-1.7540364518205855,242.85472788882257,250,0.008834352535044538,10,unemp,share,all,mi,unweighted,wb_nat,raw,gaussian,FALSE,0.08068560936411463,FALSE,FALSE,-0.11184888225168803,0.11184888225168803
mice_pmm,mcomm,other,no_GR_ES,pooled_cl,n_eff,clustered,-0.001956190729428485,0.002438859024589768,-0.8020925808770473,243.02085554723428,250,0.00817447024035083,10,unemp,share,all,mi,unweighted,wb_nat,raw,gaussian,FALSE,0.42328303804623924,FALSE,FALSE,-0.05138408520838436,0.05138408520838436
mice_pmm,mlib,other,no_GR_ES,pooled_cl,n_eff,conventional,-0.0025748309895704535,0.0011615267400786372,-2.2167642816351636,242.76799095117363,250,0.009170029624066697,10,unemp,share,all,mi,unweighted,wb_nat,raw,gaussian,FALSE,0.027566466904851997,TRUE,FALSE,-0.14085499794678227,0.14085499794678227
mice_pmm,mlib,other,no_GR_ES,pooled_cl,n_eff,clustered,-0.0025748309895704535,0.0015565201553942557,-1.6542227099643736,242.9013315434473,250,0.008651547053424283,10,unemp,share,all,mi,unweighted,wb_nat,raw,gaussian,FALSE,0.0993738916479985,FALSE,FALSE,-0.10554712135801614,0.10554712135801614
mice_pmm,mpos,other,no_GR_ES,pooled_cl,n_eff,conventional,0.004531297134894926,0.0017736715947545684,2.5547554283982,242.83685097090347,250,0.008904015601413693,10,unemp,share,all,mi,unweighted,wb_nat,raw,gaussian,TRUE,0.011237378206308175,TRUE,FALSE,0.16178296042237772,0.16178296042237772
mice_pmm,mpos,other,no_GR_ES,pooled_cl,n_eff,clustered,0.004531297134894926,0.0032328892188823086,1.401624623704709,242.99664118441146,250,0.00827210761853776,10,unemp,share,all,mi,unweighted,wb_nat,raw,gaussian,TRUE,0.16230334835875568,FALSE,FALSE,0.08955360528683712,0.08955360528683712
mice_pmm,mneg,other,no_GR_ES,pooled_cl,n_eff,conventional,-0.004531021718998966,0.001773658493224803,-2.554619018433939,242.83654648795584,250,0.008905199934692307,10,unemp,share,all,mi,unweighted,wb_nat,raw,gaussian,FALSE,0.011241665395612948,TRUE,FALSE,-0.1617746469437942,0.1617746469437942
mice_pmm,mneg,other,no_GR_ES,pooled_cl,n_eff,clustered,-0.004531021718998966,0.0032328890005925157,-1.4015395264633372,242.996553534304,250,0.008272460113046037,10,unemp,share,all,mi,unweighted,wb_nat,raw,gaussian,FALSE,0.1623287470968966,FALSE,FALSE,-0.08954822781435601,0.08954822781435601
mice_pmm,mcosmo,other,no_GR_ES,pooled_cl,pop,conventional,0.006997134518681629,0.0016657852100225383,4.20050224757786,242.5291734937202,250,0.010065798677124082,10,unemp,share,all,mi,unweighted,wb_nat,raw,gaussian,TRUE,3.7437853583100856e-5,TRUE,FALSE,0.2604172697322441,0.2604172697322441
mice_pmm,mcosmo,other,no_GR_ES,pooled_cl,pop,clustered,0.006997134518681629,0.0036309111836151497,1.927101535905615,242.9560091501203,250,0.008434805217897617,10,unemp,share,all,mi,unweighted,wb_nat,raw,gaussian,TRUE,0.055133110499927085,FALSE,FALSE,0.12270059501776141,0.12270059501776141
mice_pmm,mutil,other,no_GR_ES,pooled_cl,pop,conventional,-1.6521339161836013e-4,0.0010289510785666729,-0.16056486557990893,242.6386094539572,250,0.009660292610055861,10,unemp,share,all,mi,unweighted,wb_nat,raw,gaussian,TRUE,0.8725697264060073,FALSE,TRUE,-0.010307361183037694,-0.010307361183037694
mice_pmm,mutil,other,no_GR_ES,pooled_cl,pop,clustered,-1.6521339161836013e-4,0.0011595790294770616,-0.14247704332223637,242.73208960830732,250,0.009307294346151782,10,unemp,share,all,mi,unweighted,wb_nat,raw,gaussian,TRUE,0.8868214035310674,FALSE,TRUE,-0.009144566816016237,-0.009144566816016237
mice_pmm,mcomm,other,no_GR_ES,pooled_cl,pop,conventional,-9.104575880127913e-4,0.0012027668957822282,-0.756969277426503,242.45170905484696,250,0.010348042067517079,10,unemp,share,all,mi,unweighted,wb_nat,raw,gaussian,FALSE,0.4498032482596217,FALSE,FALSE,-0.04855713287607067,0.04855713287607067
mice_pmm,mcomm,other,no_GR_ES,pooled_cl,pop,clustered,-9.104575880127913e-4,0.0033633431871873437,-0.27070017460043316,242.98963070059315,250,0.008300280021526737,10,unemp,share,all,mi,unweighted,wb_nat,raw,gaussian,FALSE,0.7868514392339514,FALSE,FALSE,-0.017363176901446578,0.017363176901446578
mice_pmm,mlib,other,no_GR_ES,pooled_cl,pop,conventional,-0.005921366165032828,0.001532436462984567,-3.8640206677805087,242.78098904436294,250,0.00912009452675748,10,unemp,share,all,mi,unweighted,wb_nat,raw,gaussian,FALSE,1.4317657800260816e-4,TRUE,FALSE,-0.24069796546016545,0.24069796546016545
mice_pmm,mlib,other,no_GR_ES,pooled_cl,pop,clustered,-0.005921366165032828,0.0027119092991379516,-2.1834676281080205,242.97531961094302,250,0.00835765912415135,10,unemp,share,all,mi,unweighted,wb_nat,raw,gaussian,FALSE,0.0299585194755617,TRUE,FALSE,-0.1387222717763338,0.1387222717763338
mice_pmm,mpos,other,no_GR_ES,pooled_cl,pop,conventional,0.006831921127063313,0.002311615509717281,2.955474687872674,242.76452735416558,250,0.009183314292355192,10,unemp,share,all,mi,unweighted,wb_nat,raw,gaussian,TRUE,0.003429214596362708,TRUE,FALSE,0.18636261846368962,0.18636261846368962
mice_pmm,mpos,other,no_GR_ES,pooled_cl,pop,clustered,0.006831921127063313,0.004240435065715407,1.6111368341188583,242.97682045296372,250,0.008351649881220986,10,unemp,share,all,mi,unweighted,wb_nat,raw,gaussian,TRUE,0.10844813384223435,FALSE,FALSE,0.10281168764652088,0.10281168764652088
mice_pmm,mneg,other,no_GR_ES,pooled_cl,pop,conventional,-0.006831823753045766,0.0023116065338689624,-2.9554440398692177,242.76422237610691,250,0.00918448360706242,10,unemp,share,all,mi,unweighted,wb_nat,raw,gaussian,FALSE,0.003429543707137968,TRUE,FALSE,-0.18636086601359306,0.18636086601359306
mice_pmm,mneg,other,no_GR_ES,pooled_cl,pop,clustered,-0.006831823753045766,0.004240646283616488,-1.6110336246246604,242.97674311727374,250,0.008351959573844754,10,unemp,share,all,mi,unweighted,wb_nat,raw,gaussian,FALSE,0.10847063869804302,FALSE,FALSE,-0.10280518732343703,0.10280518732343703
amelia_emb,mcosmo,none,all,fe_twoway,none,conventional,-0.004121298657709173,8.72138725946258e-4,-4.725508150366357,228.19678560590094,270,0.011936320138471825,10,unemp,share,all,mi,unweighted,wb_nat,raw,gaussian,TRUE,4.014306997828249e-6,TRUE,TRUE,-0.29855274122558706,-0.29855274122558706
amelia_emb,mcosmo,none,all,fe_twoway,none,clustered,-0.004121298657709173,0.001367904370277047,-3.0128558306122457,228.73074050571606,270,0.00988177229569794,10,unemp,share,all,mi,unweighted,wb_nat,raw,gaussian,TRUE,0.0028792731273459236,TRUE,TRUE,-0.19537324196916359,-0.19537324196916359
amelia_emb,mutil,none,all,fe_twoway,none,conventional,-0.0016100462435859745,4.054806575376354e-4,-3.970710349941995,228.49751808459956,270,0.010802965304573595,10,unemp,share,all,mi,unweighted,wb_nat,raw,gaussian,TRUE,9.602767145099178e-5,TRUE,TRUE,-0.2540612457710291,-0.2540612457710291
amelia_emb,mutil,none,all,fe_twoway,none,clustered,-0.0016100462435859745,5.618922465832038e-4,-2.8654003563431667,228.77873920222154,270,0.009687098615362114,10,unemp,share,all,mi,unweighted,wb_nat,raw,gaussian,TRUE,0.004552722479268868,TRUE,TRUE,-0.1861319724393522,-0.1861319724393522
amelia_emb,mcomm,none,all,fe_twoway,none,conventional,0.0056245046891308876,6.74123559989319e-4,8.343432900075475,228.39540022390582,270,0.011194293042788298,10,unemp,share,all,mi,unweighted,wb_nat,raw,gaussian,FALSE,6.876973120298461e-15,TRUE,TRUE,0.4833153822132957,-0.4833153822132957
amelia_emb,mcomm,none,all,fe_twoway,none,clustered,0.0056245046891308876,0.0013743959696744645,4.092346611335809,228.91388170598194,270,0.009128879321133454,10,unemp,share,all,mi,unweighted,wb_nat,raw,gaussian,FALSE,5.920354582763217e-5,TRUE,TRUE,0.26109835836213724,-0.26109835836213724
amelia_emb,mlib,none,all,fe_twoway,none,conventional,-4.326666028838349e-5,5.087506420882526e-4,-0.08504492517353532,227.6720411647268,270,0.013790380509106658,10,unemp,share,all,mi,unweighted,wb_nat,raw,gaussian,FALSE,0.9323004121698893,FALSE,FALSE,-0.0056362033611939135,0.0056362033611939135
amelia_emb,mlib,none,all,fe_twoway,none,clustered,-4.326666028838349e-5,0.001086151103889425,-0.039834844464503,228.79007754938633,270,0.009640844443770604,10,unemp,share,all,mi,unweighted,wb_nat,raw,gaussian,FALSE,0.9682595349095753,FALSE,FALSE,-0.0026335588460996862,0.0026335588460996862
amelia_emb,mpos,none,all,fe_twoway,none,conventional,-0.005685181665634777,9.110913696719706e-4,-6.239968739558658,228.25444859087943,270,0.011723382659521981,10,unemp,share,all,mi,unweighted,wb_nat,raw,gaussian,TRUE,2.1053870672199273e-9,TRUE,TRUE,-0.38174289804431655,-0.38174289804431655
amelia_emb,mpos,none,all,fe_twoway,none,clustered,-0.005685181665634777,0.0013544672759659804,-4.197356234819489,228.71516531488965,270,0.00994455368625345,10,unemp,share,all,mi,unweighted,wb_nat,raw,gaussian,TRUE,3.86742116809044e-5,TRUE,TRUE,-0.2674327332751362,-0.2674327332751362
amelia_emb,mneg,none,all,fe_twoway,none,conventional,0.0055807010136880554,9.138450976767238e-4,6.106834766500273,228.43131617541053,270,0.011057449472292692,10,unemp,share,all,mi,unweighted,wb_nat,raw,gaussian,FALSE,4.328626205437074e-9,TRUE,TRUE,0.37462794346995254,-0.37462794346995254
amelia_emb,mneg,none,all,fe_twoway,none,clustered,0.0055807010136880554,0.0013598263694979313,4.103980580806456,228.79002302154635,270,0.009641067135070304,10,unemp,share,all,mi,unweighted,wb_nat,raw,gaussian,FALSE,5.650636843939769e-5,TRUE,TRUE,0.2618558158686363,-0.2618558158686363
amelia_emb,mcosmo,none,all,fe_twoway,n_cell,conventional,-0.003171674614662325,8.246694486825551e-4,-3.8459950465355686,228.4085301604086,270,0.01114436454153153,10,unemp,share,all,mi,unweighted,wb_nat,raw,gaussian,TRUE,1.5575958411887005e-4,TRUE,TRUE,-0.24661912325655896,-0.24661912325655896
amelia_emb,mcosmo,none,all,fe_twoway,n_cell,clustered,-0.003171674614662325,0.001421557783569932,-2.231126058553425,228.85522260543843,270,0.009373054579982144,10,unemp,share,all,mi,unweighted,wb_nat,raw,gaussian,TRUE,0.02664250981246234,TRUE,TRUE,-0.14590530143117378,-0.14590530143117378
amelia_emb,mutil,none,all,fe_twoway,n_cell,conventional,-0.0017114047832726903,3.905178560832379e-4,-4.382398286310137,228.0585913196251,270,0.012438786553883195,10,unemp,share,all,mi,unweighted,wb_nat,raw,gaussian,TRUE,1.7911922160320197e-5,TRUE,TRUE,-0.27869642286750634,-0.27869642286750634
amelia_emb,mutil,none,all,fe_twoway,n_cell,clustered,-0.0017114047832726903,5.733356125330968e-4,-2.9849964765164425,228.62262967670034,270,0.01031374104095052,10,unemp,share,all,mi,unweighted,wb_nat,raw,gaussian,TRUE,0.0031440638696365007,TRUE,TRUE,-0.1936787609137242,-0.1936787609137242
amelia_emb,mcomm,none,all,fe_twoway,n_cell,conventional,0.005207792581178182,6.190861069983139e-4,8.412065013748347,228.43659317991487,270,0.011037272016580444,10,unemp,share,all,mi,unweighted,wb_nat,raw,gaussian,FALSE,4.399973618232105e-15,TRUE,TRUE,0.4863201215333186,-0.4863201215333186
amelia_emb,mcomm,none,all,fe_twoway,n_cell,clustered,0.005207792581178182,0.0012670574938291,4.110147019011756,228.92402110441313,270,0.009086372112239659,10,unemp,share,all,mi,unweighted,wb_nat,raw,gaussian,FALSE,5.5109497968790366e-5,TRUE,TRUE,0.2621507523947555,-0.2621507523947555
amelia_emb,mlib,none,all,fe_twoway,n_cell,conventional,-4.51251882793277e-4,5.073766800835179e-4,-0.8893823869063073,227.62434075174662,270,0.01395211184179445,10,unemp,share,all,mi,unweighted,wb_nat,raw,gaussian,FALSE,0.3747365610224658,FALSE,FALSE,-0.05884721161952146,0.05884721161952146
amelia_emb,mlib,none,all,fe_twoway,n_cell,clustered,-4.51251882793277e-4,0.0012038262510123921,-0.3748480168245075,228.8371760374057,270,0.009447589158500753,10,unemp,share,all,mi,unweighted,wb_nat,raw,gaussian,FALSE,0.7081206612958415,FALSE,FALSE,-0.024771861055542136,0.024771861055542136
amelia_emb,mpos,none,all,fe_twoway,n_cell,conventional,-0.0048329545595568145,8.581090887367493e-4,-5.632098089849586,228.22595460596807,270,0.011828852837840631,10,unemp,share,all,mi,unweighted,wb_nat,raw,gaussian,TRUE,5.2102383133597906e-8,TRUE,TRUE,-0.34932384886199147,-0.34932384886199147
amelia_emb,mpos,none,all,fe_twoway,n_cell,clustered,-0.0048329545595568145,0.0013450571924472495,-3.5931219777826313,228.741128316645,270,0.009839795415274036,10,unemp,share,all,mi,unweighted,wb_nat,raw,gaussian,TRUE,4.000335452314726e-4,TRUE,TRUE,-0.23114104627182522,-0.23114104627182522
amelia_emb,mneg,none,all,fe_twoway,n_cell,conventional,0.004753888353357401,8.616867606882949e-4,5.516956474485123,228.35222214870646,270,0.011357698789173266,10,unemp,share,all,mi,unweighted,wb_nat,raw,gaussian,FALSE,9.319264591202172e-8,TRUE,TRUE,0.3429466978668033,-0.3429466978668033
amelia_emb,mneg,none,all,fe_twoway,n_cell,clustered,0.004753888353357401,0.0013499335311649631,3.5215721690051653,228.78800577671902,270,0.009649303861000815,10,unemp,share,all,mi,unweighted,wb_nat,raw,gaussian,FALSE,0.00051770618229365125,TRUE,TRUE,0.22675528381624346,-0.22675528381624346
amelia_emb,mcosmo,none,all,fe_twoway,n_eff,conventional,-0.0032370244499656934,8.234762766387956e-4,-3.9309261745564057,228.42131752923325,270,0.011095630394578376,10,unemp,share,all,mi,unweighted,wb_nat,raw,gaussian,TRUE,1.1220022623727165e-4,TRUE,TRUE,-0.25171702116454076,-0.25171702116454076
amelia_emb,mcosmo,none,all,fe_twoway,n_eff,clustered,-0.0032370244499656934,0.001415223402536385,-2.2872886670501975,228.85789498310473,270,0.009361994141831562,10,unemp,share,all,mi,unweighted,wb_nat,raw,gaussian,TRUE,0.023092684145995468,TRUE,TRUE,-0.14949612400773094,-0.14949612400773094
amelia_emb,mutil,none,all,fe_twoway,n_eff,conventional,-0.0016473834718146797,3.8814335566724877e-4,-4.244265547152543,227.94978078250284,270,0.01282697828706222,10,unemp,share,all,mi,unweighted,wb_nat,raw,gaussian,TRUE,3.192406757049375e-5,TRUE,TRUE,-0.2706245263005516,-0.2706245263005516
amelia_emb,mutil,none,all,fe_twoway,n_eff,clustered,-0.0016473834718146797,5.62372256408024e-4,-2.9293469815471047,228.56310299737996,270,0.010547892467551128,10,unemp,share,all,mi,unweighted,wb_nat,raw,gaussian,TRUE,0.0037407473142026604,TRUE,TRUE,-0.19022368241159,-0.19022368241159
amelia_emb,mcomm,none,all,fe_twoway,n_eff,conventional,0.005117493304938021,6.175667475100922e-4,8.286542832124217,228.46121930171,270,0.010942865124759624,10,unemp,share,all,mi,unweighted,wb_nat,raw,gaussian,FALSE,9.92729877882867e-15,TRUE,TRUE,0.48073039425591274,-0.48073039425591274
amelia_emb,mcomm,none,all,fe_twoway,n_eff,clustered,0.005117493304938021,0.0012684428872605116,4.034468840761448,228.9303806156924,270,0.009059665299571576,10,unemp,share,all,mi,unweighted,wb_nat,raw,gaussian,FALSE,7.460860559704861e-5,TRUE,TRUE,0.25764377319646575,-0.25764377319646575
amelia_emb,mlib,none,all,fe_twoway,n_eff,conventional,-3.6179882358884316e-4,5.032593107300927e-4,-0.7189113363128269,227.62440900296178,270,0.013951881177230434,10,unemp,share,all,mi,unweighted,wb_nat,raw,gaussian,FALSE,0.4729329044363273,FALSE,FALSE,-0.047596326024894914,0.047596326024894914
amelia_emb,mlib,none,all,fe_twoway,n_eff,clustered,-3.6179882358884316e-4,0.0011934374279906693,-0.30315692729528826,228.83694078677266,270,0.009448558979718464,10,unemp,share,all,mi,unweighted,wb_nat,raw,gaussian,FALSE,0.762045690953971,FALSE,FALSE,-0.02003628672992019,0.02003628672992019
amelia_emb,mpos,none,all,fe_twoway,n_eff,conventional,-0.00483406128076376,8.558390273228242e-4,-5.648330032208665,228.22056762548607,270,0.011848738064948135,10,unemp,share,all,mi,unweighted,wb_nat,raw,gaussian,TRUE,4.796700733559673e-8,TRUE,TRUE,-0.35021092181317776,-0.35021092181317776
amelia_emb,mpos,none,all,fe_twoway,n_eff,clustered,-0.00483406128076376,0.0013464321828675096,-3.5902746103918974,228.74161074987094,270,0.009837843861033804,10,unemp,share,all,mi,unweighted,wb_nat,raw,gaussian,TRUE,4.041912859137849e-4,TRUE,TRUE,-0.2309674230514076,-0.2309674230514076
amelia_emb,mneg,none,all,fe_twoway,n_eff,conventional,0.004753031117177919,8.593154284597617e-4,5.5311832649126975,228.34034400553531,270,0.011402442404068767,10,unemp,share,all,mi,unweighted,wb_nat,raw,gaussian,FALSE,8.677033563241326e-8,TRUE,TRUE,0.3437345836455252,-0.3437345836455252
amelia_emb,mneg,none,all,fe_twoway,n_eff,clustered,0.004753031117177919,0.0013508188495083776,3.5186295474835547,228.7855263870569,270,0.009659423099714258,10,unemp,share,all,mi,unweighted,wb_nat,raw,gaussian,FALSE,5.231822615969156e-4,TRUE,TRUE,0.22657670297090834,-0.22657670297090834
amelia_emb,mcosmo,none,all,fe_twoway,pop,conventional,-0.004206927026205699,5.544730120626163e-4,-7.587253003633319,215.83190474400908,270,0.04035954873187189,10,unemp,share,all,mi,unweighted,wb_nat,raw,gaussian,TRUE,9.653434188583101e-13,TRUE,TRUE,-0.4588668152368567,-0.4588668152368567
amelia_emb,mcosmo,none,all,fe_twoway,pop,clustered,-0.004206927026205699,6.078987058332808e-4,-6.920440833048047,218.8429203648423,270,0.035001350045851164,10,unemp,share,all,mi,unweighted,wb_nat,raw,gaussian,TRUE,4.910674540555981e-11,TRUE,TRUE,-0.42373409845931215,-0.42373409845931215
amelia_emb,mutil,none,all,fe_twoway,pop,conventional,-0.001973290533020051,3.321996005354e-4,-5.940074972515726,225.18189961257252,270,0.021172442828709132,10,unemp,share,all,mi,unweighted,wb_nat,raw,gaussian,TRUE,1.0715863502491727e-8,TRUE,TRUE,-0.3680578465305222,-0.3680578465305222
amelia_emb,mutil,none,all,fe_twoway,pop,clustered,-0.001973290533020051,5.078028216442963e-4,-3.8859384960296532,227.63714068545346,270,0.013908815472563492,10,unemp,share,all,mi,unweighted,wb_nat,raw,gaussian,TRUE,1.3370255065742117e-4,TRUE,TRUE,-0.24941774204337083,-0.24941774204337083
amelia_emb,mcomm,none,all,fe_twoway,pop,conventional,0.0051059696303971105,5.127067647549594e-4,9.95884973906563,222.05853688500565,270,0.028563460448687118,10,unemp,share,all,mi,unweighted,wb_nat,raw,gaussian,FALSE,1.4952327992743326e-19,TRUE,TRUE,0.5556435110322867,-0.5556435110322867
amelia_emb,mcomm,none,all,fe_twoway,pop,clustered,0.0051059696303971105,0.0013291496203948236,3.8415311203868705,228.32403924724832,270,0.011463715656949352,10,unemp,share,all,mi,unweighted,wb_nat,raw,gaussian,FALSE,1.5845843564719092e-4,TRUE,TRUE,0.24639307112159253,-0.24639307112159253
amelia_emb,mlib,none,all,fe_twoway,pop,conventional,7.931691499893596e-4,4.083618241660991e-4,1.9423195388282477,226.64621004983692,270,0.01706493223888924,10,unemp,share,all,mi,unweighted,wb_nat,raw,gaussian,FALSE,0.05333735934510372,FALSE,TRUE,0.12795631057116721,-0.12795631057116721
amelia_emb,mlib,none,all,fe_twoway,pop,clustered,7.931691499893596e-4,0.0014286607347160983,0.555183698071591,228.9025151911345,270,0.009176424508191582,10,unemp,share,all,mi,unweighted,wb_nat,raw,gaussian,FALSE,0.5793111545080489,FALSE,TRUE,0.03667070165841137,-0.03667070165841137
amelia_emb,mpos,none,all,fe_twoway,pop,conventional,-0.006090206054877795,6.212908380487352e-4,-9.802504208826058,224.00454686916677,270,0.02413499993351189,10,unemp,share,all,mi,unweighted,wb_nat,raw,gaussian,TRUE,4.1748633082205116e-19,TRUE,TRUE,-0.5478964895128998,-0.5478964895128998
amelia_emb,mpos,none,all,fe_twoway,pop,clustered,-0.006090206054877795,6.505409412774347e-4,-9.36175676033358,224.56416302955125,270,0.0227583886814398,10,unemp,share,all,mi,unweighted,wb_nat,raw,gaussian,TRUE,8.493994046728674e-18,TRUE,TRUE,-0.5298296721029805,-0.5298296721029805
amelia_emb,mneg,none,all,fe_twoway,pop,conventional,0.005903969501161873,6.317199897315393e-4,9.345864619023486,225.48265742881782,270,0.020371976822790884,10,unemp,share,all,mi,unweighted,wb_nat,raw,gaussian,FALSE,9.251118298171314e-18,TRUE,TRUE,0.52840483846616,-0.52840483846616
amelia_emb,mneg,none,all,fe_twoway,pop,clustered,0.005903969501161873,6.306897901993813e-4,9.36113061112887,225.4682134335607,270,0.02041087615814197,10,unemp,share,all,mi,unweighted,wb_nat,raw,gaussian,FALSE,8.340204689359715e-18,TRUE,TRUE,0.5290387439031748,-0.5290387439031748
amelia_emb,mcosmo,none,all,fe_country,none,conventional,-0.006074868575504257,7.804451903158914e-4,-7.783850359876529,236.9372777835037,270,0.01238660809032763,10,unemp,share,all,mi,unweighted,wb_nat,raw,gaussian,TRUE,2.1747825905340943e-13,TRUE,TRUE,-0.45126567987623695,-0.45126567987623695
amelia_emb,mcosmo,none,all,fe_country,none,clustered,-0.006074868575504257,0.0014382369453038756,-4.223830152145576,237.7567126068426,270,0.009406864029907728,10,unemp,share,all,mi,unweighted,wb_nat,raw,gaussian,TRUE,3.423027797875883e-5,TRUE,TRUE,-0.2641971841649093,-0.2641971841649093
amelia_emb,mutil,none,all,fe_country,none,conventional,-0.003354932643113084,4.3763335367385126e-4,-7.666080784174797,237.07525608050233,270,0.011912480823503012,10,unemp,share,all,mi,unweighted,wb_nat,raw,gaussian,TRUE,4.5436524411338497e-13,TRUE,TRUE,-0.4456993199042223,-0.4456993199042223
amelia_emb,mutil,none,all,fe_country,none,clustered,-0.003354932643113084,5.633477898815343e-4,-5.955348904126506,237.48926036722335,270,0.01042586666563015,10,unemp,share,all,mi,unweighted,wb_nat,raw,gaussian,TRUE,9.280077263549075e-9,TRUE,TRUE,-0.3604635309737851,-0.3604635309737851
amelia_emb,mcomm,none,all,fe_country,none,conventional,0.0057500519775089505,5.703034096268525e-4,10.08244362640439,237.29865921289834,270,0.011122912907400154,10,unemp,share,all,mi,unweighted,wb_nat,raw,gaussian,FALSE,3.970440361339782e-20,TRUE,TRUE,0.5476400610030886,-0.5476400610030886
amelia_emb,mcomm,none,all,fe_country,none,clustered,0.0057500519775089505,0.0014067453413557094,4.087486063374844,237.94683629307556,270,0.008649695997088152,10,unemp,share,all,mi,unweighted,wb_nat,raw,gaussian,FALSE,5.966153360433333e-5,TRUE,TRUE,0.2561419496748592,-0.2561419496748592
amelia_emb,mlib,none,all,fe_country,none,conventional,0.0035946729583195627,6.018943803227331e-4,5.9722653605639495,237.38824813468435,270,0.010798105119692111,10,unemp,share,all,mi,unweighted,wb_nat,raw,gaussian,FALSE,8.484975228167894e-9,TRUE,TRUE,0.36142074248702505,-0.36142074248702505
amelia_emb,mlib,none,all,fe_country,none,clustered,0.0035946729583195627,0.0010951729524043682,3.282287925781708,237.87002918922965,270,0.008959111924541395,10,unemp,share,all,mi,unweighted,wb_nat,raw,gaussian,FALSE,0.0011843980590568164,TRUE,TRUE,0.20815563371338666,-0.20815563371338666
amelia_emb,mpos,none,all,fe_country,none,conventional,-0.009368050096557317,8.853627739751588e-4,-10.581030027381932,237.0359133402893,270,0.012048681966898902,10,unemp,share,all,mi,unweighted,wb_nat,raw,gaussian,TRUE,1.1109792066483098e-21,TRUE,TRUE,-0.5663943315305294,-0.5663943315305294
amelia_emb,mpos,none,all,fe_country,none,clustered,-0.009368050096557317,0.0015879657173970233,-5.899403238952366,237.76586487032958,270,0.009371073214734243,10,unemp,share,all,mi,unweighted,wb_nat,raw,gaussian,TRUE,1.2468279806657927e-8,TRUE,TRUE,-0.357330422227543,-0.357330422227543
amelia_emb,mneg,none,all,fe_country,none,conventional,0.009328135929123862,8.92202175204031e-4,10.455181783199174,237.21507533141667,270,0.011421632571435955,10,unemp,share,all,mi,unweighted,wb_nat,raw,gaussian,FALSE,2.745191479522888e-21,TRUE,TRUE,0.5616473799519544,-0.5616473799519544
amelia_emb,mneg,none,all,fe_country,none,clustered,0.009328135929123862,0.0015955825479776267,5.846225844565117,237.81392571873283,270,0.009182063190691307,10,unemp,share,all,mi,unweighted,wb_nat,raw,gaussian,FALSE,1.6496599736216556e-8,TRUE,TRUE,0.3544845388894441,-0.3544845388894441
amelia_emb,mcosmo,none,all,fe_country,n_cell,conventional,-0.00522240587624062,7.494324849136013e-4,-6.968480792292701,237.1130519040308,270,0.011780855526537464,10,unemp,share,all,mi,unweighted,wb_nat,raw,gaussian,TRUE,3.144345657534517e-11,TRUE,TRUE,-0.41229083373117914,-0.41229083373117914
amelia_emb,mcosmo,none,all,fe_country,n_cell,clustered,-0.00522240587624062,0.001443667616981179,-3.6174572421047135,237.82502821816763,270,0.009138142631734193,10,unemp,share,all,mi,unweighted,wb_nat,raw,gaussian,TRUE,3.6331124742906796e-4,TRUE,TRUE,-0.22837235695397864,-0.22837235695397864
amelia_emb,mutil,none,all,fe_country,n_cell,conventional,-0.003368063239536394,4.193255398778796e-4,-8.032096591391205,236.77932698071209,270,0.01291765845372639,10,unemp,share,all,mi,unweighted,wb_nat,raw,gaussian,TRUE,4.5026295844244756e-14,TRUE,TRUE,-0.4627364933068315,-0.4627364933068315
amelia_emb,mutil,none,all,fe_country,n_cell,clustered,-0.003368063239536394,5.292044307462968e-4,-6.364389721353372,237.2915974092089,270,0.011148309584779848,10,unemp,share,all,mi,unweighted,wb_nat,raw,gaussian,TRUE,1.0026522731580155e-9,TRUE,TRUE,-0.3818501344255981,-0.3818501344255981
amelia_emb,mcomm,none,all,fe_country,n_cell,conventional,0.0052362817851393725,5.290091210303859e-4,9.898282613616042,237.31002260885614,270,0.011081983816771343,10,unemp,share,all,mi,unweighted,wb_nat,raw,gaussian,FALSE,1.4677084458608087e-19,TRUE,TRUE,0.5405702313890429,-0.5405702313890429
amelia_emb,mcomm,none,all,fe_country,n_cell,clustered,0.0052362817851393725,0.001178621128785124,4.442718408193415,237.9217610390578,270,0.008751255506454168,10,unemp,share,all,mi,unweighted,wb_nat,raw,gaussian,FALSE,1.3616390107073404e-5,TRUE,TRUE,0.27677426162053614,-0.27677426162053614
amelia_emb,mlib,none,all,fe_country,n_cell,conventional,0.0032756456977280552,6.257720229849156e-4,5.234567186470424,237.41260868104163,270,0.010708929342029468,10,unemp,share,all,mi,unweighted,wb_nat,raw,gaussian,FALSE,3.6379526133634395e-7,TRUE,TRUE,0.32167023759407554,-0.32167023759407554
amelia_emb,mlib,none,all,fe_country,n_cell,clustered,0.0032756456977280552,0.001301592965352394,2.5166436704282624,237.921656128745,270,0.008751679292548728,10,unemp,share,all,mi,unweighted,wb_nat,raw,gaussian,FALSE,0.012506798625072075,TRUE,TRUE,0.16102743031058203,-0.16102743031058203
amelia_emb,mpos,none,all,fe_country,n_cell,conventional,-0.00852520013112281,8.536412700263043e-4,-9.986865010474615,237.01527818520537,270,0.012119793170496704,10,unemp,share,all,mi,unweighted,wb_nat,raw,gaussian,TRUE,7.898843007239944e-20,TRUE,TRUE,-0.5442188792417221,-0.5442188792417221
amelia_emb,mpos,none,all,fe_country,n_cell,clustered,-0.00852520013112281,0.001544792883269046,-5.518668698862743,237.76577487075878,270,0.009371425479225513,10,unemp,share,all,mi,unweighted,wb_nat,raw,gaussian,TRUE,8.909246451950128e-8,TRUE,TRUE,-0.3369671357595043,-0.3369671357595043
amelia_emb,mneg,none,all,fe_country,n_cell,conventional,0.00849396233240692,8.601934431265117e-4,9.874479281699992,237.20545103376503,270,0.011455769235068212,10,unemp,share,all,mi,unweighted,wb_nat,raw,gaussian,FALSE,1.7417239328107363e-19,TRUE,TRUE,0.5397334634419688,-0.5397334634419688
amelia_emb,mneg,none,all,fe_country,n_cell,clustered,0.00849396233240692,0.00155280321638726,5.4700829073299495,237.81605498192383,270,0.00917364756883425,10,unemp,share,all,mi,unweighted,wb_nat,raw,gaussian,FALSE,1.1371658291002485e-7,TRUE,TRUE,0.33430202958628547,-0.33430202958628547
amelia_emb,mcosmo,none,all,fe_country,n_eff,conventional,-0.005266459038866019,7.411364463104583e-4,-7.105923700127852,237.1004079621144,270,0.011824974379756858,10,unemp,share,all,mi,unweighted,wb_nat,raw,gaussian,TRUE,1.3912199973237197e-11,TRUE,TRUE,-0.4190156141858689,-0.4190156141858689
amelia_emb,mcosmo,none,all,fe_country,n_eff,clustered,-0.005266459038866019,0.001453346042341339,-3.6236786597510933,237.8307433543963,270,0.009115495861520023,10,unemp,share,all,mi,unweighted,wb_nat,raw,gaussian,TRUE,3.55126245564089e-4,TRUE,TRUE,-0.22874198017272673,-0.22874198017272673
amelia_emb,mutil,none,all,fe_country,n_eff,conventional,-0.003369782444586719,4.1533932149164627e-4,-8.113323902212075,236.65690358185708,270,0.013321174338885284,10,unemp,share,all,mi,unweighted,wb_nat,raw,gaussian,TRUE,2.676777716965436e-14,TRUE,TRUE,-0.4664964895399812,-0.4664964895399812
amelia_emb,mutil,none,all,fe_country,n_eff,clustered,-0.003369782444586719,5.224264008636877e-4,-6.450252971549131,237.21459008503925,270,0.011423354969453944,10,unemp,share,all,mi,unweighted,wb_nat,raw,gaussian,TRUE,6.208277414937683e-10,TRUE,TRUE,-0.38629092966364187,-0.38629092966364187
amelia_emb,mcomm,none,all,fe_country,n_eff,conventional,0.005207550266234567,5.236786510746454e-4,9.944171402725907,237.30119680560557,270,0.011113779600403535,10,unemp,share,all,mi,unweighted,wb_nat,raw,gaussian,FALSE,1.0607416100613556e-19,TRUE,TRUE,0.5423475273653409,-0.5423475273653409
amelia_emb,mcomm,none,all,fe_country,n_eff,clustered,0.005207550266234567,0.001189656341691894,4.377356790977589,237.9257867329627,270,0.008734986660024209,10,unemp,share,all,mi,unweighted,wb_nat,raw,gaussian,FALSE,1.799701306751507e-5,TRUE,TRUE,0.2730057884483402,-0.2730057884483402
amelia_emb,mlib,none,all,fe_country,n_eff,conventional,0.003350530788587956,6.088542680579525e-4,5.503009446373861,237.3812265319957,270,0.010823739957974938,10,unemp,share,all,mi,unweighted,wb_nat,raw,gaussian,FALSE,9.654171936810689e-8,TRUE,TRUE,0.3363605089793958,-0.3363605089793958
amelia_emb,mlib,none,all,fe_country,n_eff,clustered,0.003350530788587956,0.001262659614817802,2.653550291201344,237.9141763403339,270,0.00878187006230847,10,unemp,share,all,mi,unweighted,wb_nat,raw,gaussian,FALSE,0.008501752706500311,TRUE,TRUE,0.16954450571899102,-0.16954450571899102
amelia_emb,mpos,none,all,fe_country,n_eff,conventional,-0.008570583432066068,8.423313997453875e-4,-10.174835503765749,236.98702433085907,270,0.012216800472541707,10,unemp,share,all,mi,unweighted,wb_nat,raw,gaussian,TRUE,2.0722258257736197e-20,TRUE,TRUE,-0.551391057063926,-0.551391057063926
amelia_emb,mpos,none,all,fe_country,n_eff,clustered,-0.008570583432066068,0.001550361177918627,-5.528120514196665,237.7687379764121,270,0.009359824411638436,10,unemp,share,all,mi,unweighted,wb_nat,raw,gaussian,TRUE,8.494248525313566e-8,TRUE,TRUE,-0.33747671570781496,-0.33747671570781496
amelia_emb,mneg,none,all,fe_country,n_eff,conventional,0.008540087820273226,8.488117624364887e-4,10.061226997796496,237.18258260696797,270,0.011536670898408022,10,unemp,share,all,mi,unweighted,wb_nat,raw,gaussian,FALSE,4.633671148998441e-20,TRUE,TRUE,0.5469262832344068,-0.5469262832344068
amelia_emb,mneg,none,all,fe_country,n_eff,clustered,0.008540087820273226,0.0015579411462484048,5.481649830507498,237.8183373065078,270,0.009164623011379765,10,unemp,share,all,mi,unweighted,wb_nat,raw,gaussian,FALSE,1.0730757074746455e-7,TRUE,TRUE,0.3349282856401598,-0.3349282856401598
amelia_emb,mcosmo,none,all,fe_country,pop,conventional,-0.006692472648350311,6.914937322851315e-4,-9.678283888755086,229.32619854901307,270,0.030935819138314256,10,unemp,share,all,mi,unweighted,wb_nat,raw,gaussian,TRUE,8.516600261173857e-19,TRUE,TRUE,-0.5385179741516781,-0.5385179741516781
amelia_emb,mcosmo,none,all,fe_country,pop,clustered,-0.006692472648350311,0.0015640424018012972,-4.278958575958449,236.86990394124237,270,0.012614609613329551,10,unemp,share,all,mi,unweighted,wb_nat,raw,gaussian,TRUE,2.7267958594313074e-5,TRUE,TRUE,-0.26786457636552663,-0.26786457636552663
amelia_emb,mutil,none,all,fe_country,pop,conventional,-0.002726765217139232,3.663963621847224e-4,-7.442118695939743,231.5247673066116,270,0.026513536378135708,10,unemp,share,all,mi,unweighted,wb_nat,raw,gaussian,TRUE,1.9312964494014856e-12,TRUE,TRUE,-0.4393633499456997,-0.4393633499456997
amelia_emb,mutil,none,all,fe_country,pop,clustered,-0.002726765217139232,7.367281147766916e-4,-3.701182515568497,236.84391843625104,270,0.012701953031336735,10,unemp,share,all,mi,unweighted,wb_nat,raw,gaussian,TRUE,2.6692761699196953e-4,TRUE,TRUE,-0.23382968835175855,-0.23382968835175855
amelia_emb,mcomm,none,all,fe_country,pop,conventional,0.005252126314937783,4.940162810345946e-4,10.631484257843702,231.9343901082801,270,0.02563324149173128,10,unemp,share,all,mi,unweighted,wb_nat,raw,gaussian,FALSE,9.19972678769442e-22,TRUE,TRUE,0.5724106933608701,-0.5724106933608701
amelia_emb,mcomm,none,all,fe_country,pop,clustered,0.005252126314937783,0.0012134521285106605,4.328251763325858,237.31644835392274,270,0.011058805122837348,10,unemp,share,all,mi,unweighted,wb_nat,raw,gaussian,FALSE,2.2167468654676955e-5,TRUE,TRUE,0.27048920971586016,-0.27048920971586016
amelia_emb,mlib,none,all,fe_country,pop,conventional,0.00393361805431027,7.137118138187823e-4,5.511493544240322,237.31735820428582,270,0.011055521142629535,10,unemp,share,all,mi,unweighted,wb_nat,raw,gaussian,FALSE,9.252729912927126e-8,TRUE,TRUE,0.3368604697481986,-0.3368604697481986
amelia_emb,mlib,none,all,fe_country,pop,clustered,0.00393361805431027,0.0027379291261545213,1.4367128851998876,238.01768593681402,270,0.008359799478202251,10,unemp,share,all,mi,unweighted,wb_nat,raw,gaussian,FALSE,0.1521127286199742,FALSE,TRUE,0.09272361189283487,-0.09272361189283487
amelia_emb,mpos,none,all,fe_country,pop,conventional,-0.009316824775622717,8.641562248092116e-4,-10.781412559609445,234.9675525718072,270,0.01832319496200963,10,unemp,share,all,mi,unweighted,wb_nat,raw,gaussian,TRUE,2.786913995600037e-22,TRUE,TRUE,-0.5753000986606718,-0.5753000986606718
amelia_emb,mpos,none,all,fe_country,pop,clustered,-0.009316824775622717,0.0021098631319739136,-4.415843205386609,237.6374192579172,270,0.009867646210581556,10,unemp,share,all,mi,unweighted,wb_nat,raw,gaussian,TRUE,1.528428442490081e-5,TRUE,TRUE,-0.27537929364162655,-0.27537929364162655
amelia_emb,mneg,none,all,fe_country,pop,conventional,0.009172495619847423,8.785661934889578e-4,10.440301126795754,235.74251988462404,270,0.016144013017736776,10,unemp,share,all,mi,unweighted,wb_nat,raw,gaussian,FALSE,3.2061043062384966e-21,TRUE,TRUE,0.5622968751211377,-0.5622968751211377
amelia_emb,mneg,none,all,fe_country,pop,clustered,0.009172495619847423,0.0021145648716215833,4.337769790346213,237.72227841431575,270,0.009540952214842168,10,unemp,share,all,mi,unweighted,wb_nat,raw,gaussian,FALSE,2.1283305377190863e-5,TRUE,TRUE,0.27082590497198633,-0.27082590497198633
amelia_emb,mcosmo,none,all,re,none,conventional,-0.005569842114926775,7.80189928159915e-4,-7.139084873939988,262.9071152097556,270,0.011263973555183751,10,unemp,share,all,mi,unweighted,wb_nat,raw,gaussian,TRUE,9.174787066772681e-12,TRUE,TRUE,-0.4029629503551027,-0.4029629503551027
amelia_emb,mcosmo,none,all,re,none,clustered,-0.005569842114926775,0.001392840554070239,-3.998908632183534,263.72302278808667,270,0.008598687018746621,10,unemp,share,all,mi,unweighted,wb_nat,raw,gaussian,TRUE,8.268315948786123e-5,TRUE,TRUE,-0.23910251925430268,-0.23910251925430268
amelia_emb,mutil,none,all,re,none,conventional,-0.003205598795882009,4.3582139858129934e-4,-7.355303815546882,263.05913744260846,270,0.010793838196150578,10,unemp,share,all,mi,unweighted,wb_nat,raw,gaussian,TRUE,2.4237077000830895e-12,TRUE,TRUE,-0.4130110429623784,-0.4130110429623784
amelia_emb,mutil,none,all,re,none,clustered,-0.003205598795882009,5.218292109271546e-4,-6.143003742903727,263.38085155642295,270,0.009761262824023174,10,unemp,share,all,mi,unweighted,wb_nat,raw,gaussian,TRUE,2.974804897346084e-9,TRUE,TRUE,-0.35400785008235985,-0.35400785008235985
amelia_emb,mcomm,none,all,re,none,conventional,0.005561726765518755,5.701333487417915e-4,9.755133211892877,263.2165495213736,270,0.010295316453694772,10,unemp,share,all,mi,unweighted,wb_nat,raw,gaussian,FALSE,2.1651632502244558e-19,TRUE,TRUE,0.5153019934426941,-0.5153019934426941
amelia_emb,mcomm,none,all,re,none,clustered,0.005561726765518755,0.0013856638882482632,4.013763231247811,263.9256726206078,270,0.00787360180550198,10,unemp,share,all,mi,unweighted,wb_nat,raw,gaussian,FALSE,7.791244420757491e-5,TRUE,TRUE,0.23985282738839725,-0.23985282738839725
amelia_emb,mlib,none,all,re,none,conventional,0.003390344275758291,5.997038362839159e-4,5.653364328577034,263.36834606644373,270,0.009802429121039912,10,unemp,share,all,mi,unweighted,wb_nat,raw,gaussian,FALSE,4.085412248303971e-8,TRUE,TRUE,0.32896827632010156,-0.32896827632010156
amelia_emb,mlib,none,all,re,none,clustered,0.003390344275758291,0.001050277302984995,3.2280467892837326,263.84387501153935,270,0.00816984908940082,10,unemp,share,all,mi,unweighted,wb_nat,raw,gaussian,FALSE,0.0014040318857923171,TRUE,TRUE,0.19491950088451873,-0.19491950088451873
amelia_emb,mpos,none,all,re,none,conventional,-0.0089240794639207,8.918524060604158e-4,-10.006229061309687,263.03018438275876,270,0.010884209398005395,10,unemp,share,all,mi,unweighted,wb_nat,raw,gaussian,TRUE,3.4966001089520284e-20,TRUE,TRUE,-0.5250788717894909,-0.5250788717894909
amelia_emb,mpos,none,all,re,none,clustered,-0.0089240794639207,0.0015353983982851769,-5.812224028556781,263.7333706972562,270,0.008562365699109873,10,unemp,share,all,mi,unweighted,wb_nat,raw,gaussian,TRUE,1.7740048396835595e-8,TRUE,TRUE,-0.33696723900945763,-0.33696723900945763
amelia_emb,mneg,none,all,re,none,conventional,0.008889466118092047,8.976318155748425e-4,9.903243138055709,263.2180572089093,270,0.010290481123126922,10,unemp,share,all,mi,unweighted,wb_nat,raw,gaussian,FALSE,7.384663211483092e-20,TRUE,TRUE,0.5210124481575055,-0.5210124481575055
amelia_emb,mneg,none,all,re,none,clustered,0.008889466118092047,0.0015456686179213838,5.751210844952398,263.79018455668603,270,0.008361635197770416,10,unemp,share,all,mi,unweighted,wb_nat,raw,gaussian,FALSE,2.4471647611461133e-8,TRUE,TRUE,0.3337940664943162,-0.3337940664943162
amelia_emb,mcosmo,none,all,pooled_cl,none,conventional,2.2220246167670155e-4,0.0010696632707531315,0.20773122509876646,263.76084384384103,270,0.008465579052835053,10,unemp,share,all,mi,unweighted,wb_nat,raw,gaussian,TRUE,0.8355991360987539,FALSE,FALSE,0.012789721785834186,0.012789721785834186
amelia_emb,mcosmo,none,all,pooled_cl,none,clustered,2.2220246167670155e-4,0.002225263899655912,0.09985443151756529,263.9916587111584,270,0.007630894313517151,10,unemp,share,all,mi,unweighted,wb_nat,raw,gaussian,TRUE,0.9205356805234052,FALSE,FALSE,0.006145596460462126,0.006145596460462126
amelia_emb,mutil,none,all,pooled_cl,none,conventional,-3.243400868445545e-4,6.963398763997204e-4,-0.4657784191844463,263.94996664829563,270,0.0077846400161362345,10,unemp,share,all,mi,unweighted,wb_nat,raw,gaussian,TRUE,0.6417582212336562,FALSE,TRUE,-0.028657621963954275,-0.028657621963954275
amelia_emb,mutil,none,all,pooled_cl,none,clustered,-3.243400868445545e-4,7.279291938938648e-4,-0.44556543351364014,263.9593141363733,270,0.0077502886807845174,10,unemp,share,all,mi,unweighted,wb_nat,raw,gaussian,TRUE,0.6562763998289806,FALSE,TRUE,-0.027414462592042253,-0.027414462592042253
amelia_emb,mcomm,none,all,pooled_cl,none,conventional,0.0010249733831367402,9.99039313527192e-4,1.0259590080774557,263.9553639028815,270,0.0077648138213661285,10,unemp,share,all,mi,unweighted,wb_nat,raw,gaussian,FALSE,0.3058501888783848,FALSE,TRUE,0.06302321484385996,-0.06302321484385996
amelia_emb,mcomm,none,all,pooled_cl,none,clustered,0.0010249733831367402,0.0024281074768802164,0.42212850662347523,264.04151719140634,270,0.007445206144837672,10,unemp,share,all,mi,unweighted,wb_nat,raw,gaussian,FALSE,0.6732747286611371,FALSE,TRUE,0.025969409572522185,-0.025969409572522185
amelia_emb,mlib,none,all,pooled_cl,none,conventional,-6.616313276387023e-4,9.693031877258594e-4,-0.6825844957664849,263.91086364192944,270,0.007927608181049562,10,unemp,share,all,mi,unweighted,wb_nat,raw,gaussian,FALSE,0.4954681341240377,FALSE,FALSE,-0.04198022489179266,0.04198022489179266
amelia_emb,mlib,none,all,pooled_cl,none,clustered,-6.616313276387023e-4,0.0015320180738196169,-0.4318691397609479,264.0001924513988,270,0.007599254797923866,10,unemp,share,all,mi,unweighted,wb_nat,raw,gaussian,FALSE,0.6661890245361173,FALSE,FALSE,-0.026570314426824688,0.026570314426824688
amelia_emb,mpos,none,all,pooled_cl,none,conventional,-1.5337760760091856e-4,0.0014904246825912229,-0.10290866045928553,263.95424717883685,270,0.0077689178425456385,10,unemp,share,all,mi,unweighted,wb_nat,raw,gaussian,TRUE,0.918113603642652,FALSE,TRUE,-0.006334012058512785,-0.006334012058512785
amelia_emb,mpos,none,all,pooled_cl,none,clustered,-1.5337760760091856e-4,0.0027159158284868114,-0.056473623369386154,264.0276177454443,270,0.007497175421155233,10,unemp,share,all,mi,unweighted,wb_nat,raw,gaussian,TRUE,0.955007220440693,FALSE,TRUE,-0.00347550847251345,-0.00347550847251345
amelia_emb,mneg,none,all,pooled_cl,none,conventional,3.5716332722660613e-4,0.0014865351898912338,0.2402656389538541,263.94724649827583,270,0.007794623578893058,10,unemp,share,all,mi,unweighted,wb_nat,raw,gaussian,FALSE,0.8103108304229294,FALSE,TRUE,0.01478718856146892,-0.01478718856146892
amelia_emb,mneg,none,all,pooled_cl,none,clustered,3.5716332722660613e-4,0.002706840359131849,0.13194842688881633,264.0254944859734,270,0.007505100218948617,10,unemp,share,all,mi,unweighted,wb_nat,raw,gaussian,FALSE,0.8951255794349542,FALSE,TRUE,0.008120204484305695,-0.008120204484305695
amelia_emb,mcosmo,none,all,pooled_cl,n_cell,conventional,0.0014877029659775497,0.001079765248477476,1.3778022288412104,263.84722028794266,270,0.008157830736653052,10,unemp,share,all,mi,unweighted,wb_nat,raw,gaussian,TRUE,0.16943180420996576,FALSE,FALSE,0.08451890755561633,0.08451890755561633
amelia_emb,mcosmo,none,all,pooled_cl,n_cell,clustered,0.0014877029659775497,0.0023514009665047578,0.6326879112365711,264.01503753470274,270,0.007544075821696913,10,unemp,share,all,mi,unweighted,wb_nat,raw,gaussian,TRUE,0.5274850441737027,FALSE,FALSE,0.038908655143540666,0.038908655143540666
amelia_emb,mutil,none,all,pooled_cl,n_cell,conventional,-2.3774464855181447e-5,6.933509256965921e-4,-0.03428922350005641,263.92619232471236,270,0.007871703470672866,10,unemp,share,all,mi,unweighted,wb_nat,raw,gaussian,TRUE,0.9726724363312302,FALSE,TRUE,-0.002110646184011463,-0.002110646184011463
amelia_emb,mutil,none,all,pooled_cl,n_cell,clustered,-2.3774464855181447e-5,7.632266238153678e-4,-0.03114994172547724,263.94964960527267,270,0.007785803931623759,10,unemp,share,all,mi,unweighted,wb_nat,raw,gaussian,TRUE,0.9751735019639669,FALSE,TRUE,-0.0019173257076446275,-0.0019173257076446275
amelia_emb,mcomm,none,all,pooled_cl,n_cell,conventional,5.630628486982606e-4,9.719050176012015e-4,0.5793393783355281,263.9729304582816,270,0.007700127196478048,10,unemp,share,all,mi,unweighted,wb_nat,raw,gaussian,FALSE,0.5628542643623257,FALSE,TRUE,0.03563505479405748,-0.03563505479405748
amelia_emb,mcomm,none,all,pooled_cl,n_cell,clustered,5.630628486982606e-4,0.002509452629640902,0.2243767593169646,264.0460879255586,270,0.0074280816316159145,10,unemp,share,all,mi,unweighted,wb_nat,raw,gaussian,FALSE,0.8226376786845935,FALSE,TRUE,0.013806913486104341,-0.013806913486104341
amelia_emb,mlib,none,all,pooled_cl,n_cell,conventional,-0.0017766700594859283,9.834177043490037e-4,-1.8066281007845353,263.86237271367264,270,0.008103291086035106,10,unemp,share,all,mi,unweighted,wb_nat,raw,gaussian,FALSE,0.07195946712390107,FALSE,FALSE,-0.11053770787847657,0.11053770787847657
amelia_emb,mlib,none,all,pooled_cl,n_cell,clustered,-0.0017766700594859283,0.0016304157932453055,-1.0897036613890418,263.988338014845,270,0.0076431903080466605,10,unemp,share,all,mi,unweighted,wb_nat,raw,gaussian,FALSE,0.276837408848781,FALSE,FALSE,-0.06691777197915943,0.06691777197915943
amelia_emb,mpos,none,all,pooled_cl,n_cell,conventional,0.001409456875896642,0.0015041381023228643,0.9370528369170327,263.9621381049798,270,0.0077398973680591196,10,unemp,share,all,mi,unweighted,wb_nat,raw,gaussian,TRUE,0.3495879257750195,FALSE,FALSE,0.0575800610774694,0.0575800610774694
amelia_emb,mpos,none,all,pooled_cl,n_cell,clustered,0.001409456875896642,0.0028592490589929515,0.4929465208578448,264.03230941638617,270,0.0074796512636232035,10,unemp,share,all,mi,unweighted,wb_nat,raw,gaussian,TRUE,0.6224600818545729,FALSE,FALSE,0.03032295447143533,0.03032295447143533
amelia_emb,mneg,none,all,pooled_cl,n_cell,conventional,-0.001213476736350852,0.0015021896202668129,-0.8078052996633802,263.9638286542807,270,0.007733673688612628,10,unemp,share,all,mi,unweighted,wb_nat,raw,gaussian,FALSE,0.41993003143735164,FALSE,FALSE,-0.04965904207032467,0.04965904207032467
amelia_emb,mneg,none,all,pooled_cl,n_cell,clustered,-0.001213476736350852,0.0028611446390781363,-0.4241228212572418,264.03287265055104,270,0.007477546278456744,10,unemp,share,all,mi,unweighted,wb_nat,raw,gaussian,FALSE,0.6718215866395597,FALSE,FALSE,-0.026092443616963258,0.026092443616963258
amelia_emb,mcosmo,none,all,pooled_cl,n_eff,conventional,0.0013927822754717712,0.0010639694809094922,1.3090434457586193,263.8377271246806,270,0.008191914951167589,10,unemp,share,all,mi,unweighted,wb_nat,raw,gaussian,TRUE,0.19165859581205716,FALSE,FALSE,0.08033038099472538,0.08033038099472538
amelia_emb,mcosmo,none,all,pooled_cl,n_eff,clustered,0.0013927822754717712,0.002334346831682641,0.5966475317927917,264.01378762940163,270,0.0075487285738091705,10,unemp,share,all,mi,unweighted,wb_nat,raw,gaussian,TRUE,0.5512539933742068,FALSE,FALSE,0.0366954271071069,0.0366954271071069
amelia_emb,mutil,none,all,pooled_cl,n_eff,conventional,-1.29150885000235e-4,6.837221977494497e-4,-0.18889380134994885,263.9179196447325,270,0.007901896737932292,10,unemp,share,all,mi,unweighted,wb_nat,raw,gaussian,TRUE,0.8503212279351049,FALSE,TRUE,-0.011626631590353572,-0.011626631590353572
amelia_emb,mutil,none,all,pooled_cl,n_eff,clustered,-1.29150885000235e-4,7.71605134102526e-4,-0.1673795044799096,263.94856130701896,270,0.007789798653188515,10,unemp,share,all,mi,unweighted,wb_nat,raw,gaussian,TRUE,0.867199615462293,FALSE,TRUE,-0.010301953401637141,-0.010301953401637141
amelia_emb,mcomm,none,all,pooled_cl,n_eff,conventional,5.700487513187302e-4,9.674624095824641e-4,0.5892205688536787,263.9692304535867,270,0.007713772162642046,10,unemp,share,all,mi,unweighted,wb_nat,raw,gaussian,FALSE,0.5562172423107951,FALSE,TRUE,0.036242306965919104,-0.036242306965919104
amelia_emb,mcomm,none,all,pooled_cl,n_eff,clustered,5.700487513187302e-4,0.002515820175691236,0.226585650606807,264.04573058121866,270,0.0074294210651980365,10,unemp,share,all,mi,unweighted,wb_nat,raw,gaussian,FALSE,0.8209212641891499,FALSE,TRUE,0.013942819662729835,-0.013942819662729835
amelia_emb,mlib,none,all,pooled_cl,n_eff,conventional,-0.001577101764226728,9.555930249374266e-4,-1.6503906193015572,263.8426305921831,270,0.008174317751293498,10,unemp,share,all,mi,unweighted,wb_nat,raw,gaussian,FALSE,0.10005292599776802,FALSE,FALSE,-0.10108437423689831,0.10108437423689831
amelia_emb,mlib,none,all,pooled_cl,n_eff,clustered,-0.001577101764226728,0.0016324895541748037,-0.9660715807911718,263.9858984611055,270,0.007652217971164303,10,unemp,share,all,mi,unweighted,wb_nat,raw,gaussian,FALSE,0.3348925473390507,FALSE,FALSE,-0.05935435569946678,0.05935435569946678
amelia_emb,mpos,none,all,pooled_cl,n_eff,conventional,0.0012093445736999831,0.0014826389682731072,0.8156703011175798,263.95723527667474,270,0.007757934238105295,10,unemp,share,all,mi,unweighted,wb_nat,raw,gaussian,TRUE,0.41542414715985354,FALSE,FALSE,0.05014195028626505,0.05014195028626505
amelia_emb,mpos,none,all,pooled_cl,n_eff,clustered,0.0012093445736999831,0.0028487066515319724,0.42452408114735996,264.03156626349374,270,0.007482428263878113,10,unemp,share,all,mi,unweighted,wb_nat,raw,gaussian,TRUE,0.6715293599298013,FALSE,FALSE,0.026117177248247695,0.026117177248247695
amelia_emb,mneg,none,all,pooled_cl,n_eff,conventional,-0.0010078558865812576,0.0014809975237695557,-0.6805250315449418,263.9592140241828,270,0.0077506569473884575,10,unemp,share,all,mi,unweighted,wb_nat,raw,gaussian,FALSE,0.496768557105721,FALSE,FALSE,-0.0418499594796212,0.0418499594796212
amelia_emb,mneg,none,all,pooled_cl,n_eff,clustered,-0.0010078558865812576,0.002850257846258996,-0.3536016532343145,264.03218241839323,270,0.00748012585952704,10,unemp,share,all,mi,unweighted,wb_nat,raw,gaussian,FALSE,0.7239196139431009,FALSE,FALSE,-0.021756200222853392,0.021756200222853392
amelia_emb,mcosmo,none,all,pooled_cl,pop,conventional,0.002368328017840543,0.0011507111444675848,2.0581429398916002,263.322465029422,270,0.009952718997669148,10,unemp,share,all,mi,unweighted,wb_nat,raw,gaussian,TRUE,0.04056054051750309,TRUE,FALSE,0.12582479294484694,0.12582479294484694
amelia_emb,mcosmo,none,all,pooled_cl,pop,clustered,0.002368328017840543,0.0029768496829844517,0.7955819977669034,263.9554527172348,270,0.007764487382028605,10,unemp,share,all,mi,unweighted,wb_nat,raw,gaussian,TRUE,0.42698988976916674,FALSE,FALSE,0.04891021192573683,0.04891021192573683
amelia_emb,mutil,none,all,pooled_cl,pop,conventional,6.671392173452674e-4,6.852619017916847e-4,0.9735536378149234,263.7812519607636,270,0.008393344044405816,10,unemp,share,all,mi,unweighted,wb_nat,raw,gaussian,TRUE,0.33117013115534444,FALSE,FALSE,0.059835520913834206,0.059835520913834206
amelia_emb,mutil,none,all,pooled_cl,pop,clustered,6.671392173452674e-4,9.162929413159557e-4,0.7280850776686544,263.9055913054357,270,0.007946795421474069,10,unemp,share,all,mi,unweighted,wb_nat,raw,gaussian,TRUE,0.46720701667934406,FALSE,FALSE,0.04477360747943674,0.04477360747943674
amelia_emb,mcomm,none,all,pooled_cl,pop,conventional,-6.740487612491546e-4,8.52849344615167e-4,-0.7903491578026681,263.3461628158265,270,0.00987523865921851,10,unemp,share,all,mi,unweighted,wb_nat,raw,gaussian,FALSE,0.43003501193675964,FALSE,FALSE,-0.04864531707609056,0.04864531707609056
amelia_emb,mcomm,none,all,pooled_cl,pop,clustered,-6.740487612491546e-4,0.0020238431641626466,-0.33305385179292707,263.93946219637627,270,0.007823161993121728,10,unemp,share,all,mi,unweighted,wb_nat,raw,gaussian,FALSE,0.7393580341059416,FALSE,FALSE,-0.0204960917471303,0.0204960917471303
amelia_emb,mlib,none,all,pooled_cl,pop,conventional,-0.0021224092288596673,0.0010293215319540196,-2.0619497047055617,263.51874481463483,270,0.00930137882910395,10,unemp,share,all,mi,unweighted,wb_nat,raw,gaussian,FALSE,0.04019300534891167,TRUE,FALSE,-0.12600761719472534,0.12600761719472534
amelia_emb,mlib,none,all,pooled_cl,pop,clustered,-0.0021224092288596673,0.0029173195400273018,-0.7275203143635767,263.9947993672443,270,0.007619256869122157,10,unemp,share,all,mi,unweighted,wb_nat,raw,gaussian,FALSE,0.4675519846123962,FALSE,FALSE,-0.04473140237578644,0.04473140237578644
amelia_emb,mpos,none,all,pooled_cl,pop,conventional,0.002959220354082065,0.0015805888581899106,1.8722265051715994,263.7867016142345,270,0.008374005590884298,10,unemp,share,all,mi,unweighted,wb_nat,raw,gaussian,TRUE,0.062281615697616276,FALSE,FALSE,0.11451581356560869,0.11451581356560869
amelia_emb,mpos,none,all,pooled_cl,pop,clustered,0.002959220354082065,0.0033838612169873462,0.8745099648964507,264.00081920809583,270,0.007596928744760345,10,unemp,share,all,mi,unweighted,wb_nat,raw,gaussian,TRUE,0.3826354499456608,FALSE,FALSE,0.053744495958526324,0.053744495958526324
amelia_emb,mneg,none,all,pooled_cl,pop,conventional,-0.0027746201873588144,0.0015828889340363285,-1.752883684822788,263.78164267386995,270,0.008391958267316743,10,unemp,share,all,mi,unweighted,wb_nat,raw,gaussian,FALSE,0.08078367129651758,FALSE,FALSE,-0.10730403218090974,0.10730403218090974
amelia_emb,mneg,none,all,pooled_cl,pop,clustered,-0.0027746201873588144,0.003495587994457682,-0.7937492037843203,264.0033424886559,270,0.007587561013549954,10,unemp,share,all,mi,unweighted,wb_nat,raw,gaussian,FALSE,0.4280542961363404,FALSE,FALSE,-0.04879338977987042,0.04879338977987042
amelia_emb,mcosmo,none,y2004_2008,fe_twoway,none,conventional,-0.007656681231929504,0.0019940540958814272,-3.839756026551044,98.09274145957352,135,0.02832544158730441,10,unemp,share,all,mi,unweighted,wb_nat,raw,gaussian,TRUE,2.1831007961653633e-4,TRUE,TRUE,-0.3614755185096323,-0.3614755185096323
amelia_emb,mcosmo,none,y2004_2008,fe_twoway,none,clustered,-0.007656681231929504,0.002713957729837693,-2.82122346555022,98.60435344684511,135,0.02397350172096221,10,unemp,share,all,mi,unweighted,wb_nat,raw,gaussian,TRUE,0.005785568510538931,TRUE,TRUE,-0.2732957845223394,-0.2732957845223394
amelia_emb,mutil,none,y2004_2008,fe_twoway,none,conventional,-5.262316267467881e-4,0.0010438596856001355,-0.50412103657806,98.39759632436461,135,0.025776444464631627,10,unemp,share,all,mi,unweighted,wb_nat,raw,gaussian,TRUE,0.61530325995388635,FALSE,TRUE,-0.050755423775412825,-0.050755423775412825
amelia_emb,mutil,none,y2004_2008,fe_twoway,none,clustered,-5.262316267467881e-4,0.0014155965542358097,-0.37173842022444525,98.7542400455321,135,0.02262448402826337,10,unemp,share,all,mi,unweighted,wb_nat,raw,gaussian,TRUE,0.7108840467500321,FALSE,TRUE,-0.03738143127513025,-0.03738143127513025
amelia_emb,mcomm,none,y2004_2008,fe_twoway,none,conventional,0.005252393563334375,0.0013525452774945496,3.883340284965463,98.53416537628422,135,0.0245927841667069,10,unemp,share,all,mi,unweighted,wb_nat,raw,gaussian,FALSE,1.8655768047067016e-4,TRUE,TRUE,0.36432466376270545,-0.36432466376270545
amelia_emb,mcomm,none,y2004_2008,fe_twoway,none,clustered,0.005252393563334375,0.0015721973212531309,3.34079793441444,98.70133659979321,135,0.023104884527875846,10,unemp,share,all,mi,unweighted,wb_nat,raw,gaussian,FALSE,0.0011803688323551499,TRUE,TRUE,0.3187321919227891,-0.3187321919227891
amelia_emb,mlib,none,y2004_2008,fe_twoway,none,conventional,0.0027333120213663942,0.0011816137800550073,2.3132025603485693,98.18959290438156,135,0.027528813535261345,10,unemp,share,all,mi,unweighted,wb_nat,raw,gaussian,FALSE,0.022797768609386173,TRUE,TRUE,0.22733093465498558,-0.22733093465498558
amelia_emb,mlib,none,y2004_2008,fe_twoway,none,clustered,0.0027333120213663942,0.0012546284588478803,2.1785828323043,98.30662217993323,135,0.02655008364534132,10,unemp,share,all,mi,unweighted,wb_nat,raw,gaussian,FALSE,0.0317529354657114,TRUE,TRUE,0.21460709869443814,-0.21460709869443814
amelia_emb,mpos,none,y2004_2008,fe_twoway,none,conventional,-0.008136842642489962,0.002023584147473,-4.021005329899942,98.3714377816018,135,0.026000077861074763,10,unemp,share,all,mi,unweighted,wb_nat,raw,gaussian,TRUE,1.13691445599608e-4,TRUE,TRUE,-0.3757129875698089,-0.3757129875698089
amelia_emb,mpos,none,y2004_2008,fe_twoway,none,clustered,-0.008136842642489962,0.002358410902424432,-3.450137817004381,98.58797384618761,135,0.02411870982941984,10,unemp,share,all,mi,unweighted,wb_nat,raw,gaussian,TRUE,8.26124917368819e-4,TRUE,TRUE,-0.32822537752149705,-0.32822537752149705
amelia_emb,mneg,none,y2004_2008,fe_twoway,none,conventional,0.007994327006541187,0.0020192846175216277,3.958989702181279,98.41174152021189,135,0.02565511033049798,10,unemp,share,all,mi,unweighted,wb_nat,raw,gaussian,FALSE,1.423229426663772e-4,TRUE,TRUE,0.3706546473002542,-0.3706546473002542
amelia_emb,mneg,none,y2004_2008,fe_twoway,none,clustered,0.007994327006541187,0.002326138796588559,3.4367368870101007,98.60333455265304,135,0.02398254676782412,10,unemp,share,all,mi,unweighted,wb_nat,raw,gaussian,FALSE,8.634030721841155e-4,TRUE,TRUE,0.32706437293214224,-0.32706437293214224
amelia_emb,mcosmo,none,y2004_2008,fe_twoway,n_cell,conventional,-0.006722451831465768,0.0018702704128246972,-3.5943742601973523,98.08135813050968,135,0.028418306010019476,10,unemp,share,all,mi,unweighted,wb_nat,raw,gaussian,TRUE,5.108611495869415e-4,TRUE,TRUE,-0.34116154768693274,-0.34116154768693274
amelia_emb,mcosmo,none,y2004_2008,fe_twoway,n_cell,clustered,-0.006722451831465768,0.0022617674693745436,-2.972211742582343,98.44157865117975,135,0.025398231844437087,10,unemp,share,all,mi,unweighted,wb_nat,raw,gaussian,TRUE,0.003716598697086702,TRUE,TRUE,-0.28696519536226556,-0.28696519536226556
amelia_emb,mutil,none,y2004_2008,fe_twoway,n_cell,conventional,-6.740083351283696e-4,0.001026103106178106,-0.6568621915967366,98.12235593238053,135,0.028083101395629025,10,unemp,share,all,mi,unweighted,wb_nat,raw,gaussian,TRUE,0.5128072222014737,FALSE,TRUE,-0.06616640292006258,-0.06616640292006258
amelia_emb,mutil,none,y2004_2008,fe_twoway,n_cell,clustered,-6.740083351283696e-4,0.0012956232609074418,-0.5202193843419427,98.52787322497163,135,0.02464792942926787,10,unemp,share,all,mi,unweighted,wb_nat,raw,gaussian,TRUE,0.6040776443300504,FALSE,TRUE,-0.05233730455886173,-0.05233730455886173
amelia_emb,mcomm,none,y2004_2008,fe_twoway,n_cell,conventional,0.005018468020220695,0.0013021661620074986,3.8539382811821183,98.4069240572157,135,0.025696465473993173,10,unemp,share,all,mi,unweighted,wb_nat,raw,gaussian,FALSE,2.0726430034668613e-4,TRUE,TRUE,0.36213202115559845,-0.36213202115559845
amelia_emb,mcomm,none,y2004_2008,fe_twoway,n_cell,clustered,0.005018468020220695,0.001527486036072809,3.2854428136857186,98.62043862874803,135,0.023830489796501434,10,unemp,share,all,mi,unweighted,wb_nat,raw,gaussian,FALSE,0.0014105765478942046,TRUE,TRUE,0.31409160381315204,-0.31409160381315204
amelia_emb,mlib,none,y2004_2008,fe_twoway,n_cell,conventional,0.0021530412524522246,0.0011652072015211836,1.8477754425491182,98.25631847451744,135,0.02697299996270351,10,unemp,share,all,mi,unweighted,wb_nat,raw,gaussian,FALSE,0.06764314353436406,FALSE,TRUE,0.18325317740064676,-0.18325317740064676
amelia_emb,mlib,none,y2004_2008,fe_twoway,n_cell,clustered,0.0021530412524522246,0.001099704135310543,1.9578368247603546,98.13646012095344,135,0.027967301659033657,10,unemp,share,all,mi,unweighted,wb_nat,raw,gaussian,FALSE,0.0530891001807804,FALSE,TRUE,0.19388364088831375,-0.19388364088831375
amelia_emb,mpos,none,y2004_2008,fe_twoway,n_cell,conventional,-0.0073288530744851045,0.0019349440294714572,-3.7876305272184174,98.45217720295494,135,0.025306674420426525,10,unemp,share,all,mi,unweighted,wb_nat,raw,gaussian,TRUE,2.6183051752222603e-4,TRUE,TRUE,-0.35662869816390985,-0.35662869816390985
amelia_emb,mpos,none,y2004_2008,fe_twoway,n_cell,clustered,-0.0073288530744851045,0.0019820131034772254,-3.697681443996224,98.48702306542462,135,0.025004489362534344,10,unemp,share,all,mi,unweighted,wb_nat,raw,gaussian,TRUE,3.5806510116601206e-4,TRUE,TRUE,-0.34914895221196307,-0.34914895221196307
amelia_emb,mneg,none,y2004_2008,fe_twoway,n_cell,conventional,0.007176590974379903,0.0019380271090102803,3.703039519423892,98.4469120699559,135,0.02535217866540971,10,unemp,share,all,mi,unweighted,wb_nat,raw,gaussian,FALSE,3.515606363699888e-4,TRUE,TRUE,0.34965559471961466,-0.34965559471961466
amelia_emb,mneg,none,y2004_2008,fe_twoway,n_cell,clustered,0.007176590974379903,0.001968400032977138,3.6459006574621697,98.46985276346805,135,0.025153615068066307,10,unemp,share,all,mi,unweighted,wb_nat,raw,gaussian,FALSE,4.278931895633558e-4,TRUE,TRUE,0.34487116576757165,-0.34487116576757165
amelia_emb,mcosmo,none,y2004_2008,fe_twoway,n_eff,conventional,-0.006822965642125773,0.0018686932633376649,-3.6511961465196827,98.02479687970238,135,0.028877398422482183,10,unemp,share,all,mi,unweighted,wb_nat,raw,gaussian,TRUE,4.210399125136237e-4,TRUE,TRUE,-0.34600174920619325,-0.34600174920619325
amelia_emb,mcosmo,none,y2004_2008,fe_twoway,n_eff,clustered,-0.006822965642125773,0.0022954333866746965,-2.972408470545919,98.42958358226967,135,0.025501656234128926,10,unemp,share,all,mi,unweighted,wb_nat,raw,gaussian,TRUE,0.0037145145944404933,TRUE,TRUE,-0.28699867076046537,-0.28699867076046537
amelia_emb,mutil,none,y2004_2008,fe_twoway,n_eff,conventional,-6.155151700356609e-4,0.001030732591886994,-0.5971628091325009,98.11076989948413,135,0.02817804100036615,10,unemp,share,all,mi,unweighted,wb_nat,raw,gaussian,TRUE,0.5517743591881648,FALSE,TRUE,-0.060179222969100804,-0.060179222969100804
amelia_emb,mutil,none,y2004_2008,fe_twoway,n_eff,clustered,-6.155151700356609e-4,0.0013190744072937334,-0.46662657286974185,98.53874183336265,135,0.024552637520977427,10,unemp,share,all,mi,unweighted,wb_nat,raw,gaussian,TRUE,0.6417970955418899,FALSE,TRUE,-0.046955520718366436,-0.046955520718366436
amelia_emb,mcomm,none,y2004_2008,fe_twoway,n_eff,conventional,0.0049877409191014035,0.0012970392020657225,3.8454820109968186,98.37168395155348,135,0.02599797781391439,10,unemp,share,all,mi,unweighted,wb_nat,raw,gaussian,FALSE,2.1361168232750794e-4,TRUE,TRUE,0.3614976144071825,-0.3614976144071825
amelia_emb,mcomm,none,y2004_2008,fe_twoway,n_eff,clustered,0.0049877409191014035,0.001550866236188804,3.216100010893648,98.61767952510321,135,0.02385505004086253,10,unemp,share,all,mi,unweighted,wb_nat,raw,gaussian,FALSE,0.0017577599829400404,TRUE,TRUE,0.30810166663038646,-0.30810166663038646
amelia_emb,mlib,none,y2004_2008,fe_twoway,n_eff,conventional,0.0022140638014371576,0.0011617056388866873,1.9058733360018727,98.20828301123423,135,0.02737371241792512,10,unemp,share,all,mi,unweighted,wb_nat,raw,gaussian,FALSE,0.05959091933584023,FALSE,TRUE,0.18885717207006367,-0.18885717207006367
amelia_emb,mlib,none,y2004_2008,fe_twoway,n_eff,clustered,0.0022140638014371576,0.0010895615517964104,2.032068585557859,98.0667303287845,135,0.028537406414083807,10,unemp,share,all,mi,unweighted,wb_nat,raw,gaussian,FALSE,0.04485099494028825,TRUE,TRUE,0.20101170296293128,-0.20101170296293128
amelia_emb,mpos,none,y2004_2008,fe_twoway,n_eff,conventional,-0.007367763664556647,0.0019355337112845132,-3.806579870761871,98.42015942307766,135,0.02558276762018134,10,unemp,share,all,mi,unweighted,wb_nat,raw,gaussian,TRUE,2.450029059396912e-4,TRUE,TRUE,-0.35823526805240247,-0.35823526805240247
amelia_emb,mpos,none,y2004_2008,fe_twoway,n_eff,clustered,-0.007367763664556647,0.0019891075658139954,-3.7040549194942924,98.4615084640071,135,0.025225928720510434,10,unemp,share,all,mi,unweighted,wb_nat,raw,gaussian,TRUE,3.5030436128552874e-4,TRUE,TRUE,-0.34971699283645724,-0.34971699283645724
amelia_emb,mneg,none,y2004_2008,fe_twoway,n_eff,conventional,0.0072071281943350066,0.0019384352544002986,3.7180133708230065,98.41710448204567,135,0.025609033276938416,10,unemp,share,all,mi,unweighted,wb_nat,raw,gaussian,FALSE,3.3384517656031784e-4,TRUE,TRUE,0.35094229350806044,-0.35094229350806044
amelia_emb,mneg,none,y2004_2008,fe_twoway,n_eff,clustered,0.0072071281943350066,0.001975403119770247,3.6484341460254686,98.44611235175061,135,0.025359086740147533,10,unemp,share,all,mi,unweighted,wb_nat,raw,gaussian,FALSE,4.242420546979727e-4,TRUE,TRUE,0.3451189341321766,-0.3451189341321766
amelia_emb,mcosmo,none,y2004_2008,fe_twoway,pop,conventional,-0.00599187367187931,0.0013142310384448926,-4.559223984672736,94.88440466867355,135,0.050188203832224165,10,unemp,share,all,mi,unweighted,wb_nat,raw,gaussian,TRUE,1.5310281464440728e-5,TRUE,TRUE,-0.4239150337828728,-0.4239150337828728
amelia_emb,mcosmo,none,y2004_2008,fe_twoway,pop,clustered,-0.00599187367187931,0.001131356069854802,-5.296187320273365,92.89433601985894,135,0.061131909515484105,10,unemp,share,all,mi,unweighted,wb_nat,raw,gaussian,TRUE,7.896923278197882e-7,TRUE,TRUE,-0.48158315528661616,-0.48158315528661616
amelia_emb,mutil,none,y2004_2008,fe_twoway,pop,conventional,-0.0014560085642521198,8.238314294995277e-4,-1.7673622444055523,96.3912011960858,135,0.04079689367981491,10,unemp,share,all,mi,unweighted,wb_nat,raw,gaussian,TRUE,0.08033232878470385,FALSE,TRUE,-0.1771665793821737,-0.1771665793821737
amelia_emb,mutil,none,y2004_2008,fe_twoway,pop,clustered,-0.0014560085642521198,8.946518937585078e-4,-1.6274582040343148,96.88000672661825,135,0.037462521015700925,10,unemp,share,all,mi,unweighted,wb_nat,raw,gaussian,TRUE,0.10688795742886315,FALSE,TRUE,-0.16313075176927527,-0.16313075176927527
amelia_emb,mcomm,none,y2004_2008,fe_twoway,pop,conventional,0.005227395604262074,0.0012801952910457182,4.0832798252148805,97.75177462692008,135,0.031041567504512573,10,unemp,share,all,mi,unweighted,wb_nat,raw,gaussian,FALSE,9.08851219558891e-5,TRUE,TRUE,0.38172339666740046,-0.38172339666740046
amelia_emb,mcomm,none,y2004_2008,fe_twoway,pop,clustered,0.005227395604262074,0.001790840352483073,2.9189623726168983,98.47730893905216,135,0.025088911162604238,10,unemp,share,all,mi,unweighted,wb_nat,raw,gaussian,FALSE,0.0043523855796113375,TRUE,TRUE,0.2821898420482882,-0.2821898420482882
amelia_emb,mlib,none,y2004_2008,fe_twoway,pop,conventional,0.0019759098425302614,7.930230549899528e-4,2.4916171479469726,96.11689358017915,135,0.042598755062309174,10,unemp,share,all,mi,unweighted,wb_nat,raw,gaussian,FALSE,0.014429266054460535,TRUE,TRUE,0.2463146988879859,-0.2463146988879859
amelia_emb,mlib,none,y2004_2008,fe_twoway,pop,clustered,0.0019759098425302614,0.0014662469839900115,1.3475968674481664,98.39371405032767,135,0.025809695823569893,10,unemp,share,all,mi,unweighted,wb_nat,raw,gaussian,FALSE,0.18088291354805403,FALSE,TRUE,0.1346185919791402,-0.1346185919791402
amelia_emb,mpos,none,y2004_2008,fe_twoway,pop,conventional,-0.00736368327972918,0.0013547108943482563,-5.435612358658861,97.05137350899643,135,0.036252082618820056,10,unemp,share,all,mi,unweighted,wb_nat,raw,gaussian,TRUE,4.063834597433887e-7,TRUE,TRUE,-0.48309921580866877,-0.48309921580866877
amelia_emb,mpos,none,y2004_2008,fe_twoway,pop,clustered,-0.00736368327972918,9.532913142994857e-4,-7.7244837640635495,94.22367925003414,135,0.0539750795790019,10,unemp,share,all,mi,unweighted,wb_nat,raw,gaussian,TRUE,1.1890860183663887e-11,TRUE,TRUE,-0.6226763772808197,-0.6226763772808197
amelia_emb,mneg,none,y2004_2008,fe_twoway,pop,conventional,0.00721497559930578,0.0013759791708755035,5.243520942773472,97.25027988000052,135,0.034817341763988166,10,unemp,share,all,mi,unweighted,wb_nat,raw,gaussian,FALSE,9.184138789648268e-7,TRUE,TRUE,0.46947427046322604,-0.46947427046322604
amelia_emb,mneg,none,y2004_2008,fe_twoway,pop,clustered,0.00721497559930578,9.304747823561077e-4,7.75407967643823,94.26440170984533,135,0.05374654698257544,10,unemp,share,all,mi,unweighted,wb_nat,raw,gaussian,FALSE,1.0291458969030858e-11,TRUE,TRUE,0.6240515410433648,-0.6240515410433648
amelia_emb,mcosmo,none,y2004_2008,fe_country,none,conventional,-0.010742775495036048,0.00165509849789627,-6.4907167209025705,102.034418713104,135,0.027693309618448354,10,unemp,share,all,mi,unweighted,wb_nat,raw,gaussian,TRUE,3.1323858048466655e-9,TRUE,TRUE,-0.5405856476051127,-0.5405856476051127
amelia_emb,mcosmo,none,y2004_2008,fe_country,none,clustered,-0.010742775495036048,0.00294740809199242,-3.644821198741445,102.81834580137017,135,0.021181089588679126,10,unemp,share,all,mi,unweighted,wb_nat,raw,gaussian,TRUE,4.2160442044211646e-4,TRUE,TRUE,-0.3382629106144159,-0.3382629106144159
amelia_emb,mutil,none,y2004_2008,fe_country,none,conventional,0.0018259778741835533,8.923265697718332e-4,2.0463112228636806,102.56792520349936,135,0.023357246952091838,10,unemp,share,all,mi,unweighted,wb_nat,raw,gaussian,TRUE,0.04328390206560959,TRUE,FALSE,0.19805095153090857,0.19805095153090857
amelia_emb,mutil,none,y2004_2008,fe_country,none,clustered,0.0018259778741835533,0.0014093693235655842,1.2955992752587981,102.92123383161164,135,0.020256465869377793,10,unemp,share,all,mi,unweighted,wb_nat,raw,gaussian,TRUE,0.19801183844728684,FALSE,FALSE,0.12667918068299977,0.12667918068299977
amelia_emb,mcomm,none,y2004_2008,fe_country,none,conventional,0.006207355605503072,0.0011066256885384404,5.609263972266309,102.28369620884446,135,0.025713618106259706,10,unemp,share,all,mi,unweighted,wb_nat,raw,gaussian,FALSE,1.7402343377297665e-7,TRUE,TRUE,0.4850237213119938,-0.4850237213119938
amelia_emb,mcomm,none,y2004_2008,fe_country,none,clustered,0.006207355605503072,0.0013795199026026648,4.499649185047634,102.60649962048191,135,0.023028497982695465,10,unemp,share,all,mi,unweighted,wb_nat,raw,gaussian,FALSE,1.8000645888448997e-5,TRUE,TRUE,0.40596179773444596,-0.40596179773444596
amelia_emb,mlib,none,y2004_2008,fe_country,none,conventional,0.002487262062914139,9.565592211078272e-4,2.6002175380563965,102.23697538479395,135,0.02609051528603746,10,unemp,share,all,mi,unweighted,wb_nat,raw,gaussian,FALSE,0.010695684010221806,TRUE,TRUE,0.24905783364671066,-0.24905783364671066
amelia_emb,mlib,none,y2004_2008,fe_country,none,clustered,0.002487262062914139,0.0013051522103564104,1.9057256641621274,102.67604249226056,135,0.022430031748858603,10,unemp,share,all,mi,unweighted,wb_nat,raw,gaussian,FALSE,0.059482757925651365,FALSE,TRUE,0.18483224998455708,-0.18483224998455708
amelia_emb,mpos,none,y2004_2008,fe_country,none,conventional,-0.008854856109589835,0.0016475772498400496,-5.374470975761218,102.14571639748652,135,0.026818777338819877,10,unemp,share,all,mi,unweighted,wb_nat,raw,gaussian,TRUE,4.867020354686003e-7,TRUE,TRUE,-0.4695147781823603,-0.4695147781823603
amelia_emb,mpos,none,y2004_2008,fe_country,none,clustered,-0.008854856109589835,0.002275233142494743,-3.8918456065916303,102.64352586651427,135,0.02271080053225497,10,unemp,share,all,mi,unweighted,wb_nat,raw,gaussian,TRUE,1.7705890677665163e-4,TRUE,TRUE,-0.3585926751259519,-0.3585926751259519
amelia_emb,mneg,none,y2004_2008,fe_country,none,conventional,0.008690271527046187,0.0016458301077944297,5.280175326657492,102.22561092180217,135,0.026181771720787055,10,unemp,share,all,mi,unweighted,wb_nat,raw,gaussian,FALSE,7.295336433082183e-7,TRUE,TRUE,0.46291356839840925,-0.46291356839840925
amelia_emb,mneg,none,y2004_2008,fe_country,none,clustered,0.008690271527046187,0.0022378875044941344,3.8832477099918337,102.66694433122399,135,0.022508759123810233,10,unemp,share,all,mi,unweighted,wb_nat,raw,gaussian,FALSE,1.8258260361489413e-4,TRUE,TRUE,0.3578664508255348,-0.3578664508255348
amelia_emb,mcosmo,none,y2004_2008,fe_country,n_cell,conventional,-0.009830347880927216,0.0015718118958879753,-6.254150325903778,102.15633917091742,135,0.026734534062395513,10,unemp,share,all,mi,unweighted,wb_nat,raw,gaussian,TRUE,9.41185382935832e-9,TRUE,TRUE,-0.5261895425966578,-0.5261895425966578
amelia_emb,mcosmo,none,y2004_2008,fe_country,n_cell,clustered,-0.009830347880927216,0.002593808893648853,-3.789927586800093,102.80242119935434,135,0.02132253830870363,10,unemp,share,all,mi,unweighted,wb_nat,raw,gaussian,TRUE,2.5428810375025077e-4,TRUE,TRUE,-0.350130675484828,-0.350130675484828
amelia_emb,mutil,none,y2004_2008,fe_country,n_cell,conventional,0.001401247236705785,8.732023041930207e-4,1.6047223306410794,102.72612931847686,135,0.02199424875956002,10,unemp,share,all,mi,unweighted,wb_nat,raw,gaussian,TRUE,0.11162500103949506,FALSE,FALSE,0.15638068309042888,0.15638068309042888
amelia_emb,mutil,none,y2004_2008,fe_country,n_cell,clustered,0.001401247236705785,0.0012586529700160357,1.1132911692791163,102.94756633318573,135,0.02001674893892646,10,unemp,share,all,mi,unweighted,wb_nat,raw,gaussian,TRUE,0.26817609374745993,FALSE,FALSE,0.10906917596868823,0.10906917596868823
amelia_emb,mcomm,none,y2004_2008,fe_country,n_cell,conventional,0.006486686555583629,0.0010737211758185261,6.041313798844151,102.50448738040998,135,0.023893061601109825,10,unemp,share,all,mi,unweighted,wb_nat,raw,gaussian,FALSE,2.4851567294561244e-8,TRUE,TRUE,0.5124139361754744,-0.5124139361754744
amelia_emb,mcomm,none,y2004_2008,fe_country,n_cell,clustered,0.006486686555583629,0.0014276494352611798,4.543613015471777,102.79228747090077,135,0.021412324178319345,10,unemp,share,all,mi,unweighted,wb_nat,raw,gaussian,FALSE,1.5115076679933794e-5,TRUE,TRUE,0.40895843654275404,-0.40895843654275404
amelia_emb,mlib,none,y2004_2008,fe_country,n_cell,conventional,0.0016839297859728441,9.522944852798318e-4,1.7682868188384198,102.34765934665224,135,0.02519302376319039,10,unemp,share,all,mi,unweighted,wb_nat,raw,gaussian,FALSE,0.07999255927228043,FALSE,TRUE,0.17217852255922977,-0.17217852255922977
amelia_emb,mlib,none,y2004_2008,fe_country,n_cell,clustered,0.0016839297859728441,0.0012920709673133939,1.3032796406487202,102.72657039212534,135,0.02199039311072698,10,unemp,share,all,mi,unweighted,wb_nat,raw,gaussian,FALSE,0.19539283247988432,FALSE,TRUE,0.12753669073825805,-0.12753669073825805
amelia_emb,mpos,none,y2004_2008,fe_country,n_cell,conventional,-0.008352449875053016,0.001588377863409548,-5.2584778895898125,102.25184231083482,135,0.02597088683704121,10,unemp,share,all,mi,unweighted,wb_nat,raw,gaussian,TRUE,8.002538894502643e-7,TRUE,TRUE,-0.4613704120987103,-0.4613704120987103
amelia_emb,mpos,none,y2004_2008,fe_country,n_cell,clustered,-0.008352449875053016,0.0019387749279201878,-4.308107018906557,102.56172812232542,135,0.02340985206852212,10,unemp,share,all,mi,unweighted,wb_nat,raw,gaussian,TRUE,3.783086808409498e-5,TRUE,TRUE,-0.3914495853948446,-0.3914495853948446
amelia_emb,mneg,none,y2004_2008,fe_country,n_cell,conventional,0.008165216323752755,0.001591756028662009,5.129690842519526,102.2939201981295,135,0.025630765891407958,10,unemp,share,all,mi,unweighted,wb_nat,raw,gaussian,FALSE,1.3825995740785465e-6,TRUE,TRUE,0.45233250041663126,-0.45233250041663126
amelia_emb,mneg,none,y2004_2008,fe_country,n_cell,clustered,0.008165216323752755,0.0019138274597172965,4.266432839749771,102.57059015462589,135,0.02333460730309707,10,unemp,share,all,mi,unweighted,wb_nat,raw,gaussian,FALSE,4.434424382409747e-5,TRUE,TRUE,0.3882217971481979,-0.3882217971481979
amelia_emb,mcosmo,none,y2004_2008,fe_country,n_eff,conventional,-0.009970699290303187,0.0015809143991709497,-6.306919144725319,102.07718039585417,135,0.027359035265298693,10,unemp,share,all,mi,unweighted,wb_nat,raw,gaussian,TRUE,7.383294108120291e-9,TRUE,TRUE,-0.5295364300177611,-0.5295364300177611
amelia_emb,mcosmo,none,y2004_2008,fe_country,n_eff,clustered,-0.009970699290303187,0.0026689132378905503,-3.735864901394774,102.79347180103198,135,0.021401839918999608,10,unemp,share,all,mi,unweighted,wb_nat,raw,gaussian,TRUE,3.0748100479223607e-4,TRUE,TRUE,-0.345750186831965,-0.345750186831965
amelia_emb,mutil,none,y2004_2008,fe_country,n_eff,conventional,0.0015148594633681216,8.859111641331242e-4,1.7099451104111907,102.72602656063071,135,0.02199514697237126,10,unemp,share,all,mi,unweighted,wb_nat,raw,gaussian,TRUE,0.09029491635460543,FALSE,FALSE,0.16635947635635334,0.16635947635635334
amelia_emb,mutil,none,y2004_2008,fe_country,n_eff,clustered,0.0015148594633681216,0.0013235263153852925,1.1445631611239477,102.96139587090161,135,0.019890335715991855,10,unemp,share,all,mi,unweighted,wb_nat,raw,gaussian,TRUE,0.25504393321348867,FALSE,FALSE,0.11208748333088138,0.11208748333088138
amelia_emb,mcomm,none,y2004_2008,fe_country,n_eff,conventional,0.0064484539971646805,0.0010760655553697762,5.992621885335557,102.46379991677941,135,0.024233635625567716,10,unemp,share,all,mi,unweighted,wb_nat,raw,gaussian,FALSE,3.1059436095893474e-8,TRUE,TRUE,0.509433571755158,-0.509433571755158
amelia_emb,mcomm,none,y2004_2008,fe_country,n_eff,clustered,0.0064484539971646805,0.0014478143814746507,4.4539231545667475,102.77956190927944,135,0.021524826876975364,10,unemp,share,all,mi,unweighted,wb_nat,raw,gaussian,FALSE,2.149845373065199e-5,TRUE,TRUE,0.4022234514008784,-0.4022234514008784
amelia_emb,mlib,none,y2004_2008,fe_country,n_eff,conventional,0.001743952494610006,9.554679550683534e-4,1.8252338923132645,102.2993621247729,135,0.025586610606261596,10,unemp,share,all,mi,unweighted,wb_nat,raw,gaussian,FALSE,0.07088355003438376,FALSE,TRUE,0.1775919009458252,-0.1775919009458252
amelia_emb,mlib,none,y2004_2008,fe_country,n_eff,clustered,0.001743952494610006,0.0012770775091530077,1.3655807749418767,102.68796270458849,135,0.022326685450811685,10,unemp,share,all,mi,unweighted,wb_nat,raw,gaussian,FALSE,0.17505440291940721,FALSE,TRUE,0.13355175975946224,-0.13355175975946224
amelia_emb,mpos,none,y2004_2008,fe_country,n_eff,conventional,-0.008377666816245863,0.0015986349142281882,-5.240512853612079,102.1898074851339,135,0.02646821235977176,10,unemp,share,all,mi,unweighted,wb_nat,raw,gaussian,TRUE,8.648687358924852e-7,TRUE,TRUE,-0.46023841966926193,-0.46023841966926193
amelia_emb,mpos,none,y2004_2008,fe_country,n_eff,clustered,-0.008377666816245863,0.001970764372909897,-4.25097334384829,102.53521039796672,135,0.02363430683977672,10,unemp,share,all,mi,unweighted,wb_nat,raw,gaussian,TRUE,4.703738213452303e-5,TRUE,TRUE,-0.38708286973037687,-0.38708286973037687
amelia_emb,mneg,none,y2004_2008,fe_country,n_eff,conventional,0.008187336652229255,0.0016019673266025223,5.110801273077827,102.2372708079558,135,0.026088140864117145,10,unemp,share,all,mi,unweighted,wb_nat,raw,gaussian,FALSE,1.4983879559922285e-6,TRUE,TRUE,0.4511056505551591,-0.4511056505551591
amelia_emb,mneg,none,y2004_2008,fe_country,n_eff,clustered,0.008187336652229255,0.0019464303574078183,4.206334236963318,102.54667809521926,135,0.02353736850595944,10,unemp,share,all,mi,unweighted,wb_nat,raw,gaussian,FALSE,5.5681964617576324e-5,TRUE,TRUE,0.3836007336719382,-0.3836007336719382
amelia_emb,mcosmo,none,y2004_2008,fe_country,pop,conventional,-0.006282860766828659,0.0011252445257904477,-5.583551506207199,100.08383441575599,135,0.04118073780999685,10,unemp,share,all,mi,unweighted,wb_nat,raw,gaussian,TRUE,2.0265176183263525e-7,TRUE,TRUE,-0.4873539857401744,-0.4873539857401744
amelia_emb,mcosmo,none,y2004_2008,fe_country,pop,clustered,-0.006282860766828659,8.138213608655429e-4,-7.720196432478128,96.2103767304383,135,0.06215046333125142,10,unemp,share,all,mi,unweighted,wb_nat,raw,gaussian,TRUE,1.0934787550348627e-11,TRUE,TRUE,-0.6184835667060531,-0.6184835667060531
amelia_emb,mutil,none,y2004_2008,fe_country,pop,conventional,-2.9965711164230734e-5,7.069372773244483e-4,-0.04238807617790679,102.35830609735824,135,0.025105843250867517,10,unemp,share,all,mi,unweighted,wb_nat,raw,gaussian,TRUE,0.9662719093576488,FALSE,TRUE,-0.00418965584130463,-0.00418965584130463
amelia_emb,mutil,none,y2004_2008,fe_country,pop,clustered,-2.9965711164230734e-5,6.258063754067305e-4,-0.04788335872218482,102.12058867030551,135,0.027017507384301146,10,unemp,share,all,mi,unweighted,wb_nat,raw,gaussian,TRUE,0.9619027229363506,FALSE,TRUE,-0.0047383056910325246,-0.0047383056910325246
amelia_emb,mcomm,none,y2004_2008,fe_country,pop,conventional,0.005347392541782763,0.0010620021730233368,5.035199246871275,102.19311127381536,135,0.026441847781677776,10,unemp,share,all,mi,unweighted,wb_nat,raw,gaussian,FALSE,2.059109045022435e-6,TRUE,TRUE,0.44584372188908106,-0.44584372188908106
amelia_emb,mcomm,none,y2004_2008,fe_country,pop,clustered,0.005347392541782763,0.001820640062590844,2.9370948446411798,102.83952124140826,135,0.02099232228945819,10,unemp,share,all,mi,unweighted,wb_nat,raw,gaussian,FALSE,0.004089033412664305,TRUE,TRUE,0.2781933026698362,-0.2781933026698362
amelia_emb,mlib,none,y2004_2008,fe_country,pop,conventional,6.296518486330256e-4,7.177258660842266e-4,0.8772873855979083,100.71554765882772,135,0.03712971737049917,10,unemp,share,all,mi,unweighted,wb_nat,raw,gaussian,FALSE,0.38241843323224756,FALSE,TRUE,0.0870844412800519,-0.0870844412800519
amelia_emb,mlib,none,y2004_2008,fe_country,pop,clustered,6.296518486330256e-4,0.0019292353553392015,0.32637378684277696,102.86052941185372,135,0.020804271927880726,10,unemp,share,all,mi,unweighted,wb_nat,raw,gaussian,FALSE,0.7448046926498111,FALSE,TRUE,0.03216370993937633,-0.03216370993937633
amelia_emb,mpos,none,y2004_2008,fe_country,pop,conventional,-0.006209961562750446,0.0011838319299162625,-5.245644593476798,101.23413908919458,135,0.033599286534099354,10,unemp,share,all,mi,unweighted,wb_nat,raw,gaussian,TRUE,8.57750408689293e-7,TRUE,TRUE,-0.4622997744146154,-0.4622997744146154
amelia_emb,mpos,none,y2004_2008,fe_country,pop,clustered,-0.006209961562750446,5.65760107402155e-4,-10.976315723752975,90.77223309414941,135,0.08568566485748817,10,unemp,share,all,mi,unweighted,wb_nat,raw,gaussian,TRUE,2.457412717794302e-18,TRUE,TRUE,-0.7551903699667875,-0.7551903699667875
amelia_emb,mneg,none,y2004_2008,fe_country,pop,conventional,0.0059780126705630465,0.0012067289785248733,4.953898329242639,101.66646184607956,135,0.030486588260275557,10,unemp,share,all,mi,unweighted,wb_nat,raw,gaussian,FALSE,2.9062386104297205e-6,TRUE,TRUE,0.44096526962238,-0.44096526962238
amelia_emb,mneg,none,y2004_2008,fe_country,pop,clustered,0.0059780126705630465,5.662004856842861e-4,10.558119997615814,93.58704170839742,135,0.07407418646938287,10,unemp,share,all,mi,unweighted,wb_nat,raw,gaussian,FALSE,1.2669871791321721e-17,TRUE,TRUE,0.7373015079661633,-0.7373015079661633
amelia_emb,mcosmo,none,y2004_2008,re,none,conventional,-0.008247908903624,0.0016455738512843575,-5.01217790814224,127.86619664051217,135,0.023201093178733815,10,unemp,share,all,mi,unweighted,wb_nat,raw,gaussian,TRUE,1.7533671722195456e-6,TRUE,TRUE,-0.40522629454031533,-0.40522629454031533
amelia_emb,mcosmo,none,y2004_2008,re,none,clustered,-0.008247908903624,0.002773201361750418,-2.9741471417776886,128.70794876369027,135,0.017697086863129836,10,unemp,share,all,mi,unweighted,wb_nat,raw,gaussian,TRUE,0.003509068257976922,TRUE,TRUE,-0.2535867911241526,-0.2535867911241526
amelia_emb,mutil,none,y2004_2008,re,none,conventional,0.0017650362244363636,8.690101078972528e-4,2.0310882559320613,128.4090123266439,135,0.019739719572355725,10,unemp,share,all,mi,unweighted,wb_nat,raw,gaussian,TRUE,0.04431021246113295,TRUE,FALSE,0.17642681686302653,0.17642681686302653
amelia_emb,mutil,none,y2004_2008,re,none,clustered,0.0017650362244363636,0.0013612076125863537,1.296669375131335,128.8401126539145,135,0.016757517285368034,10,unemp,share,all,mi,unweighted,wb_nat,raw,gaussian,TRUE,0.19706248296411727,FALSE,FALSE,0.11349802002967896,0.11349802002967896
amelia_emb,mcomm,none,y2004_2008,re,none,conventional,0.005468123170688704,0.001097547920603504,4.9821270379538145,128.00296417005833,135,0.022355752912991616,10,unemp,share,all,mi,unweighted,wb_nat,raw,gaussian,FALSE,1.995113573775828e-6,TRUE,TRUE,0.40301223292581934,-0.40301223292581934
amelia_emb,mcomm,none,y2004_2008,re,none,clustered,0.005468123170688704,0.0013205598026169042,4.140761486040033,128.3712682117522,135,0.019990151413000454,10,unemp,share,all,mi,unweighted,wb_nat,raw,gaussian,FALSE,6.22914041056913e-5,TRUE,TRUE,0.3432599140392355,-0.3432599140392355
amelia_emb,mlib,none,y2004_2008,re,none,conventional,0.0022544095836682103,9.403172615173133e-4,2.397498882484039,128.035889942892,135,0.022149702735094524,10,unemp,share,all,mi,unweighted,wb_nat,raw,gaussian,FALSE,0.01795147525766603,TRUE,TRUE,0.20727957151934556,-0.20727957151934556
amelia_emb,mlib,none,y2004_2008,re,none,clustered,0.0022544095836682103,0.0012408311196974654,1.816854483967062,128.52194741617865,135,0.0189807172737501,10,unemp,share,all,mi,unweighted,wb_nat,raw,gaussian,FALSE,0.07156945981674963,FALSE,TRUE,0.15824307066954796,-0.15824307066954796
amelia_emb,mpos,none,y2004_2008,re,none,conventional,-0.00797339264417615,0.001637500440714713,-4.869246105787938,127.95033067113671,135,0.022683060990826006,10,unemp,share,all,mi,unweighted,wb_nat,raw,gaussian,TRUE,3.2420310167870837e-6,TRUE,TRUE,-0.3953906177462839,-0.3953906177462839
amelia_emb,mpos,none,y2004_2008,re,none,clustered,-0.00797339264417615,0.0021657438243397244,-3.681595465985926,128.4797221755049,135,0.01926623050425017,10,unemp,share,all,mi,unweighted,wb_nat,raw,gaussian,TRUE,3.399824279136458e-4,TRUE,TRUE,-0.3089157919911288,-0.3089157919911288
amelia_emb,mneg,none,y2004_2008,re,none,conventional,0.007810978208837592,0.00163489785317798,4.7776551872364985,128.04616247937875,135,0.022085209690703746,10,unemp,share,all,mi,unweighted,wb_nat,raw,gaussian,FALSE,4.778189795270494e-6,TRUE,TRUE,0.3889647640296772,-0.3889647640296772
amelia_emb,mneg,none,y2004_2008,re,none,clustered,0.007810978208837592,0.002133467871803689,3.6611651443496958,128.51331577633997,135,0.019039252711907578,10,unemp,share,all,mi,unweighted,wb_nat,raw,gaussian,FALSE,3.654421343385665e-4,TRUE,TRUE,0.3073275017869777,-0.3073275017869777
amelia_emb,mcosmo,none,y2004_2008,pooled_cl,none,conventional,0.003163468801744429,0.0019478118276152461,1.6241141761714948,128.91052625408318,135,0.016246898058389754,10,unemp,share,all,mi,unweighted,wb_nat,raw,gaussian,TRUE,0.10679415383839574,FALSE,FALSE,0.14160349790812674,0.14160349790812674
amelia_emb,mcosmo,none,y2004_2008,pooled_cl,none,clustered,0.003163468801744429,0.0032859559477298795,0.9627240450164674,129.04548186039708,135,0.01524735632866383,10,unemp,share,all,mi,unweighted,wb_nat,raw,gaussian,TRUE,0.33748656581559744,FALSE,FALSE,0.08444547525950458,0.08444547525950458
amelia_emb,mutil,none,y2004_2008,pooled_cl,none,conventional,8.838439894100312e-4,0.0015483727518128098,0.5708211981741741,129.0159030355499,135,0.015468865686389681,10,unemp,share,all,mi,unweighted,wb_nat,raw,gaussian,TRUE,0.5691137659839844,FALSE,FALSE,0.050191565699517986,0.050191565699517986
amelia_emb,mutil,none,y2004_2008,pooled_cl,none,clustered,8.838439894100312e-4,0.0020388266001276395,0.4335062085979743,129.05896235363923,135,0.015145935883003543,10,unemp,share,all,mi,unweighted,wb_nat,raw,gaussian,TRUE,0.6653707817241463,FALSE,FALSE,0.03813162127342203,0.03813162127342203
amelia_emb,mcomm,none,y2004_2008,pooled_cl,none,conventional,-0.0021938650040817715,0.0017230984874312088,-1.2732092913344613,129.01227117330455,135,0.015495967635979109,10,unemp,share,all,mi,unweighted,wb_nat,raw,gaussian,FALSE,0.205233177426649,FALSE,FALSE,-0.11139682049331985,0.11139682049331985
amelia_emb,mcomm,none,y2004_2008,pooled_cl,none,clustered,-0.0021938650040817715,0.0024621739871289465,-0.8910276103761292,129.06600483645835,135,0.015092833997967788,10,unemp,share,all,mi,unweighted,wb_nat,raw,gaussian,FALSE,0.3745723814195051,FALSE,FALSE,-0.07819042453456476,0.07819042453456476
amelia_emb,mlib,none,y2004_2008,pooled_cl,none,conventional,-0.0018346017742972953,0.0018255040588687093,-1.0049836730761497,129.0847806808129,135,0.014950861508124328,10,unemp,share,all,mi,unweighted,wb_nat,raw,gaussian,FALSE,0.31678487523009086,FALSE,FALSE,-0.08811078747324325,0.08811078747324325
amelia_emb,mlib,none,y2004_2008,pooled_cl,none,clustered,-0.0018346017742972953,0.0023278506207666107,-0.7881097515153794,129.09721246680192,135,0.014856537690353822,10,unemp,share,all,mi,unweighted,wb_nat,raw,gaussian,FALSE,0.43207724761929733,FALSE,FALSE,-0.06919680265342898,0.06919680265342898
amelia_emb,mpos,none,y2004_2008,pooled_cl,none,conventional,0.004002148558599006,0.00286918490388511,1.394873001450611,129.04721713165782,135,0.015234317563660827,10,unemp,share,all,mi,unweighted,wb_nat,raw,gaussian,TRUE,0.16545040436761244,FALSE,FALSE,0.12187392838965577,0.12187392838965577
amelia_emb,mpos,none,y2004_2008,pooled_cl,none,clustered,0.004002148558599006,0.0036987001021419434,1.082041919614227,129.07513489127138,135,0.015023870244819644,10,unemp,share,all,mi,unweighted,wb_nat,raw,gaussian,TRUE,0.28125125924627375,FALSE,FALSE,0.0948117085765698,0.0948117085765698
amelia_emb,mneg,none,y2004_2008,pooled_cl,none,conventional,-0.0040059014731041506,0.0028518537593730637,-1.4046658107689178,129.04862263092966,135,0.01522375311842349,10,unemp,share,all,mi,unweighted,wb_nat,raw,gaussian,FALSE,0.16252309500072099,FALSE,FALSE,-0.1227160541851872,0.1227160541851872
amelia_emb,mneg,none,y2004_2008,pooled_cl,none,clustered,-0.0040059014731041506,0.0036721854190139647,-1.0908766894945607,129.07588189368764,135,0.015018221697437651,10,unemp,share,all,mi,unweighted,wb_nat,raw,gaussian,FALSE,0.2773593329487283,FALSE,FALSE,-0.09557851963472498,0.09557851963472498
amelia_emb,mcosmo,none,y2004_2008,pooled_cl,n_cell,conventional,0.0038045343254908604,0.002004384506387435,1.898106033730969,128.96554213655,135,0.01584282573538247,10,unemp,share,all,mi,unweighted,wb_nat,raw,gaussian,TRUE,0.05991694410333148,FALSE,FALSE,0.1648544013015996,0.1648544013015996
amelia_emb,mcosmo,none,y2004_2008,pooled_cl,n_cell,clustered,0.0038045343254908604,0.0035678432996288363,1.0663400844668955,129.06972996127337,135,0.015064712868144281,10,unemp,share,all,mi,unweighted,wb_nat,raw,gaussian,TRUE,0.28826052861796414,FALSE,FALSE,0.09344990915568743,0.09344990915568743
amelia_emb,mutil,none,y2004_2008,pooled_cl,n_cell,conventional,2.421606622666342e-4,0.0015718214916487488,0.15406371751070908,129.0156859565646,135,0.015470486177072187,10,unemp,share,all,mi,unweighted,wb_nat,raw,gaussian,TRUE,0.8778002311050178,FALSE,FALSE,0.01356248182530381,0.01356248182530381
amelia_emb,mutil,none,y2004_2008,pooled_cl,n_cell,clustered,2.421606622666342e-4,0.00230875265738799,0.10488809249086169,129.07031719069826,135,0.01506027776780707,10,unemp,share,all,mi,unweighted,wb_nat,raw,gaussian,TRUE,0.9166274302798063,FALSE,FALSE,0.00923197225408148,0.00923197225408148
amelia_emb,mcomm,none,y2004_2008,pooled_cl,n_cell,conventional,-0.0013103085038656647,0.0017602814633841,-0.7443744259776657,129.0275030097822,135,0.015382163018887106,10,unemp,share,all,mi,unweighted,wb_nat,raw,gaussian,FALSE,0.45800353843554953,FALSE,FALSE,-0.06539127135201514,0.06539127135201514
amelia_emb,mcomm,none,y2004_2008,pooled_cl,n_cell,clustered,-0.0013103085038656647,0.0028450203054817195,-0.46056209206696785,129.0829439641472,135,0.014964775444831277,10,unemp,share,all,mi,unweighted,wb_nat,raw,gaussian,FALSE,0.6458877697197495,FALSE,FALSE,-0.04050393531663934,0.04050393531663934
amelia_emb,mlib,none,y2004_2008,pooled_cl,n_cell,conventional,-0.002828991964740457,0.001855684947886793,-1.5245001410191108,129.0592906249871,135,0.0151434624457397,10,unemp,share,all,mi,unweighted,wb_nat,raw,gaussian,FALSE,0.12983058247547344,FALSE,FALSE,-0.1330017131400666,0.1330017131400666
amelia_emb,mlib,none,y2004_2008,pooled_cl,n_cell,clustered,-0.002828991964740457,0.0024783021676409666,-1.1415040513132033,129.08473386395352,135,0.014951216235951704,10,unemp,share,all,mi,unweighted,wb_nat,raw,gaussian,FALSE,0.25577338810039246,FALSE,FALSE,-0.09996754711657913,0.09996754711657913
amelia_emb,mpos,none,y2004_2008,pooled_cl,n_cell,conventional,0.004018850985987787,0.0029781408933032246,1.3494495828000441,129.05384748374485,135,0.015184452369342344,10,unemp,share,all,mi,unweighted,wb_nat,raw,gaussian,TRUE,0.1795551776837216,FALSE,FALSE,0.11795831104023205,0.11795831104023205
amelia_emb,mpos,none,y2004_2008,pooled_cl,n_cell,clustered,0.004018850985987787,0.004596159650273961,0.8743932525816933,129.09059048230174,135,0.014906812801612967,10,unemp,share,all,mi,unweighted,wb_nat,raw,gaussian,TRUE,0.3835279727896448,FALSE,FALSE,0.07673212078636903,0.07673212078636903
amelia_emb,mneg,none,y2004_2008,pooled_cl,n_cell,conventional,-0.004104092743188787,0.0029602478357734757,-1.3864017375816908,129.05152622006602,135,0.015201918124239155,10,unemp,share,all,mi,unweighted,wb_nat,raw,gaussian,FALSE,0.1680148003766872,FALSE,FALSE,-0.12114267294005246,0.12114267294005246
amelia_emb,mneg,none,y2004_2008,pooled_cl,n_cell,clustered,-0.004104092743188787,0.004570306811378015,-0.8979906410159239,129.08964495817327,135,0.014913985395239696,10,unemp,share,all,mi,unweighted,wb_nat,raw,gaussian,FALSE,0.3708623510721528,FALSE,FALSE,-0.07879050205664935,0.07879050205664935
amelia_emb,mcosmo,none,y2004_2008,pooled_cl,n_eff,conventional,0.003962511339001851,0.0019941533554544122,1.9870644994095275,128.95174607524535,135,0.01594458400536945,10,unemp,share,all,mi,unweighted,wb_nat,raw,gaussian,TRUE,0.04903455918463497,TRUE,FALSE,0.17236504371891023,0.17236504371891023
amelia_emb,mcosmo,none,y2004_2008,pooled_cl,n_eff,clustered,0.003962511339001851,0.003531255139388991,1.1221254717062104,129.06493469855664,135,0.015100908306124226,10,unemp,share,all,mi,unweighted,wb_nat,raw,gaussian,TRUE,0.2638923448867508,FALSE,FALSE,0.09829446270431376,0.09829446270431376
amelia_emb,mutil,none,y2004_2008,pooled_cl,n_eff,conventional,2.345996260176883e-4,0.0015949360858464139,0.14709029916593117,129.011756088261,135,0.015499809648798287,10,unemp,share,all,mi,unweighted,wb_nat,raw,gaussian,TRUE,0.8832903623036044,FALSE,FALSE,0.012948902918195889,0.012948902918195889
amelia_emb,mutil,none,y2004_2008,pooled_cl,n_eff,clustered,2.345996260176883e-4,0.002279170672911176,0.10293201330027431,129.06576138539424,135,0.015094671027974448,10,unemp,share,all,mi,unweighted,wb_nat,raw,gaussian,TRUE,0.9181766896994636,FALSE,FALSE,0.009059977491221878,0.009059977491221878
amelia_emb,mcomm,none,y2004_2008,pooled_cl,n_eff,conventional,-0.001468162992272562,0.001764355796917412,-0.83212410718839,129.0269222375958,135,0.015386509037842696,10,unemp,share,all,mi,unweighted,wb_nat,raw,gaussian,FALSE,0.40687636242824987,FALSE,FALSE,-0.07306101770656553,0.07306101770656553
amelia_emb,mcomm,none,y2004_2008,pooled_cl,n_eff,clustered,-0.001468162992272562,0.002800187685547512,-0.5243087811042554,129.08144906386207,135,0.014976095843029698,10,unemp,share,all,mi,unweighted,wb_nat,raw,gaussian,FALSE,0.6009629768758835,FALSE,FALSE,-0.046099186016996085,0.046099186016996085
amelia_emb,mlib,none,y2004_2008,pooled_cl,n_eff,conventional,-0.0028008101849527262,0.0018609670088027808,-1.5050294667795192,129.0547711936366,135,0.015177499713165041,10,unemp,share,all,mi,unweighted,wb_nat,raw,gaussian,FALSE,0.13476004722044063,FALSE,FALSE,-0.13133478163053564,0.13133478163053564
amelia_emb,mlib,none,y2004_2008,pooled_cl,n_eff,clustered,-0.0028008101849527262,0.002459389308201098,-1.1388234370268764,129.08147325286055,135,0.014975912697010612,10,unemp,share,all,mi,unweighted,wb_nat,raw,gaussian,FALSE,0.2568858996013921,FALSE,FALSE,-0.09973637652467546,0.09973637652467546
amelia_emb,mpos,none,y2004_2008,pooled_cl,n_eff,conventional,0.004164231576477062,0.002979884553020667,1.397447284411015,129.05048165525562,135,0.015209774828787086,10,unemp,share,all,mi,unweighted,wb_nat,raw,gaussian,TRUE,0.16467697352188837,FALSE,FALSE,0.12209397941600075,0.12209397941600075
amelia_emb,mpos,none,y2004_2008,pooled_cl,n_eff,clustered,0.004164231576477062,0.004513162539680733,0.9226859302903914,129.08811946497747,135,0.014925554402403689,10,unemp,share,all,mi,unweighted,wb_nat,raw,gaussian,TRUE,0.3578922623307613,FALSE,FALSE,0.08094375634597716,0.08094375634597716
amelia_emb,mneg,none,y2004_2008,pooled_cl,n_eff,conventional,-0.00423456280202249,0.002962132526115764,-1.4295656135194128,129.04843005582217,135,0.015225200799866882,10,unemp,share,all,mi,unweighted,wb_nat,raw,gaussian,FALSE,0.15525815287981193,FALSE,FALSE,-0.12485785018566375,0.12485785018566375
amelia_emb,mneg,none,y2004_2008,pooled_cl,n_eff,clustered,-0.00423456280202249,0.004488652555186642,-0.9433928667812457,129.08726408539277,135,0.01493203972002764,10,unemp,share,all,mi,unweighted,wb_nat,raw,gaussian,FALSE,0.3472422945114232,FALSE,FALSE,-0.0827482673744291,0.0827482673744291
amelia_emb,mcosmo,none,y2004_2008,pooled_cl,pop,conventional,0.008608239724185219,0.002106105087733556,4.087279297847767,128.80585295465664,135,0.01700338609761159,10,unemp,share,all,mi,unweighted,wb_nat,raw,gaussian,TRUE,7.630643885166288e-5,TRUE,FALSE,0.3388327267666045,0.3388327267666045
amelia_emb,mcosmo,none,y2004_2008,pooled_cl,pop,clustered,0.008608239724185219,0.005488028050286815,1.5685487838815502,129.0724392548298,135,0.01504424596894759,10,unemp,share,all,mi,unweighted,wb_nat,raw,gaussian,TRUE,0.11920146139818734,FALSE,FALSE,0.13676690632202013,0.13676690632202013
amelia_emb,mutil,none,y2004_2008,pooled_cl,pop,conventional,-0.0013705463158944094,0.0015399824261290178,-0.8899752962373005,128.9854999564127,135,0.015695100366831985,10,unemp,share,all,mi,unweighted,wb_nat,raw,gaussian,TRUE,0.375136071450173,FALSE,TRUE,-0.07812286399286039,-0.07812286399286039
amelia_emb,mutil,none,y2004_2008,pooled_cl,pop,clustered,-0.0013705463158944094,0.002511717902020002,-0.5456609258516544,129.06800409069493,135,0.015077744372856392,10,unemp,share,all,mi,unweighted,wb_nat,raw,gaussian,TRUE,0.5862408655944513,FALSE,TRUE,-0.04797480303054806,-0.04797480303054806
amelia_emb,mcomm,none,y2004_2008,pooled_cl,pop,conventional,-0.0032728113304847013,0.0017333770346894305,-1.8881127792667978,128.93353122915568,135,0.016078490695960755,10,unemp,share,all,mi,unweighted,wb_nat,raw,gaussian,FALSE,0.06125794648454119,FALSE,FALSE,-0.16402968429784015,0.16402968429784015
amelia_emb,mcomm,none,y2004_2008,pooled_cl,pop,clustered,-0.0032728113304847013,0.0040303506216554505,-0.8120413427307243,129.08360437261751,135,0.014959773204509454,10,unemp,share,all,mi,unweighted,wb_nat,raw,gaussian,FALSE,0.41826288021604086,FALSE,FALSE,-0.07129123641419191,0.07129123641419191
amelia_emb,mlib,none,y2004_2008,pooled_cl,pop,conventional,-0.004396370188925724,0.0017432764899667876,-2.5219006934519506,128.86378390972422,135,0.016586663116313485,10,unemp,share,all,mi,unweighted,wb_nat,raw,gaussian,FALSE,0.012890521560647081,TRUE,FALSE,-0.2168709919886178,0.2168709919886178
amelia_emb,mlib,none,y2004_2008,pooled_cl,pop,clustered,-0.004396370188925724,0.0043080783211993726,-1.0204944899195265,129.07646009894395,135,0.015013848897552362,10,unemp,share,all,mi,unweighted,wb_nat,raw,gaussian,FALSE,0.30940288940689314,FALSE,FALSE,-0.08946273951307397,0.08946273951307397
amelia_emb,mpos,none,y2004_2008,pooled_cl,pop,conventional,0.0072388505628419916,0.003125953718754379,2.3157254438579815,128.98475710149086,135,0.015700609954317418,10,unemp,share,all,mi,unweighted,wb_nat,raw,gaussian,TRUE,0.022151488524849272,TRUE,FALSE,0.19978943977916053,0.19978943977916053
amelia_emb,mpos,none,y2004_2008,pooled_cl,pop,clustered,0.0072388505628419916,0.007465262593412715,0.9696712570070197,129.09408441719654,135,0.014880295443901528,10,unemp,share,all,mi,unweighted,wb_nat,raw,gaussian,TRUE,0.334023633328172,FALSE,FALSE,0.0850345626312831,0.0850345626312831
amelia_emb,mneg,none,y2004_2008,pooled_cl,pop,conventional,-0.007575965559483278,0.0031013229184657454,-2.4428173907253687,128.9855032295389,135,0.01569507608889175,10,unemp,share,all,mi,unweighted,wb_nat,raw,gaussian,FALSE,0.015926670581967325,TRUE,FALSE,-0.21028096272428903,0.21028096272428903
amelia_emb,mneg,none,y2004_2008,pooled_cl,pop,clustered,-0.007575965559483278,0.007528247877794397,-1.006338484394175,129.09494538987457,135,0.014873757928196021,10,unemp,share,all,mi,unweighted,wb_nat,raw,gaussian,FALSE,0.31613530650757465,FALSE,FALSE,-0.08822519846934618,0.08822519846934618
amelia_emb,mcosmo,none,y2009_2013,fe_twoway,none,conventional,-0.0055253869017574,0.001041519201290006,-5.305122454692875,97.95293643827821,135,0.02945519120534659,10,unemp,share,all,mi,unweighted,wb_nat,raw,gaussian,TRUE,6.995687245458523e-7,TRUE,TRUE,-0.47243556814652626,-0.47243556814652626
amelia_emb,mcosmo,none,y2009_2013,fe_twoway,none,clustered,-0.0055253869017574,0.001268433583090462,-4.356071122222361,98.37074003052739,135,0.026006029831864057,10,unemp,share,all,mi,unweighted,wb_nat,raw,gaussian,TRUE,3.2522712165674785e-5,TRUE,TRUE,-0.4021245980304807,-0.4021245980304807
amelia_emb,mutil,none,y2009_2013,fe_twoway,none,conventional,-0.0022594399717292776,5.54403055426469e-4,-4.075446463748699,97.75836722759496,135,0.030990275710682847,10,unemp,share,all,mi,unweighted,wb_nat,raw,gaussian,TRUE,9.353363381592699e-5,TRUE,TRUE,-0.3810865574802952,-0.3810865574802952
amelia_emb,mutil,none,y2009_2013,fe_twoway,none,clustered,-0.0022594399717292776,9.21958063960037e-4,-2.4506971195896115,98.68510084400378,135,0.023251371498853028,10,unemp,share,all,mi,unweighted,wb_nat,raw,gaussian,TRUE,0.016017687879295146,TRUE,TRUE,-0.23951622079489357,-0.23951622079489357
amelia_emb,mcomm,none,y2009_2013,fe_twoway,none,conventional,0.007523581350482627,8.623899488259403e-4,8.72410602735485,98.41447421761632,135,0.02563163692245352,10,unemp,share,all,mi,unweighted,wb_nat,raw,gaussian,FALSE,6.862054296932107e-14,TRUE,TRUE,0.6603782082849661,-0.6603782082849661
amelia_emb,mcomm,none,y2009_2013,fe_twoway,none,clustered,0.007523581350482627,0.0011862539390435946,6.342302522972813,98.77413273502441,135,0.022442604520409946,10,unemp,share,all,mi,unweighted,wb_nat,raw,gaussian,FALSE,6.843689302830885e-9,TRUE,TRUE,0.537949141599993,-0.537949141599993
amelia_emb,mlib,none,y2009_2013,fe_twoway,none,conventional,3.347592938685474e-4,7.895151659747774e-4,0.42400616010363246,97.7209318830375,135,0.03128092267050978,10,unemp,share,all,mi,unweighted,wb_nat,raw,gaussian,FALSE,0.6724932346456176,FALSE,TRUE,0.04285280341829105,-0.04285280341829105
amelia_emb,mlib,none,y2009_2013,fe_twoway,none,clustered,3.347592938685474e-4,0.0015602561503606244,0.21455406138996727,98.81721742077194,135,0.022046304663791896,10,unemp,share,all,mi,unweighted,wb_nat,raw,gaussian,FALSE,0.8305571522600181,FALSE,TRUE,0.021578402832658897,-0.021578402832658897
amelia_emb,mpos,none,y2009_2013,fe_twoway,none,conventional,-0.0078017272834972565,0.0013159591750248295,-5.9285481127103,98.59139088499185,135,0.024088452088168004,10,unemp,share,all,mi,unweighted,wb_nat,raw,gaussian,TRUE,4.518764205114024e-8,TRUE,TRUE,-0.512647912669327,-0.512647912669327
amelia_emb,mpos,none,y2009_2013,fe_twoway,none,clustered,-0.0078017272834972565,0.0019972503228614454,-3.906234083026599,98.91501380867199,135,0.021134312337606487,10,unemp,share,all,mi,unweighted,wb_nat,raw,gaussian,TRUE,1.715439818481876e-4,TRUE,TRUE,-0.36557397266702435,-0.36557397266702435
amelia_emb,mneg,none,y2009_2013,fe_twoway,none,conventional,0.00784964922811212,0.001330403770016137,5.900200679690578,98.40354588447983,135,0.025725445349397563,10,unemp,share,all,mi,unweighted,wb_nat,raw,gaussian,FALSE,5.152246971887269e-8,TRUE,TRUE,0.5111975090526095,-0.5111975090526095
amelia_emb,mneg,none,y2009_2013,fe_twoway,none,clustered,0.00784964922811212,0.0020147974490066704,3.8959991893885566,98.83757265740772,135,0.02185792518738592,10,unemp,share,all,mi,unweighted,wb_nat,raw,gaussian,FALSE,1.7801740684029533e-4,TRUE,TRUE,0.3648675406145532,-0.3648675406145532
amelia_emb,mcosmo,none,y2009_2013,fe_twoway,n_cell,conventional,-0.004501545651519299,0.001046266580731563,-4.302484409252334,97.89521555888616,135,0.029914976259760466,10,unemp,share,all,mi,unweighted,wb_nat,raw,gaussian,TRUE,4.0040037417031715e-5,TRUE,TRUE,-0.39877738948902236,-0.39877738948902236
amelia_emb,mcosmo,none,y2009_2013,fe_twoway,n_cell,clustered,-0.004501545651519299,0.0011538352281507504,-3.9013765065345747,98.1384162802453,135,0.027951221345853462,10,unemp,share,all,mi,unweighted,wb_nat,raw,gaussian,TRUE,1.753107876787088e-4,TRUE,TRUE,-0.36642876981403727,-0.36642876981403727
amelia_emb,mutil,none,y2009_2013,fe_twoway,n_cell,conventional,-0.0018346493014989777,5.395219303243777e-4,-3.400509225632271,97.32920472074049,135,0.03423868563246812,10,unemp,share,all,mi,unweighted,wb_nat,raw,gaussian,TRUE,9.767833290476907e-4,TRUE,TRUE,-0.3258701936294468,-0.3258701936294468
amelia_emb,mutil,none,y2009_2013,fe_twoway,n_cell,clustered,-0.0018346493014989777,7.99178585268544e-4,-2.295668747032917,98.38629135986773,135,0.02587321102648448,10,unemp,share,all,mi,unweighted,wb_nat,raw,gaussian,TRUE,0.023817350516570017,TRUE,TRUE,-0.2254816424186382,-0.2254816424186382
amelia_emb,mcomm,none,y2009_2013,fe_twoway,n_cell,conventional,0.006287573156972683,8.512928938589696e-4,7.385910539521456,98.1640571557247,135,0.027739999081977475,10,unemp,share,all,mi,unweighted,wb_nat,raw,gaussian,FALSE,5.0180292436248465e-11,TRUE,TRUE,0.5976709598046172,-0.5976709598046172
amelia_emb,mcomm,none,y2009_2013,fe_twoway,n_cell,clustered,0.006287573156972683,0.0010129909562306976,6.206939083018583,98.47215329118495,135,0.025133660100220438,10,unemp,share,all,mi,unweighted,wb_nat,raw,gaussian,FALSE,1.284390394392745e-8,TRUE,TRUE,0.530297988209626,-0.530297988209626
amelia_emb,mlib,none,y2009_2013,fe_twoway,n_cell,conventional,1.319217875049496e-4,7.984824237451253e-4,0.16521564355317467,97.99080836882187,135,0.029151436375201553,10,unemp,share,all,mi,unweighted,wb_nat,raw,gaussian,FALSE,0.869114615641269,FALSE,TRUE,0.016687758891491527,-0.016687758891491527
amelia_emb,mlib,none,y2009_2013,fe_twoway,n_cell,clustered,1.319217875049496e-4,0.0016182547929863317,0.08152102380707354,98.88974992660536,135,0.021371601936065267,10,unemp,share,all,mi,unweighted,wb_nat,raw,gaussian,FALSE,0.9351923740976666,FALSE,TRUE,0.008197461648182337,-0.008197461648182337
amelia_emb,mpos,none,y2009_2013,fe_twoway,n_cell,conventional,-0.006349133070176811,0.0012929222200797875,-4.910684472407784,98.62439943309484,135,0.023795211290561002,10,unemp,share,all,mi,unweighted,wb_nat,raw,gaussian,TRUE,3.6009763257871857e-6,TRUE,TRUE,-0.44325163695104225,-0.44325163695104225
amelia_emb,mpos,none,y2009_2013,fe_twoway,n_cell,clustered,-0.006349133070176811,0.001751534112902897,-3.6248983239350703,98.87037779150596,135,0.021552746151202538,10,unemp,share,all,mi,unweighted,wb_nat,raw,gaussian,TRUE,4.589322990990017e-4,TRUE,TRUE,-0.34250499994732153,-0.34250499994732153
amelia_emb,mneg,none,y2009_2013,fe_twoway,n_cell,conventional,0.006409893589355133,0.001305901012035316,4.908406939179083,98.53158170533702,135,0.024615435110149086,10,unemp,share,all,mi,unweighted,wb_nat,raw,gaussian,FALSE,3.6388037125419585e-6,TRUE,TRUE,0.4432540888913315,-0.4432540888913315
amelia_emb,mneg,none,y2009_2013,fe_twoway,n_cell,clustered,0.006409893589355133,0.001764510340844546,3.6326755593209907,98.82049211573712,135,0.0220160488938448,10,unemp,share,all,mi,unweighted,wb_nat,raw,gaussian,FALSE,4.4700247918143244e-4,TRUE,TRUE,0.3432297980593779,-0.3432297980593779
amelia_emb,mcosmo,none,y2009_2013,fe_twoway,n_eff,conventional,-0.004581361435965633,0.0010282560948311865,-4.455467328611144,97.82631484889204,135,0.03045892334229839,10,unemp,share,all,mi,unweighted,wb_nat,raw,gaussian,TRUE,2.228737331858735e-5,TRUE,TRUE,-0.4107206506735039,-0.4107206506735039
amelia_emb,mcosmo,none,y2009_2013,fe_twoway,n_eff,clustered,-0.004581361435965633,0.0011497188223037835,-3.9847668378478773,98.11551058325267,135,0.028139214480371048,10,unemp,share,all,mi,unweighted,wb_nat,raw,gaussian,TRUE,1.2988971002398048e-4,TRUE,TRUE,-0.37321763072241626,-0.37321763072241626
amelia_emb,mutil,none,y2009_2013,fe_twoway,n_eff,conventional,-0.0018135139725672055,5.325254253200634e-4,-3.405497439821264,97.20500448331967,135,0.035146843443256526,10,unemp,share,all,mi,unweighted,wb_nat,raw,gaussian,TRUE,9.614209406723938e-4,TRUE,TRUE,-0.32648353639225763,-0.32648353639225763
amelia_emb,mutil,none,y2009_2013,fe_twoway,n_eff,clustered,-0.0018135139725672055,8.013065619924196e-4,-2.263196208025514,98.36469192827467,135,0.026057592876359392,10,unemp,share,all,mi,unweighted,wb_nat,raw,gaussian,TRUE,0.025821291026567782,TRUE,TRUE,-0.22247429274599811,-0.22247429274599811
amelia_emb,mcomm,none,y2009_2013,fe_twoway,n_eff,conventional,0.006295877561293368,8.416080663827302e-4,7.4807714098479785,98.11057970942025,135,0.028179598088963597,10,unemp,share,all,mi,unweighted,wb_nat,raw,gaussian,FALSE,3.179010586142674e-11,TRUE,TRUE,0.6026758518355567,-0.6026758518355567
amelia_emb,mcomm,none,y2009_2013,fe_twoway,n_eff,clustered,0.006295877561293368,0.001009432078370107,6.237049224212381,98.44823588063588,135,0.025340741357878276,10,unemp,share,all,mi,unweighted,wb_nat,raw,gaussian,FALSE,1.1198354827676321e-8,TRUE,TRUE,0.5321896091596692,-0.5321896091596692
amelia_emb,mlib,none,y2009_2013,fe_twoway,n_eff,conventional,1.7952087990466732e-4,7.831660294701875e-4,0.22922454900924819,97.93411945024118,135,0.029605498024612018,10,unemp,share,all,mi,unweighted,wb_nat,raw,gaussian,FALSE,0.8191724223060562,FALSE,TRUE,0.02315675188095685,-0.02315675188095685
amelia_emb,mlib,none,y2009_2013,fe_twoway,n_eff,clustered,1.7952087990466732e-4,0.0016412010298858873,0.10938384551047314,98.89600226724893,135,0.021312988748360098,10,unemp,share,all,mi,unweighted,wb_nat,raw,gaussian,FALSE,0.9131196929200639,FALSE,TRUE,0.010998603590545017,-0.010998603590545017
amelia_emb,mpos,none,y2009_2013,fe_twoway,n_eff,conventional,-0.006407388403918973,0.0012732013997409665,-5.03250185337729,98.60784107848559,135,0.023942528445580116,10,unemp,share,all,mi,unweighted,wb_nat,raw,gaussian,TRUE,2.179777436155038e-6,TRUE,TRUE,-0.45205248115172464,-0.45205248115172464
amelia_emb,mpos,none,y2009_2013,fe_twoway,n_eff,clustered,-0.006407388403918973,0.0017666058333619884,-3.6269485150092673,98.87562468219265,135,0.021503752393395307,10,unemp,share,all,mi,unweighted,wb_nat,raw,gaussian,TRUE,4.557221245672028e-4,TRUE,TRUE,-0.34266794951186164,-0.34266794951186164
amelia_emb,mneg,none,y2009_2013,fe_twoway,n_eff,conventional,0.006465750621759266,0.001285943948334438,5.028019012907789,98.51402790478345,135,0.024769059832895613,10,unemp,share,all,mi,unweighted,wb_nat,raw,gaussian,FALSE,2.223424073887073e-6,TRUE,TRUE,0.4519031345332558,-0.4519031345332558
amelia_emb,mneg,none,y2009_2013,fe_twoway,n_eff,clustered,0.006465750621759266,0.001778545785257273,3.6354142105056755,98.82732192916234,135,0.021952884625706832,10,unemp,share,all,mi,unweighted,wb_nat,raw,gaussian,FALSE,4.428251290125955e-4,TRUE,TRUE,0.34344757470210996,-0.34344757470210996
amelia_emb,mcosmo,none,y2009_2013,fe_twoway,pop,conventional,-0.006421082170899981,0.0011749446735623869,-5.465008110919391,97.39724664746657,135,0.03373536476009482,10,unemp,share,all,mi,unweighted,wb_nat,raw,gaussian,TRUE,3.5592179473440506e-7,TRUE,TRUE,-0.48443864023505595,-0.48443864023505595
amelia_emb,mcosmo,none,y2009_2013,fe_twoway,pop,clustered,-0.006421082170899981,0.002349069962148746,-2.733457187042005,98.75830452802215,135,0.02258737801301021,10,unemp,share,all,mi,unweighted,wb_nat,raw,gaussian,TRUE,0.007427828906454661,TRUE,TRUE,-0.26520914525200223,-0.26520914525200223
amelia_emb,mutil,none,y2009_2013,fe_twoway,pop,conventional,-0.003941631898958007,6.978145814205292e-4,-5.648537597099353,96.21275412805335,135,0.04197434737870418,10,unemp,share,all,mi,unweighted,wb_nat,raw,gaussian,TRUE,1.6411144236142154e-7,TRUE,TRUE,-0.4990335100291214,-0.4990335100291214
amelia_emb,mutil,none,y2009_2013,fe_twoway,pop,clustered,-0.003941631898958007,0.0020449074351902353,-1.927535609254275,98.86974775276194,135,0.021558625831103944,10,unemp,share,all,mi,unweighted,wb_nat,raw,gaussian,TRUE,0.05678285252803895,FALSE,TRUE,-0.19030937347426016,-0.19030937347426016
amelia_emb,mcomm,none,y2009_2013,fe_twoway,pop,conventional,0.007450094930010135,9.01962016896023e-4,8.259876569579506,96.31607300521362,135,0.04129505825740608,10,unemp,share,all,mi,unweighted,wb_nat,raw,gaussian,FALSE,7.827862113826392e-13,TRUE,TRUE,0.6439255457309488,-0.6439255457309488
amelia_emb,mcomm,none,y2009_2013,fe_twoway,pop,clustered,0.007450094930010135,0.001140257753175188,6.533693727812356,97.50883103961962,135,0.03290072024595795,10,unemp,share,all,mi,unweighted,wb_nat,raw,gaussian,FALSE,2.9281179159750544e-9,TRUE,TRUE,0.5518078661890506,-0.5518078661890506
amelia_emb,mlib,none,y2009_2013,fe_twoway,pop,conventional,0.0032215204535851086,0.0010195356362094857,3.1597919083656016,97.23514227818953,135,0.03492770509434248,10,unemp,share,all,mi,unweighted,wb_nat,raw,gaussian,FALSE,0.0021046797757484355,TRUE,TRUE,0.30515587897651075,-0.30515587897651075
amelia_emb,mlib,none,y2009_2013,fe_twoway,pop,clustered,0.0032215204535851086,0.0033778529541232546,0.9537183818652274,98.99959439152514,135,0.020330987261724547,10,unemp,share,all,mi,unweighted,wb_nat,raw,gaussian,FALSE,0.3425490974903579,FALSE,TRUE,0.0954151793341475,-0.0954151793341475
amelia_emb,mpos,none,y2009_2013,fe_twoway,pop,conventional,-0.010418445622889586,0.0015649565139316602,-6.657338737621017,98.39863311103412,135,0.025767560846023982,10,unemp,share,all,mi,unweighted,wb_nat,raw,gaussian,TRUE,1.5990005700244482e-9,TRUE,TRUE,-0.5572628277669945,-0.5572628277669945
amelia_emb,mpos,none,y2009_2013,fe_twoway,pop,clustered,-0.010418445622889586,0.004187192464509116,-2.488169748870378,99.0514234713566,135,0.01983172004190949,10,unemp,share,all,mi,unweighted,wb_nat,raw,gaussian,TRUE,0.014509011305670571,TRUE,TRUE,-0.24254069004059786,-0.24254069004059786
amelia_emb,mneg,none,y2009_2013,fe_twoway,pop,conventional,0.010661226913782264,0.0015893966393787748,6.707719551961095,98.35202645428457,135,0.026165406638521408,10,unemp,share,all,mi,unweighted,wb_nat,raw,gaussian,FALSE,1.2642195642558502e-9,TRUE,TRUE,0.5602512345178619,-0.5602512345178619
amelia_emb,mneg,none,y2009_2013,fe_twoway,pop,clustered,0.010661226913782264,0.0042598579328749315,2.5027188891689445,99.046041788068,135,0.019883816173691362,10,unemp,share,all,mi,unweighted,wb_nat,raw,gaussian,FALSE,0.013960779605798215,TRUE,TRUE,0.24388101840912954,-0.24388101840912954
amelia_emb,mcosmo,none,y2009_2013,fe_country,none,conventional,-0.007803055515768535,0.0011736062217454879,-6.648785061963255,102.44287574626453,135,0.02440786292945271,10,unemp,share,all,mi,unweighted,wb_nat,raw,gaussian,TRUE,1.4678381972615363e-9,TRUE,TRUE,-0.5490380166259572,-0.5490380166259572
amelia_emb,mcosmo,none,y2009_2013,fe_country,none,clustered,-0.007803055515768535,0.001696155018531608,-4.600437713838079,102.82042703567448,135,0.02116257098299615,10,unemp,share,all,mi,unweighted,wb_nat,raw,gaussian,TRUE,1.206337055320043e-5,TRUE,TRUE,-0.4131574019839016,-0.4131574019839016
amelia_emb,mutil,none,y2009_2013,fe_country,none,conventional,-0.003634522665392774,6.327364324967497e-4,-5.74413370042738,101.61588651804252,135,0.030859631933811343,10,unemp,share,all,mi,unweighted,wb_nat,raw,gaussian,TRUE,9.68321404912021e-8,TRUE,TRUE,-0.495090202105779,-0.495090202105779
amelia_emb,mutil,none,y2009_2013,fe_country,none,clustered,-0.003634522665392774,0.0011509478021489539,-3.1578518666152333,102.72393724180294,135,0.02201340609444733,10,unemp,share,all,mi,unweighted,wb_nat,raw,gaussian,TRUE,0.0020870451578822885,TRUE,TRUE,-0.29746616123884095,-0.29746616123884095
amelia_emb,mcomm,none,y2009_2013,fe_country,none,conventional,0.00833644486230641,8.28884813164594e-4,10.057422611567404,102.41520573266712,135,0.024637317081197325,10,unemp,share,all,mi,unweighted,wb_nat,raw,gaussian,FALSE,5.83481727303398e-17,TRUE,TRUE,0.7049090056094779,-0.7049090056094779
amelia_emb,mcomm,none,y2009_2013,fe_country,none,clustered,0.00833644486230641,0.001279586742905915,6.514950946877206,102.8508927117486,135,0.020890629233461386,10,unemp,share,all,mi,unweighted,wb_nat,raw,gaussian,FALSE,2.7314294534478995e-9,TRUE,TRUE,0.5404868104233783,-0.5404868104233783
amelia_emb,mlib,none,y2009_2013,fe_country,none,conventional,0.0032455305159690656,0.0011089163566000446,2.9267586294063825,102.54841938986637,135,0.023522632031970733,10,unemp,share,all,mi,unweighted,wb_nat,raw,gaussian,FALSE,0.004218779954447579,TRUE,TRUE,0.27765267431678137,-0.27765267431678137
amelia_emb,mlib,none,y2009_2013,fe_country,none,clustered,0.0032455305159690656,0.0019784554305305353,1.6404365071285716,102.96474525248895,135,0.019859665652931933,10,unemp,share,all,mi,unweighted,wb_nat,raw,gaussian,FALSE,0.10396597716884572,FALSE,TRUE,0.15959261880324277,-0.15959261880324277
amelia_emb,mpos,none,y2009_2013,fe_country,none,conventional,-0.011441220233703458,0.0015857955802035693,-7.214814050771124,102.84576649193552,135,0.020936500179445736,10,unemp,share,all,mi,unweighted,wb_nat,raw,gaussian,TRUE,9.495598672372158e-11,TRUE,TRUE,-0.5796961328533129,-0.5796961328533129
amelia_emb,mpos,none,y2009_2013,fe_country,none,clustered,-0.011441220233703458,0.002672995382687075,-4.280299288134937,103.04145463830919,135,0.019151366505656332,10,unemp,share,all,mi,unweighted,wb_nat,raw,gaussian,TRUE,4.192449777927748e-5,TRUE,TRUE,-0.3885366837335863,-0.3885366837335863
amelia_emb,mneg,none,y2009_2013,fe_country,none,conventional,0.01155654235249587,0.0016072704738654645,7.19016652169472,102.76434187340637,135,0.021659023820052137,10,unemp,share,all,mi,unweighted,wb_nat,raw,gaussian,FALSE,1.0741130375655676e-10,TRUE,TRUE,0.5785314137342558,-0.5785314137342558
amelia_emb,mneg,none,y2009_2013,fe_country,none,clustered,0.01155654235249587,0.0027200485506787882,4.2486529696728885,103.01510838158919,135,0.019395919684415345,10,unemp,share,all,mi,unweighted,wb_nat,raw,gaussian,FALSE,4.7295923999596705e-5,TRUE,TRUE,0.3861356277752455,-0.3861356277752455
amelia_emb,mcosmo,none,y2009_2013,fe_country,n_cell,conventional,-0.006370598280096232,0.0012168071465014124,-5.23550366910081,102.38548557409335,135,0.024882591608574225,10,unemp,share,all,mi,unweighted,wb_nat,raw,gaussian,TRUE,8.811318852907003e-7,TRUE,TRUE,-0.4595447831518758,-0.4595447831518758
amelia_emb,mcosmo,none,y2009_2013,fe_country,n_cell,clustered,-0.006370598280096232,0.0016619180029279613,-3.8332807448216664,102.75127520299687,135,0.02177392507680076,10,unemp,share,all,mi,unweighted,wb_nat,raw,gaussian,TRUE,2.1814323043616653e-4,TRUE,TRUE,-0.3537144290872023,-0.3537144290872023
amelia_emb,mutil,none,y2009_2013,fe_country,n_cell,conventional,-0.002978349081210674,6.248239251727582e-4,-4.766701403738961,101.32636185649723,135,0.03294921595938663,10,unemp,share,all,mi,unweighted,wb_nat,raw,gaussian,TRUE,6.279090399175193e-6,TRUE,TRUE,-0.42797993378830346,-0.42797993378830346
amelia_emb,mutil,none,y2009_2013,fe_country,n_cell,clustered,-0.002978349081210674,0.0010256708047082681,-2.903806043360868,102.5319176649201,135,0.02366210498768479,10,unemp,share,all,mi,unweighted,wb_nat,raw,gaussian,TRUE,0.004515045419226337,TRUE,TRUE,-0.27566176900580747,-0.27566176900580747
amelia_emb,mcomm,none,y2009_2013,fe_country,n_cell,conventional,0.0069785495027883376,8.351212230767102e-4,8.356331164807822,102.16606999609603,135,0.02665724355516915,10,unemp,share,all,mi,unweighted,wb_nat,raw,gaussian,FALSE,3.393891652136651e-13,TRUE,TRUE,0.6371747607777787,-0.6371747607777787
amelia_emb,mcomm,none,y2009_2013,fe_country,n_cell,clustered,0.0069785495027883376,0.0010682056902706484,6.532964171928537,102.56735745352897,135,0.023362068800725486,10,unemp,share,all,mi,unweighted,wb_nat,raw,gaussian,FALSE,2.5292308526614398e-9,TRUE,TRUE,0.5420716859173346,-0.5420716859173346
amelia_emb,mlib,none,y2009_2013,fe_country,n_cell,conventional,0.0025098648121981075,0.0011417581603114092,2.1982455649921113,102.64867152604572,135,0.022666480509957607,10,unemp,share,all,mi,unweighted,wb_nat,raw,gaussian,FALSE,0.030177831152348643,TRUE,TRUE,0.21203641224148181,-0.21203641224148181
amelia_emb,mlib,none,y2009_2013,fe_country,n_cell,clustered,0.0025098648121981075,0.002044866906644861,1.2273976384684113,102.99518575333714,135,0.019579949306546652,10,unemp,share,all,mi,unweighted,wb_nat,raw,gaussian,FALSE,0.22247117580737008,FALSE,TRUE,0.12006699044842797,-0.12006699044842797
amelia_emb,mpos,none,y2009_2013,fe_country,n_cell,conventional,-0.009351971328501489,0.0016002734428748376,-5.843983333061495,102.84441675542213,135,0.02094857035493255,10,unemp,share,all,mi,unweighted,wb_nat,raw,gaussian,TRUE,6.042105023809076e-8,TRUE,TRUE,-0.4992914634641633,-0.4992914634641633
amelia_emb,mpos,none,y2009_2013,fe_country,n_cell,clustered,-0.009351971328501489,0.0025104855670212505,-3.7251643472293767,103.0248108247936,135,0.019306017190314377,10,unemp,share,all,mi,unweighted,wb_nat,raw,gaussian,TRUE,3.188662217239175e-4,TRUE,TRUE,-0.34453638944259246,-0.34453638944259246
amelia_emb,mneg,none,y2009_2013,fe_country,n_cell,conventional,0.009464386169053138,0.0016197753613951503,5.843023912217828,102.81243868672883,135,0.021233609795277227,10,unemp,share,all,mi,unweighted,wb_nat,raw,gaussian,FALSE,6.07215174718202e-8,TRUE,TRUE,0.4992882049387153,-0.4992882049387153
amelia_emb,mneg,none,y2009_2013,fe_country,n_cell,clustered,0.009464386169053138,0.0025569699728774406,3.7014068485139697,103.01396830049565,135,0.01940647159235192,10,unemp,share,all,mi,unweighted,wb_nat,raw,gaussian,FALSE,3.4639234643386245e-4,TRUE,TRUE,0.3426136319399325,-0.3426136319399325
amelia_emb,mcosmo,none,y2009_2013,fe_country,n_eff,conventional,-0.006443756827694693,0.0011861174176481006,-5.43264666028742,102.31516613827486,135,0.025458158574688847,10,unemp,share,all,mi,unweighted,wb_nat,raw,gaussian,TRUE,3.7718764926926574e-7,TRUE,TRUE,-0.4731581050765017,-0.4731581050765017
amelia_emb,mcosmo,none,y2009_2013,fe_country,n_eff,clustered,-0.006443756827694693,0.0016463441328470373,-3.9139792824185844,102.73020082564217,135,0.021958645543206697,10,unemp,share,all,mi,unweighted,wb_nat,raw,gaussian,TRUE,1.6343851917869793e-4,TRUE,TRUE,-0.36023554801250884,-0.36023554801250884
amelia_emb,mutil,none,y2009_2013,fe_country,n_eff,conventional,-0.002977109109392223,6.143402454858592e-4,-4.846026499595085,101.1995805518539,135,0.03384105464487189,10,unemp,share,all,mi,unweighted,wb_nat,raw,gaussian,TRUE,4.553453841328137e-6,TRUE,TRUE,-0.43399147559981527,-0.43399147559981527
amelia_emb,mutil,none,y2009_2013,fe_country,n_eff,clustered,-0.002977109109392223,0.001026038803910199,-2.9015560601086055,102.51607031443973,135,0.023795669996176636,10,unemp,share,all,mi,unweighted,wb_nat,raw,gaussian,TRUE,0.004545214878201975,TRUE,TRUE,-0.27548406351552573,-0.27548406351552573
amelia_emb,mcomm,none,y2009_2013,fe_country,n_eff,conventional,0.007002028782206967,8.238165119045279e-4,8.499500411832523,102.09568765618708,135,0.027213697220019983,10,unemp,share,all,mi,unweighted,wb_nat,raw,gaussian,FALSE,1.6570244934372694e-13,TRUE,TRUE,0.6437220302237537,-0.6437220302237537
amelia_emb,mcomm,none,y2009_2013,fe_country,n_eff,clustered,0.007002028782206967,0.0010633052414072007,6.585154017429965,102.53887331843966,135,0.023603364692909832,10,unemp,share,all,mi,unweighted,wb_nat,raw,gaussian,FALSE,1.978436023319409e-9,TRUE,TRUE,0.545172119277685,-0.545172119277685
amelia_emb,mlib,none,y2009_2013,fe_country,n_eff,conventional,0.0025586360140864846,0.0011055206393827631,2.3144172283522706,102.60493850462487,135,0.023041846453388866,10,unemp,share,all,mi,unweighted,wb_nat,raw,gaussian,FALSE,0.022637405342107883,TRUE,TRUE,0.22274464281200937,-0.22274464281200937
amelia_emb,mlib,none,y2009_2013,fe_country,n_eff,clustered,0.0025586360140864846,0.002048935694922486,1.2487634533514638,102.9933697640074,135,0.019596685935705304,10,unemp,share,all,mi,unweighted,wb_nat,raw,gaussian,FALSE,0.21458259070316682,FALSE,TRUE,0.12212719650059245,-0.12212719650059245
amelia_emb,mpos,none,y2009_2013,fe_country,n_eff,conventional,-0.009423644727194556,0.0015608903567415166,-6.037352134628577,102.81937914796016,135,0.021171895913367173,10,unemp,share,all,mi,unweighted,wb_nat,raw,gaussian,TRUE,2.512944525824646e-8,TRUE,TRUE,-0.5115867393065858,-0.5115867393065858
amelia_emb,mpos,none,y2009_2013,fe_country,n_eff,clustered,-0.009423644727194556,0.0025033641032575727,-3.7643923690252548,103.02068369970496,135,0.019344281433954835,10,unemp,share,all,mi,unweighted,wb_nat,raw,gaussian,TRUE,2.779361581821656e-4,TRUE,TRUE,-0.34773398387172155,-0.34773398387172155
amelia_emb,mneg,none,y2009_2013,fe_country,n_eff,conventional,0.009536305370513346,0.0015803012797400739,6.034485634335414,102.7843547126977,135,0.021482487385662996,10,unemp,share,all,mi,unweighted,wb_nat,raw,gaussian,FALSE,2.5480587484366522e-8,TRUE,TRUE,0.5114717134878384,-0.5114717134878384
amelia_emb,mneg,none,y2009_2013,fe_country,n_eff,clustered,0.009536305370513346,0.0025504187565745964,3.739113565539064,103.00936428069868,135,0.019449057961695725,10,unemp,share,all,mi,unweighted,wb_nat,raw,gaussian,FALSE,3.037150652755397e-4,TRUE,TRUE,0.3456954508021713,-0.3456954508021713
amelia_emb,mcosmo,none,y2009_2013,fe_country,pop,conventional,-0.01068340704452237,0.001570231083218131,-6.803716445752125,102.00149335126198,135,0.027949253348750144,10,unemp,share,all,mi,unweighted,wb_nat,raw,gaussian,TRUE,7.118987915203465e-10,TRUE,TRUE,-0.5587110616331709,-0.5587110616331709
amelia_emb,mcosmo,none,y2009_2013,fe_country,pop,clustered,-0.01068340704452237,0.0035669903189270405,-2.9950759854419693,102.94122283089763,135,0.02007461421076926,10,unemp,share,all,mi,unweighted,wb_nat,raw,gaussian,TRUE,0.0034371173205035334,TRUE,TRUE,-0.28311970211628995,-0.28311970211628995
amelia_emb,mutil,none,y2009_2013,fe_country,pop,conventional,-0.005351981165193561,7.393802439372831e-4,-7.238469257298055,99.07341682706459,135,0.0472029083474751,10,unemp,share,all,mi,unweighted,wb_nat,raw,gaussian,TRUE,9.833385730328295e-11,TRUE,TRUE,-0.5881458871924595,-0.5881458871924595
amelia_emb,mutil,none,y2009_2013,fe_country,pop,clustered,-0.005351981165193561,0.0023157105355156656,-2.3111615562960566,102.8229197221618,135,0.021140381468931803,10,unemp,share,all,mi,unweighted,wb_nat,raw,gaussian,TRUE,0.022819416279952306,TRUE,TRUE,-0.22222256558756784,-0.22222256558756784
amelia_emb,mcomm,none,y2009_2013,fe_country,pop,conventional,0.009125104345863805,9.530348688254029e-4,9.574785398051931,101.15764894681041,135,0.0341330905515655,10,unemp,share,all,mi,unweighted,wb_nat,raw,gaussian,FALSE,7.653496005588783e-16,TRUE,TRUE,0.6895044266428538,-0.6895044266428538
amelia_emb,mcomm,none,y2009_2013,fe_country,pop,clustered,0.009125104345863805,0.0014312321727057349,6.3756981710471585,102.34012335218023,135,0.025254640230094872,10,unemp,share,all,mi,unweighted,wb_nat,raw,gaussian,FALSE,5.323086332004235e-9,TRUE,TRUE,0.5331819599755868,-0.5331819599755868
amelia_emb,mlib,none,y2009_2013,fe_country,pop,conventional,0.007254541122700358,0.0013781193864399364,5.264087563154339,102.32294651664458,135,0.025394800471406614,10,unemp,share,all,mi,unweighted,wb_nat,raw,gaussian,FALSE,7.804816238048836e-7,TRUE,TRUE,0.46163143124819583,-0.46163143124819583
amelia_emb,mlib,none,y2009_2013,fe_country,pop,clustered,0.007254541122700358,0.0043929671104814775,1.651398915642063,103.06927088365772,135,0.018891678086667765,10,unemp,share,all,mi,unweighted,wb_nat,raw,gaussian,FALSE,0.1017008526625437,FALSE,TRUE,0.16055231504738754,-0.16055231504738754
amelia_emb,mpos,none,y2009_2013,fe_country,pop,conventional,-0.016060467497573734,0.002040853224977258,-7.869486791610259,102.74439906353821,135,0.021834276195279514,10,unemp,share,all,mi,unweighted,wb_nat,raw,gaussian,TRUE,3.7703525599968245e-12,TRUE,TRUE,-0.6132462766282214,-0.6132462766282214
amelia_emb,mpos,none,y2009_2013,fe_country,pop,clustered,-0.016060467497573734,0.005613672252285747,-2.860955676746948,103.09346284792696,135,0.01866455971988833,10,unemp,share,all,mi,unweighted,wb_nat,raw,gaussian,TRUE,0.005114464944830182,TRUE,TRUE,-0.27120983790223857,-0.27120983790223857
amelia_emb,mneg,none,y2009_2013,fe_country,pop,conventional,0.01633873386221528,0.00206652298369785,7.906388649488253,102.67222766653697,135,0.022463057844440443,10,unemp,share,all,mi,unweighted,wb_nat,raw,gaussian,FALSE,3.147888978289124e-12,TRUE,TRUE,0.6151700866780286,-0.6151700866780286
amelia_emb,mneg,none,y2009_2013,fe_country,pop,clustered,0.01633873386221528,0.005696237697340202,2.868337792477389,103.08487797063702,135,0.018745292092503356,10,unemp,share,all,mi,unweighted,wb_nat,raw,gaussian,FALSE,0.005005433255061794,TRUE,TRUE,0.271868464644267,-0.271868464644267
amelia_emb,mcosmo,none,y2009_2013,re,none,conventional,-0.006679028647801326,0.0011384798914286956,-5.8666197779037725,128.38934476567704,135,0.019870411295833477,10,unemp,share,all,mi,unweighted,wb_nat,raw,gaussian,TRUE,3.5595678333493236e-8,TRUE,TRUE,-0.4597820110275044,-0.4597820110275044
amelia_emb,mcosmo,none,y2009_2013,re,none,clustered,-0.006679028647801326,0.001499633971079423,-4.4537725715787975,128.71003819884336,135,0.01768241674062525,10,unemp,share,all,mi,unweighted,wb_nat,raw,gaussian,TRUE,1.811582791496742e-5,TRUE,TRUE,-0.36542425304262144,-0.36542425304262144
amelia_emb,mutil,none,y2009_2013,re,none,conventional,-0.002859710124282931,6.085983242259565e-4,-4.6988465305421965,127.88718319022308,135,0.023072459117555642,10,unemp,share,all,mi,unweighted,wb_nat,raw,gaussian,TRUE,6.657533049041015e-6,TRUE,TRUE,-0.38370226401827906,-0.38370226401827906
amelia_emb,mutil,none,y2009_2013,re,none,clustered,-0.002859710124282931,8.068972932377523e-4,-3.5440819398563987,128.45006656433486,135,0.01946550790410549,10,unemp,share,all,mi,unweighted,wb_nat,raw,gaussian,TRUE,5.501473774027139e-4,TRUE,TRUE,-0.2984543407305292,-0.2984543407305292
amelia_emb,mcomm,none,y2009_2013,re,none,conventional,0.007876251722740953,8.194933139467043e-4,9.611123835542585,128.25759317466353,135,0.02073502337026395,10,unemp,share,all,mi,unweighted,wb_nat,raw,gaussian,FALSE,8.392228158419286e-17,TRUE,TRUE,0.647054134222498,-0.647054134222498
amelia_emb,mcomm,none,y2009_2013,re,none,clustered,0.007876251722740953,0.0012454166634216321,6.324190091613116,128.76191176052473,135,0.017316341654146222,10,unemp,share,all,mi,unweighted,wb_nat,raw,gaussian,FALSE,3.850849826240853e-9,TRUE,TRUE,0.48682586192127547,-0.48682586192127547
amelia_emb,mlib,none,y2009_2013,re,none,conventional,0.002214338979536464,0.001047895845506871,2.113128884927853,128.57664952250872,135,0.01860767512890791,10,unemp,share,all,mi,unweighted,wb_nat,raw,gaussian,FALSE,0.03652255424422217,TRUE,TRUE,0.18320261319258735,-0.18320261319258735
amelia_emb,mlib,none,y2009_2013,re,none,clustered,0.002214338979536464,0.0016096140654088794,1.3756955950642555,128.89507269901148,135,0.016359583092338533,10,unemp,share,all,mi,unweighted,wb_nat,raw,gaussian,FALSE,0.17130177413169112,FALSE,TRUE,0.12029263636774445,-0.12029263636774445
amelia_emb,mpos,none,y2009_2013,re,none,conventional,-0.009472288383044222,0.001547733452769238,-6.120103152190837,128.74201434831426,135,0.01745718584056821,10,unemp,share,all,mi,unweighted,wb_nat,raw,gaussian,TRUE,1.0470967683317284e-8,TRUE,TRUE,-0.47472955209686807,-0.47472955209686807
amelia_emb,mpos,none,y2009_2013,re,none,clustered,-0.009472288383044222,0.002129021220509001,-4.449128215255465,128.92242343393616,135,0.016159903950440063,10,unemp,share,all,mi,unweighted,wb_nat,raw,gaussian,TRUE,1.8437355604672116e-5,TRUE,TRUE,-0.3648332164648658,-0.3648332164648658
amelia_emb,mneg,none,y2009_2013,re,none,conventional,0.00957016537761525,0.0015638699908561505,6.1195402645817145,128.66432984302287,135,0.018002034821484564,10,unemp,share,all,mi,unweighted,wb_nat,raw,gaussian,FALSE,1.0512598506994215e-8,TRUE,TRUE,0.47480671383569534,-0.47480671383569534
amelia_emb,mneg,none,y2009_2013,re,none,clustered,0.00957016537761525,0.0021692981603027585,4.411641309961554,128.8869140748329,135,0.016418932547859966,10,unemp,share,all,mi,unweighted,wb_nat,raw,gaussian,FALSE,2.1441997737755107e-5,TRUE,TRUE,0.3622072686655134,-0.3622072686655134
amelia_emb,mcosmo,none,y2009_2013,pooled_cl,none,conventional,5.567501244574446e-4,0.0014310267171950746,0.3890564150673014,129.04377364170122,135,0.015260187062963476,10,unemp,share,all,mi,unweighted,wb_nat,raw,gaussian,TRUE,0.6978756539061752,FALSE,FALSE,0.03422862825464696,0.03422862825464696
amelia_emb,mcosmo,none,y2009_2013,pooled_cl,none,clustered,5.567501244574446e-4,0.0026991160182218933,0.20627128315299947,129.09653369894286,135,0.014861694369339672,10,unemp,share,all,mi,unweighted,wb_nat,raw,gaussian,TRUE,0.8369039639810103,FALSE,FALSE,0.018151391481286985,0.018151391481286985
amelia_emb,mutil,none,y2009_2013,pooled_cl,none,conventional,9.397326669036692e-4,6.919820195549097e-4,1.358030469502828,129.01038448994584,135,0.015510038335014869,10,unemp,share,all,mi,unweighted,wb_nat,raw,gaussian,TRUE,0.17682434014158296,FALSE,FALSE,0.11871756086800998,0.11871756086800998
amelia_emb,mutil,none,y2009_2013,pooled_cl,none,clustered,9.397326669036692e-4,9.66194823477053e-4,0.9726119868059795,129.06262085705882,135,0.015118360081473598,10,unemp,share,all,mi,unweighted,wb_nat,raw,gaussian,TRUE,0.3325655205430962,FALSE,FALSE,0.08530089448778956,0.08530089448778956
amelia_emb,mcomm,none,y2009_2013,pooled_cl,none,conventional,0.0015991064516224355,0.001401589262161989,1.1409237319325427,129.0821550588967,135,0.014970750031594758,10,unemp,share,all,mi,unweighted,wb_nat,raw,gaussian,FALSE,0.25601397581701446,FALSE,TRUE,0.09991822108695547,-0.09991822108695547
amelia_emb,mcomm,none,y2009_2013,pooled_cl,none,clustered,0.0015991064516224355,0.0031152762221228086,0.5133112885035838,129.10996699956485,135,0.014759496248996324,10,unemp,share,all,mi,unweighted,wb_nat,raw,gaussian,FALSE,0.6086108446761749,FALSE,TRUE,0.0451292614398795,-0.0451292614398795
amelia_emb,mlib,none,y2009_2013,pooled_cl,none,conventional,-0.002708745837982483,0.0011826414802684016,-2.2904201173188437,129.03040805505412,135,0.015360415959585283,10,unemp,share,all,mi,unweighted,wb_nat,raw,gaussian,FALSE,0.023619423434644914,TRUE,FALSE,-0.19765838957907278,0.19765838957907278
amelia_emb,mlib,none,y2009_2013,pooled_cl,none,clustered,-0.002708745837982483,0.001970775929314117,-1.3744565263313315,129.08600487757474,135,0.014941584569424146,10,unemp,share,all,mi,unweighted,wb_nat,raw,gaussian,FALSE,0.17168145187511025,FALSE,FALSE,-0.12009822240388394,0.12009822240388394
amelia_emb,mpos,none,y2009_2013,pooled_cl,none,conventional,0.0014153099131372971,0.0018414744532780376,0.7685742860118867,129.06726242499974,135,0.015083342954054365,10,unemp,share,all,mi,unweighted,wb_nat,raw,gaussian,TRUE,0.4435501212478409,FALSE,FALSE,0.06749727554112536,0.06749727554112536
amelia_emb,mpos,none,y2009_2013,pooled_cl,none,clustered,0.0014153099131372971,0.0032978040340626773,0.4291673788129031,129.10154876852795,135,0.014823576084833895,10,unemp,share,all,mi,unweighted,wb_nat,raw,gaussian,TRUE,0.6685167497996294,FALSE,FALSE,0.03774430230418252,0.03774430230418252
amelia_emb,mneg,none,y2009_2013,pooled_cl,none,conventional,-0.0011188545322326272,0.001841874729863402,-0.6074541954954799,129.07540354805766,135,0.015021838870675205,10,unemp,share,all,mi,unweighted,wb_nat,raw,gaussian,FALSE,0.5446167286512658,FALSE,FALSE,-0.053391472133134874,0.053391472133134874
amelia_emb,mneg,none,y2009_2013,pooled_cl,none,clustered,-0.0011188545322326272,0.0032629597731647243,-0.3428955948014821,129.1037859905445,135,0.014806557913928547,10,unemp,share,all,mi,unweighted,wb_nat,raw,gaussian,FALSE,0.7322346839705145,FALSE,FALSE,-0.03016440382926219,0.03016440382926219
amelia_emb,mcosmo,none,y2009_2013,pooled_cl,n_cell,conventional,0.0021979871574010932,0.0014302857744468635,1.5367468492449519,129.06133282594575,135,0.015128071051850487,10,unemp,share,all,mi,unweighted,wb_nat,raw,gaussian,TRUE,0.12680332837069852,FALSE,FALSE,0.13404998481287128,0.13404998481287128
amelia_emb,mcosmo,none,y2009_2013,pooled_cl,n_cell,clustered,0.0021979871574010932,0.0028723014333994256,0.7652355466047768,129.1032587603719,135,0.014810569222289323,10,unemp,share,all,mi,unweighted,wb_nat,raw,gaussian,TRUE,0.44552793360782905,FALSE,FALSE,0.06719606255228594,0.06719606255228594
amelia_emb,mutil,none,y2009_2013,pooled_cl,n_cell,conventional,0.001519337618302255,6.844559216464736e-4,2.2197742327182377,129.00554160701344,135,0.015546130318141555,10,unemp,share,all,mi,unweighted,wb_nat,raw,gaussian,TRUE,0.028180699911692884,TRUE,FALSE,0.19180728846271586,0.19180728846271586
amelia_emb,mutil,none,y2009_2013,pooled_cl,n_cell,clustered,0.001519337618302255,0.001075489730570677,1.4126937478947967,129.07218051141854,135,0.01504620112390461,10,unemp,share,all,mi,unweighted,wb_nat,raw,gaussian,TRUE,0.1601525533327521,FALSE,FALSE,0.12339565819115243,0.12339565819115243
amelia_emb,mcomm,none,y2009_2013,pooled_cl,n_cell,conventional,8.125914166841441e-4,0.0013391439261733913,0.6067991653489607,129.08736395839085,135,0.014931282565592733,10,unemp,share,all,mi,unweighted,wb_nat,raw,gaussian,FALSE,0.5450499552323741,FALSE,TRUE,0.05333159905878945,-0.05333159905878945
amelia_emb,mcomm,none,y2009_2013,pooled_cl,n_cell,clustered,8.125914166841441e-4,0.003195815217594269,0.2542673344223709,129.11180891659933,135,0.014745459593655558,10,unemp,share,all,mi,unweighted,wb_nat,raw,gaussian,FALSE,0.7996935428366246,FALSE,TRUE,0.02237169446592687,-0.02237169446592687
amelia_emb,mlib,none,y2009_2013,pooled_cl,n_cell,conventional,-0.004126290348724089,0.0011811456271442144,-3.49346452621653,129.0179497640737,135,0.015453583215918066,10,unemp,share,all,mi,unweighted,wb_nat,raw,gaussian,FALSE,6.537612226581441e-4,TRUE,FALSE,-0.2939711987541337,0.2939711987541337
amelia_emb,mlib,none,y2009_2013,pooled_cl,n_cell,clustered,-0.004126290348724089,0.002204060651421494,-1.872131035079668,129.0887715158458,135,0.014920609865026727,10,unemp,share,all,mi,unweighted,wb_nat,raw,gaussian,FALSE,0.06345110167017234,FALSE,FALSE,-0.16258290762805314,0.16258290762805314
amelia_emb,mpos,none,y2009_2013,pooled_cl,n_cell,conventional,0.0036266662000126572,0.0018270606789804972,1.9849730453595789,129.07609656573376,135,0.015016598258965156,10,unemp,share,all,mi,unweighted,wb_nat,raw,gaussian,TRUE,0.04926766322120413,TRUE,FALSE,0.17210850079218262,0.17210850079218262
amelia_emb,mpos,none,y2009_2013,pooled_cl,n_cell,clustered,0.0036266662000126572,0.003554345240535515,1.0203471960608548,129.10622651159326,135,0.014787983686121657,10,unemp,share,all,mi,unweighted,wb_nat,raw,gaussian,TRUE,0.30947200701659994,FALSE,FALSE,0.0894397003904954,0.0894397003904954
amelia_emb,mneg,none,y2009_2013,pooled_cl,n_cell,conventional,-0.003317097613969225,0.001833276144780249,-1.8093824126898452,129.08615581851495,135,0.014940440569606956,10,unemp,share,all,mi,unweighted,wb_nat,raw,gaussian,FALSE,0.07271849901708229,FALSE,FALSE,-0.15727219628754993,0.15727219628754993
amelia_emb,mneg,none,y2009_2013,pooled_cl,n_cell,clustered,-0.003317097613969225,0.003529670324860636,-0.9397754772183138,129.10869869952523,135,0.014769158224852363,10,unemp,share,all,mi,unweighted,wb_nat,raw,gaussian,FALSE,0.3490876457879484,FALSE,FALSE,-0.08242633720533829,0.08242633720533829
amelia_emb,mcosmo,none,y2009_2013,pooled_cl,n_eff,conventional,0.0021217753161791365,0.0014179677767376408,1.496349459407862,129.05913664459,135,0.01514462266896709,10,unemp,share,all,mi,unweighted,wb_nat,raw,gaussian,TRUE,0.1370041117688144,FALSE,FALSE,0.13058811339219326,0.13058811339219326
amelia_emb,mcosmo,none,y2009_2013,pooled_cl,n_eff,clustered,0.0021217753161791365,0.002879552824479136,0.7368419492574966,129.10303523186374,135,0.014812269746041311,10,unemp,share,all,mi,unweighted,wb_nat,raw,gaussian,TRUE,0.46255538193194623,FALSE,FALSE,0.0647134911829588,0.0647134911829588
amelia_emb,mutil,none,y2009_2013,pooled_cl,n_eff,conventional,0.0013593097710950526,6.735689197711443e-4,2.0180708034404256,128.9962833940669,135,0.015615025064069232,10,unemp,share,all,mi,unweighted,wb_nat,raw,gaussian,TRUE,0.0456579023279188,TRUE,FALSE,0.17494362730472957,0.17494362730472957
amelia_emb,mutil,none,y2009_2013,pooled_cl,n_eff,clustered,0.0013593097710950526,0.001053518768641283,1.2902568151188671,129.06803473166394,135,0.015077513055215921,10,unemp,share,all,mi,unweighted,wb_nat,raw,gaussian,TRUE,0.19926829111421362,FALSE,FALSE,0.11284540631039273,0.11284540631039273
amelia_emb,mcomm,none,y2009_2013,pooled_cl,n_eff,conventional,6.902264046153822e-4,0.001341872632961191,0.5143754985838097,129.08842137630634,135,0.014923265080244767,10,unemp,share,all,mi,unweighted,wb_nat,raw,gaussian,FALSE,0.6078689860977871,FALSE,TRUE,0.0452263995174282,-0.0452263995174282
amelia_emb,mcomm,none,y2009_2013,pooled_cl,n_eff,clustered,6.902264046153822e-4,0.0032171036413099555,0.21454901102730173,129.11203949791349,135,0.014743702004220633,10,unemp,share,all,mi,unweighted,wb_nat,raw,gaussian,FALSE,0.8304574446651982,FALSE,TRUE,0.01887842427768402,-0.01887842427768402
amelia_emb,mlib,none,y2009_2013,pooled_cl,n_eff,conventional,-0.0037719239328976055,0.0011500951031827198,-3.279662631776588,129.01314552396215,135,0.015489444903356332,10,unemp,share,all,mi,unweighted,wb_nat,raw,gaussian,FALSE,0.0013363957002814728,TRUE,FALSE,-0.2774107113538247,0.2774107113538247
amelia_emb,mlib,none,y2009_2013,pooled_cl,n_eff,clustered,-0.0037719239328976055,0.0021909268593864497,-1.7216110691864448,129.08861475593577,135,0.014921798648593535,10,unemp,share,all,mi,unweighted,wb_nat,raw,gaussian,FALSE,0.08753543274525047,FALSE,FALSE,-0.1498171857482456,0.1498171857482456
amelia_emb,mpos,none,y2009_2013,pooled_cl,n_eff,conventional,0.0033923774277838602,0.0018128821966117616,1.8712619243126452,129.0752527033089,135,0.015022979456270433,10,unemp,share,all,mi,unweighted,wb_nat,raw,gaussian,TRUE,0.06357261609185269,FALSE,FALSE,0.16251770981967786,0.16251770981967786
amelia_emb,mpos,none,y2009_2013,pooled_cl,n_eff,clustered,0.0033923774277838602,0.0035572821065825277,0.9536430696644718,129.10619306949877,135,0.014788238273712949,10,unemp,share,all,mi,unweighted,wb_nat,raw,gaussian,TRUE,0.3420464259448155,FALSE,FALSE,0.08363500316870873,0.08363500316870873
amelia_emb,mneg,none,y2009_2013,pooled_cl,n_eff,conventional,-0.0030854515042972987,0.0018192419730805665,-1.6960094093874873,129.08549761768182,135,0.014945428876774379,10,unemp,share,all,mi,unweighted,wb_nat,raw,gaussian,FALSE,0.09229454403220955,FALSE,FALSE,-0.1476399544315619,0.1476399544315619
amelia_emb,mneg,none,y2009_2013,pooled_cl,n_eff,clustered,-0.0030854515042972987,0.0035338941006683292,-0.873102423673018,129.1086713855326,135,0.014769366274424106,10,unemp,share,all,mi,unweighted,wb_nat,raw,gaussian,FALSE,0.3842282292730105,FALSE,FALSE,-0.07661417621276023,0.07661417621276023
amelia_emb,mcosmo,none,y2009_2013,pooled_cl,pop,conventional,0.00185349357335082,0.00136176153148775,1.3610999653704738,128.78465778248892,135,0.017154673385979372,10,unemp,share,all,mi,unweighted,wb_nat,raw,gaussian,TRUE,0.1758589948250985,FALSE,FALSE,0.11908484798803856,0.11908484798803856
amelia_emb,mcosmo,none,y2009_2013,pooled_cl,pop,clustered,0.00185349357335082,0.002110957852039183,0.8780343821456915,128.98147658352656,135,0.01572493055054701,10,unemp,share,all,mi,unweighted,wb_nat,raw,gaussian,TRUE,0.3815577162638031,FALSE,FALSE,0.07708214429374317,0.07708214429374317
amelia_emb,mutil,none,y2009_2013,pooled_cl,pop,conventional,0.0020318802627169326,6.711172484649097e-4,3.0276084653830386,128.96337731865566,135,0.015858812495774047,10,unemp,share,all,mi,unweighted,wb_nat,raw,gaussian,TRUE,0.0029774463605611945,TRUE,FALSE,0.25760603585635816,0.25760603585635816
amelia_emb,mutil,none,y2009_2013,pooled_cl,pop,clustered,0.0020318802627169326,0.001050582379832675,1.9340513430660693,129.05492251219897,135,0.015176360623694856,10,unemp,share,all,mi,unweighted,wb_nat,raw,gaussian,TRUE,0.055295684696202475,FALSE,FALSE,0.16783261341331618,0.16783261341331618
amelia_emb,mcomm,none,y2009_2013,pooled_cl,pop,conventional,-1.9443220964360243e-5,0.0010087412850309503,-0.019274735011726704,128.82578278794367,135,0.01686055871914236,10,unemp,share,all,mi,unweighted,wb_nat,raw,gaussian,FALSE,0.9846517596108165,FALSE,FALSE,-0.0016981904523943406,0.0016981904523943406
amelia_emb,mcomm,none,y2009_2013,pooled_cl,pop,clustered,-1.9443220964360243e-5,0.0022455459216084678,-0.008658571965623935,129.0596584749765,135,0.015140690584919562,10,unemp,share,all,mi,unweighted,wb_nat,raw,gaussian,FALSE,0.9931049153021558,FALSE,FALSE,-7.621683128783963e-4,7.621683128783963e-4
amelia_emb,mlib,none,y2009_2013,pooled_cl,pop,conventional,-0.0033986180324542758,0.0012048918405698267,-2.8206830837587673,128.88787129923568,135,0.016411974331146197,10,unemp,share,all,mi,unweighted,wb_nat,raw,gaussian,FALSE,0.005550913238912004,TRUE,FALSE,-0.24112443138621747,0.24112443138621747
amelia_emb,mlib,none,y2009_2013,pooled_cl,pop,clustered,-0.0033986180324542758,0.002973437456368401,-1.142992944134486,129.0801373326137,135,0.014986026112022646,10,unemp,share,all,mi,unweighted,wb_nat,raw,gaussian,FALSE,0.2551570358012394,FALSE,FALSE,-0.10009839609754376,0.10009839609754376
amelia_emb,mpos,none,y2009_2013,pooled_cl,pop,conventional,0.0037663770532302826,0.0017687457269026587,2.129405598523072,128.96549947251248,135,0.015843140870608233,10,unemp,share,all,mi,unweighted,wb_nat,raw,gaussian,TRUE,0.035121032143980394,TRUE,FALSE,0.18429687614770618,0.18429687614770618
amelia_emb,mpos,none,y2009_2013,pooled_cl,pop,clustered,0.0037663770532302826,0.0029245129233614153,1.2878647323265149,129.0621550392917,135,0.015121872377018215,10,unemp,share,all,mi,unweighted,wb_nat,raw,gaussian,TRUE,0.20009742844634928,FALSE,FALSE,0.1126413855541123,0.1126413855541123
amelia_emb,mneg,none,y2009_2013,pooled_cl,pop,conventional,-0.0034105986591141057,0.0017854261009919584,-1.9102435307847374,128.99105734644314,135,0.015653855169930824,10,unemp,share,all,mi,unweighted,wb_nat,raw,gaussian,FALSE,0.05832162361755863,FALSE,FALSE,-0.16586369551078292,0.16586369551078292
amelia_emb,mneg,none,y2009_2013,pooled_cl,pop,clustered,-0.0034105986591141057,0.002921662739467046,-1.1673485146120077,129.07036779182457,135,0.015059895571950829,10,unemp,share,all,mi,unweighted,wb_nat,raw,gaussian,FALSE,0.24522169832581084,FALSE,FALSE,-0.10221312733654302,0.10221312733654302
amelia_emb,mcosmo,none,no_bailout,fe_twoway,none,conventional,0.001111087304475189,0.0013319726380242331,0.8341667634579251,156.47022337004643,190,0.015895080926960268,10,unemp,share,all,mi,unweighted,wb_nat,raw,gaussian,TRUE,0.40545870488243574,FALSE,FALSE,0.06653857599540822,0.06653857599540822
amelia_emb,mcosmo,none,no_bailout,fe_twoway,none,clustered,0.001111087304475189,0.0017972578811464284,0.6182125092512892,156.7623152525948,190,0.014227323238974998,10,unemp,share,all,mi,unweighted,wb_nat,raw,gaussian,TRUE,0.5373324220117499,FALSE,FALSE,0.049316039655046,0.049316039655046
amelia_emb,mutil,none,no_bailout,fe_twoway,none,conventional,-0.0019119443566157446,6.698878011338256e-4,-2.8541262482757013,156.39939263756432,190,0.016286582289193687,10,unemp,share,all,mi,unweighted,wb_nat,raw,gaussian,TRUE,0.004900638425547828,TRUE,TRUE,-0.22250012950717196,-0.22250012950717196
amelia_emb,mutil,none,no_bailout,fe_twoway,none,clustered,-0.0019119443566157446,7.366723526820292e-4,-2.595379546490188,156.52689369556467,190,0.015578369235024772,10,unemp,share,all,mi,unweighted,wb_nat,raw,gaussian,TRUE,0.010347183136616719,TRUE,TRUE,-0.2031220820672331,-0.2031220820672331
amelia_emb,mcomm,none,no_bailout,fe_twoway,none,conventional,0.0025494268527235654,8.647081828748876e-4,2.948308924575582,156.5960823331705,190,0.01518735587503245,10,unemp,share,all,mi,unweighted,wb_nat,raw,gaussian,FALSE,0.003684733080960453,TRUE,TRUE,0.22932506546256393,-0.22932506546256393
amelia_emb,mcomm,none,no_bailout,fe_twoway,none,clustered,0.0025494268527235654,0.001307864472567659,1.9493050741858708,156.88428635041458,190,0.013503126320803666,10,unemp,share,all,mi,unweighted,wb_nat,raw,gaussian,FALSE,0.05304244903146576,FALSE,TRUE,0.1537777111722433,-0.1537777111722433
amelia_emb,mlib,none,no_bailout,fe_twoway,none,conventional,-0.0019389591548589437,8.22888302058654e-4,-2.3562847472836452,156.30469508787348,190,0.016802738476954564,10,unemp,share,all,mi,unweighted,wb_nat,raw,gaussian,FALSE,0.019699026551686254,TRUE,FALSE,-0.18520910513822067,0.18520910513822067
amelia_emb,mlib,none,no_bailout,fe_twoway,none,clustered,-0.0019389591548589437,0.0014647587642422782,-1.3237395823755116,156.85990013388525,190,0.013649327822955106,10,unemp,share,all,mi,unweighted,wb_nat,raw,gaussian,FALSE,0.1875154814481612,FALSE,FALSE,-0.10510763860411983,0.10510763860411983
amelia_emb,mpos,none,no_bailout,fe_twoway,none,conventional,-7.473805295887374e-4,0.0013200800117049959,-0.5661630529678513,156.75328850416167,190,0.014280233250053898,10,unemp,share,all,mi,unweighted,wb_nat,raw,gaussian,TRUE,0.5720925860596469,FALSE,TRUE,-0.04517411041068277,-0.04517411041068277
amelia_emb,mpos,none,no_bailout,fe_twoway,none,clustered,-7.473805295887374e-4,0.0018047493202508244,-0.4141187483505279,156.91620140796002,190,0.013310689771514724,10,unemp,share,all,mi,unweighted,wb_nat,raw,gaussian,TRUE,0.6793526483942153,FALSE,TRUE,-0.03304104755944733,-0.03304104755944733
amelia_emb,mneg,none,no_bailout,fe_twoway,none,conventional,6.159145152390822e-4,0.0013267260974436923,0.4642363758622169,156.72197953482836,190,0.014463040356673056,10,unemp,share,all,mi,unweighted,wb_nat,raw,gaussian,FALSE,0.6431226209019669,FALSE,TRUE,0.03705747370698647,-0.03705747370698647
amelia_emb,mneg,none,no_bailout,fe_twoway,none,clustered,6.159145152390822e-4,0.0018202340317588406,0.3383710580578155,156.90141892634134,190,0.01339997896455831,10,unemp,share,all,mi,unweighted,wb_nat,raw,gaussian,FALSE,0.7355359380257533,FALSE,TRUE,0.027003581812473035,-0.027003581812473035
amelia_emb,mcosmo,none,no_bailout,fe_twoway,n_cell,conventional,0.0014607951263366915,0.001250752004121483,1.167933468443843,156.47133566969472,190,0.015888894780501872,10,unemp,share,all,mi,unweighted,wb_nat,raw,gaussian,TRUE,0.2446101368465075,FALSE,FALSE,0.09296423296518634,0.09296423296518634
amelia_emb,mcosmo,none,no_bailout,fe_twoway,n_cell,clustered,0.0014607951263366915,0.0018787038922390528,0.7775547452534978,156.82921138507115,190,0.013832300052754718,10,unemp,share,all,mi,unweighted,wb_nat,raw,gaussian,TRUE,0.43800291286024695,FALSE,FALSE,0.061970069498832596,0.061970069498832596
amelia_emb,mutil,none,no_bailout,fe_twoway,n_cell,conventional,-0.0019006968331205143,6.266319496736832e-4,-3.0331948987125483,156.21028651036931,190,0.01730939984620696,10,unemp,share,all,mi,unweighted,wb_nat,raw,gaussian,TRUE,0.0028344305250248736,TRUE,TRUE,-0.23584067208786338,-0.23584067208786338
amelia_emb,mutil,none,no_bailout,fe_twoway,n_cell,clustered,-0.0019006968331205143,7.683235474881681e-4,-2.473823481441306,156.52357231681842,190,0.015597018509351822,10,unemp,share,all,mi,unweighted,wb_nat,raw,gaussian,TRUE,0.014435317931601415,TRUE,TRUE,-0.1939771252294408,-0.1939771252294408
amelia_emb,mcomm,none,no_bailout,fe_twoway,n_cell,conventional,0.0027352231537637306,8.398523223010613e-4,3.256790606079002,156.8236845158237,190,0.013865133619601915,10,unemp,share,all,mi,unweighted,wb_nat,raw,gaussian,FALSE,0.0013810731892745897,TRUE,TRUE,0.25169391654992546,-0.25169391654992546
amelia_emb,mcomm,none,no_bailout,fe_twoway,n_cell,clustered,0.0027352231537637306,0.0016256728897327216,1.6825175415291764,157.02567122921738,190,0.012640838781881004,10,unemp,share,all,mi,unweighted,wb_nat,raw,gaussian,FALSE,0.09445593151852745,FALSE,TRUE,0.13307436459380645,-0.13307436459380645
amelia_emb,mlib,none,no_bailout,fe_twoway,n_cell,conventional,-0.0024529027396838847,8.057977675299878e-4,-3.0440674304705118,156.34972142198416,190,0.01655833429942117,10,unemp,share,all,mi,unweighted,wb_nat,raw,gaussian,FALSE,0.0027391766214408687,TRUE,FALSE,-0.23653915103541956,0.23653915103541956
amelia_emb,mlib,none,no_bailout,fe_twoway,n_cell,clustered,-0.0024529027396838847,0.001662078883005881,-1.4758040456225479,156.93105980033334,190,0.013220668094816602,10,unemp,share,all,mi,unweighted,wb_nat,raw,gaussian,FALSE,0.14200014572326886,FALSE,FALSE,-0.11699875627787797,0.11699875627787797
amelia_emb,mpos,none,no_bailout,fe_twoway,n_cell,conventional,-3.835218925655845e-4,0.0012359945265841444,-0.31029416742281585,156.76976712541196,190,0.014183574687866738,10,unemp,share,all,mi,unweighted,wb_nat,raw,gaussian,TRUE,0.7567493926470851,FALSE,TRUE,-0.024774741537211674,-0.024774741537211674
amelia_emb,mpos,none,no_bailout,fe_twoway,n_cell,clustered,-3.835218925655845e-4,0.0018538234438541708,-0.20688156352593515,156.95434394695533,190,0.013079039238555952,10,unemp,share,all,mi,unweighted,wb_nat,raw,gaussian,TRUE,0.8363705041630392,FALSE,TRUE,-0.016511096430635724,-0.016511096430635724
amelia_emb,mneg,none,no_bailout,fe_twoway,n_cell,conventional,2.824857930284811e-4,0.001244182164815799,0.2270453644304595,156.780598835934,190,0.014119870853955009,10,unemp,share,all,mi,unweighted,wb_nat,raw,gaussian,FALSE,0.8206842509127242,FALSE,TRUE,0.018129886841358425,-0.018129886841358425
amelia_emb,mneg,none,no_bailout,fe_twoway,n_cell,clustered,2.824857930284811e-4,0.0018676452084530847,0.15125238549052672,156.95921726646665,190,0.013049309561373993,10,unemp,share,all,mi,unweighted,wb_nat,raw,gaussian,FALSE,0.8799708493036855,FALSE,TRUE,0.012071942917215504,-0.012071942917215504
amelia_emb,mcosmo,none,no_bailout,fe_twoway,n_eff,conventional,0.0014988735778109145,0.0012466464993398543,1.2023244589421491,156.4593620895903,190,0.015955424182944166,10,unemp,share,all,mi,unweighted,wb_nat,raw,gaussian,TRUE,0.23105432229197506,FALSE,FALSE,0.09568058347948673,0.09568058347948673
amelia_emb,mcosmo,none,no_bailout,fe_twoway,n_eff,clustered,0.0014988735778109145,0.001848646802635224,0.8107949964667606,156.81694152060635,190,0.013905143204720827,10,unemp,share,all,mi,unweighted,wb_nat,raw,gaussian,TRUE,0.4187122095052259,FALSE,FALSE,0.06461095722398083,0.06461095722398083
amelia_emb,mutil,none,no_bailout,fe_twoway,n_eff,conventional,-0.0018286121445438871,6.236348916096924e-4,-2.9321838292658273,156.12106157792613,190,0.017781297309342282,10,unemp,share,all,mi,unweighted,wb_nat,raw,gaussian,TRUE,0.0038724693239812636,TRUE,TRUE,-0.22846498962837286,-0.22846498962837286
amelia_emb,mutil,none,no_bailout,fe_twoway,n_eff,clustered,-0.0018286121445438871,7.437866771291343e-4,-2.45851693875717,156.4292227323684,190,0.01612228186213601,10,unemp,share,all,mi,unweighted,wb_nat,raw,gaussian,TRUE,0.015041590503847783,TRUE,TRUE,-0.19287764688908002,-0.19287764688908002
amelia_emb,mcomm,none,no_bailout,fe_twoway,n_eff,conventional,0.0025142715714618117,8.283116098151779e-4,3.0354175188040933,156.81413141962102,190,0.013921801212834846,10,unemp,share,all,mi,unweighted,wb_nat,raw,gaussian,FALSE,0.0028131358432292625,TRUE,TRUE,0.2355743008045422,-0.2355743008045422
amelia_emb,mcomm,none,no_bailout,fe_twoway,n_eff,clustered,0.0025142715714618117,0.001573352790888553,1.5980342018790799,157.020360775411,190,0.012673693570838319,10,unemp,share,all,mi,unweighted,wb_nat,raw,gaussian,FALSE,0.11204577013464949,FALSE,TRUE,0.12650418803945587,-0.12650418803945587
amelia_emb,mlib,none,no_bailout,fe_twoway,n_eff,conventional,-0.002345127077559546,7.97155587903356e-4,-2.9418687056156716,156.2957526759214,190,0.016851062828987705,10,unemp,share,all,mi,unweighted,wb_nat,raw,gaussian,FALSE,0.0037590565517217557,TRUE,FALSE,-0.22905863768085347,0.22905863768085347
amelia_emb,mlib,none,no_bailout,fe_twoway,n_eff,clustered,-0.002345127077559546,0.00163399581467441,-1.4352099659611648,156.91743032759769,190,0.013303254641360805,10,unemp,share,all,mi,unweighted,wb_nat,raw,gaussian,FALSE,0.153217491712353,FALSE,FALSE,-0.11382769470473039,0.11382769470473039
amelia_emb,mpos,none,no_bailout,fe_twoway,n_eff,conventional,-2.7313280225868173e-4,0.0012236144669437391,-0.2232180230272156,156.77582617947513,190,0.014147956494802138,10,unemp,share,all,mi,unweighted,wb_nat,raw,gaussian,TRUE,0.8236564057288416,FALSE,TRUE,-0.017824637479833497,-0.017824637479833497
amelia_emb,mpos,none,no_bailout,fe_twoway,n_eff,clustered,-2.7313280225868173e-4,0.0018521714314294474,-0.14746626452816328,156.9595265807996,190,0.013047421566501969,10,unemp,share,all,mi,unweighted,wb_nat,raw,gaussian,TRUE,0.8829532626112566,FALSE,TRUE,-0.011769791139411664,-0.011769791139411664
amelia_emb,mneg,none,no_bailout,fe_twoway,n_eff,conventional,1.6967974047363342e-4,0.0012317039530543115,0.1377601655437339,156.76916534496948,190,0.014187109972784415,10,unemp,share,all,mi,unweighted,wb_nat,raw,gaussian,FALSE,0.8906067474008503,FALSE,TRUE,0.01100188364375359,-0.01100188364375359
amelia_emb,mneg,none,no_bailout,fe_twoway,n_eff,clustered,1.6967974047363342e-4,0.0018644035543987267,0.09101020005744165,156.95672428495698,190,0.013064521776589115,10,unemp,share,all,mi,unweighted,wb_nat,raw,gaussian,FALSE,0.9276005303843831,FALSE,TRUE,0.007264214287175599,-0.007264214287175599
amelia_emb,mcosmo,none,no_bailout,fe_twoway,pop,conventional,-0.0035633996981681245,9.566580146938603e-4,-3.7248417338649973,155.2309139048935,190,0.022173318519823657,10,unemp,share,all,mi,unweighted,wb_nat,raw,gaussian,TRUE,2.730738729343479e-4,TRUE,TRUE,-0.2864370142679985,-0.2864370142679985
amelia_emb,mcosmo,none,no_bailout,fe_twoway,pop,clustered,-0.0035633996981681245,0.002122268697293021,-1.6790520930329336,156.76311346779605,190,0.014222640083975254,10,unemp,share,all,mi,unweighted,wb_nat,raw,gaussian,TRUE,0.0951340071135428,FALSE,TRUE,-0.1329143189768525,-0.1329143189768525
amelia_emb,mutil,none,no_bailout,fe_twoway,pop,conventional,-0.0013030158935702656,4.522573657801317e-4,-2.881138024855822,151.99158978142054,190,0.0351086515003608,10,unemp,share,all,mi,unweighted,wb_nat,raw,gaussian,TRUE,0.004535863527092858,TRUE,TRUE,-0.22756601296434464,-0.22756601296434464
amelia_emb,mutil,none,no_bailout,fe_twoway,pop,clustered,-0.0013030158935702656,8.437101221150136e-4,-1.5443881250397513,155.92832820009718,190,0.018778924092916875,10,unemp,share,all,mi,unweighted,wb_nat,raw,gaussian,TRUE,0.12452143989245598,FALSE,TRUE,-0.12274322484032352,-0.12274322484032352
amelia_emb,mcomm,none,no_bailout,fe_twoway,pop,conventional,0.005676468469679683,8.04508737857299e-4,7.055819536277746,156.35153448910407,190,0.016548454680636475,10,unemp,share,all,mi,unweighted,wb_nat,raw,gaussian,FALSE,5.240132795362919e-11,TRUE,TRUE,0.491439897625033,-0.491439897625033
amelia_emb,mcomm,none,no_bailout,fe_twoway,pop,clustered,0.005676468469679683,0.0026641243860871214,2.130706996761844,157.0335367368749,190,0.012592107225120091,10,unemp,share,all,mi,unweighted,wb_nat,raw,gaussian,FALSE,0.034670467558655244,TRUE,TRUE,0.1676249780971136,-0.1676249780971136
amelia_emb,mlib,none,no_bailout,fe_twoway,pop,conventional,-9.777355139170304e-4,6.530821228114542e-4,-1.4971095973473831,155.14143767824132,190,0.02258742816009817,10,unemp,share,all,mi,unweighted,wb_nat,raw,gaussian,FALSE,0.1363964693818933,FALSE,FALSE,-0.11933696687007529,0.11933696687007529
amelia_emb,mlib,none,no_bailout,fe_twoway,pop,clustered,-9.777355139170304e-4,0.001790694788190284,-0.546009024187283,156.87190784441734,190,0.013577428568305103,10,unemp,share,all,mi,unweighted,wb_nat,raw,gaussian,FALSE,0.5858353820665689,FALSE,FALSE,-0.04355268632854559,0.04355268632854559
amelia_emb,mpos,none,no_bailout,fe_twoway,pop,conventional,-0.004793836175811824,9.313165835151991e-4,-5.147375511899267,155.31687262048374,190,0.02177126675938056,10,unemp,share,all,mi,unweighted,wb_nat,raw,gaussian,TRUE,7.883897687043994e-7,TRUE,TRUE,-0.3817457099889943,-0.3817457099889943
amelia_emb,mpos,none,no_bailout,fe_twoway,pop,clustered,-0.004793836175811824,0.001811415319771827,-2.646458889624316,156.67653493741042,190,0.014726455089047408,10,unemp,share,all,mi,unweighted,wb_nat,raw,gaussian,TRUE,0.00896409140281089,TRUE,TRUE,-0.20685545247704085,-0.20685545247704085
amelia_emb,mneg,none,no_bailout,fe_twoway,pop,conventional,0.004685416053826253,9.446405326976009e-4,4.959998953724921,155.32619640993445,190,0.02172740244056228,10,unemp,share,all,mi,unweighted,wb_nat,raw,gaussian,FALSE,1.830854591797208e-6,TRUE,TRUE,0.36977067564768035,-0.36977067564768035
amelia_emb,mneg,none,no_bailout,fe_twoway,pop,clustered,0.004685416053826253,0.001862082086897826,2.5162242238375314,156.69005582924152,190,0.014648318366113614,10,unemp,share,all,mi,unweighted,wb_nat,raw,gaussian,FALSE,0.012868462522214968,TRUE,TRUE,0.19707293123434988,-0.19707293123434988
amelia_emb,mcosmo,none,no_bailout,fe_country,none,conventional,-0.002796604760188754,0.0012837058647512144,-2.1785401445764547,165.34723075401075,190,0.015677157024271006,10,unemp,share,all,mi,unweighted,wb_nat,raw,gaussian,TRUE,0.030781550059998806,TRUE,TRUE,-0.16704058591304735,-0.16704058591304735
amelia_emb,mcosmo,none,no_bailout,fe_country,none,clustered,-0.002796604760188754,0.0016992157815971258,-1.64582084893313,165.67998759998673,190,0.013910100549179186,10,unemp,share,all,mi,unweighted,wb_nat,raw,gaussian,TRUE,0.1016963699362046,FALSE,TRUE,-0.12683119069709753,-0.12683119069709753
amelia_emb,mutil,none,no_bailout,fe_country,none,conventional,-0.003046741195048064,7.408345055027163e-4,-4.112580032946228,165.73738923584432,190,0.013594330569869749,10,unemp,share,all,mi,unweighted,wb_nat,raw,gaussian,TRUE,6.14717876497064e-5,TRUE,TRUE,-0.3043012159025188,-0.3043012159025188
amelia_emb,mutil,none,no_bailout,fe_country,none,clustered,-0.003046741195048064,9.998372517743485e-4,-3.0472371274837013,165.90056379397683,190,0.012677189705873268,10,unemp,share,all,mi,unweighted,wb_nat,raw,gaussian,TRUE,0.0026879587823894465,TRUE,TRUE,-0.23022701502372178,-0.23022701502372178
amelia_emb,mcomm,none,no_bailout,fe_country,none,conventional,0.0035464568840564608,7.779601500006239e-4,4.5586613710915875,165.62232872400782,190,0.01422387856209048,10,unemp,share,all,mi,unweighted,wb_nat,raw,gaussian,FALSE,9.960799783785756e-6,TRUE,TRUE,0.33389509770559217,-0.33389509770559217
amelia_emb,mcomm,none,no_bailout,fe_country,none,clustered,0.0035464568840564608,0.0010936146258886908,3.2428762382128404,165.859929389587,190,0.01290837557456778,10,unemp,share,all,mi,unweighted,wb_nat,raw,gaussian,FALSE,0.0014307146744436119,TRUE,TRUE,0.2441801823050767,-0.2441801823050767
amelia_emb,mlib,none,no_bailout,fe_country,none,conventional,0.0021462186048073276,0.0011133478533746374,1.9277161206194313,165.71413944188654,190,0.013722644032727814,10,unemp,share,all,mi,unweighted,wb_nat,raw,gaussian,FALSE,0.055600507650734404,FALSE,TRUE,0.14809746694545947,-0.14809746694545947
amelia_emb,mlib,none,no_bailout,fe_country,none,clustered,0.0021462186048073276,0.0018601209212818783,1.1538059597374395,165.96005871244898,190,0.012335200239237147,10,unemp,share,all,mi,unweighted,wb_nat,raw,gaussian,FALSE,0.250238623741759,FALSE,TRUE,0.08920641058806837,-0.08920641058806837
amelia_emb,mpos,none,no_bailout,fe_country,none,conventional,-0.005774219404160551,0.0014098672363316816,-4.095576700671781,165.6006351397712,190,0.014341072794635564,10,unemp,share,all,mi,unweighted,wb_nat,raw,gaussian,TRUE,6.573586149516212e-5,TRUE,TRUE,-0.30327257942811653,-0.30327257942811653
amelia_emb,mpos,none,no_bailout,fe_country,none,clustered,-0.005774219404160551,0.002043799293236429,-2.825237988519347,165.86427063885372,190,0.012883767140446279,10,unemp,share,all,mi,unweighted,wb_nat,raw,gaussian,TRUE,0.005304805204777381,TRUE,TRUE,-0.2142754351565596,-0.2142754351565596
amelia_emb,mneg,none,no_bailout,fe_country,none,conventional,0.0056807575156632645,0.0014221550198706499,3.9944713735777904,165.55915017165236,190,0.014563902113783604,10,unemp,share,all,mi,unweighted,wb_nat,raw,gaussian,FALSE,9.734920942769348e-5,TRUE,TRUE,0.2964852626900924,-0.2964852626900924
amelia_emb,mneg,none,no_bailout,fe_country,none,clustered,0.0056807575156632645,0.0020721652010656155,2.7414597604196436,165.84810671370192,190,0.012975283712555241,10,unemp,share,all,mi,unweighted,wb_nat,raw,gaussian,FALSE,0.006787934057469318,TRUE,TRUE,0.2082105740485731,-0.2082105740485731
amelia_emb,mcosmo,none,no_bailout,fe_country,n_cell,conventional,-0.0023312894172917574,0.0012146842431093492,-1.9192555024210423,165.47609420583123,190,0.015005091413396596,10,unemp,share,all,mi,unweighted,wb_nat,raw,gaussian,TRUE,0.056672856226744554,FALSE,TRUE,-0.14756536063786735,-0.14756536063786735
amelia_emb,mcosmo,none,no_bailout,fe_country,n_cell,clustered,-0.0023312894172917574,0.0016646828293071778,-1.4004405982021293,165.7733740563216,190,0.01339459974311954,10,unemp,share,all,mi,unweighted,wb_nat,raw,gaussian,TRUE,0.16325035371193725,FALSE,TRUE,-0.10813178030280464,-0.10813178030280464
amelia_emb,mutil,none,no_bailout,fe_country,n_cell,conventional,-0.003008142894398267,6.853317351852389e-4,-4.389323797452913,165.6253657964918,190,0.01420743431302653,10,unemp,share,all,mi,unweighted,wb_nat,raw,gaussian,TRUE,2.0191607987942876e-5,TRUE,TRUE,-0.3228041522402055,-0.3228041522402055
amelia_emb,mutil,none,no_bailout,fe_country,n_cell,clustered,-0.003008142894398267,9.481400978225585e-4,-3.1726776468019726,165.85372264175183,190,0.012943521274216897,10,unemp,share,all,mi,unweighted,wb_nat,raw,gaussian,TRUE,0.0018000896205239427,TRUE,TRUE,-0.23920421431706365,-0.23920421431706365
amelia_emb,mcomm,none,no_bailout,fe_country,n_cell,conventional,0.0037840556290524444,7.650029787103497e-4,4.94645868625459,165.835855077749,190,0.013044452391048102,10,unemp,share,all,mi,unweighted,wb_nat,raw,gaussian,FALSE,1.8407002848464353e-6,TRUE,TRUE,0.3585677422310095,-0.3585677422310095
amelia_emb,mcomm,none,no_bailout,fe_country,n_cell,clustered,0.0037840556290524444,0.0013859973749694634,2.7302040374613377,166.01548728812713,190,0.012012721009443486,10,unemp,share,all,mi,unweighted,wb_nat,raw,gaussian,FALSE,0.007012858334766741,TRUE,TRUE,0.20729247623836022,-0.20729247623836022
amelia_emb,mlib,none,no_bailout,fe_country,n_cell,conventional,0.001409471422258172,0.0011263587760725917,1.2513521021896263,165.77208920545982,190,0.013401755188588474,10,unemp,share,all,mi,unweighted,wb_nat,raw,gaussian,FALSE,0.21256905895968708,FALSE,TRUE,0.09673469746834368,-0.09673469746834368
amelia_emb,mlib,none,no_bailout,fe_country,n_cell,clustered,0.001409471422258172,0.002366481955905162,0.5955977896814597,166.0214555950426,190,0.0119777698406058,10,unemp,share,all,mi,unweighted,wb_nat,raw,gaussian,FALSE,0.552255003460479,FALSE,TRUE,0.04617506196952546,-0.04617506196952546
amelia_emb,mpos,none,no_bailout,fe_country,n_cell,conventional,-0.0052678009653611465,0.0013525378169687405,-3.894753181221324,165.7130286156842,190,0.013728760350903828,10,unemp,share,all,mi,unweighted,wb_nat,raw,gaussian,TRUE,1.4232841056960544e-4,TRUE,TRUE,-0.28958903108566814,-0.28958903108566814
amelia_emb,mpos,none,no_bailout,fe_country,n_cell,clustered,-0.0052678009653611465,0.002022435714063272,-2.6046815375790695,165.92619734272628,190,0.012530359317650102,10,unemp,share,all,mi,unweighted,wb_nat,raw,gaussian,TRUE,0.01003093024223456,TRUE,TRUE,-0.19819613514873602,-0.19819613514873602
amelia_emb,mneg,none,no_bailout,fe_country,n_cell,conventional,0.005179452598222944,0.0013634949660056908,3.7986591277237807,165.71761992135083,190,0.013703471800162037,10,unemp,share,all,mi,unweighted,wb_nat,raw,gaussian,FALSE,2.0394040484146e-4,TRUE,TRUE,0.28301945297044984,-0.28301945297044984
amelia_emb,mneg,none,no_bailout,fe_country,n_cell,clustered,0.005179452598222944,0.002041077541756355,2.5376069709561375,165.92853506192347,190,0.01251693006127355,10,unemp,share,all,mi,unweighted,wb_nat,raw,gaussian,FALSE,0.012082724838523648,TRUE,TRUE,0.1932840679123234,-0.1932840679123234
amelia_emb,mcosmo,none,no_bailout,fe_country,n_eff,conventional,-0.002329619030379483,0.0012065190773108414,-1.930859672415517,165.45549717667035,190,0.015113510061830152,10,unemp,share,all,mi,unweighted,wb_nat,raw,gaussian,TRUE,0.055210019275478396,FALSE,TRUE,-0.1484470022596185,-0.1484470022596185
amelia_emb,mcosmo,none,no_bailout,fe_country,n_eff,clustered,-0.002329619030379483,0.0016424240392760193,-1.4184029061133199,165.75839519129138,190,0.013477907537538407,10,unemp,share,all,mi,unweighted,wb_nat,raw,gaussian,TRUE,0.15795054547414375,FALSE,TRUE,-0.10950706042199113,-0.10950706042199113
amelia_emb,mutil,none,no_bailout,fe_country,n_eff,conventional,-0.003024624397071675,6.823890828460915e-4,-4.43240443480814,165.56543430180218,190,0.014530255159699022,10,unemp,share,all,mi,unweighted,wb_nat,raw,gaussian,TRUE,1.690292480933588e-5,TRUE,TRUE,-0.3256906104016359,-0.3256906104016359
amelia_emb,mutil,none,no_bailout,fe_country,n_eff,clustered,-0.003024624397071675,9.487675577107784e-4,-3.187950907985936,165.8265531959991,190,0.013096854924788731,10,unemp,share,all,mi,unweighted,wb_nat,raw,gaussian,TRUE,0.0017129512513448877,TRUE,TRUE,-0.24030795208649805,-0.24030795208649805
amelia_emb,mcomm,none,no_bailout,fe_country,n_eff,conventional,0.0036368772924441953,7.542980051128675e-4,4.821539057232426,165.79560423602788,190,0.013270513521437509,10,unemp,share,all,mi,unweighted,wb_nat,raw,gaussian,FALSE,3.20362985283936e-6,TRUE,TRUE,0.3506756163777303,-0.3506756163777303
amelia_emb,mcomm,none,no_bailout,fe_country,n_eff,clustered,0.0036368772924441953,0.0013327227762997122,2.728907584623067,165.9991078933849,190,0.012108411171308144,10,unemp,share,all,mi,unweighted,wb_nat,raw,gaussian,FALSE,0.007039346221077617,TRUE,TRUE,0.20720805223973465,-0.20720805223973465
amelia_emb,mlib,none,no_bailout,fe_country,n_eff,conventional,0.0015713533518717379,0.001101155419801419,1.4270041482019984,165.75215488464332,190,0.013512542936036077,10,unemp,share,all,mi,unweighted,wb_nat,raw,gaussian,FALSE,0.15545975570472254,FALSE,TRUE,0.11016512849444451,-0.11016512849444451
amelia_emb,mlib,none,no_bailout,fe_country,n_eff,clustered,0.0015713533518717379,0.0022022475592848516,0.7135225761730495,166.0093381989985,190,0.012048684008259663,10,unemp,share,all,mi,unweighted,wb_nat,raw,gaussian,FALSE,0.4765243376589158,FALSE,TRUE,0.05529381251317245,-0.05529381251317245
amelia_emb,mpos,none,no_bailout,fe_country,n_eff,conventional,-0.005282053965413188,0.001335077777480502,-3.956364231738798,165.6958650026992,190,0.013823101267699896,10,unemp,share,all,mi,unweighted,wb_nat,raw,gaussian,TRUE,1.1262939050119026e-4,TRUE,TRUE,-0.2937913899939697,-0.2937913899939697
amelia_emb,mpos,none,no_bailout,fe_country,n_eff,clustered,-0.005282053965413188,0.0019869904360993685,-2.6583187666380064,165.9171824343911,190,0.012582085605798453,10,unemp,share,all,mi,unweighted,wb_nat,raw,gaussian,TRUE,0.00862170014245088,TRUE,TRUE,-0.20211767277716805,-0.20211767277716805
amelia_emb,mneg,none,no_bailout,fe_country,n_eff,conventional,0.005194389985291948,0.0013459316981773103,3.8593265856850705,165.69843263058596,190,0.01380900762572015,10,unemp,share,all,mi,unweighted,wb_nat,raw,gaussian,FALSE,1.6264046100947555e-4,TRUE,TRUE,0.28718468369433375,-0.28718468369433375
amelia_emb,mneg,none,no_bailout,fe_country,n_eff,clustered,0.005194389985291948,0.0020059731314188345,2.589461396034717,165.9187911532783,190,0.012572862057136437,10,unemp,share,all,mi,unweighted,wb_nat,raw,gaussian,FALSE,0.010466931698616457,TRUE,TRUE,0.19708733877899812,-0.19708733877899812
amelia_emb,mcosmo,none,no_bailout,fe_country,pop,conventional,-0.004723436968167622,0.0012468376726503892,-3.7883335351321743,165.25474452896012,190,0.01615064513212542,10,unemp,share,all,mi,unweighted,wb_nat,raw,gaussian,TRUE,2.1208210380472718e-4,TRUE,TRUE,-0.2826750824546095,-0.2826750824546095
amelia_emb,mcosmo,none,no_bailout,fe_country,pop,clustered,-0.004723436968167622,0.003935330227932439,-1.2002644491283878,166.01399656503457,190,0.012021443875541118,10,unemp,share,all,mi,unweighted,wb_nat,raw,gaussian,TRUE,0.23174658996674163,FALSE,TRUE,-0.09275308453711721,-0.09275308453711721
amelia_emb,mutil,none,no_bailout,fe_country,pop,conventional,-0.0013582006988664098,4.9913248520809e-4,-2.7211226259901147,162.74902417411516,190,0.02701621785066228,10,unemp,share,all,mi,unweighted,wb_nat,raw,gaussian,TRUE,0.007214069232328876,TRUE,TRUE,-0.20860640010194184,-0.20860640010194184
amelia_emb,mutil,none,no_bailout,fe_country,pop,clustered,-0.0013582006988664098,0.0011103501438463805,-1.223218375206803,165.53668776391032,190,0.014683862788004149,10,unemp,share,all,mi,unweighted,wb_nat,raw,gaussian,TRUE,0.22298568641666913,FALSE,TRUE,-0.09464614281200462,-0.09464614281200462
amelia_emb,mcomm,none,no_bailout,fe_country,pop,conventional,0.006180766393462986,7.534398733885419e-4,8.203396995257805,165.42079090070885,190,0.015295326796085834,10,unemp,share,all,mi,unweighted,wb_nat,raw,gaussian,FALSE,6.230145440823187e-14,TRUE,TRUE,0.5377496405050303,-0.5377496405050303
amelia_emb,mcomm,none,no_bailout,fe_country,pop,clustered,0.006180766393462986,0.0022153997637400016,2.789910197981026,166.01891539543695,190,0.011992651061552631,10,unemp,share,all,mi,unweighted,wb_nat,raw,gaussian,FALSE,0.005889321692884949,TRUE,TRUE,0.21162267362748918,-0.21162267362748918
amelia_emb,mlib,none,no_bailout,fe_country,pop,conventional,-2.9963956192098564e-4,0.0013011578408105003,-0.2302868664529878,165.86462268330345,190,0.012881770626967564,10,unemp,share,all,mi,unweighted,wb_nat,raw,gaussian,FALSE,0.8181526433095274,FALSE,FALSE,-0.01787816207982311,0.01787816207982311
amelia_emb,mlib,none,no_bailout,fe_country,pop,clustered,-2.9963956192098564e-4,0.005460314315696905,-0.05487588160622991,166.07946168759756,190,0.011635709452304223,10,unemp,share,all,mi,unweighted,wb_nat,raw,gaussian,FALSE,0.9563033046100502,FALSE,FALSE,-0.004258136791389265,0.004258136791389265
amelia_emb,mpos,none,no_bailout,fe_country,pop,conventional,-0.0059985372970787956,0.00142373527019005,-4.21323923251411,165.58344246369703,190,0.014433623266947913,10,unemp,share,all,mi,unweighted,wb_nat,raw,gaussian,TRUE,4.126229285668461e-5,TRUE,TRUE,-0.31116707156117535,-0.31116707156117535
amelia_emb,mpos,none,no_bailout,fe_country,pop,clustered,-0.0059985372970787956,0.004758126754703912,-1.2606930429393473,166.04865447351017,190,0.011817917625941058,10,unemp,share,all,mi,unweighted,wb_nat,raw,gaussian,TRUE,0.20918803414160397,FALSE,TRUE,-0.09736954014688357,-0.09736954014688357
amelia_emb,mneg,none,no_bailout,fe_country,pop,conventional,0.00586196356568754,0.0014450878440436538,4.0564755906357615,165.60837605771943,190,0.01429930774429552,10,unemp,share,all,mi,unweighted,wb_nat,raw,gaussian,FALSE,7.657630978721095e-5,TRUE,TRUE,0.3006336419541359,-0.3006336419541359
amelia_emb,mneg,none,no_bailout,fe_country,pop,clustered,0.00586196356568754,0.004828941403914327,1.2139231097183842,166.05068477648084,190,0.011805947283288272,10,unemp,share,all,mi,unweighted,wb_nat,raw,gaussian,FALSE,0.22650080819695978,FALSE,TRUE,0.09378908111834014,-0.09378908111834014
amelia_emb,mcosmo,none,no_bailout,re,none,conventional,-0.0020581366888830646,0.0012779242742935874,-1.610531023069238,183.27585078591068,190,0.014480244994658156,10,unemp,share,all,mi,unweighted,wb_nat,raw,gaussian,TRUE,0.1090029018353661,FALSE,TRUE,-0.11813126144024805,-0.11813126144024805
amelia_emb,mcosmo,none,no_bailout,re,none,clustered,-0.0020581366888830646,0.0015086528399409396,-1.3642215322138898,183.51649925086352,190,0.013347755245294005,10,unemp,share,all,mi,unweighted,wb_nat,raw,gaussian,TRUE,0.17416854235081441,FALSE,TRUE,-0.10019735858158092,-0.10019735858158092
amelia_emb,mutil,none,no_bailout,re,none,conventional,-0.0027692855351036647,7.343698614641446e-4,-3.7709683912986596,183.73988249575604,190,0.012252404082660104,10,unemp,share,all,mi,unweighted,wb_nat,raw,gaussian,TRUE,2.190972476496222e-4,TRUE,TRUE,-0.2680180704209311,-0.2680180704209311
amelia_emb,mutil,none,no_bailout,re,none,clustered,-0.0027692855351036647,9.077814574349277e-4,-3.0506081749330893,183.86136251134027,190,0.011636885237200552,10,unemp,share,all,mi,unweighted,wb_nat,raw,gaussian,TRUE,0.0026214996155198354,TRUE,TRUE,-0.21949231465790603,-0.21949231465790603
amelia_emb,mcomm,none,no_bailout,re,none,conventional,0.0031537176829650577,7.844162461667276e-4,4.020464515334292,183.59258720663126,190,0.012979704465169132,10,unemp,share,all,mi,unweighted,wb_nat,raw,gaussian,FALSE,8.472078001462025e-5,TRUE,TRUE,0.28446283365853936,-0.28446283365853936
amelia_emb,mcomm,none,no_bailout,re,none,clustered,0.0031537176829650577,0.001026207374102626,3.0731777636297415,183.80251941065754,190,0.011936877064405467,10,unemp,share,all,mi,unweighted,wb_nat,raw,gaussian,FALSE,0.0024402422861165367,TRUE,TRUE,0.22107079252638343,-0.22107079252638343
amelia_emb,mlib,none,no_bailout,re,none,conventional,0.001761476404273467,0.0010989570173355774,1.6028619650149454,183.70026202304248,190,0.012450024579855822,10,unemp,share,all,mi,unweighted,wb_nat,raw,gaussian,FALSE,0.1106831717159462,FALSE,TRUE,0.11744251214658372,-0.11744251214658372
amelia_emb,mlib,none,no_bailout,re,none,clustered,0.001761476404273467,0.001695808546064842,1.038723627358176,183.92618838221165,190,0.011302229307018664,10,unemp,share,all,mi,unweighted,wb_nat,raw,gaussian,FALSE,0.3002968802261978,FALSE,TRUE,0.07636742003396046,-0.07636742003396046
amelia_emb,mpos,none,no_bailout,re,none,conventional,-0.005101950857360693,0.0014183616387550514,-3.5970733541826925,183.5933787781924,190,0.01297584884637304,10,unemp,share,all,mi,unweighted,wb_nat,raw,gaussian,TRUE,4.1364368210101125e-4,TRUE,TRUE,-0.2565856174212249,-0.2565856174212249
amelia_emb,mpos,none,no_bailout,re,none,clustered,-0.005101950857360693,0.0018694226580907433,-2.7291585641587104,183.8072273618423,190,0.011913004346917827,10,unemp,share,all,mi,unweighted,wb_nat,raw,gaussian,TRUE,0.006966511182655868,TRUE,TRUE,-0.19734301721554778,-0.19734301721554778
amelia_emb,mneg,none,no_bailout,re,none,conventional,0.0050028784458767805,0.0014296543916510526,3.499362136116792,183.55981751759842,190,0.013138835015028803,10,unemp,share,all,mi,unweighted,wb_nat,raw,gaussian,FALSE,5.852528654826241e-4,TRUE,TRUE,0.2500786453860356,-0.2500786453860356
amelia_emb,mneg,none,no_bailout,re,none,clustered,0.0050028784458767805,0.0018940449087814293,2.6413726637007144,183.79181430262238,190,0.01199107721821874,10,unemp,share,all,mi,unweighted,wb_nat,raw,gaussian,FALSE,0.008968244756241962,TRUE,TRUE,0.191238866075432,-0.191238866075432
amelia_emb,mcosmo,none,no_bailout,pooled_cl,none,conventional,0.006694476463626947,0.001696829385957491,3.945285553767901,183.7581373178384,190,0.012160844372758429,10,unemp,share,all,mi,unweighted,wb_nat,raw,gaussian,TRUE,1.1331876099227713e-4,TRUE,FALSE,0.2794468909552335,0.2794468909552335
amelia_emb,mcosmo,none,no_bailout,pooled_cl,none,clustered,0.006694476463626947,0.0033917359096047868,1.973761118803322,184.00408235988348,190,0.010894093320551383,10,unemp,share,all,mi,unweighted,wb_nat,raw,gaussian,TRUE,0.04990574542718394,TRUE,FALSE,0.14398969537669076,0.14398969537669076
amelia_emb,mutil,none,no_bailout,pooled_cl,none,conventional,0.0015330491829660079,0.0010499582571057776,1.460104887590366,183.8935666929385,190,0.011471190614726533,10,unemp,share,all,mi,unweighted,wb_nat,raw,gaussian,TRUE,0.14596753324699022,FALSE,FALSE,0.10705275443111568,0.10705275443111568
amelia_emb,mutil,none,no_bailout,pooled_cl,none,clustered,0.0015330491829660079,0.0012628753508484446,1.2139354703027903,183.95301457861683,190,0.01116242562497393,10,unemp,share,all,mi,unweighted,wb_nat,raw,gaussian,TRUE,0.22632859234290648,FALSE,FALSE,0.08914757227603767,0.08914757227603767
amelia_emb,mcomm,none,no_bailout,pooled_cl,none,conventional,-0.004506269764517373,0.0012699313168875667,-3.548435812703354,183.87583258928615,190,0.011562569175187018,10,unemp,share,all,mi,unweighted,wb_nat,raw,gaussian,FALSE,4.919022658079859e-4,TRUE,FALSE,-0.253158138422984,0.253158138422984
amelia_emb,mcomm,none,no_bailout,pooled_cl,none,clustered,-0.004506269764517373,0.002860370880776869,-1.5754145012458953,184.04324320564524,190,0.010686326663837136,10,unemp,share,all,mi,unweighted,wb_nat,raw,gaussian,FALSE,0.11687819116839913,FALSE,FALSE,-0.11535226107300708,0.11535226107300708
amelia_emb,mlib,none,no_bailout,pooled_cl,none,conventional,-0.00361448438282288,0.0015018308631457743,-2.406718673534173,184.00576316698462,190,0.010885211886105327,10,unemp,share,all,mi,unweighted,wb_nat,raw,gaussian,FALSE,0.017085586911332235,TRUE,FALSE,-0.17469458584324213,0.17469458584324213
amelia_emb,mlib,none,no_bailout,pooled_cl,none,clustered,-0.00361448438282288,0.0020096716689521617,-1.7985447268147359,184.04022344673882,190,0.01070241079829193,10,unemp,share,all,mi,unweighted,wb_nat,raw,gaussian,FALSE,0.073729425781965785,FALSE,FALSE,-0.13142601966287978,0.13142601966287978
amelia_emb,mpos,none,no_bailout,pooled_cl,none,conventional,0.00816853575466786,0.0022929006319473474,3.562533692413164,183.91987898206725,190,0.01133499718999729,10,unemp,share,all,mi,unweighted,wb_nat,raw,gaussian,TRUE,4.678166157958879e-4,TRUE,FALSE,0.2540706473527923,0.2540706473527923
amelia_emb,mpos,none,no_bailout,pooled_cl,none,clustered,0.00816853575466786,0.003854316881058826,2.1193212718991252,184.02621288243466,190,0.010776897062331677,10,unemp,share,all,mi,unweighted,wb_nat,raw,gaussian,TRUE,0.03540428644433531,TRUE,FALSE,0.1543549957111798,0.1543549957111798
amelia_emb,mneg,none,no_bailout,pooled_cl,none,conventional,-0.008101412289883791,0.002289097839330531,-3.539128887672677,183.92595655376374,190,0.011303434067886068,10,unemp,share,all,mi,unweighted,wb_nat,raw,gaussian,FALSE,5.083865752438582e-4,TRUE,FALSE,-0.2525043278442479,0.2525043278442479
amelia_emb,mneg,none,no_bailout,pooled_cl,none,clustered,-0.008101412289883791,0.0038335629286412273,-2.113285327692603,184.02790033060776,190,0.010767937854178932,10,unemp,share,all,mi,unweighted,wb_nat,raw,gaussian,FALSE,0.03592424143400389,TRUE,FALSE,-0.15392512545825487,0.15392512545825487
amelia_emb,mcosmo,none,no_bailout,pooled_cl,n_cell,conventional,0.008011826583310667,0.0017051981839248946,4.698472388042108,183.8465302123537,190,0.011712836256034337,10,unemp,share,all,mi,unweighted,wb_nat,raw,gaussian,TRUE,5.1208339011927815e-6,TRUE,FALSE,0.32741993858195073,0.32741993858195073
amelia_emb,mcosmo,none,no_bailout,pooled_cl,n_cell,clustered,0.008011826583310667,0.0033270378968985543,2.4080959795436194,184.02235612875168,190,0.010797361522002308,10,unemp,share,all,mi,unweighted,wb_nat,raw,gaussian,TRUE,0.017023186832255247,TRUE,FALSE,0.17478386597314927,0.17478386597314927
amelia_emb,mutil,none,no_bailout,pooled_cl,n_cell,conventional,0.0017239799194693317,0.001026113621848148,1.6801062599327419,183.88858300416325,190,0.011496903530378357,10,unemp,share,all,mi,unweighted,wb_nat,raw,gaussian,TRUE,0.0946346490797038,FALSE,FALSE,0.12295647442677048,0.12295647442677048
amelia_emb,mutil,none,no_bailout,pooled_cl,n_cell,clustered,0.0017239799194693317,0.0012354694556533223,1.3954047277985377,183.94989230333024,190,0.011178737606426887,10,unemp,share,all,mi,unweighted,wb_nat,raw,gaussian,TRUE,0.16457607897135407,FALSE,FALSE,0.10234436717800632,0.10234436717800632
amelia_emb,mcomm,none,no_bailout,pooled_cl,n_cell,conventional,-0.004701832390693256,0.001289866806289463,-3.6452076817287318,183.93950513829841,190,0.011232927453812306,10,unemp,share,all,mi,unweighted,wb_nat,raw,gaussian,FALSE,3.47564183653882e-4,TRUE,FALSE,-0.2595607639898442,0.2595607639898442
amelia_emb,mcomm,none,no_bailout,pooled_cl,n_cell,clustered,-0.004701832390693256,0.0029726590885884906,-1.5816924344748289,184.05668177669486,190,0.010614619903164585,10,unemp,share,all,mi,unweighted,wb_nat,raw,gaussian,FALSE,0.11543666882386655,FALSE,FALSE,-0.11580160934507759,0.11580160934507759
amelia_emb,mlib,none,no_bailout,pooled_cl,n_cell,conventional,-0.004964620376490927,0.0014915646247471127,-3.3284648174950204,183.9994400398835,190,0.010918606843713766,10,unemp,share,all,mi,unweighted,wb_nat,raw,gaussian,FALSE,0.0010547445454345747,TRUE,FALSE,-0.2383085872614846,0.2383085872614846
amelia_emb,mlib,none,no_bailout,pooled_cl,n_cell,clustered,-0.004964620376490927,0.0017550833945313208,-2.8287091040575225,184.02292547597017,190,0.01079434156309967,10,unemp,share,all,mi,unweighted,wb_nat,raw,gaussian,FALSE,0.005191935252026341,TRUE,FALSE,-0.20413146075079866,0.20413146075079866
amelia_emb,mpos,none,no_bailout,pooled_cl,n_cell,conventional,0.009676451036202904,0.0022951520378447156,4.216039232542376,183.96510041087026,190,0.011099183465645129,10,unemp,share,all,mi,unweighted,wb_nat,raw,gaussian,TRUE,3.894435498165101e-5,TRUE,FALSE,0.2968305121721446,0.2968305121721446
amelia_emb,mpos,none,no_bailout,pooled_cl,n_cell,clustered,0.009676451036202904,0.003757953550255724,2.574925662810397,184.03965327034211,190,0.010705446538652408,10,unemp,share,all,mi,unweighted,wb_nat,raw,gaussian,TRUE,0.010811842164254197,TRUE,FALSE,0.18647629482778968,0.18647629482778968
amelia_emb,mneg,none,no_bailout,pooled_cl,n_cell,conventional,-0.009637298204550398,0.0022952577625257684,-4.198786890909035,183.9617573837293,190,0.011116692808065466,10,unemp,share,all,mi,unweighted,wb_nat,raw,gaussian,FALSE,4.175134198036819e-5,TRUE,FALSE,-0.29572473438733277,0.29572473438733277
amelia_emb,mneg,none,no_bailout,pooled_cl,n_cell,clustered,-0.009637298204550398,0.003747452325961448,-2.5716933442449728,184.03816825672664,190,0.010713351296318644,10,unemp,share,all,mi,unweighted,wb_nat,raw,gaussian,FALSE,0.010909689922052674,TRUE,FALSE,-0.186251060592157,0.186251060592157
amelia_emb,mcosmo,none,no_bailout,pooled_cl,n_eff,conventional,0.008214653549289236,0.001687782971224757,4.867126691844858,183.83513839628267,190,0.0117710161352875,10,unemp,share,all,mi,unweighted,wb_nat,raw,gaussian,TRUE,2.4282865896238885e-6,TRUE,FALSE,0.33786127977902564,0.33786127977902564
amelia_emb,mcosmo,none,no_bailout,pooled_cl,n_eff,clustered,0.008214653549289236,0.003243959469276448,2.5322922888187263,184.0175086863449,190,0.010823058508083511,10,unemp,share,all,mi,unweighted,wb_nat,raw,gaussian,TRUE,0.012167822136206962,TRUE,FALSE,0.1835042529580107,0.1835042529580107
amelia_emb,mutil,none,no_bailout,pooled_cl,n_eff,conventional,0.0017511605506154812,0.0010240880778266414,1.7099706446459768,183.87197508097282,190,0.011582402072273193,10,unemp,share,all,mi,unweighted,wb_nat,raw,gaussian,TRUE,0.08895814410711489,FALSE,FALSE,0.12511370878562655,0.12511370878562655
amelia_emb,mutil,none,no_bailout,pooled_cl,n_eff,clustered,0.0017511605506154812,0.00122399024253576,1.4306981295762409,183.93640468547432,190,0.01124907972708862,10,unemp,share,all,mi,unweighted,wb_nat,raw,gaussian,TRUE,0.15421340928705207,FALSE,FALSE,0.10490858578172807,0.10490858578172807
amelia_emb,mcomm,none,no_bailout,pooled_cl,n_eff,conventional,-0.0049714684073263625,0.0012752598293993,-3.89839646220812,183.9309538893695,190,0.011277451162304879,10,unemp,share,all,mi,unweighted,wb_nat,raw,gaussian,FALSE,1.3556196275933157e-4,TRUE,FALSE,-0.2762608532761826,0.2762608532761826
amelia_emb,mcomm,none,no_bailout,pooled_cl,n_eff,clustered,-0.0049714684073263625,0.002874284154905502,-1.7296370641857466,184.05381867015905,190,0.01062991483302252,10,unemp,share,all,mi,unweighted,wb_nat,raw,gaussian,FALSE,0.08537162559312612,FALSE,FALSE,-0.12646821647051998,0.12646821647051998
amelia_emb,mlib,none,no_bailout,pooled_cl,n_eff,conventional,-0.004910786193674613,0.0014621522620950542,-3.358601098519084,183.9929714235545,190,0.01095272341325244,10,unemp,share,all,mi,unweighted,wb_nat,raw,gaussian,FALSE,9.521536955881382e-4,TRUE,FALSE,-0.24034613041953684,0.24034613041953684
amelia_emb,mlib,none,no_bailout,pooled_cl,n_eff,clustered,-0.004910786193674613,0.0017151156323386369,-2.863239131567203,184.01786717264713,190,0.010821159042297619,10,unemp,share,all,mi,unweighted,wb_nat,raw,gaussian,FALSE,0.004680097249232744,TRUE,FALSE,-0.20652034742414938,0.20652034742414938
amelia_emb,mpos,none,no_bailout,pooled_cl,n_eff,conventional,0.009902652327250794,0.002276053375588135,4.35079969277607,183.96113275957705,190,0.011119962953005455,10,unemp,share,all,mi,unweighted,wb_nat,raw,gaussian,TRUE,2.2452192821181156e-5,TRUE,FALSE,0.3054485978673018,0.3054485978673018
amelia_emb,mpos,none,no_bailout,pooled_cl,n_eff,clustered,0.009902652327250794,0.0037079695661392164,2.6706401308362295,184.03773704366324,190,0.010715646173118659,10,unemp,share,all,mi,unweighted,wb_nat,raw,gaussian,TRUE,0.008248742439795764,TRUE,FALSE,0.19315476986628105,0.19315476986628105
amelia_emb,mneg,none,no_bailout,pooled_cl,n_eff,conventional,-0.009853371435338954,0.002276809662085075,-4.327709777160448,183.9569162368807,190,0.011142026800322826,10,unemp,share,all,mi,unweighted,wb_nat,raw,gaussian,FALSE,2.469656296772895e-5,TRUE,FALSE,-0.30398087818757585,0.30398087818757585
amelia_emb,mneg,none,no_bailout,pooled_cl,n_eff,clustered,-0.009853371435338954,0.003700747505272756,-2.662535452986202,184.0359572847782,190,0.01072511560869267,10,unemp,share,all,mi,unweighted,wb_nat,raw,gaussian,FALSE,0.008442336298302572,TRUE,FALSE,-0.1925912671812293,0.1925912671812293
amelia_emb,mcosmo,none,no_bailout,pooled_cl,pop,conventional,0.010928625040502692,0.0020948959458248835,5.2167865722798235,183.85255215797764,190,0.01168202735735517,10,unemp,share,all,mi,unweighted,wb_nat,raw,gaussian,TRUE,4.877881493816877e-7,TRUE,FALSE,0.35908104007765146,0.35908104007765146
amelia_emb,mcosmo,none,no_bailout,pooled_cl,pop,clustered,0.010928625040502692,0.004153982705499248,2.6308788012128304,184.02578818662812,190,0.010779151393646567,10,unemp,share,all,mi,unweighted,wb_nat,raw,gaussian,TRUE,0.00923837557243135,TRUE,FALSE,0.1903899709604168,0.1903899709604168
amelia_emb,mutil,none,no_bailout,pooled_cl,pop,conventional,9.097413693730961e-4,0.0010534898514338515,0.8635501975979107,183.6443811449245,190,0.012726240353234169,10,unemp,share,all,mi,unweighted,wb_nat,raw,gaussian,TRUE,0.3889614596040992,FALSE,FALSE,0.06359438735692935,0.06359438735692935
amelia_emb,mutil,none,no_bailout,pooled_cl,pop,clustered,9.097413693730961e-4,0.0011755392390097826,0.7738928137689544,183.7339092259574,190,0.012282293899101102,10,unemp,share,all,mi,unweighted,wb_nat,raw,gaussian,TRUE,0.43998880230727355,FALSE,FALSE,0.057000607082060006,0.057000607082060006
amelia_emb,mcomm,none,no_bailout,pooled_cl,pop,conventional,-0.0038825354823911417,0.001350194559011576,-2.8755377930373176,183.94516530555813,190,0.011203412966173203,10,unemp,share,all,mi,unweighted,wb_nat,raw,gaussian,FALSE,0.004509404719873631,TRUE,FALSE,-0.20740857319090616,0.20740857319090616
amelia_emb,mcomm,none,no_bailout,pooled_cl,pop,clustered,-0.0038825354823911417,0.003869127029017972,-1.0034654983598645,184.0668223546957,190,0.010560370676401488,10,unemp,share,all,mi,unweighted,wb_nat,raw,gaussian,FALSE,0.3169536468140461,FALSE,FALSE,-0.07376154664891447,0.07376154664891447
amelia_emb,mlib,none,no_bailout,pooled_cl,pop,conventional,-0.008227814373939452,0.0017872807714372266,-4.603537678818715,183.86616441285096,190,0.01161224758836252,10,unemp,share,all,mi,unweighted,wb_nat,raw,gaussian,FALSE,7.729377131482754e-6,TRUE,FALSE,-0.3214789766934493,0.3214789766934493
amelia_emb,mlib,none,no_bailout,pooled_cl,pop,clustered,-0.008227814373939452,0.00277184778827153,-2.968349996978065,183.99432110208068,190,0.010945608877864298,10,unemp,share,all,mi,unweighted,wb_nat,raw,gaussian,FALSE,0.003392476362695778,TRUE,FALSE,-0.21377429595826666,0.21377429595826666
amelia_emb,mpos,none,no_bailout,pooled_cl,pop,conventional,0.011811380684376727,0.0026543232149102143,4.44986526811365,183.92469826166712,190,0.01130997212045389,10,unemp,share,all,mi,unweighted,wb_nat,raw,gaussian,TRUE,1.48586906764181e-5,TRUE,FALSE,0.31176232636301193,0.31176232636301193
amelia_emb,mpos,none,no_bailout,pooled_cl,pop,clustered,0.011811380684376727,0.004493791477865829,2.628377561031411,184.02867243886524,190,0.010763837388426768,10,unemp,share,all,mi,unweighted,wb_nat,raw,gaussian,TRUE,0.009304047927997702,TRUE,FALSE,0.19021407816011593,0.19021407816011593
amelia_emb,mneg,none,no_bailout,pooled_cl,pop,conventional,-0.012022899104967849,0.0026682273297611073,-4.505950063124602,183.9572906242019,190,0.011140068531612226,10,unemp,share,all,mi,unweighted,wb_nat,raw,gaussian,FALSE,1.1725346159260819e-5,TRUE,FALSE,-0.31527808117484146,0.31527808117484146
amelia_emb,mneg,none,no_bailout,pooled_cl,pop,clustered,-0.012022899104967849,0.004623970498948942,-2.6001245266812862,184.04181757766202,190,0.01069392130317689,10,unemp,share,all,mi,unweighted,wb_nat,raw,gaussian,FALSE,0.010075639808244849,TRUE,FALSE,-0.18823577102249933,0.18823577102249933
amelia_emb,mcosmo,none,no_GR_ES,fe_twoway,none,conventional,-0.0024379758531907123,0.0010885840000304965,-2.23958449979277,210.47396252727276,250,0.011821195515156998,10,unemp,share,all,mi,unweighted,wb_nat,raw,gaussian,TRUE,0.026163682909977733,TRUE,TRUE,-0.1525647471273383,-0.1525647471273383
amelia_emb,mcosmo,none,no_GR_ES,fe_twoway,none,clustered,-0.0024379758531907123,0.0019453637007056299,-1.2532236785884308,210.89311811537135,250,0.01000312600386059,10,unemp,share,all,mi,unweighted,wb_nat,raw,gaussian,TRUE,0.2115119632782238,FALSE,TRUE,-0.08597778141338887,-0.08597778141338887
amelia_emb,mutil,none,no_GR_ES,fe_twoway,none,conventional,-0.002040627361430023,4.897067845428817e-4,-4.167039187204345,210.50188755609727,250,0.01170441452471518,10,unemp,share,all,mi,unweighted,wb_nat,raw,gaussian,TRUE,4.504975548361196e-5,TRUE,TRUE,-0.2760499812447881,-0.2760499812447881
amelia_emb,mutil,none,no_GR_ES,fe_twoway,none,clustered,-0.002040627361430023,5.852398180638813e-4,-3.4868224930096616,210.67993970823377,250,0.010945817981844285,10,unemp,share,all,mi,unweighted,wb_nat,raw,gaussian,TRUE,5.948017335706884e-4,TRUE,TRUE,-0.23357983042596908,-0.23357983042596908
amelia_emb,mcomm,none,no_GR_ES,fe_twoway,none,conventional,0.005291866013320364,8.22611196939053e-4,6.433009948091476,210.61377819587076,250,0.011230597970162034,10,unemp,share,all,mi,unweighted,wb_nat,raw,gaussian,FALSE,8.274466205074777e-10,TRUE,TRUE,0.40524363023255394,-0.40524363023255394
amelia_emb,mcomm,none,no_GR_ES,fe_twoway,none,clustered,0.005291866013320364,0.0020374184544813385,2.5973388047412693,211.00116723593447,250,0.009509518317349346,10,unemp,share,all,mi,unweighted,wb_nat,raw,gaussian,FALSE,0.010056318286901287,TRUE,TRUE,0.17601601271638234,-0.17601601271638234
amelia_emb,mlib,none,no_GR_ES,fe_twoway,none,conventional,-9.665136351808636e-4,6.133521977734121e-4,-1.5757889817457187,209.57158211981647,250,0.015327590109026736,10,unemp,share,all,mi,unweighted,wb_nat,raw,gaussian,FALSE,0.11658277118033439,FALSE,FALSE,-0.10821167394934836,0.10821167394934836
amelia_emb,mlib,none,no_GR_ES,fe_twoway,none,clustered,-9.665136351808636e-4,9.112271033022113e-4,-1.060672615726967,210.44006539665895,250,0.011962185938252915,10,unemp,share,all,mi,unweighted,wb_nat,raw,gaussian,FALSE,0.2900545188755085,FALSE,FALSE,-0.0729221309225413,0.0729221309225413
amelia_emb,mpos,none,no_GR_ES,fe_twoway,none,conventional,-0.004437039371204893,0.001116391130691695,-3.9744487834257387,210.49515823341557,250,0.011732608811928768,10,unemp,share,all,mi,unweighted,wb_nat,raw,gaussian,TRUE,9.692384035923963e-5,TRUE,TRUE,-0.2642061234074407,-0.2642061234074407
amelia_emb,mpos,none,no_GR_ES,fe_twoway,none,clustered,-0.004437039371204893,0.0021087633228516036,-2.104095477725232,210.9178058740977,250,0.00989132655856236,10,unemp,share,all,mi,unweighted,wb_nat,raw,gaussian,TRUE,0.03655472825400754,TRUE,TRUE,-0.1433831188390615,-0.1433831188390615
amelia_emb,mneg,none,no_GR_ES,fe_twoway,none,conventional,0.0043253703768238215,0.001117347357990562,3.8711062821167537,210.66307185187299,250,0.011018757731721377,10,unemp,share,all,mi,unweighted,wb_nat,raw,gaussian,FALSE,1.4451574908821762e-4,TRUE,TRUE,0.25770262082987383,-0.25770262082987383
amelia_emb,mneg,none,no_GR_ES,fe_twoway,none,clustered,0.0043253703768238215,0.0021237186129229473,2.036696552219159,210.96306387796903,250,0.00968487378204275,10,unemp,share,all,mi,unweighted,wb_nat,raw,gaussian,FALSE,0.042929681260525175,TRUE,TRUE,0.13886564638117976,-0.13886564638117976
amelia_emb,mcosmo,none,no_GR_ES,fe_twoway,n_cell,conventional,-9.366851559162107e-4,0.0010076796848781165,-0.929546531474937,210.54813300550836,250,0.011509741137952742,10,unemp,share,all,mi,unweighted,wb_nat,raw,gaussian,TRUE,0.353670411777265,FALSE,TRUE,-0.06393020872993173,-0.06393020872993173
amelia_emb,mcosmo,none,no_GR_ES,fe_twoway,n_cell,clustered,-9.366851559162107e-4,0.0015945692698968316,-0.5874220540928988,210.87007300635565,250,0.010106975325592892,10,unemp,share,all,mi,unweighted,wb_nat,raw,gaussian,TRUE,0.5575487499757406,FALSE,TRUE,-0.04041920128539093,-0.04041920128539093
amelia_emb,mutil,none,no_GR_ES,fe_twoway,n_cell,conventional,-0.0021308944289431743,4.727541192635701e-4,-4.507405313067525,209.99025408550102,250,0.013760121045827661,10,unemp,share,all,mi,unweighted,wb_nat,raw,gaussian,TRUE,1.089770986087724e-5,TRUE,TRUE,-0.2970113761162029,-0.2970113761162029
amelia_emb,mutil,none,no_GR_ES,fe_twoway,n_cell,clustered,-0.0021308944289431743,6.379431303491081e-4,-3.3402576618029625,210.50468114107534,250,0.011692700190060516,10,unemp,share,all,mi,unweighted,wb_nat,raw,gaussian,TRUE,9.90090979148967e-4,TRUE,TRUE,-0.22435427163575114,-0.22435427163575114
amelia_emb,mcomm,none,no_GR_ES,fe_twoway,n_cell,conventional,0.004452749081602899,7.381443857870367e-4,6.032355142625943,210.45649900231663,250,0.011893936639275208,10,unemp,share,all,mi,unweighted,wb_nat,raw,gaussian,FALSE,7.177708062699851e-9,TRUE,TRUE,0.3839494272188487,-0.3839494272188487
amelia_emb,mcomm,none,no_GR_ES,fe_twoway,n_cell,clustered,0.004452749081602899,0.0015850254312533263,2.8092603398053866,210.94574005979933,250,0.009764131460017632,10,unemp,share,all,mi,unweighted,wb_nat,raw,gaussian,FALSE,0.005432244365766251,TRUE,TRUE,0.1899026098528115,-0.1899026098528115
amelia_emb,mlib,none,no_GR_ES,fe_twoway,n_cell,conventional,-0.0015173071670380532,6.094468708859553e-4,-2.489646332636572,209.46731515746686,250,0.01570420079325868,10,unemp,share,all,mi,unweighted,wb_nat,raw,gaussian,FALSE,0.013565138316322084,TRUE,FALSE,-0.16953023510080922,0.16953023510080922
amelia_emb,mlib,none,no_GR_ES,fe_twoway,n_cell,clustered,-0.0015173071670380532,0.0011203824932534902,-1.3542760407045717,210.6427144373249,250,0.011106479836971571,10,unemp,share,all,mi,unweighted,wb_nat,raw,gaussian,FALSE,0.17709932231621156,FALSE,FALSE,-0.09290764655485628,0.09290764655485628
amelia_emb,mpos,none,no_GR_ES,fe_twoway,n_cell,conventional,-0.0030192571270222356,0.0010351496237900424,-2.9167349894478893,210.39885111680638,250,0.012132500315135452,10,unemp,share,all,mi,unweighted,wb_nat,raw,gaussian,TRUE,0.003920836065254618,TRUE,TRUE,-0.19713691060081634,-0.19713691060081634
amelia_emb,mpos,none,no_GR_ES,fe_twoway,n_cell,clustered,-0.0030192571270222356,0.001781658955690463,-1.694632475749072,210.85538905801414,250,0.010172892090543366,10,unemp,share,all,mi,unweighted,wb_nat,raw,gaussian,TRUE,0.09162150770504122,FALSE,TRUE,-0.11591660664089859,-0.11591660664089859
amelia_emb,mneg,none,no_GR_ES,fe_twoway,n_cell,conventional,0.002932379236113762,0.0010374330260661975,2.8265720894127866,210.4692188009085,250,0.011840976621036814,10,unemp,share,all,mi,unweighted,wb_nat,raw,gaussian,FALSE,0.005158407785090569,TRUE,TRUE,0.19123851620003413,-0.19123851620003413
amelia_emb,mneg,none,no_GR_ES,fe_twoway,n_cell,clustered,0.002932379236113762,0.0017955030483759842,1.6331797591577868,210.8794961176459,250,0.0100645706876066,10,unemp,share,all,mi,unweighted,wb_nat,raw,gaussian,FALSE,0.10392334530183767,FALSE,TRUE,0.11176028050100426,-0.11176028050100426
amelia_emb,mcosmo,none,no_GR_ES,fe_twoway,n_eff,conventional,-9.467552712118018e-4,0.0010091540689334598,-0.9381672237742597,210.55234998832717,250,0.011491909092676188,10,unemp,share,all,mi,unweighted,wb_nat,raw,gaussian,TRUE,0.3492334020952965,FALSE,TRUE,-0.06452000253069426,-0.06452000253069426
amelia_emb,mcosmo,none,no_GR_ES,fe_twoway,n_eff,clustered,-9.467552712118018e-4,0.0015985168671827366,-0.5922710549062803,210.8720722594038,250,0.010097985367078784,10,unemp,share,all,mi,unweighted,wb_nat,raw,gaussian,TRUE,0.5543036162414076,FALSE,TRUE,-0.0407521055092252,-0.0407521055092252
amelia_emb,mutil,none,no_GR_ES,fe_twoway,n_eff,conventional,-0.0020581390279995142,4.714086056819095e-4,-4.3659343575672365,209.9172590519152,250,0.014040187578604944,10,unemp,share,all,mi,unweighted,wb_nat,raw,gaussian,TRUE,1.9867770535025337e-5,TRUE,TRUE,-0.28852251830724623,-0.28852251830724623
amelia_emb,mutil,none,no_GR_ES,fe_twoway,n_eff,clustered,-0.0020581390279995142,6.282357211631609e-4,-3.2760617689629736,210.4516582121445,250,0.01191406085708211,10,unemp,share,all,mi,unweighted,wb_nat,raw,gaussian,TRUE,0.0012310604020043855,TRUE,TRUE,-0.22027996214222792,-0.22027996214222792
amelia_emb,mcomm,none,no_GR_ES,fe_twoway,n_eff,conventional,0.004315146331144231,7.371448178843466e-4,5.853865110968263,210.47750245853365,250,0.011806423454349397,10,unemp,share,all,mi,unweighted,wb_nat,raw,gaussian,FALSE,1.8236156188872537e-8,TRUE,TRUE,0.37418431992201834,-0.37418431992201834
amelia_emb,mcomm,none,no_GR_ES,fe_twoway,n_eff,clustered,0.004315146331144231,0.0015913503494053424,2.7116255906543265,210.95122022668806,250,0.009739090631521528,10,unemp,share,all,mi,unweighted,wb_nat,raw,gaussian,FALSE,0.007247398051150774,TRUE,TRUE,0.1835264839273835,-0.1835264839273835
amelia_emb,mlib,none,no_GR_ES,fe_twoway,n_eff,conventional,-0.0014450115051318194,6.048795078127633e-4,-2.3889245485550714,209.41822977965953,250,0.015879741820275666,10,unemp,share,all,mi,unweighted,wb_nat,raw,gaussian,FALSE,0.01778518068760454,TRUE,FALSE,-0.16287588913850418,0.16287588913850418
amelia_emb,mlib,none,no_GR_ES,fe_twoway,n_eff,clustered,-0.0014450115051318194,0.0010731631692811145,-1.346497481925136,210.59645818315687,250,0.011304573094940635,10,unemp,share,all,mi,unweighted,wb_nat,raw,gaussian,FALSE,0.17958952564453726,FALSE,FALSE,-0.0923886376911561,0.0923886376911561
amelia_emb,mpos,none,no_GR_ES,fe_twoway,n_eff,conventional,-0.0029563517624967314,0.0010339992551859345,-2.859143029039337,210.39184855369723,250,0.012161318360928203,10,unemp,share,all,mi,unweighted,wb_nat,raw,gaussian,TRUE,0.004675390669411656,TRUE,TRUE,-0.19339446288305273,-0.19339446288305273
amelia_emb,mpos,none,no_GR_ES,fe_twoway,n_eff,clustered,-0.0029563517624967314,0.0017979656300314026,-1.644276015690632,210.85777076603625,250,0.010162213868223774,10,unemp,share,all,mi,unweighted,wb_nat,raw,gaussian,TRUE,0.10160927239707108,FALSE,TRUE,-0.1125157521591985,-0.1125157521591985
amelia_emb,mneg,none,no_GR_ES,fe_twoway,n_eff,conventional,0.0028669983236696652,0.0010360482173199614,2.7672441067327793,210.45303640587562,250,0.011908333132579526,10,unemp,share,all,mi,unweighted,wb_nat,raw,gaussian,FALSE,0.006156836452776549,TRUE,TRUE,0.1873738623317227,-0.1873738623317227
amelia_emb,mneg,none,no_GR_ES,fe_twoway,n_eff,clustered,0.0028669983236696652,0.0018119448800298405,1.5822767873724997,210.8786954863261,250,0.010068176756973603,10,unemp,share,all,mi,unweighted,wb_nat,raw,gaussian,FALSE,0.11508501189779802,FALSE,TRUE,0.10831865672595577,-0.10831865672595577
amelia_emb,mcosmo,none,no_GR_ES,fe_twoway,pop,conventional,-0.0033904123348266636,8.13390179818676e-4,-4.1682484236316535,208.93133844664567,250,0.017564867764468767,10,unemp,share,all,mi,unweighted,wb_nat,raw,gaussian,TRUE,4.4951020570905185e-5,TRUE,TRUE,-0.27708046778228956,-0.27708046778228956
amelia_emb,mcosmo,none,no_GR_ES,fe_twoway,pop,clustered,-0.0033904123348266636,0.0016463384671710564,-2.059365314261588,210.61569234093693,250,0.011222408024123331,10,unemp,share,all,mi,unweighted,wb_nat,raw,gaussian,TRUE,0.0406892021738499,TRUE,TRUE,-0.14049438434070716,-0.14049438434070716
amelia_emb,mutil,none,no_GR_ES,fe_twoway,pop,conventional,-0.0017358622260089135,4.4247523880952316e-4,-3.9230720134289094,206.87192086298052,250,0.023834829669442763,10,unemp,share,all,mi,unweighted,wb_nat,raw,gaussian,TRUE,1.1894910216918132e-4,TRUE,TRUE,-0.2631438751359036,-0.2631438751359036
amelia_emb,mutil,none,no_GR_ES,fe_twoway,pop,clustered,-0.0017358622260089135,7.83681682523223e-4,-2.215009314011208,209.96746788232187,250,0.013847872337816636,10,unemp,share,all,mi,unweighted,wb_nat,raw,gaussian,TRUE,0.027834175573239986,TRUE,TRUE,-0.1511067591389946,-0.1511067591389946
amelia_emb,mcomm,none,no_GR_ES,fe_twoway,pop,conventional,0.005987342313670406,6.948984961799112e-4,8.61613940249522,209.70558656686555,250,0.014835832827989543,10,unemp,share,all,mi,unweighted,wb_nat,raw,gaussian,FALSE,1.6803018545218832e-15,TRUE,TRUE,0.5113247250266904,-0.5113247250266904
amelia_emb,mcomm,none,no_GR_ES,fe_twoway,pop,clustered,0.005987342313670406,0.0021597809872458767,2.7721988243379174,210.9465589944643,250,0.009760391292202398,10,unemp,share,all,mi,unweighted,wb_nat,raw,gaussian,FALSE,0.006066005409378096,TRUE,TRUE,0.18748557690385245,-0.18748557690385245
amelia_emb,mlib,none,no_GR_ES,fe_twoway,pop,conventional,-0.0010234801967678355,5.434612648385716e-4,-1.883262456749052,208.93392196896045,250,0.01755617818428218,10,unemp,share,all,mi,unweighted,wb_nat,raw,gaussian,FALSE,0.061054090840917806,FALSE,FALSE,-0.12919663646207327,0.12919663646207327
amelia_emb,mlib,none,no_GR_ES,fe_twoway,pop,clustered,-0.0010234801967678355,0.0015971045030145805,-0.6408348325585379,210.86164187033174,250,0.010144847032066697,10,unemp,share,all,mi,unweighted,wb_nat,raw,gaussian,FALSE,0.5223258407571196,FALSE,FALSE,-0.04408844872238057,0.04408844872238057
amelia_emb,mpos,none,no_GR_ES,fe_twoway,pop,conventional,-0.005061641761246379,8.09734309958504e-4,-6.250990848474446,209.31098515450898,250,0.016259496805265564,10,unemp,share,all,mi,unweighted,wb_nat,raw,gaussian,TRUE,2.2526622297346026e-9,TRUE,TRUE,-0.39662987071133243,-0.39662987071133243
amelia_emb,mpos,none,no_GR_ES,fe_twoway,pop,clustered,-0.005061641761246379,0.0012985212536782127,-3.898004554726146,210.4479616489245,250,0.011929416866062208,10,unemp,share,all,mi,unweighted,wb_nat,raw,gaussian,TRUE,1.303751188129507e-4,TRUE,TRUE,-0.25949678760707834,-0.25949678760707834
amelia_emb,mneg,none,no_GR_ES,fe_twoway,pop,conventional,0.004952411123398166,8.196718558934038e-4,6.0419435994911295,209.108175830561,250,0.016964108029168076,10,unemp,share,all,mi,unweighted,wb_nat,raw,gaussian,FALSE,6.883042832701115e-9,TRUE,TRUE,0.3855234179539946,-0.3855234179539946
amelia_emb,mneg,none,no_GR_ES,fe_twoway,pop,clustered,0.004952411123398166,0.0013404687321559112,3.6945368471467983,210.4098922911752,250,0.012086991841531223,10,unemp,share,all,mi,unweighted,wb_nat,raw,gaussian,FALSE,2.808612029797357e-4,TRUE,TRUE,0.24681885092394842,-0.24681885092394842
amelia_emb,mcosmo,none,no_GR_ES,fe_country,none,conventional,-0.004930032197978629,9.911692918285636e-4,-4.9739557496615285,219.17563899351111,250,0.012503548695885991,10,unemp,share,all,mi,unweighted,wb_nat,raw,gaussian,TRUE,1.324093223136281e-6,TRUE,TRUE,-0.31847979429380985,-0.31847979429380985
amelia_emb,mcosmo,none,no_GR_ES,fe_country,none,clustered,-0.004930032197978629,0.002038138047727942,-2.4188902235913257,219.87215948562942,250,0.00968395616152153,10,unemp,share,all,mi,unweighted,wb_nat,raw,gaussian,TRUE,0.01638159276529132,TRUE,TRUE,-0.16100081341334702,-0.16100081341334702
amelia_emb,mutil,none,no_GR_ES,fe_country,none,conventional,-0.0037657579470508134,5.428538394093974e-4,-6.936964747541996,219.43928247798746,250,0.011477063949886283,10,unemp,share,all,mi,unweighted,wb_nat,raw,gaussian,TRUE,4.436675161811484e-11,TRUE,TRUE,-0.4240902374427319,-0.4240902374427319
amelia_emb,mutil,none,no_GR_ES,fe_country,none,clustered,-0.0037657579470508134,7.180457582188031e-4,-5.244453997461413,219.7191486426967,250,0.010334631584122615,10,unemp,share,all,mi,unweighted,wb_nat,raw,gaussian,TRUE,3.6788099072456884e-7,TRUE,TRUE,-0.33354578135005275,-0.33354578135005275
amelia_emb,mcomm,none,no_GR_ES,fe_country,none,conventional,0.005558935578835095,6.992025307500933e-4,7.9503939622065705,219.20138473926804,250,0.012405251214124221,10,unemp,share,all,mi,unweighted,wb_nat,raw,gaussian,FALSE,9.758425046842959e-14,TRUE,TRUE,0.47309515419737347,-0.47309515419737347
amelia_emb,mcomm,none,no_GR_ES,fe_country,none,clustered,0.005558935578835095,0.0019428820861470447,2.861180108906709,219.96569850981868,250,0.009276129999726903,10,unemp,share,all,mi,unweighted,wb_nat,raw,gaussian,FALSE,0.00462763144064148,TRUE,TRUE,0.18942313034320202,-0.18942313034320202
amelia_emb,mlib,none,no_GR_ES,fe_country,none,conventional,0.003047118620470241,7.575571952962794e-4,4.022295134136397,219.43895901356098,250,0.011478351455182518,10,unemp,share,all,mi,unweighted,wb_nat,raw,gaussian,FALSE,7.930009624290745e-5,TRUE,TRUE,0.26204137491539653,-0.26204137491539653
amelia_emb,mlib,none,no_GR_ES,fe_country,none,clustered,0.003047118620470241,0.0012180570359354964,2.5016222808729003,219.83530612592503,250,0.009842491231930692,10,unemp,share,all,mi,unweighted,wb_nat,raw,gaussian,FALSE,0.013091467164697675,TRUE,TRUE,0.16637105651543338,-0.16637105651543338
amelia_emb,mpos,none,no_GR_ES,fe_country,none,conventional,-0.008635642623630575,0.001100333110724765,-7.848207546842309,219.1507560149567,250,0.012598171159604429,10,unemp,share,all,mi,unweighted,wb_nat,raw,gaussian,TRUE,1.848375092906202e-13,TRUE,TRUE,-0.4683972895377202,-0.4683972895377202
amelia_emb,mpos,none,no_GR_ES,fe_country,none,clustered,-0.008635642623630575,0.002426870415459258,-3.5583451710570118,219.89405958149874,250,0.009589181152627498,10,unemp,share,all,mi,unweighted,wb_nat,raw,gaussian,TRUE,4.571363882694183e-4,TRUE,TRUE,-0.23333743066168644,-0.23333743066168644
amelia_emb,mneg,none,no_GR_ES,fe_country,none,conventional,0.008589037145561982,0.0011068942123747723,7.759582667917957,219.24535171118828,250,0.012236443812800852,10,unemp,share,all,mi,unweighted,wb_nat,raw,gaussian,FALSE,3.198664097275372e-13,TRUE,TRUE,0.4641744976440463,-0.4641744976440463
amelia_emb,mneg,none,no_GR_ES,fe_country,none,clustered,0.008589037145561982,0.0024430000745398572,3.5157744099454193,219.91139291133345,250,0.009513865686706145,10,unemp,share,all,mi,unweighted,wb_nat,raw,gaussian,FALSE,5.324070983909151e-4,TRUE,TRUE,0.23068667663610046,-0.23068667663610046
amelia_emb,mcosmo,none,no_GR_ES,fe_country,n_cell,conventional,-0.003579106249477578,9.379053272425346e-4,-3.8160634613306237,219.3194659440347,250,0.011949137532055367,10,unemp,share,all,mi,unweighted,wb_nat,raw,gaussian,TRUE,1.7638006252600885e-4,TRUE,TRUE,-0.2495268986386227,-0.2495268986386227
amelia_emb,mcosmo,none,no_GR_ES,fe_country,n_cell,clustered,-0.003579106249477578,0.00172147337956004,-2.0790947405717635,219.85864887761394,250,0.009742213463568265,10,unemp,share,all,mi,unweighted,wb_nat,raw,gaussian,TRUE,0.03876851921358129,TRUE,TRUE,-0.13885918240901515,-0.13885918240901515
amelia_emb,mutil,none,no_GR_ES,fe_country,n_cell,conventional,-0.0037209511585400332,5.183661858416967e-4,-7.17822894349897,219.33047035991825,250,0.011906177761615911,10,unemp,share,all,mi,unweighted,wb_nat,raw,gaussian,TRUE,1.0797946465965508e-11,TRUE,TRUE,-0.4361610905655937,-0.4361610905655937
amelia_emb,mutil,none,no_GR_ES,fe_country,n_cell,clustered,-0.0037209511585400332,7.14432083817915e-4,-5.208264358251274,219.69387851754578,250,0.010440232583045298,10,unemp,share,all,mi,unweighted,wb_nat,raw,gaussian,TRUE,4.3781791699779533e-7,TRUE,TRUE,-0.3315148118784802,-0.3315148118784802
amelia_emb,mcomm,none,no_GR_ES,fe_country,n_cell,conventional,0.004741211735223921,6.379631479302528e-4,7.431795630524835,219.20445142061865,250,0.012393515647042668,10,unemp,share,all,mi,unweighted,wb_nat,raw,gaussian,FALSE,2.3735505043247418e-12,TRUE,TRUE,0.44861437761009937,-0.44861437761009937
amelia_emb,mcomm,none,no_GR_ES,fe_country,n_cell,clustered,0.004741211735223921,0.0013969577671359094,3.3939549546615972,219.90128461711342,250,0.009557820281525376,10,unemp,share,all,mi,unweighted,wb_nat,raw,gaussian,FALSE,8.170991649930316e-4,TRUE,TRUE,0.2231030090349671,-0.2231030090349671
amelia_emb,mlib,none,no_GR_ES,fe_country,n_cell,conventional,0.002470107197420963,7.851546467881864e-4,3.1460136006650052,219.40893321858906,250,0.011597552191114998,10,unemp,share,all,mi,unweighted,wb_nat,raw,gaussian,FALSE,0.001884560833593038,TRUE,TRUE,0.2077555189439797,-0.2077555189439797
amelia_emb,mlib,none,no_GR_ES,fe_country,n_cell,clustered,0.002470107197420963,0.0015601940711831614,1.5832050916254128,219.9108149689287,250,0.009516381276245302,10,unemp,share,all,mi,unweighted,wb_nat,raw,gaussian,FALSE,0.11481177257235646,FALSE,TRUE,0.10615802829200165,-0.10615802829200165
amelia_emb,mpos,none,no_GR_ES,fe_country,n_cell,conventional,-0.007234749394754946,0.0010518758733977032,-6.877949744569874,219.18639384917051,250,0.012462535596918229,10,unemp,share,all,mi,unweighted,wb_nat,raw,gaussian,TRUE,6.257631579741372e-11,TRUE,TRUE,-0.4213242265474051,-0.4213242265474051
amelia_emb,mpos,none,no_GR_ES,fe_country,n_cell,clustered,-0.007234749394754946,0.0021141424295072465,-3.4220728432384684,219.86505486126043,250,0.009714611052444096,10,unemp,share,all,mi,unweighted,wb_nat,raw,gaussian,TRUE,7.409698589255168e-4,TRUE,TRUE,-0.22487584888012274,-0.22487584888012274
amelia_emb,mneg,none,no_GR_ES,fe_country,n_cell,conventional,0.00719277621972226,0.0010583130695399202,6.796454118108143,219.2809982403487,250,0.012098695580089632,10,unemp,share,all,mi,unweighted,wb_nat,raw,gaussian,FALSE,9.989848800734094e-11,TRUE,TRUE,0.417130921582585,-0.417130921582585
amelia_emb,mneg,none,no_GR_ES,fe_country,n_cell,clustered,0.00719277621972226,0.0021284326994033278,3.3793768634256747,219.88613865644717,250,0.00962350898411255,10,unemp,share,all,mi,unweighted,wb_nat,raw,gaussian,FALSE,8.594096608997513e-4,TRUE,TRUE,0.22219939420417126,-0.22219939420417126
amelia_emb,mcosmo,none,no_GR_ES,fe_country,n_eff,conventional,-0.0035840452681949455,9.322846143480165e-4,-3.844368139338447,219.31664344578462,250,0.011960143506902183,10,unemp,share,all,mi,unweighted,wb_nat,raw,gaussian,TRUE,1.5835990591748283e-4,TRUE,TRUE,-0.25126277345715387,-0.25126277345715387
amelia_emb,mcosmo,none,no_GR_ES,fe_country,n_eff,clustered,-0.0035840452681949455,0.0017477676107291989,-2.0506417707898934,219.86688390679737,250,0.0097067233669852,10,unemp,share,all,mi,unweighted,wb_nat,raw,gaussian,TRUE,0.041487831843285784,TRUE,TRUE,-0.13699224698943452,-0.13699224698943452
amelia_emb,mutil,none,no_GR_ES,fe_country,n_eff,conventional,-0.00372458916961306,5.158198027475977e-4,-7.220717680425282,219.28286649926636,250,0.012091453914771276,10,unemp,share,all,mi,unweighted,wb_nat,raw,gaussian,TRUE,8.397132262877931e-12,TRUE,TRUE,-0.43828654422568053,-0.43828654422568053
amelia_emb,mutil,none,no_GR_ES,fe_country,n_eff,clustered,-0.00372458916961306,7.099761884868478e-4,-5.24607617834504,219.6693192223841,250,0.010542377586444624,10,unemp,share,all,mi,unweighted,wb_nat,raw,gaussian,TRUE,3.650817039649498e-7,TRUE,TRUE,-0.33367109500225806,-0.33367109500225806
amelia_emb,mcomm,none,no_GR_ES,fe_country,n_eff,conventional,0.004677576500156254,6.333294393132791e-4,7.385692516091094,219.179629324553,250,0.012488339950650965,10,unemp,share,all,mi,unweighted,wb_nat,raw,gaussian,FALSE,3.134962773228817e-12,TRUE,TRUE,0.4464075640615108,-0.4464075640615108
amelia_emb,mcomm,none,no_GR_ES,fe_country,n_eff,clustered,0.004677576500156254,0.0014124267550395932,3.311730313424382,219.90307824367952,250,0.009550027642207613,10,unemp,share,all,mi,unweighted,wb_nat,raw,gaussian,FALSE,0.001083811954083595,TRUE,TRUE,0.21795689570269888,-0.21795689570269888
amelia_emb,mlib,none,no_GR_ES,fe_country,n_eff,conventional,0.002542351136509598,7.667093775633908e-4,3.3159254482959533,219.37002659034445,250,0.011751099751136022,10,unemp,share,all,mi,unweighted,wb_nat,raw,gaussian,FALSE,0.001068837287694786,TRUE,TRUE,0.21847218076896482,-0.21847218076896482
amelia_emb,mlib,none,no_GR_ES,fe_country,n_eff,clustered,0.002542351136509598,0.0014693041273484378,1.7303096678137164,219.8889663467682,250,0.009611260713550259,10,unemp,share,all,mi,unweighted,wb_nat,raw,gaussian,FALSE,0.08497798051092856,FALSE,TRUE,0.11590053014408509,-0.11590053014408509
amelia_emb,mpos,none,no_GR_ES,fe_country,n_eff,conventional,-0.007242790304071806,0.001041684827226502,-6.95295747309272,219.1688983286712,250,0.012529218200677116,10,unemp,share,all,mi,unweighted,wb_nat,raw,gaussian,TRUE,4.053868903496021e-11,TRUE,TRUE,-0.4251062793914677,-0.4251062793914677
amelia_emb,mpos,none,no_GR_ES,fe_country,n_eff,clustered,-0.007242790304071806,0.0021370092970571675,-3.3892179664570046,219.86979805156247,250,0.009694150158760767,10,unemp,share,all,mi,unweighted,wb_nat,raw,gaussian,TRUE,8.306457784588528e-4,TRUE,TRUE,-0.22282225067416586,-0.22282225067416586
amelia_emb,mneg,none,no_GR_ES,fe_country,n_eff,conventional,0.007201312248184584,0.0010479786844973054,6.87162091625834,219.26674445840393,250,0.012153872479351412,10,unemp,share,all,mi,unweighted,wb_nat,raw,gaussian,FALSE,6.485484440653297e-11,TRUE,TRUE,0.4209418063302585,-0.4209418063302585
amelia_emb,mneg,none,no_GR_ES,fe_country,n_eff,clustered,0.007201312248184584,0.0021513861319579428,3.347289517772796,219.8906686410464,250,0.009603883713161865,10,unemp,share,all,mi,unweighted,wb_nat,raw,gaussian,FALSE,9.598192197077428e-4,TRUE,TRUE,0.22019020111407883,-0.22019020111407883
amelia_emb,mcosmo,none,no_GR_ES,fe_country,pop,conventional,-0.00526004304528994,0.0010336264728192555,-5.0889205952155745,218.77272357144182,250,0.013992584132111777,10,unemp,share,all,mi,unweighted,wb_nat,raw,gaussian,TRUE,7.745515262201578e-7,TRUE,TRUE,-0.3253384989919922,-0.3253384989919922
amelia_emb,mcosmo,none,no_GR_ES,fe_country,pop,clustered,-0.00526004304528994,0.0033560025569137164,-1.567353706108984,219.95978774855413,250,0.009302137796144517,10,unemp,share,all,mi,unweighted,wb_nat,raw,gaussian,TRUE,0.1184694994429742,FALSE,TRUE,-0.10509538025731949,-0.10509538025731949
amelia_emb,mutil,none,no_GR_ES,fe_country,pop,conventional,-0.0019385214599740574,5.01280131477976e-4,-3.867142019490209,216.52692048915182,250,0.021073706162133745,10,unemp,share,all,mi,unweighted,wb_nat,raw,gaussian,TRUE,1.4563706290179714e-4,TRUE,TRUE,-0.254174385757149,-0.254174385757149
amelia_emb,mutil,none,no_GR_ES,fe_country,pop,clustered,-0.0019385214599740574,0.0011168299347082042,-1.7357355849174456,219.48830553673434,250,0.011281092529012224,10,unemp,share,all,mi,unweighted,wb_nat,raw,gaussian,TRUE,0.08401400742752202,FALSE,TRUE,-0.11636369465145291,-0.11636369465145291
amelia_emb,mcomm,none,no_GR_ES,fe_country,pop,conventional,0.0063220273311764665,6.560934752302645e-4,9.635863744808114,218.58645504758246,250,0.014652373752987917,10,unemp,share,all,mi,unweighted,wb_nat,raw,gaussian,FALSE,1.536414926586767e-18,TRUE,TRUE,0.5460168147725484,-0.5460168147725484
amelia_emb,mcomm,none,no_GR_ES,fe_country,pop,clustered,0.0063220273311764665,0.0018589763388016268,3.400811080388418,219.90579105415753,250,0.009538235996200656,10,unemp,share,all,mi,unweighted,wb_nat,raw,gaussian,FALSE,7.9788200609254e-4,TRUE,TRUE,0.22352902560130564,-0.22352902560130564
amelia_emb,mlib,none,no_GR_ES,fe_country,pop,conventional,7.089827842929616e-4,0.0010620534167628517,0.6675584985677532,219.80451927174417,250,0.009974030624379184,10,unemp,share,all,mi,unweighted,wb_nat,raw,gaussian,FALSE,0.5051157179583179,FALSE,TRUE,0.04498121884214496,-0.04498121884214496
amelia_emb,mlib,none,no_GR_ES,fe_country,pop,clustered,7.089827842929616e-4,0.004660952378482484,0.15211114096896064,220.05681955466696,250,0.00887098063422277,10,unemp,share,all,mi,unweighted,wb_nat,raw,gaussian,FALSE,0.8792386455136838,FALSE,TRUE,0.010253467928208394,-0.010253467928208394
amelia_emb,mpos,none,no_GR_ES,fe_country,pop,conventional,-0.0071173423214541945,0.0012166566538307335,-5.849918544434632,219.34219467367586,250,0.011860320641949678,10,unemp,share,all,mi,unweighted,wb_nat,raw,gaussian,TRUE,1.7723910426376366e-8,TRUE,TRUE,-0.36737216111100623,-0.36737216111100623
amelia_emb,mpos,none,no_GR_ES,fe_country,pop,clustered,-0.0071173423214541945,0.004188213502550011,-1.6993742838374337,220.01274801691693,250,0.009067933485345273,10,unemp,share,all,mi,unweighted,wb_nat,raw,gaussian,TRUE,0.09066206591940576,FALSE,TRUE,-0.11382388447526942,-0.11382388447526942
amelia_emb,mneg,none,no_GR_ES,fe_country,pop,conventional,0.007007875460751495,0.0012341745480398585,5.678188285345495,219.37271496937893,250,0.011740522535265774,10,unemp,share,all,mi,unweighted,wb_nat,raw,gaussian,FALSE,4.2893189197151885e-8,TRUE,TRUE,0.35796612032376174,-0.35796612032376174
amelia_emb,mneg,none,no_GR_ES,fe_country,pop,clustered,0.007007875460751495,0.0042543400263635334,1.6472297506369258,220.01517253023457,250,0.009057147642377021,10,unemp,share,all,mi,unweighted,wb_nat,raw,gaussian,FALSE,0.10093829333245341,FALSE,TRUE,0.11037386329103029,-0.11037386329103029
amelia_emb,mcosmo,none,no_GR_ES,re,none,conventional,-0.004372030987633688,9.889154971366033e-4,-4.421035973541589,243.03863665042905,250,0.011744393107104938,10,unemp,share,all,mi,unweighted,wb_nat,raw,gaussian,TRUE,1.4816785458884217e-5,TRUE,TRUE,-0.2728285136383568,-0.2728285136383568
amelia_emb,mcosmo,none,no_GR_ES,re,none,clustered,-0.004372030987633688,0.0019608114960042123,-2.229704893378642,243.82103746208878,250,0.0089286536797154,10,unemp,share,all,mi,unweighted,wb_nat,raw,gaussian,TRUE,0.02667828960214678,TRUE,TRUE,-0.14136068433876933,-0.14136068433876933
amelia_emb,mutil,none,no_GR_ES,re,none,conventional,-0.0036091943931481174,5.407429089969053e-4,-6.6745108129911195,243.40861694024682,250,0.01046044449863998,10,unemp,share,all,mi,unweighted,wb_nat,raw,gaussian,TRUE,1.662840990712427e-10,TRUE,TRUE,-0.39332819963843374,-0.39332819963843374
amelia_emb,mutil,none,no_GR_ES,re,none,clustered,-0.0036091943931481174,6.798795240962448e-4,-5.308579336825555,243.65895801223118,250,0.009544725681044593,10,unemp,share,all,mi,unweighted,wb_nat,raw,gaussian,TRUE,2.4858492654538974e-7,TRUE,TRUE,-0.3219746304582624,-0.3219746304582624
amelia_emb,mcomm,none,no_GR_ES,re,none,conventional,0.005303422771433866,7.013551980752367e-4,7.561678855433463,243.11695838585445,250,0.011478891529031759,10,unemp,share,all,mi,unweighted,wb_nat,raw,gaussian,FALSE,8.136478997262619e-13,TRUE,TRUE,0.43635855474187807,-0.43635855474187807
amelia_emb,mcomm,none,no_GR_ES,re,none,clustered,0.005303422771433866,0.0018802612093566835,2.8205776649768732,243.94177361327394,250,0.008456601328101453,10,unemp,share,all,mi,unweighted,wb_nat,raw,gaussian,FALSE,0.00518804438943364,TRUE,TRUE,0.177715862064603,-0.177715862064603
amelia_emb,mlib,none,no_GR_ES,re,none,conventional,0.0028638846099457954,7.526580841268185e-4,3.8050273694572416,243.38940786118806,250,0.010529049212006356,10,unemp,share,all,mi,unweighted,wb_nat,raw,gaussian,FALSE,1.7941697708558573e-4,TRUE,TRUE,0.2369514448428455,-0.2369514448428455
amelia_emb,mlib,none,no_GR_ES,re,none,clustered,0.0028638846099457954,0.001148917241012919,2.4926813766158746,243.78504077184817,250,0.009067169445832314,10,unemp,share,all,mi,unweighted,wb_nat,raw,gaussian,FALSE,0.01334301363641864,TRUE,TRUE,0.15765148519518757,-0.15765148519518757
amelia_emb,mpos,none,no_GR_ES,re,none,conventional,-0.008163496781425708,0.0011066384350820494,-7.376841904845318,243.1123397805899,250,0.011494637526920495,10,unemp,share,all,mi,unweighted,wb_nat,raw,gaussian,TRUE,2.549823320891956e-12,TRUE,TRUE,-0.42766626669901775,-0.42766626669901775
amelia_emb,mpos,none,no_GR_ES,re,none,clustered,-0.008163496781425708,0.0023535976323459814,-3.4685184371504607,243.86765752472994,250,0.008747764032532695,10,unemp,share,all,mi,unweighted,wb_nat,raw,gaussian,TRUE,6.18543589781439e-4,TRUE,TRUE,-0.21682548471286042,-0.21682548471286042
amelia_emb,mneg,none,no_GR_ES,re,none,conventional,0.008122174345553389,0.0011123092764789707,7.302082718634008,243.21700943497456,250,0.0111349612478624,10,unemp,share,all,mi,unweighted,wb_nat,raw,gaussian,FALSE,4.023618673072018e-12,TRUE,TRUE,0.42404016511647713,-0.42404016511647713
amelia_emb,mneg,none,no_GR_ES,re,none,clustered,0.008122174345553389,0.002369431503586467,3.4279000398447215,243.88858095626688,250,0.008666019244520762,10,unemp,share,all,mi,unweighted,wb_nat,raw,gaussian,FALSE,7.138654338036259e-4,TRUE,TRUE,0.2143949376284055,-0.2143949376284055
amelia_emb,mcosmo,none,no_GR_ES,pooled_cl,none,conventional,0.0022126335708784806,0.0013609259896853554,1.6258294629159364,243.62596168058533,250,0.009667821195781436,10,unemp,share,all,mi,unweighted,wb_nat,raw,gaussian,TRUE,0.10527875903190947,FALSE,FALSE,0.10360241197944546,0.10360241197944546
amelia_emb,mcosmo,none,no_GR_ES,pooled_cl,none,clustered,0.0022126335708784806,0.0029051680550284593,0.7616198199098005,243.97085446491835,250,0.008341117467265432,10,unemp,share,all,mi,unweighted,wb_nat,raw,gaussian,TRUE,0.44702253062550723,FALSE,FALSE,0.04870276157289091,0.04870276157289091
amelia_emb,mutil,none,no_GR_ES,pooled_cl,none,conventional,-2.151568785089389e-4,9.009648118911364e-4,-0.2388071938762202,243.94140418472338,250,0.008458063809529535,10,unemp,share,all,mi,unweighted,wb_nat,raw,gaussian,TRUE,0.8114555905531141,FALSE,TRUE,-0.015288113094035608,-0.015288113094035608
amelia_emb,mutil,none,no_GR_ES,pooled_cl,none,clustered,-2.151568785089389e-4,9.869600715468612e-4,-0.21799957740106327,243.96198732135974,250,0.008376405630357119,10,unemp,share,all,mi,unweighted,wb_nat,raw,gaussian,TRUE,0.8276116733860585,FALSE,TRUE,-0.01395572086372272,-0.01395572086372272
amelia_emb,mcomm,none,no_GR_ES,pooled_cl,none,conventional,-7.301701823478085e-4,0.0012344617198842371,-0.5914887198092145,243.7949815767332,250,0.009029016167277536,10,unemp,share,all,mi,unweighted,wb_nat,raw,gaussian,FALSE,0.5547410571424403,FALSE,FALSE,-0.037854951255749045,0.037854951255749045
amelia_emb,mcomm,none,no_GR_ES,pooled_cl,none,clustered,-7.301701823478085e-4,0.0025193158017438426,-0.2898287629690541,244.0004514533751,250,0.008222845613927186,10,unemp,share,all,mi,unweighted,wb_nat,raw,gaussian,FALSE,0.7721933818353454,FALSE,FALSE,-0.018551175116442935,0.018551175116442935
amelia_emb,mlib,none,no_GR_ES,pooled_cl,none,conventional,-0.0010661213342232924,0.001237579650043356,-0.8614567427526325,243.95217021320855,250,0.008415396809880989,10,unemp,share,all,mi,unweighted,wb_nat,raw,gaussian,FALSE,0.38983247448655434,FALSE,FALSE,-0.05507082312662549,0.05507082312662549
amelia_emb,mlib,none,no_GR_ES,pooled_cl,none,clustered,-0.0010661213342232924,0.0017101861191129559,-0.6233949172598076,244.00556125354495,250,0.008202350023276062,10,unemp,share,all,mi,unweighted,wb_nat,raw,gaussian,FALSE,0.5336073112530832,FALSE,FALSE,-0.039876572743892,0.039876572743892
amelia_emb,mpos,none,no_GR_ES,pooled_cl,none,conventional,0.0019545276529624235,0.0018963220500946175,1.0306939440296556,243.89454994834415,250,0.008642634676582883,10,unemp,share,all,mi,unweighted,wb_nat,raw,gaussian,TRUE,0.3037053743831073,FALSE,FALSE,0.0658544161025201,0.0658544161025201
amelia_emb,mpos,none,no_GR_ES,pooled_cl,none,clustered,0.0019545276529624235,0.0035144076104060952,0.5561471148580215,244.01497996997165,250,0.008164511674596768,10,unemp,share,all,mi,unweighted,wb_nat,raw,gaussian,TRUE,0.5786198981893854,FALSE,FALSE,0.03558003534062944,0.03558003534062944
amelia_emb,mneg,none,no_GR_ES,pooled_cl,none,conventional,-0.0017966988901663926,0.0018952471106160967,-0.9480024425850894,243.90558165446538,250,0.008599339986982141,10,unemp,share,all,mi,unweighted,wb_nat,raw,gaussian,FALSE,0.34406651737332394,FALSE,FALSE,-0.06058985929690171,0.06058985929690171
amelia_emb,mneg,none,no_GR_ES,pooled_cl,none,clustered,-0.0017966988901663926,0.0035301617089605877,-0.5089565403210405,244.01857138849147,250,0.008150063252501626,10,unemp,share,all,mi,unweighted,wb_nat,raw,gaussian,FALSE,0.611242571430965,FALSE,FALSE,-0.032564084284981386,0.032564084284981386
amelia_emb,mcosmo,none,no_GR_ES,pooled_cl,n_cell,conventional,0.003947217556487237,0.001362085953128544,2.8979210507390984,243.75816949651116,250,0.009169928985298512,10,unemp,share,all,mi,unweighted,wb_nat,raw,gaussian,TRUE,0.004098499105596638,TRUE,FALSE,0.1824953472533239,0.1824953472533239
amelia_emb,mcosmo,none,no_GR_ES,pooled_cl,n_cell,clustered,0.003947217556487237,0.002871034501871144,1.3748415610870264,243.99651335063703,250,0.008238626042446835,10,unemp,share,all,mi,unweighted,wb_nat,raw,gaussian,TRUE,0.17044176966711183,FALSE,FALSE,0.08767688883285364,0.08767688883285364
amelia_emb,mutil,none,no_GR_ES,pooled_cl,n_cell,conventional,1.1301565226080474e-4,8.962598354241272e-4,0.12609697299145797,243.88969824345304,250,0.008661644268086554,10,unemp,share,all,mi,unweighted,wb_nat,raw,gaussian,TRUE,0.8997590510901929,FALSE,FALSE,0.008074093542010562,0.008074093542010562
amelia_emb,mutil,none,no_GR_ES,pooled_cl,n_cell,clustered,1.1301565226080474e-4,9.903733297914716e-4,0.1141141919528475,243.92165033157653,250,0.008536099545126933,10,unemp,share,all,mi,unweighted,wb_nat,raw,gaussian,TRUE,0.9092411438976162,FALSE,FALSE,0.00730639070477368,0.00730639070477368
amelia_emb,mcomm,none,no_GR_ES,pooled_cl,n_cell,conventional,-0.0014227061357855342,0.0011892848884753643,-1.1962702541435724,243.84117364517013,250,0.008850732988581514,10,unemp,share,all,mi,unweighted,wb_nat,raw,gaussian,FALSE,0.23275300944794544,FALSE,FALSE,-0.07638447686612636,0.07638447686612636
amelia_emb,mcomm,none,no_GR_ES,pooled_cl,n_cell,clustered,-0.0014227061357855342,0.0025864918136036374,-0.5500524410333798,244.01741182573812,250,0.008154729455394851,10,unemp,share,all,mi,unweighted,wb_nat,raw,gaussian,FALSE,0.5827865248809545,FALSE,FALSE,-0.03519043323859029,0.03519043323859029
amelia_emb,mlib,none,no_GR_ES,pooled_cl,n_cell,conventional,-0.0024673496855776855,0.0012456732672794257,-1.980735840118352,243.91613266706113,250,0.00855783893512723,10,unemp,share,all,mi,unweighted,wb_nat,raw,gaussian,FALSE,0.048744319545200775,TRUE,FALSE,-0.12581758477784916,0.12581758477784916
amelia_emb,mlib,none,no_GR_ES,pooled_cl,n_cell,clustered,-0.0024673496855776855,0.0017140843552413227,-1.4394563943326535,243.98627891549927,250,0.008279573996219232,10,unemp,share,all,mi,unweighted,wb_nat,raw,gaussian,FALSE,0.15130298989046295,FALSE,FALSE,-0.09176551191242374,0.09176551191242374
amelia_emb,mpos,none,no_GR_ES,pooled_cl,n_cell,conventional,0.004017993375509543,0.0019033686051796418,2.1109906744155427,243.91960755879532,250,0.008544150912859353,10,unemp,share,all,mi,unweighted,wb_nat,raw,gaussian,TRUE,0.03579101003630118,TRUE,FALSE,0.133946570092481,0.133946570092481
amelia_emb,mpos,none,no_GR_ES,pooled_cl,n_cell,clustered,0.004017993375509543,0.00348000446409592,1.1545943164625763,244.02096092568434,250,0.00814044378361901,10,unemp,share,all,mi,unweighted,wb_nat,raw,gaussian,TRUE,0.24938602681366012,FALSE,FALSE,0.07371108445151167,0.07371108445151167
amelia_emb,mneg,none,no_GR_ES,pooled_cl,n_cell,conventional,-0.003881914549131221,0.0019047572886579578,-2.0380100773187313,243.9169765879191,250,0.008554515540438725,10,unemp,share,all,mi,unweighted,wb_nat,raw,gaussian,FALSE,0.04262793718428294,TRUE,FALSE,-0.12939538874538659,0.12939538874538659
amelia_emb,mneg,none,no_GR_ES,pooled_cl,n_cell,clustered,-0.003881914549131221,0.003502043068485865,-1.1084713903331853,244.02067469544266,250,0.008141596313999152,10,unemp,share,all,mi,unweighted,wb_nat,raw,gaussian,FALSE,0.26874960135714215,FALSE,FALSE,-0.07078162456654508,0.07078162456654508
amelia_emb,mcosmo,none,no_GR_ES,pooled_cl,n_eff,conventional,0.003968989401913731,0.0013509114042239078,2.9380086580836116,243.74044421418515,250,0.00923741752889542,10,unemp,share,all,mi,unweighted,wb_nat,raw,gaussian,TRUE,0.003619991554785162,TRUE,FALSE,0.1849405712736148,0.1849405712736148
amelia_emb,mcosmo,none,no_GR_ES,pooled_cl,n_eff,clustered,0.003968989401913731,0.0028570739675699564,1.3891797856705468,243.99319794424665,250,0.008251900861195021,10,unemp,share,all,mi,unweighted,wb_nat,raw,gaussian,TRUE,0.16604460529104306,FALSE,FALSE,0.08858472979829153,0.08858472979829153
amelia_emb,mutil,none,no_GR_ES,pooled_cl,n_eff,conventional,1.3522178698863186e-6,8.911865980593202e-4,0.0015173229409317381,243.88076486965926,250,0.008696596657147174,10,unemp,share,all,mi,unweighted,wb_nat,raw,gaussian,TRUE,0.9987905923033511,FALSE,FALSE,9.716038966036139e-5,9.716038966036139e-5
amelia_emb,mutil,none,no_GR_ES,pooled_cl,n_eff,clustered,1.3522178698863186e-6,0.0010107156098037562,0.0013378816521383988,243.922059911784,250,0.008534484815383481,10,unemp,share,all,mi,unweighted,wb_nat,raw,gaussian,TRUE,0.9989336187154467,FALSE,FALSE,8.566277849277192e-5,8.566277849277192e-5
amelia_emb,mcomm,none,no_GR_ES,pooled_cl,n_eff,conventional,-0.001475970573047,0.0011909252376744938,-1.2393477998074094,243.83190924969662,250,0.008886622535691507,10,unemp,share,all,mi,unweighted,wb_nat,raw,gaussian,FALSE,0.21640828536440934,FALSE,FALSE,-0.0791196457360029,0.0791196457360029
amelia_emb,mcomm,none,no_GR_ES,pooled_cl,n_eff,clustered,-0.001475970573047,0.0025997023189053997,-0.567745992421338,244.01588311518913,250,0.008160879347791116,10,unemp,share,all,mi,unweighted,wb_nat,raw,gaussian,FALSE,0.5707294546775732,FALSE,FALSE,-0.03632104838556584,0.03632104838556584
amelia_emb,mlib,none,no_GR_ES,pooled_cl,n_eff,conventional,-0.00231657551568884,0.0012185772304088868,-1.9010494024342848,243.89872423388564,250,0.008626264038470801,10,unemp,share,all,mi,unweighted,wb_nat,raw,gaussian,FALSE,0.0584743191441485,FALSE,FALSE,-0.12083552899457876,0.12083552899457876
amelia_emb,mlib,none,no_GR_ES,pooled_cl,n_eff,clustered,-0.00231657551568884,0.0017079974174829136,-1.3563109006937444,243.98038123301404,250,0.008303129727482168,10,unemp,share,all,mi,unweighted,wb_nat,raw,gaussian,FALSE,0.17625406962053955,FALSE,FALSE,-0.08650688619703194,0.08650688619703194
amelia_emb,mpos,none,no_GR_ES,pooled_cl,n_eff,conventional,0.003928133360317654,0.0018896544377046062,2.0787575135108938,243.91212667689385,250,0.008573606715406868,10,unemp,share,all,mi,unweighted,wb_nat,raw,gaussian,TRUE,0.0386851125632284,TRUE,FALSE,0.13193917359104487,0.13193917359104487
amelia_emb,mpos,none,no_GR_ES,pooled_cl,n_eff,clustered,0.003928133360317654,0.0034990674743669656,1.122622924277364,244.01990014132903,250,0.008144714761254798,10,unemp,share,all,mi,unweighted,wb_nat,raw,gaussian,TRUE,0.26270101977622506,FALSE,FALSE,0.07168077235681754,0.07168077235681754
amelia_emb,mneg,none,no_GR_ES,pooled_cl,n_eff,conventional,-0.0037853176620663066,0.0018915794583652082,-2.0011412395743373,243.90940884555667,250,0.008584296750746052,10,unemp,share,all,mi,unweighted,wb_nat,raw,gaussian,FALSE,0.04648520364018177,TRUE,FALSE,-0.12709464064699966,0.12709464064699966
amelia_emb,mneg,none,no_GR_ES,pooled_cl,n_eff,clustered,-0.0037853176620663066,0.0035229505941979954,-1.0744736722395165,244.01963911078835,250,0.008145765582721664,10,unemp,share,all,mi,unweighted,wb_nat,raw,gaussian,FALSE,0.28367173451950495,FALSE,FALSE,-0.06862122309012174,0.06862122309012174
amelia_emb,mcosmo,none,no_GR_ES,pooled_cl,pop,conventional,0.007727093225816095,0.0018286166968942404,4.225649497207341,243.7296193226203,250,0.00927851876135247,10,unemp,share,all,mi,unweighted,wb_nat,raw,gaussian,TRUE,3.369311772546407e-5,TRUE,FALSE,0.2612681343936592,0.2612681343936592
amelia_emb,mcosmo,none,no_GR_ES,pooled_cl,pop,clustered,0.007727093225816095,0.004389187471887464,1.7604837513338762,244.00724951049244,250,0.008195573379072434,10,unemp,share,all,mi,unweighted,wb_nat,raw,gaussian,TRUE,0.07957859735324628,FALSE,FALSE,0.11199274515045839,0.11199274515045839
amelia_emb,mutil,none,no_GR_ES,pooled_cl,pop,conventional,-2.234257020847147e-4,0.0010998630839715454,-0.20313955922398697,243.66553464444235,250,0.009520099786551491,10,unemp,share,all,mi,unweighted,wb_nat,raw,gaussian,TRUE,0.8391954840702345,FALSE,TRUE,-0.013012498183279047,-0.013012498183279047
amelia_emb,mutil,none,no_GR_ES,pooled_cl,pop,clustered,-2.234257020847147e-4,0.0013479827250605487,-0.1657481938981665,243.80217853105472,250,0.009001346915121783,10,unemp,share,all,mi,unweighted,wb_nat,raw,gaussian,TRUE,0.8684924796813175,FALSE,TRUE,-0.010614646764193127,-0.010614646764193127
amelia_emb,mcomm,none,no_GR_ES,pooled_cl,pop,conventional,-0.0012727741328044328,0.0013114534983005802,-0.9705064910450356,243.87610899450723,250,0.008714787627144466,10,unemp,share,all,mi,unweighted,wb_nat,raw,gaussian,FALSE,0.33275563326263025,FALSE,FALSE,-0.06202642903182286,0.06202642903182286
amelia_emb,mcomm,none,no_GR_ES,pooled_cl,pop,clustered,-0.0012727741328044328,0.003978807976880986,-0.31988830328076523,244.0435530695119,250,0.008049246529154876,10,unemp,share,all,mi,unweighted,wb_nat,raw,gaussian,FALSE,0.7493266955077094,FALSE,FALSE,-0.020472631012866234,0.020472631012866234
amelia_emb,mlib,none,no_GR_ES,pooled_cl,pop,conventional,-0.006399919168395029,0.0016405929738121554,-3.900979262104171,243.82247058042185,250,0.00892311838878,10,unemp,share,all,mi,unweighted,wb_nat,raw,gaussian,FALSE,1.2395508177170874e-4,TRUE,FALSE,-0.24237629016892911,0.24237629016892911
amelia_emb,mlib,none,no_GR_ES,pooled_cl,pop,clustered,-0.006399919168395029,0.002993937348789452,-2.137626283657114,243.99245220745513,250,0.008254885469169318,10,unemp,share,all,mi,unweighted,wb_nat,raw,gaussian,FALSE,0.03354135760506838,TRUE,FALSE,-0.1355858918845023,0.1355858918845023
amelia_emb,mpos,none,no_GR_ES,pooled_cl,pop,conventional,0.007489776280529703,0.002494673464588401,3.0023072706092417,243.91282703420154,250,0.008570851022685023,10,unemp,share,all,mi,unweighted,wb_nat,raw,gaussian,TRUE,0.0029579654869480838,TRUE,FALSE,0.1887807989422332,0.1887807989422332
amelia_emb,mpos,none,no_GR_ES,pooled_cl,pop,clustered,0.007489776280529703,0.005155759846633563,1.4527007663904532,244.02870400487149,250,0.008109238273682455,10,unemp,share,all,mi,unweighted,wb_nat,raw,gaussian,TRUE,0.1475914705313324,FALSE,FALSE,0.09259465360417414,0.09259465360417414
amelia_emb,mneg,none,no_GR_ES,pooled_cl,pop,conventional,-0.007608048431965586,0.0025095319600367634,-3.031660306830335,243.94271058445648,250,0.008452891566991196,10,unemp,share,all,mi,unweighted,wb_nat,raw,gaussian,FALSE,0.0026944316091279757,TRUE,FALSE,-0.19054851812031562,0.19054851812031562
amelia_emb,mneg,none,no_GR_ES,pooled_cl,pop,clustered,-0.007608048431965586,0.005292124347810707,-1.437617095129851,244.03665621697496,250,0.008077134847329706,10,unemp,share,all,mi,unweighted,wb_nat,raw,gaussian,FALSE,0.15182373626830895,FALSE,FALSE,-0.09163986112955587,0.09163986112955587
amelia_emb,mcosmo,other,all,fe_twoway,none,conventional,-0.004218796725011028,9.396172842263325e-4,-4.489909664108324,227.04533744141278,270,0.012540948358553216,10,unemp,share,all,mi,unweighted,wb_nat,raw,gaussian,TRUE,1.1336747807457575e-5,TRUE,TRUE,-0.28556784631861815,-0.28556784631861815
amelia_emb,mcosmo,other,all,fe_twoway,none,clustered,-0.004218796725011028,0.0012296101484275223,-3.4310035017246765,227.49395541448726,270,0.010864091543361204,10,unemp,share,all,mi,unweighted,wb_nat,raw,gaussian,TRUE,7.140786791315486e-4,TRUE,TRUE,-0.2218098878608374,-0.2218098878608374
amelia_emb,mutil,other,all,fe_twoway,none,conventional,-9.324021907704261e-4,4.1988926654022794e-4,-2.220590677282998,227.12073414712174,270,0.012267545284450752,10,unemp,share,all,mi,unweighted,wb_nat,raw,gaussian,TRUE,0.02736635391165384,TRUE,TRUE,-0.14577266096299668,-0.14577266096299668
amelia_emb,mutil,other,all,fe_twoway,none,clustered,-9.324021907704261e-4,5.973425730975608e-4,-1.56091702276533,227.62060952410323,270,0.010366959189390523,10,unemp,share,all,mi,unweighted,wb_nat,raw,gaussian,TRUE,0.11993257206979513,FALSE,TRUE,-0.10291105331978374,-0.10291105331978374
amelia_emb,mcomm,other,all,fe_twoway,none,conventional,0.005018740976707826,7.183602898345947e-4,6.986384197076666,227.1606954642669,270,0.01212133277088024,10,unemp,share,all,mi,unweighted,wb_nat,raw,gaussian,FALSE,3.091827333238948e-11,TRUE,TRUE,0.42055356976538805,-0.42055356976538805
amelia_emb,mcomm,other,all,fe_twoway,none,clustered,0.005018740976707826,0.0011818797562609983,4.24640573638823,227.7505724863865,270,0.009844555236146689,10,unemp,share,all,mi,unweighted,wb_nat,raw,gaussian,FALSE,3.1652921767878925e-5,TRUE,TRUE,0.27086068907944916,-0.27086068907944916
amelia_emb,mlib,other,all,fe_twoway,none,conventional,-1.980118621527422e-5,5.481262663821926e-4,-0.036125227761786234,226.58251782206406,270,0.01415451608922483,10,unemp,share,all,mi,unweighted,wb_nat,raw,gaussian,FALSE,0.9712143123918688,FALSE,FALSE,-0.002399916568425786,0.002399916568425786
amelia_emb,mlib,other,all,fe_twoway,none,clustered,-1.980118621527422e-5,0.0011259407617914632,-0.017586348134131787,227.74968146036858,270,0.009848181275597861,10,unemp,share,all,mi,unweighted,wb_nat,raw,gaussian,FALSE,0.9859842442221218,FALSE,FALSE,-0.0011653234396839542,0.0011653234396839542
amelia_emb,mpos,other,all,fe_twoway,none,conventional,-0.005101488581649829,9.761603804974644e-4,-5.22607625096405,227.10335952745334,270,0.012330831850518083,10,unemp,share,all,mi,unweighted,wb_nat,raw,gaussian,TRUE,3.9181439476796376e-7,TRUE,TRUE,-0.3276454844372306,-0.3276454844372306
amelia_emb,mpos,other,all,fe_twoway,none,clustered,-0.005101488581649829,0.0012526521371748164,-4.072550096114897,227.50259858519124,270,0.010830524883960078,10,unemp,share,all,mi,unweighted,wb_nat,raw,gaussian,TRUE,6.421785132382986e-5,TRUE,TRUE,-0.2606711614108143,-0.2606711614108143
amelia_emb,mneg,other,all,fe_twoway,none,conventional,0.0049968942025613895,9.79326616363341e-4,5.1023776124016695,227.18497889679193,270,0.012032031827638292,10,unemp,share,all,mi,unweighted,wb_nat,raw,gaussian,FALSE,7.077724128755526e-7,TRUE,TRUE,0.32064483537343647,-0.32064483537343647
amelia_emb,mneg,other,all,fe_twoway,none,clustered,0.0049968942025613895,0.0012475845424059335,4.005254980896936,227.54107009985094,270,0.010680488273418125,10,unemp,share,all,mi,unweighted,wb_nat,raw,gaussian,FALSE,8.391459466641147e-5,TRUE,TRUE,0.2566294889172965,-0.2566294889172965
amelia_emb,mcosmo,other,all,fe_twoway,n_cell,conventional,-0.003246205534121458,8.803862634997666e-4,-3.687251458487026,227.11205426560005,270,0.01229918290437855,10,unemp,share,all,mi,unweighted,wb_nat,raw,gaussian,TRUE,2.836298153600739e-4,TRUE,TRUE,-0.23766082715210327,-0.23766082715210327
amelia_emb,mcosmo,other,all,fe_twoway,n_cell,clustered,-0.003246205534121458,0.0013267676104230578,-2.446702428231845,227.6677976887386,270,0.010178765632094326,10,unemp,share,all,mi,unweighted,wb_nat,raw,gaussian,TRUE,0.0151747285427053,TRUE,TRUE,-0.16006427174671348,-0.16006427174671348
amelia_emb,mutil,other,all,fe_twoway,n_cell,conventional,-0.0010646676758816107,3.979930114373598e-4,-2.6750913842344666,226.92584634067836,270,0.012967888412656442,10,unemp,share,all,mi,unweighted,wb_nat,raw,gaussian,TRUE,0.008014951222370566,TRUE,TRUE,-0.17484557666613404,-0.17484557666613404
amelia_emb,mutil,other,all,fe_twoway,n_cell,clustered,-0.0010646676758816107,5.915331871001601e-4,-1.7998443690046728,227.57980977958425,270,0.01052835257447463,10,unemp,share,all,mi,unweighted,wb_nat,raw,gaussian,TRUE,0.07320962549085344,FALSE,TRUE,-0.11846742297119242,-0.11846742297119242
amelia_emb,mcomm,other,all,fe_twoway,n_cell,conventional,0.004578776704813916,6.49737951180942e-4,7.047112911430961,227.30430218921032,270,0.0115881189612482,10,unemp,share,all,mi,unweighted,wb_nat,raw,gaussian,FALSE,2.1605964685027065e-11,TRUE,TRUE,0.4234458882323726,-0.4234458882323726
amelia_emb,mcomm,other,all,fe_twoway,n_cell,clustered,0.004578776704813916,0.0010918832143497188,4.19346743739517,227.81022051191934,270,0.00960036959225854,10,unemp,share,all,mi,unweighted,wb_nat,raw,gaussian,FALSE,3.934836028008148e-5,TRUE,TRUE,0.267694886528927,-0.267694886528927
amelia_emb,mlib,other,all,fe_twoway,n_cell,conventional,-3.939855175093932e-4,5.41466579339917e-4,-0.7276266579364644,226.46303567014934,270,0.014554633614940428,10,unemp,share,all,mi,unweighted,wb_nat,raw,gaussian,FALSE,0.4675937494654231,FALSE,FALSE,-0.048295077863478815,0.048295077863478815
amelia_emb,mlib,other,all,fe_twoway,n_cell,clustered,-3.939855175093932e-4,0.001218245842959778,-0.32340394985645043,227.7848407484463,270,0.009704619680618582,10,unemp,share,all,mi,unweighted,wb_nat,raw,gaussian,FALSE,0.7466860473364654,FALSE,FALSE,-0.021423145031621238,0.021423145031621238
amelia_emb,mpos,other,all,fe_twoway,n_cell,conventional,-0.0042590772841998355,9.092525304272799e-4,-4.6841522477791635,227.12536674386195,270,0.012250642218508469,10,unemp,share,all,mi,unweighted,wb_nat,raw,gaussian,TRUE,4.8403842762534174e-6,TRUE,TRUE,-0.29680636731445204,-0.29680636731445204
amelia_emb,mpos,other,all,fe_twoway,n_cell,clustered,-0.0042590772841998355,0.001328522920661365,-3.205874146363679,227.64685009682017,270,0.010262512797363796,10,unemp,share,all,mi,unweighted,wb_nat,raw,gaussian,TRUE,0.0015397700908689697,TRUE,TRUE,-0.20783893366550685,-0.20783893366550685
amelia_emb,mneg,other,all,fe_twoway,n_cell,conventional,0.004180135777539673,9.13122535832761e-4,4.577847565362539,227.24256405955,270,0.011818874421243448,10,unemp,share,all,mi,unweighted,wb_nat,raw,gaussian,FALSE,7.73528228541879e-6,TRUE,TRUE,0.29057690440408773,-0.29057690440408773
amelia_emb,mneg,other,all,fe_twoway,n_cell,clustered,0.004180135777539673,0.0013202890217855732,3.16607629735981,227.68915490718993,270,0.010093039476738062,10,unemp,share,all,mi,unweighted,wb_nat,raw,gaussian,FALSE,0.0017563403080056703,TRUE,TRUE,0.20535001207094594,-0.20535001207094594
amelia_emb,mcosmo,other,all,fe_twoway,n_eff,conventional,-0.003293145385748133,8.789940030957778e-4,-3.7464935757807463,227.1200382415537,270,0.012270083395487989,10,unemp,share,all,mi,unweighted,wb_nat,raw,gaussian,TRUE,2.2742159559398136e-4,TRUE,TRUE,-0.24125467019810795,-0.24125467019810795
amelia_emb,mcosmo,other,all,fe_twoway,n_eff,clustered,-0.003293145385748133,0.0013309047951485002,-2.474365858288676,227.67485443797958,270,0.010150478734780356,10,unemp,share,all,mi,unweighted,wb_nat,raw,gaussian,TRUE,0.01407758417132591,TRUE,TRUE,-0.16182444675539864,-0.16182444675539864
amelia_emb,mutil,other,all,fe_twoway,n_eff,conventional,-0.00100483028452387,3.954215582067559e-4,-2.541162118425697,226.83538506632962,270,0.013286138774727285,10,unemp,share,all,mi,unweighted,wb_nat,raw,gaussian,TRUE,0.011716245008823787,TRUE,TRUE,-0.16637253005814828,-0.16637253005814828
amelia_emb,mutil,other,all,fe_twoway,n_eff,clustered,-0.00100483028452387,5.77481149918501e-4,-1.7400226564376688,227.52335887938125,270,0.010749689133206687,10,unemp,share,all,mi,unweighted,wb_nat,raw,gaussian,TRUE,0.08320719077717603,FALSE,TRUE,-0.11459650233788374,-0.11459650233788374
amelia_emb,mcomm,other,all,fe_twoway,n_eff,conventional,0.00447489411371861,6.474062611973607e-4,6.912034037858102,227.34958760557348,270,0.011417353553737426,10,unemp,share,all,mi,unweighted,wb_nat,raw,gaussian,FALSE,4.766394990857296e-11,TRUE,TRUE,0.4167160302556299,-0.4167160302556299
amelia_emb,mcomm,other,all,fe_twoway,n_eff,clustered,0.00447489411371861,0.001093053408227032,4.093939125057973,227.82719731970158,270,0.009530340870516824,10,unemp,share,all,mi,unweighted,wb_nat,raw,gaussian,FALSE,5.891358281675549e-5,TRUE,TRUE,0.26177262054826106,-0.26177262054826106
amelia_emb,mlib,other,all,fe_twoway,n_eff,conventional,-3.0561001168530593e-4,5.369671294624658e-4,-0.5691410049461291,226.4623848895831,270,0.014556795893615745,10,unemp,share,all,mi,unweighted,wb_nat,raw,gaussian,FALSE,0.5698244921546192,FALSE,FALSE,-0.03779300826711135,0.03779300826711135
amelia_emb,mlib,other,all,fe_twoway,n_eff,clustered,-3.0561001168530593e-4,0.0012159589246055486,-0.25133251255542566,227.78848044364835,270,0.009689701420032643,10,unemp,share,all,mi,unweighted,wb_nat,raw,gaussian,FALSE,0.8017836252518158,FALSE,FALSE,-0.01665032003129068,0.01665032003129068
amelia_emb,mpos,other,all,fe_twoway,n_eff,conventional,-0.004245851857065659,9.062738536441659e-4,-4.684954597324978,227.11699833263992,270,0.01228116733949004,10,unemp,share,all,mi,unweighted,wb_nat,raw,gaussian,TRUE,4.8232218365891595e-6,TRUE,TRUE,-0.29685771456001614,-0.29685771456001614
amelia_emb,mpos,other,all,fe_twoway,n_eff,clustered,-0.004245851857065659,0.0013334531579663545,-3.1841027423422923,227.6494071570369,270,0.010252307462442609,10,unemp,share,all,mi,unweighted,wb_nat,raw,gaussian,TRUE,0.001654988296518487,TRUE,TRUE,-0.2064867463840312,-0.2064867463840312
amelia_emb,mneg,other,all,fe_twoway,n_eff,conventional,0.004164708837893355,9.10029365116703e-4,4.576455439280544,227.22819004522574,270,0.01187226661633687,10,unemp,share,all,mi,unweighted,wb_nat,raw,gaussian,FALSE,7.782756831991845e-6,TRUE,TRUE,0.29050441031860347,-0.29050441031860347
amelia_emb,mneg,other,all,fe_twoway,n_eff,clustered,0.004164708837893355,0.0013242134514430117,3.1450434470024606,227.68785905464782,270,0.010098250822082424,10,unemp,share,all,mi,unweighted,wb_nat,raw,gaussian,FALSE,0.0018818935423250832,TRUE,TRUE,0.20404336660851097,-0.20404336660851097
amelia_emb,mcosmo,other,all,fe_twoway,pop,conventional,-0.004279656645779382,6.020975453924806e-4,-7.107912461243575,211.59806114656124,270,0.04581724973574884,10,unemp,share,all,mi,unweighted,wb_nat,raw,gaussian,TRUE,1.7777363266332804e-11,TRUE,TRUE,-0.4390273666029771,-0.4390273666029771
amelia_emb,mcosmo,other,all,fe_twoway,pop,clustered,-0.004279656645779382,5.113154424603283e-4,-8.369895157452495,201.5036332296786,270,0.060240545429877876,10,unemp,share,all,mi,unweighted,wb_nat,raw,gaussian,TRUE,9.594375773753308e-15,TRUE,TRUE,-0.5079115571589051,-0.5079115571589051
amelia_emb,mutil,other,all,fe_twoway,pop,conventional,-0.0013978602076055095,3.4630641702800523e-4,-4.036483700192211,222.46924715156877,270,0.025515119588196286,10,unemp,share,all,mi,unweighted,wb_nat,raw,gaussian,TRUE,7.465365074731913e-5,TRUE,TRUE,-0.2612282805056442,-0.2612282805056442
amelia_emb,mutil,other,all,fe_twoway,pop,clustered,-0.0013978602076055095,4.807584972137677e-4,-2.907614146617892,225.5815216548575,270,0.017333927793460737,10,unemp,share,all,mi,unweighted,wb_nat,raw,gaussian,TRUE,0.004005478867360322,TRUE,TRUE,-0.19006216826433958,-0.19006216826433958
amelia_emb,mcomm,other,all,fe_twoway,pop,conventional,0.004266263005374506,5.360629440026685e-4,7.958511314957201,220.18408024864507,270,0.030538832627005203,10,unemp,share,all,mi,unweighted,wb_nat,raw,gaussian,FALSE,9.13627050548204e-14,TRUE,TRUE,0.472648701937475,-0.472648701937475
amelia_emb,mcomm,other,all,fe_twoway,pop,clustered,0.004266263005374506,0.0012117908236246133,3.520626598420341,226.9670828886053,270,0.01282141130216457,10,unemp,share,all,mi,unweighted,wb_nat,raw,gaussian,FALSE,5.202163386501836e-4,TRUE,TRUE,0.22755818382943177,-0.22755818382943177
amelia_emb,mlib,other,all,fe_twoway,pop,conventional,0.001102234417737652,4.3919942330763903e-4,2.5096445014354845,225.37210510786386,270,0.01795541811136186,10,unemp,share,all,mi,unweighted,wb_nat,raw,gaussian,FALSE,0.012788176116824004,TRUE,TRUE,0.16488339197156704,-0.16488339197156704
amelia_emb,mlib,other,all,fe_twoway,pop,clustered,0.001102234417737652,0.0013000191759984482,0.8478601224409692,227.81307026457696,270,0.009588631055642527,10,unemp,share,all,mi,unweighted,wb_nat,raw,gaussian,FALSE,0.3974057865293782,FALSE,TRUE,0.05608552107210887,-0.05608552107210887
amelia_emb,mpos,other,all,fe_twoway,pop,conventional,-0.005576701431398702,6.689843375348127e-4,-8.33607174115418,220.33573165946797,270,0.030223406320501772,10,unemp,share,all,mi,unweighted,wb_nat,raw,gaussian,TRUE,8.285184581400767e-15,TRUE,TRUE,-0.48965805608701357,-0.48965805608701357
amelia_emb,mpos,other,all,fe_twoway,pop,clustered,-0.005576701431398702,5.222159668219047e-4,-10.67891789164801,212.65202835949378,270,0.04414317982306827,10,unemp,share,all,mi,unweighted,wb_nat,raw,gaussian,TRUE,1.3678411191931818e-21,TRUE,TRUE,-0.590824440445656,-0.590824440445656
amelia_emb,mneg,other,all,fe_twoway,pop,conventional,0.00536897677778139,6.793812419030725e-4,7.9027450960257495,222.7314443328067,270,0.024895964778538348,10,unemp,share,all,mi,unweighted,wb_nat,raw,gaussian,FALSE,1.2478631069305551e-13,TRUE,TRUE,0.4679665037908842,-0.4679665037908842
amelia_emb,mneg,other,all,fe_twoway,pop,clustered,0.00536897677778139,4.911079691499467e-4,10.932375597721398,215.2219887852849,270,0.03986718584705428,10,unemp,share,all,mi,unweighted,wb_nat,raw,gaussian,FALSE,2.0569324462951173e-22,TRUE,TRUE,0.5975324569940271,-0.5975324569940271
amelia_emb,mcosmo,other,all,fe_country,none,conventional,-0.0066423654221203195,8.392610291940687e-4,-7.914540519650835,235.7377519535186,270,0.013110267574186587,10,unemp,share,all,mi,unweighted,wb_nat,raw,gaussian,TRUE,9.665493472427865e-14,TRUE,TRUE,-0.45818674718384955,-0.45818674718384955
amelia_emb,mcosmo,other,all,fe_country,none,clustered,-0.0066423654221203195,0.0012222655747018232,-5.434469856308235,236.47757494588294,270,0.010513358395067032,10,unemp,share,all,mi,unweighted,wb_nat,raw,gaussian,TRUE,1.3652087583185762e-7,TRUE,TRUE,-0.3332018128476386,-0.3332018128476386
amelia_emb,mutil,other,all,fe_country,none,conventional,-0.0026073638753111084,4.560594149900806e-4,-5.717158312295382,236.03044895220194,270,0.01211824488938133,10,unemp,share,all,mi,unweighted,wb_nat,raw,gaussian,TRUE,3.2570447732571625e-8,TRUE,TRUE,-0.34876522382467934,-0.34876522382467934
amelia_emb,mutil,other,all,fe_country,none,clustered,-0.0026073638753111084,5.7561237402384e-4,-4.529721724160016,236.43849891283395,270,0.010658434425653587,10,unemp,share,all,mi,unweighted,wb_nat,raw,gaussian,TRUE,9.372791782737402e-6,TRUE,TRUE,-0.2825799860427867,-0.2825799860427867
amelia_emb,mcomm,other,all,fe_country,none,conventional,0.005818612951426244,6.167022393688636e-4,9.43504430498103,236.5983290070022,270,0.010058616151907314,10,unemp,share,all,mi,unweighted,wb_nat,raw,gaussian,FALSE,3.833591520923902e-18,TRUE,TRUE,0.5228648915302436,-0.5228648915302436
amelia_emb,mcomm,other,all,fe_country,none,clustered,0.005818612951426244,0.001224410713635233,4.752174157436914,236.95105579322134,270,0.008669058300997097,10,unemp,share,all,mi,unweighted,wb_nat,raw,gaussian,FALSE,3.491182650392906e-6,TRUE,TRUE,0.294981675605781,-0.294981675605781
amelia_emb,mlib,other,all,fe_country,none,conventional,0.00334414786734861,6.499620821331289e-4,5.1451430156869415,236.36991346137498,270,0.010910708762170113,10,unemp,share,all,mi,unweighted,wb_nat,raw,gaussian,FALSE,5.616242297013456e-7,TRUE,TRUE,0.31735820468435044,-0.31735820468435044
amelia_emb,mlib,other,all,fe_country,none,clustered,0.00334414786734861,0.00118864395011087,2.813414283593238,236.86722723984226,270,0.009008205961527965,10,unemp,share,all,mi,unweighted,wb_nat,raw,gaussian,FALSE,0.005313427795481296,TRUE,TRUE,0.17982227215923496,-0.17982227215923496
amelia_emb,mpos,other,all,fe_country,none,conventional,-0.009187173349757202,9.57557583610461e-4,-9.59438211028214,236.06687933020427,270,0.011991737607686116,10,unemp,share,all,mi,unweighted,wb_nat,raw,gaussian,TRUE,1.2824686115377304e-18,TRUE,TRUE,-0.5296650170078119,-0.5296650170078119
amelia_emb,mpos,other,all,fe_country,none,clustered,-0.009187173349757202,0.001445521738552966,-6.355610645436566,236.6497195073208,270,0.009862027864304044,10,unemp,share,all,mi,unweighted,wb_nat,raw,gaussian,TRUE,1.057005914433081e-9,TRUE,TRUE,-0.38184164853667046,-0.38184164853667046
amelia_emb,mneg,other,all,fe_country,none,conventional,0.009144573840843743,9.648565456478174e-4,9.477651244728776,236.295909019768,270,0.011179646375099312,10,unemp,share,all,mi,unweighted,wb_nat,raw,gaussian,FALSE,2.8733216888701586e-18,TRUE,TRUE,0.5248205356708147,-0.5248205356708147
amelia_emb,mneg,other,all,fe_country,none,clustered,0.009144573840843743,0.0014519819261149859,6.297994263132145,236.73952039823843,270,0.009513902189759784,10,unemp,share,all,mi,unweighted,wb_nat,raw,gaussian,FALSE,1.453646486542874e-9,TRUE,TRUE,0.37881738412165694,-0.37881738412165694
amelia_emb,mcosmo,other,all,fe_country,n_cell,conventional,-0.005585925820837107,7.984348996263378e-4,-6.9960942632283265,235.83556747119113,270,0.012783409092659164,10,unemp,share,all,mi,unweighted,wb_nat,raw,gaussian,TRUE,2.7010288537302163e-11,TRUE,TRUE,-0.4145722431882075,-0.4145722431882075
amelia_emb,mcosmo,other,all,fe_country,n_cell,clustered,-0.005585925820837107,0.0012746491451127195,-4.3823242201626655,236.61464401508135,270,0.009996407914729935,10,unemp,share,all,mi,unweighted,wb_nat,raw,gaussian,TRUE,1.7659182879758393e-5,TRUE,TRUE,-0.27399192204929973,-0.27399192204929973
amelia_emb,mutil,other,all,fe_country,n_cell,conventional,-0.0026292378060640813,4.2656969205769556e-4,-6.16367701460718,235.79048180782962,270,0.012934627846980944,10,unemp,share,all,mi,unweighted,wb_nat,raw,gaussian,TRUE,3.0523109900599187e-9,TRUE,TRUE,-0.37250997446875367,-0.37250997446875367
amelia_emb,mutil,other,all,fe_country,n_cell,clustered,-0.0026292378060640813,5.460874413407281e-4,-4.814682790743,236.3213184914746,270,0.01108768144048323,10,unemp,share,all,mi,unweighted,wb_nat,raw,gaussian,TRUE,2.632790947345264e-6,TRUE,TRUE,-0.29888004209668984,-0.29888004209668984
amelia_emb,mcomm,other,all,fe_country,n_cell,conventional,0.0052232193090043805,5.650856315674822e-4,9.243235037698222,236.5451841610036,270,0.010259970765348816,10,unemp,share,all,mi,unweighted,wb_nat,raw,gaussian,FALSE,1.4416266862135576e-17,TRUE,TRUE,0.5151192855286871,-0.5151192855286871
amelia_emb,mcomm,other,all,fe_country,n_cell,clustered,0.0052232193090043805,0.0010545849996658379,4.952867062076022,236.92154559748946,270,0.008789124092653039,10,unemp,share,all,mi,unweighted,wb_nat,raw,gaussian,FALSE,1.3906960918378407e-6,TRUE,TRUE,0.3063093993478918,-0.3063093993478918
amelia_emb,mlib,other,all,fe_country,n_cell,conventional,0.0029072155458480953,6.653239923750303e-4,4.36962379106472,236.34659647653106,270,0.01099580484428404,10,unemp,share,all,mi,unweighted,wb_nat,raw,gaussian,FALSE,1.8644447420589825e-5,TRUE,TRUE,0.27340057104258103,-0.27340057104258103
amelia_emb,mlib,other,all,fe_country,n_cell,clustered,0.0029072155458480953,0.0013502051286044879,2.153165829589808,236.89998785946202,270,0.008876367244639775,10,unemp,share,all,mi,unweighted,wb_nat,raw,gaussian,FALSE,0.03231556501505223,TRUE,TRUE,0.13854359232574828,-0.13854359232574828
amelia_emb,mpos,other,all,fe_country,n_cell,conventional,-0.008149475595611372,9.096171417980199e-4,-8.959237047250985,236.0016368554586,270,0.01221780219696006,10,unemp,share,all,mi,unweighted,wb_nat,raw,gaussian,TRUE,1.0107980550454033e-16,TRUE,TRUE,-0.5037816293008881,-0.5037816293008881
amelia_emb,mpos,other,all,fe_country,n_cell,clustered,-0.008149475595611372,0.0014199449311627296,-5.739289895515969,236.65366751436983,270,0.009846847199704483,10,unemp,share,all,mi,unweighted,wb_nat,raw,gaussian,TRUE,2.8968715886669144e-8,TRUE,TRUE,-0.34954553794962595,-0.34954553794962595
amelia_emb,mneg,other,all,fe_country,n_cell,conventional,0.008111493977672607,9.164555945987364e-4,8.850940542541144,236.24554328828756,270,0.011360800826973019,10,unemp,share,all,mi,unweighted,wb_nat,raw,gaussian,FALSE,2.0890379269722579e-16,TRUE,TRUE,0.49902307805611806,-0.49902307805611806
amelia_emb,mneg,other,all,fe_country,n_cell,clustered,0.008111493977672607,0.001422311416540881,5.703036538510032,236.74042241479907,270,0.009510374881904577,10,unemp,share,all,mi,unweighted,wb_nat,raw,gaussian,FALSE,3.492804644723998e-8,TRUE,TRUE,0.3475490952004536,-0.3475490952004536
amelia_emb,mcosmo,other,all,fe_country,n_eff,conventional,-0.005637472410693681,7.909482110440461e-4,-7.127486138760282,235.8080806251922,270,0.01287571622707699,10,unemp,share,all,mi,unweighted,wb_nat,raw,gaussian,TRUE,1.2377659035360513e-11,TRUE,TRUE,-0.4210089844827275,-0.4210089844827275
amelia_emb,mcosmo,other,all,fe_country,n_eff,clustered,-0.005637472410693681,0.0012861762035082333,-4.383126040830683,236.6225462148061,270,0.009966209749398982,10,unemp,share,all,mi,unweighted,wb_nat,raw,gaussian,TRUE,1.7598941512424437e-5,TRUE,TRUE,-0.27403405684816723,-0.27403405684816723
amelia_emb,mutil,other,all,fe_country,n_eff,conventional,-0.0026269292412084075,4.2327452469385934e-4,-6.206206818396122,235.65006539880238,270,0.013399513782565296,10,unemp,share,all,mi,unweighted,wb_nat,raw,gaussian,TRUE,2.4224528289299534e-9,TRUE,TRUE,-0.3748164128079168,-0.3748164128079168
amelia_emb,mutil,other,all,fe_country,n_eff,clustered,-0.0026269292412084075,5.405469875865053e-4,-4.859761133694251,236.23825510005983,270,0.011386891568829082,10,unemp,share,all,mi,unweighted,wb_nat,raw,gaussian,TRUE,2.1425911771833552e-6,TRUE,TRUE,-0.3014733582879833,-0.3014733582879833
amelia_emb,mcomm,other,all,fe_country,n_eff,conventional,0.005181614137816277,5.603840800558903e-4,9.246540582129821,236.541486339732,270,0.010273908903466725,10,unemp,share,all,mi,unweighted,wb_nat,raw,gaussian,FALSE,1.4093810146278862e-17,TRUE,TRUE,0.5152575589688959,-0.5152575589688959
amelia_emb,mcomm,other,all,fe_country,n_eff,clustered,0.005181614137816277,0.0010591252379706759,4.892352624647531,236.9242319052113,270,0.008778225254008048,10,unemp,share,all,mi,unweighted,wb_nat,raw,gaussian,FALSE,1.8410775868248325e-6,TRUE,TRUE,0.302910655888946,-0.302910655888946
amelia_emb,mlib,other,all,fe_country,n_eff,conventional,0.002999568221351016,6.487505289862135e-4,4.623608131832073,236.31112832511135,270,0.011124609514644501,10,unemp,share,all,mi,unweighted,wb_nat,raw,gaussian,FALSE,6.209632413689286e-6,TRUE,TRUE,0.2880269857772213,-0.2880269857772213
amelia_emb,mlib,other,all,fe_country,n_eff,clustered,0.002999568221351016,0.0013139132903735803,2.282927072377934,236.89152209459144,270,0.008910521286815055,10,unemp,share,all,mi,unweighted,wb_nat,raw,gaussian,FALSE,0.023321433762274923,TRUE,TRUE,0.14672080573790547,-0.14672080573790547
amelia_emb,mpos,other,all,fe_country,n_eff,conventional,-0.00819839241724569,8.992447306511056e-4,-9.116975766218363,235.9749359629697,270,0.012309679649483055,10,unemp,share,all,mi,unweighted,wb_nat,raw,gaussian,TRUE,3.4634310808280635e-17,TRUE,TRUE,-0.5103773078495555,-0.5103773078495555
amelia_emb,mpos,other,all,fe_country,n_eff,clustered,-0.00819839241724569,0.0014278419420738293,-5.741806691389218,236.65854384820872,270,0.00982808144014324,10,unemp,share,all,mi,unweighted,wb_nat,raw,gaussian,TRUE,2.859271108720737e-8,TRUE,TRUE,-0.34967691949378804,-0.34967691949378804
amelia_emb,mneg,other,all,fe_country,n_eff,conventional,0.00816206940534398,9.060443630026475e-4,9.008465521814774,236.21827266161657,270,0.011458268198252845,10,unemp,share,all,mi,unweighted,wb_nat,raw,gaussian,FALSE,7.209518596100857e-17,TRUE,TRUE,0.5056702336816291,-0.5056702336816291
amelia_emb,mneg,other,all,fe_country,n_eff,clustered,0.00816206940534398,0.0014292053916192767,5.710914227727919,236.7411544734741,270,0.009507511735029284,10,unemp,share,all,mi,unweighted,wb_nat,raw,gaussian,FALSE,3.3536234316724795e-8,TRUE,TRUE,0.3479706030123892,-0.3479706030123892
amelia_emb,mcosmo,other,all,fe_country,pop,conventional,-0.006649869938778125,7.287498978343952e-4,-9.12503721583955,229.32914111037135,270,0.02909762827075919,10,unemp,share,all,mi,unweighted,wb_nat,raw,gaussian,TRUE,3.787906105518221e-17,TRUE,TRUE,-0.5161112449003549,-0.5161112449003549
amelia_emb,mcosmo,other,all,fe_country,pop,clustered,-0.006649869938778125,0.001570012501668429,-4.235552221215695,235.86035158241094,270,0.012699866240704651,10,unemp,share,all,mi,unweighted,wb_nat,raw,gaussian,TRUE,3.270120135165258e-5,TRUE,TRUE,-0.2658667423844405,-0.2658667423844405
amelia_emb,mutil,other,all,fe_country,pop,conventional,-0.002391161425716847,3.8016402001550537e-4,-6.289815184559867,230.6350405329364,270,0.026388510184026846,10,unemp,share,all,mi,unweighted,wb_nat,raw,gaussian,TRUE,1.5786348081035634e-9,TRUE,TRUE,-0.38264652308507663,-0.38264652308507663
amelia_emb,mutil,other,all,fe_country,pop,clustered,-0.002391161425716847,7.894332974493319e-4,-3.0289594237318305,235.94405117845318,270,0.012415498109605922,10,unemp,share,all,mi,unweighted,wb_nat,raw,gaussian,TRUE,0.0027269381466166545,TRUE,TRUE,-0.19346627984168543,-0.19346627984168543
amelia_emb,mcomm,other,all,fe_country,pop,conventional,0.005405877579801465,5.188094008179156e-4,10.419775685018367,233.18804078471348,270,0.020448071270958185,10,unemp,share,all,mi,unweighted,wb_nat,raw,gaussian,FALSE,4.0404206586835095e-21,TRUE,TRUE,0.5636349339795891,-0.5636349339795891
amelia_emb,mcomm,other,all,fe_country,pop,clustered,0.005405877579801465,0.001203812948397825,4.490629201983779,236.48859989907098,270,0.010472246245966248,10,unemp,share,all,mi,unweighted,wb_nat,raw,gaussian,FALSE,1.1104573651002945e-5,TRUE,TRUE,0.28030631432813075,-0.28030631432813075
amelia_emb,mlib,other,all,fe_country,pop,conventional,0.003389541269578863,7.445174882197888e-4,4.5526684372231125,236.34328028637194,270,0.011007880235721003,10,unemp,share,all,mi,unweighted,wb_nat,raw,gaussian,FALSE,8.481572443854111e-6,TRUE,TRUE,0.28394894832197015,-0.28394894832197015
amelia_emb,mlib,other,all,fe_country,pop,clustered,0.003389541269578863,0.0027656560436332234,1.2255830862922656,237.01641407566473,270,0.008400443752343093,10,unemp,share,all,mi,unweighted,wb_nat,raw,gaussian,FALSE,0.22157201963241177,FALSE,TRUE,0.0793563626151533,-0.0793563626151533
amelia_emb,mpos,other,all,fe_country,pop,conventional,-0.00893844299711555,9.077590119492849e-4,-9.846713587476811,234.40727519289894,270,0.017179152875765814,10,unemp,share,all,mi,unweighted,wb_nat,raw,gaussian,TRUE,2.2863328064523003e-19,TRUE,TRUE,-0.5409261284566049,-0.5409261284566049
amelia_emb,mpos,other,all,fe_country,pop,clustered,-0.00893844299711555,0.0021877209133768036,-4.08573275615802,236.68053799235545,270,0.009743225919908866,10,unemp,share,all,mi,unweighted,wb_nat,raw,gaussian,TRUE,6.018030980484394e-5,TRUE,TRUE,-0.25667829555480837,-0.25667829555480837
amelia_emb,mneg,other,all,fe_country,pop,conventional,0.008781053627292947,9.226062500976544e-4,9.517661110970694,235.2671264323323,270,0.014624065522849696,10,unemp,share,all,mi,unweighted,wb_nat,raw,gaussian,FALSE,2.231245759095467e-18,TRUE,TRUE,0.5272533837660383,-0.5272533837660383
amelia_emb,mneg,other,all,fe_country,pop,clustered,0.008781053627292947,0.0021976188468338445,3.9957127415174813,236.78645514283284,270,0.00932953790425736,10,unemp,share,all,mi,unweighted,wb_nat,raw,gaussian,FALSE,8.615982892468108e-5,TRUE,TRUE,0.25133143296743965,-0.25133143296743965
amelia_emb,mcosmo,other,all,re,none,conventional,-0.0057926836994162765,8.488560405572248e-4,-6.824106117703675,261.78756628321366,270,0.011670378455078373,10,unemp,share,all,mi,unweighted,wb_nat,raw,gaussian,TRUE,6.126759011141432e-11,TRUE,TRUE,-0.38861501509438257,-0.38861501509438257
amelia_emb,mcosmo,other,all,re,none,clustered,-0.0057926836994162765,0.0012028587903099032,-4.815763700678328,262.4612814359199,270,0.009530413191956383,10,unemp,share,all,mi,unweighted,wb_nat,raw,gaussian,TRUE,2.48042395037223e-6,TRUE,TRUE,-0.2849350527111488,-0.2849350527111488
amelia_emb,mutil,other,all,re,none,conventional,-0.0024355925187784988,4.535407960822405e-4,-5.370172958678789,262.0376608878214,270,0.010902058890754714,10,unemp,share,all,mi,unweighted,wb_nat,raw,gaussian,TRUE,1.735172982644092e-7,TRUE,TRUE,-0.3148719808368087,-0.3148719808368087
amelia_emb,mutil,other,all,re,none,clustered,-0.0024355925187784988,5.255287658475317e-4,-4.634556045377584,262.31643101463067,270,0.010010224204551655,10,unemp,share,all,mi,unweighted,wb_nat,raw,gaussian,TRUE,5.642167400529831e-6,TRUE,TRUE,-0.27510935257172936,-0.27510935257172936
amelia_emb,mcomm,other,all,re,none,conventional,0.00540212382795253,6.321815820870392e-4,8.545209131399153,262.5416601130978,270,0.009258893124365777,10,unemp,share,all,mi,unweighted,wb_nat,raw,gaussian,FALSE,1.064638378907849e-15,TRUE,TRUE,0.4664833433451099,-0.4664833433451099
amelia_emb,mcomm,other,all,re,none,clustered,0.00540212382795253,0.0012145518081632279,4.4478331773448065,262.92419144367346,270,0.007909024069940214,10,unemp,share,all,mi,unweighted,wb_nat,raw,gaussian,FALSE,1.2812275851921174e-5,TRUE,TRUE,0.26453302181401916,-0.26453302181401916
amelia_emb,mlib,other,all,re,none,conventional,0.0031147560152159606,6.449544714386688e-4,4.829419987224873,262.355929910712,270,0.009880558211574655,10,unemp,share,all,mi,unweighted,wb_nat,raw,gaussian,FALSE,2.3296879135539185e-6,TRUE,TRUE,0.2857298701943975,-0.2857298701943975
amelia_emb,mlib,other,all,re,none,clustered,0.0031147560152159606,0.0011389764672371007,2.734697427745504,262.8440214755611,270,0.00820041840987092,10,unemp,share,all,mi,unweighted,wb_nat,raw,gaussian,FALSE,0.006668439312012142,TRUE,TRUE,0.16632905153204253,-0.16632905153204253
amelia_emb,mpos,other,all,re,none,conventional,-0.008459273273813463,9.757066274759459e-4,-8.669894244437742,262.1134534709287,270,0.01066346952903201,10,unemp,share,all,mi,unweighted,wb_nat,raw,gaussian,TRUE,4.589221093407613e-16,TRUE,TRUE,-0.47208279270256187,-0.47208279270256187
amelia_emb,mpos,other,all,re,none,clustered,-0.008459273273813463,0.0013889089759157745,-6.090588671036457,262.61308645167037,270,0.009014288064061108,10,unemp,share,all,mi,unweighted,wb_nat,raw,gaussian,TRUE,3.980417840296273e-9,TRUE,TRUE,-0.35181134809424686,-0.35181134809424686
amelia_emb,mneg,other,all,re,none,conventional,0.008418639596203906,9.81993065289713e-4,8.573013286728447,262.34130735527924,270,0.009928661171844693,10,unemp,share,all,mi,unweighted,wb_nat,raw,gaussian,FALSE,8.842782929296503e-16,TRUE,TRUE,0.4678091016842648,-0.4678091016842648
amelia_emb,mneg,other,all,re,none,clustered,0.008418639596203906,0.0014002806045705658,6.01210897924685,262.7184830436323,270,0.008647354785470216,10,unemp,share,all,mi,unweighted,wb_nat,raw,gaussian,FALSE,6.101229844177423e-9,TRUE,TRUE,0.34776837606274374,-0.34776837606274374
amelia_emb,mcosmo,other,all,pooled_cl,none,conventional,0.001061409539522784,0.0010921059570036663,0.9718924548629861,262.76341144071364,270,0.008488673295450893,10,unemp,share,all,mi,unweighted,wb_nat,raw,gaussian,TRUE,0.3319978543140928,FALSE,FALSE,0.0598489546572683,0.0598489546572683
amelia_emb,mcosmo,other,all,pooled_cl,none,clustered,0.001061409539522784,0.002194553828435719,0.4836561882281822,262.9875688205177,270,0.007675182130269255,10,unemp,share,all,mi,unweighted,wb_nat,raw,gaussian,TRUE,0.6290323498001746,FALSE,FALSE,0.029810967801339606,0.029810967801339606
amelia_emb,mutil,other,all,pooled_cl,none,conventional,5.338246297552998e-4,6.93730605511627e-4,0.7694984559050896,262.9126230811834,270,0.007951370810507861,10,unemp,share,all,mi,unweighted,wb_nat,raw,gaussian,TRUE,0.44228823783748084,FALSE,FALSE,0.047403840453842674,0.047403840453842674
amelia_emb,mutil,other,all,pooled_cl,none,clustered,5.338246297552998e-4,6.896508326757022e-4,0.7740505839515497,262.9108572629727,270,0.00795782570396706,10,unemp,share,all,mi,unweighted,wb_nat,raw,gaussian,TRUE,0.43959636298543947,FALSE,FALSE,0.04768379174657812,0.04768379174657812
amelia_emb,mcomm,other,all,pooled_cl,none,conventional,-1.1907684859083769e-4,0.001000977888464241,-0.11896051847212366,262.9534412183064,270,0.0078014929867389745,10,unemp,share,all,mi,unweighted,wb_nat,raw,gaussian,FALSE,0.9053974642847794,FALSE,FALSE,-0.0073358717962401145,0.0073358717962401145
amelia_emb,mcomm,other,all,pooled_cl,none,clustered,-1.1907684859083769e-4,0.0022418190551885993,-0.053116172920039714,263.03822456176067,270,0.007485974086889152,10,unemp,share,all,mi,unweighted,wb_nat,raw,gaussian,FALSE,0.9576796627845459,FALSE,FALSE,-0.0032750279802186365,0.0032750279802186365
amelia_emb,mlib,other,all,pooled_cl,none,conventional,-0.0011977667745950449,9.97764113209935e-4,-1.2004508467854949,262.91100681258064,270,0.007957279122155622,10,unemp,share,all,mi,unweighted,wb_nat,raw,gaussian,FALSE,0.23104479500762637,FALSE,FALSE,-0.07383342395913085,0.07383342395913085
amelia_emb,mlib,other,all,pooled_cl,none,clustered,-0.0011977667745950449,0.001602372140435252,-0.7474960056842324,263.00223676675427,270,0.007620608962588355,10,unemp,share,all,mi,unweighted,wb_nat,raw,gaussian,FALSE,0.4554320110922272,FALSE,FALSE,-0.04604349835737738,0.04604349835737738
amelia_emb,mpos,other,all,pooled_cl,none,conventional,0.0015312472312962427,0.0014947219104534944,1.0244361981899808,262.9477930114445,270,0.007822309302422491,10,unemp,share,all,mi,unweighted,wb_nat,raw,gaussian,TRUE,0.3065708078073583,FALSE,FALSE,0.06305001641363828,0.06305001641363828
amelia_emb,mpos,other,all,pooled_cl,none,clustered,0.0015312472312962427,0.002571563629305568,0.5954537596682936,263.0217917222082,270,0.00754758276425318,10,unemp,share,all,mi,unweighted,wb_nat,raw,gaussian,TRUE,0.5520521903542919,FALSE,FALSE,0.036691008467034575,0.036691008467034575
amelia_emb,mneg,other,all,pooled_cl,none,conventional,-0.0013200020063946576,0.0014910012914469645,-0.8853124500741659,262.9442097066116,270,0.007835502571835296,10,unemp,share,all,mi,unweighted,wb_nat,raw,gaussian,FALSE,0.3767970110677855,FALSE,FALSE,-0.054515306867485416,0.054515306867485416
amelia_emb,mneg,other,all,pooled_cl,none,clustered,-0.0013200020063946576,0.0025625555418376136,-0.515111569229864,263.0205218157309,270,0.007552334569144576,10,unemp,share,all,mi,unweighted,wb_nat,raw,gaussian,FALSE,0.6069076932993218,FALSE,FALSE,-0.031745892031696366,0.031745892031696366
amelia_emb,mcosmo,other,all,pooled_cl,n_cell,conventional,0.0022939528513879564,0.001093000334720178,2.0987668333836673,262.8321006941702,270,0.008243339966079684,10,unemp,share,all,mi,unweighted,wb_nat,raw,gaussian,TRUE,0.036791690564670035,TRUE,FALSE,0.1283854953988636,0.1283854953988636
amelia_emb,mcosmo,other,all,pooled_cl,n_cell,clustered,0.0022939528513879564,0.0022563136655402217,1.0166817169184335,263.0068073056853,270,0.0076035685051761255,10,unemp,share,all,mi,unweighted,wb_nat,raw,gaussian,TRUE,0.31023920046379566,FALSE,FALSE,0.06256764119575475,0.06256764119575475
amelia_emb,mutil,other,all,pooled_cl,n_cell,conventional,7.2535545617205e-4,6.875724001105301e-4,1.0549513855638273,262.88557393882814,270,0.008049988837459002,10,unemp,share,all,mi,unweighted,wb_nat,raw,gaussian,TRUE,0.292416136090202,FALSE,FALSE,0.06492795438158892,0.06492795438158892
amelia_emb,mutil,other,all,pooled_cl,n_cell,clustered,7.2535545617205e-4,7.269135912142241e-4,0.997856505833697,262.90415147619774,270,0.007982316878588776,10,unemp,share,all,mi,unweighted,wb_nat,raw,gaussian,TRUE,0.3192664739294805,FALSE,FALSE,0.06142547249066857,0.06142547249066857
amelia_emb,mcomm,other,all,pooled_cl,n_cell,conventional,-5.275851022105253e-4,9.606967116260199e-4,-0.5491692600025301,262.96342166715925,270,0.0077646492085181465,10,unemp,share,all,mi,unweighted,wb_nat,raw,gaussian,FALSE,0.5833553205394475,FALSE,FALSE,-0.03384617921751898,0.03384617921751898
amelia_emb,mcomm,other,all,pooled_cl,n_cell,clustered,-5.275851022105253e-4,0.002226071294102802,-0.2370027876502328,263.0414265805361,270,0.007473943415296229,10,unemp,share,all,mi,unweighted,wb_nat,raw,gaussian,FALSE,0.8128390994426266,FALSE,FALSE,-0.014611507105502596,0.014611507105502596
amelia_emb,mlib,other,all,pooled_cl,n_cell,conventional,-0.002234369113703275,0.0010066437778622807,-2.2196224353049745,262.8492835076038,270,0.00818143910989727,10,unemp,share,all,mi,unweighted,wb_nat,raw,gaussian,FALSE,0.027298081216095033,TRUE,FALSE,-0.13564171590229165,0.13564171590229165
amelia_emb,mlib,other,all,pooled_cl,n_cell,clustered,-0.002234369113703275,0.0016712492008318684,-1.3369455091383813,262.9840556966654,270,0.0076882273527407825,10,unemp,share,all,mi,unweighted,wb_nat,raw,gaussian,FALSE,0.1823957617313357,FALSE,FALSE,-0.08216334392433496,0.08216334392433496
amelia_emb,mpos,other,all,pooled_cl,n_cell,conventional,0.0029543128442710755,0.0014972986907714697,1.973095189677146,262.9534737144299,270,0.007801373150984341,10,unemp,share,all,mi,unweighted,wb_nat,raw,gaussian,TRUE,0.04953191399325185,TRUE,FALSE,0.12078617225642838,0.12078617225642838
amelia_emb,mpos,other,all,pooled_cl,n_cell,clustered,0.0029543128442710755,0.0026546078019695067,1.1128999327430635,263.02575532322766,270,0.007532743057249233,10,unemp,share,all,mi,unweighted,wb_nat,raw,gaussian,TRUE,0.2667674688815499,FALSE,FALSE,0.06845999548805537,0.06845999548805537
amelia_emb,mneg,other,all,pooled_cl,n_cell,conventional,-0.002758320514894499,0.0014952130925155356,-1.844767497490221,262.95764241313793,270,0.0077859934062875285,10,unemp,share,all,mi,unweighted,wb_nat,raw,gaussian,FALSE,0.06619590638788703,FALSE,FALSE,-0.11303331775836539,0.11303331775836539
amelia_emb,mneg,other,all,pooled_cl,n_cell,clustered,-0.002758320514894499,0.0026580153913546845,-1.0377368482763725,263.02723306224095,270,0.007527207112265779,10,unemp,share,all,mi,unweighted,wb_nat,raw,gaussian,FALSE,0.3003456297588186,FALSE,FALSE,-0.06385569573156288,0.06385569573156288
amelia_emb,mcosmo,other,all,pooled_cl,n_eff,conventional,0.002257731117774617,0.001078845792246933,2.0927282972225316,262.8184969751288,270,0.008292195075877154,10,unemp,share,all,mi,unweighted,wb_nat,raw,gaussian,TRUE,0.03733249269455442,TRUE,FALSE,0.1280254285125073,0.1280254285125073
amelia_emb,mcosmo,other,all,pooled_cl,n_eff,clustered,0.002257731117774617,0.0022309442433256213,1.0120069672422944,263.00392493767384,270,0.007614316879440621,10,unemp,share,all,mi,unweighted,wb_nat,raw,gaussian,TRUE,0.31246483609992565,FALSE,FALSE,0.06228141073057,0.06228141073057
amelia_emb,mutil,other,all,pooled_cl,n_eff,conventional,6.520333028802088e-4,6.7980143315284e-4,0.95915258644889,262.8763664725498,270,0.008083432531735997,10,unemp,share,all,mi,unweighted,wb_nat,raw,gaussian,TRUE,0.3383632152481485,FALSE,FALSE,0.059054543849323925,0.059054543849323925
amelia_emb,mutil,other,all,pooled_cl,n_eff,clustered,6.520333028802088e-4,7.378723960245028e-4,0.8836667510442503,262.9044540385181,270,0.0079812125830018045,10,unemp,share,all,mi,unweighted,wb_nat,raw,gaussian,TRUE,0.3776834838011215,FALSE,FALSE,0.05441837105292711,0.05441837105292711
amelia_emb,mcomm,other,all,pooled_cl,n_eff,conventional,-6.163570876839145e-4,9.55903332266734e-4,-0.64479018628625,262.9597443958016,270,0.0077782333087155755,10,unemp,share,all,mi,unweighted,wb_nat,raw,gaussian,FALSE,0.5196252723753517,FALSE,FALSE,-0.039731113190932095,0.039731113190932095
amelia_emb,mcomm,other,all,pooled_cl,n_eff,clustered,-6.163570876839145e-4,0.0022017761682960393,-0.2799363062235863,263.04053255806656,270,0.007477303303765959,10,unemp,share,all,mi,unweighted,wb_nat,raw,gaussian,FALSE,0.7797463835675307,FALSE,FALSE,-0.01725771163333095,0.01725771163333095
amelia_emb,mlib,other,all,pooled_cl,n_eff,conventional,-0.002027975639197835,9.81582634809072e-4,-2.0660264019363965,262.82904644521113,270,0.008254320361160517,10,unemp,share,all,mi,unweighted,wb_nat,raw,gaussian,FALSE,0.039805907592195704,TRUE,FALSE,-0.12641568031069073,0.12641568031069073
amelia_emb,mlib,other,all,pooled_cl,n_eff,clustered,-0.002027975639197835,0.0016782582478451328,-1.2083811545700645,262.9816579946997,270,0.007697125040503736,10,unemp,share,all,mi,unweighted,wb_nat,raw,gaussian,FALSE,0.22798612687219946,FALSE,FALSE,-0.07430856181099152,0.07430856181099152
amelia_emb,mpos,other,all,pooled_cl,n_eff,conventional,0.002844056301928633,0.0014781730584145828,1.9240347303982328,262.9480091264833,270,0.007821513274567331,10,unemp,share,all,mi,unweighted,wb_nat,raw,gaussian,TRUE,0.055429519833766754,FALSE,FALSE,0.11782628349680388,0.11782628349680388
amelia_emb,mpos,other,all,pooled_cl,n_eff,clustered,0.002844056301928633,0.0026368283635049526,1.078589847292232,263.0244734914448,270,0.0075375436386646575,10,unemp,share,all,mi,unweighted,wb_nat,raw,gaussian,TRUE,0.2817587454814379,FALSE,FALSE,0.06635901401792142,0.06635901401792142
amelia_emb,mneg,other,all,pooled_cl,n_eff,conventional,-0.0026415517454270905,0.00147647647173841,-1.789091662474591,262.9522788429712,270,0.007805778927681994,10,unemp,share,all,mi,unweighted,wb_nat,raw,gaussian,FALSE,0.07475095509975128,FALSE,FALSE,-0.10966468730948957,0.10966468730948957
amelia_emb,mneg,other,all,pooled_cl,n_eff,clustered,-0.0026415517454270905,0.002641785434489653,-0.9999115412404386,263.0259954872767,270,0.007531843470272489,10,unemp,share,all,mi,unweighted,wb_nat,raw,gaussian,FALSE,0.3182723122677972,FALSE,FALSE,-0.061537292201883996,0.061537292201883996
amelia_emb,mcosmo,other,all,pooled_cl,pop,conventional,0.0032943785119231074,0.0011519444463510152,2.8598414813827397,262.22967103291626,270,0.010292070082390962,10,unemp,share,all,mi,unweighted,wb_nat,raw,gaussian,TRUE,0.004579496838441777,TRUE,FALSE,0.1739129414922701,0.1739129414922701
amelia_emb,mcosmo,other,all,pooled_cl,pop,clustered,0.0032943785119231074,0.0029026578610607976,1.1349524021129904,262.93707765233216,270,0.00786173217123001,10,unemp,share,all,mi,unweighted,wb_nat,raw,gaussian,TRUE,0.25742881381871424,FALSE,FALSE,0.06982171872330308,0.06982171872330308
amelia_emb,mutil,other,all,pooled_cl,pop,conventional,0.0011139555423926605,6.919882869457881e-4,1.6097895924066852,262.749817562666,270,0.008536831848953586,10,unemp,share,all,mi,unweighted,wb_nat,raw,gaussian,TRUE,0.10864452576794492,FALSE,FALSE,0.0988249806567382,0.0988249806567382
amelia_emb,mutil,other,all,pooled_cl,pop,clustered,0.0011139555423926605,8.946543643394156e-4,1.2451239124230618,262.87646027758086,270,0.008083092129080191,10,unemp,share,all,mi,unweighted,wb_nat,raw,gaussian,TRUE,0.21419498268194173,FALSE,FALSE,0.07657021105188902,0.07657021105188902
amelia_emb,mcomm,other,all,pooled_cl,pop,conventional,-0.0015118178552293523,8.428440056281148e-4,-1.7937101588599382,262.3163503494948,270,0.010010488132548265,10,unemp,share,all,mi,unweighted,wb_nat,raw,gaussian,FALSE,0.0740111298538432,FALSE,FALSE,-0.11007594087326536,0.11007594087326536
amelia_emb,mcomm,other,all,pooled_cl,pop,clustered,-0.0015118178552293523,0.0019881930668756618,-0.7603979112577294,262.9334080614153,270,0.007875212484837024,10,unemp,share,all,mi,unweighted,wb_nat,raw,gaussian,FALSE,0.44769808758904384,FALSE,FALSE,-0.04684260462645814,0.04684260462645814
amelia_emb,mlib,other,all,pooled_cl,pop,conventional,-0.0026599616824216476,0.0010455461582419378,-2.544088236997889,262.50164673131195,270,0.009394544308728164,10,unemp,share,all,mi,unweighted,wb_nat,raw,gaussian,FALSE,0.01153005315613272,TRUE,FALSE,-0.15512328517295063,0.15512328517295063
amelia_emb,mlib,other,all,pooled_cl,pop,clustered,-0.0026599616824216476,0.0028617442936484036,-0.9294896431960712,262.98824889631,270,0.007672655676465851,10,unemp,share,all,mi,unweighted,wb_nat,raw,gaussian,FALSE,0.35348775588270065,FALSE,FALSE,-0.05722215313740216,0.05722215313740216
amelia_emb,mpos,other,all,pooled_cl,pop,conventional,0.004323951099194411,0.0015760233205098615,2.7435831963422745,262.76107015316677,270,0.008496976840023493,10,unemp,share,all,mi,unweighted,wb_nat,raw,gaussian,TRUE,0.006495708240640831,TRUE,FALSE,0.166880078625106,0.166880078625106
amelia_emb,mpos,other,all,pooled_cl,pop,clustered,0.004323951099194411,0.0031962030983558854,1.352839906018061,262.9883377937595,270,0.007672325398716098,10,unemp,share,all,mi,unweighted,wb_nat,raw,gaussian,TRUE,0.1772686758050167,FALSE,FALSE,0.08313276660528339,0.08313276660528339
amelia_emb,mneg,other,all,pooled_cl,pop,conventional,-0.004146238940884803,0.0015780290501177382,-2.627479475473185,262.73744825406504,270,0.008580541171450705,10,unemp,share,all,mi,unweighted,wb_nat,raw,gaussian,FALSE,0.00910772878348182,TRUE,FALSE,-0.16000969221821726,0.16000969221821726
amelia_emb,mneg,other,all,pooled_cl,pop,clustered,-0.004146238940884803,0.0033159560487589818,-1.2503901981561427,262.9881325033549,270,0.00767308809779383,10,unemp,share,all,mi,unweighted,wb_nat,raw,gaussian,FALSE,0.2122684473623759,FALSE,FALSE,-0.07687592557357488,0.07687592557357488
amelia_emb,mcosmo,other,y2004_2008,fe_twoway,none,conventional,-0.008738277141955228,0.0020424972397323606,-4.278232044563375,97.37524593430581,135,0.026230412669385646,10,unemp,share,all,mi,unweighted,wb_nat,raw,gaussian,TRUE,4.406971534006377e-5,TRUE,TRUE,-0.3977754568788723,-0.3977754568788723
amelia_emb,mcosmo,other,y2004_2008,fe_twoway,none,clustered,-0.008738277141955228,0.0030302651534031824,-2.883667500892317,97.81293313497078,135,0.022310904625226675,10,unemp,share,all,mi,unweighted,wb_nat,raw,gaussian,TRUE,0.0048340759246825495,TRUE,TRUE,-0.2799169700224636,-0.2799169700224636
amelia_emb,mutil,other,y2004_2008,fe_twoway,none,conventional,9.249721930465701e-5,0.0010662958100855708,0.08674630288309401,97.48459685893067,135,0.02527923455910985,10,unemp,share,all,mi,unweighted,wb_nat,raw,gaussian,TRUE,0.9310511009257947,FALSE,FALSE,0.008785494538929082,0.008785494538929082
amelia_emb,mutil,other,y2004_2008,fe_twoway,none,clustered,9.249721930465701e-5,0.0014276584898914025,0.06478945767463827,97.79003147213902,135,0.022523840140543552,10,unemp,share,all,mi,unweighted,wb_nat,raw,gaussian,TRUE,0.9484738968590714,FALSE,FALSE,0.006551605378762875,0.006551605378762875
amelia_emb,mcomm,other,y2004_2008,fe_twoway,none,conventional,0.005427120090999838,0.001410531404059945,3.8475712595826725,97.64521112680507,135,0.023849285792855505,10,unemp,share,all,mi,unweighted,wb_nat,raw,gaussian,FALSE,2.1286603274191655e-4,TRUE,TRUE,0.3628347236640302,-0.3628347236640302
amelia_emb,mcomm,other,y2004_2008,fe_twoway,none,clustered,0.005427120090999838,0.0017236219891150928,3.1486718812319867,97.81803890600742,135,0.022263303919577034,10,unemp,share,all,mi,unweighted,wb_nat,raw,gaussian,FALSE,0.0021751579814700867,TRUE,TRUE,0.3033574707973061,-0.3033574707973061
amelia_emb,mlib,other,y2004_2008,fe_twoway,none,conventional,0.0030464098011885213,0.0012282865407358884,2.4802110095282512,97.29753993255945,135,0.02689595532327826,10,unemp,share,all,mi,unweighted,wb_nat,raw,gaussian,FALSE,0.014848127420294418,TRUE,TRUE,0.24385154452468316,-0.24385154452468316
amelia_emb,mlib,other,y2004_2008,fe_twoway,none,clustered,0.0030464098011885213,0.0015661001523643945,1.9452202955151068,97.64233049861899,135,0.023875292931413113,10,unemp,share,all,mi,unweighted,wb_nat,raw,gaussian,FALSE,0.054624737746773615,FALSE,TRUE,0.19314954439537393,-0.19314954439537393
amelia_emb,mpos,other,y2004_2008,fe_twoway,none,conventional,-0.008604734237674747,0.0021045231245452414,-4.088686000793701,97.60091632483984,135,0.024247704360811074,10,unemp,share,all,mi,unweighted,wb_nat,raw,gaussian,TRUE,8.918618055005238e-5,TRUE,TRUE,-0.3824070923578333,-0.3824070923578333
amelia_emb,mpos,other,y2004_2008,fe_twoway,none,clustered,-0.008604734237674747,0.002743761653170835,-3.1361084982475296,97.83477538870099,135,0.022106940477564365,10,unemp,share,all,mi,unweighted,wb_nat,raw,gaussian,TRUE,0.0022614112751575227,TRUE,TRUE,-0.3022343485339128,-0.3022343485339128
amelia_emb,mneg,other,y2004_2008,fe_twoway,none,conventional,0.0084814010338659,0.0020998412954254526,4.03906764398948,97.59935020059643,135,0.02426173339019873,10,unemp,share,all,mi,unweighted,wb_nat,raw,gaussian,FALSE,1.069639537543953e-4,TRUE,TRUE,0.3784370824659861,-0.3784370824659861
amelia_emb,mneg,other,y2004_2008,fe_twoway,none,clustered,0.0084814010338659,0.0026991728522565914,3.1422222651562266,97.82446866795652,135,0.02220329282439795,10,unemp,share,all,mi,unweighted,wb_nat,raw,gaussian,FALSE,0.0022190602602226326,TRUE,TRUE,0.3027840704717194,-0.3027840704717194
amelia_emb,mcosmo,other,y2004_2008,fe_twoway,n_cell,conventional,-0.008086779468041828,0.00187741916375129,-4.307391564004041,97.207033224985,135,0.027660756785262024,10,unemp,share,all,mi,unweighted,wb_nat,raw,gaussian,TRUE,3.9517096325428456e-5,TRUE,TRUE,-0.40034449849866616,-0.40034449849866616
amelia_emb,mcosmo,other,y2004_2008,fe_twoway,n_cell,clustered,-0.008086779468041828,0.0025465137124280773,-3.175627693883949,97.65849352411699,135,0.023729192560717646,10,unemp,share,all,mi,unweighted,wb_nat,raw,gaussian,TRUE,0.002001024999818885,TRUE,TRUE,-0.30593899630179633,-0.30593899630179633
amelia_emb,mutil,other,y2004_2008,fe_twoway,n_cell,conventional,1.145104771683677e-6,0.0010374499859884053,0.0011037686511631752,97.20663211788708,135,0.027664122045448505,10,unemp,share,all,mi,unweighted,wb_nat,raw,gaussian,TRUE,0.9991215822336453,FALSE,FALSE,1.1195154828570304e-4,1.1195154828570304e-4
amelia_emb,mutil,other,y2004_2008,fe_twoway,n_cell,clustered,1.145104771683677e-6,0.0012923617817056793,8.860558923155015e-4,97.56142991584444,135,0.024600229023262005,10,unemp,share,all,mi,unweighted,wb_nat,raw,gaussian,TRUE,0.999294839028968,FALSE,FALSE,8.9706112760274e-5,8.9706112760274e-5
amelia_emb,mcomm,other,y2004_2008,fe_twoway,n_cell,conventional,0.0051753757020590934,0.0013547057086095336,3.8202951896992343,97.4565166560087,135,0.02552516052342877,10,unemp,share,all,mi,unweighted,wb_nat,raw,gaussian,FALSE,2.3462855705292009e-4,TRUE,TRUE,0.36090152729095104,-0.36090152729095104
amelia_emb,mcomm,other,y2004_2008,fe_twoway,n_cell,clustered,0.0051753757020590934,0.0016724194821935857,3.094544016714602,97.7059391565358,135,0.023297822190805104,10,unemp,share,all,mi,unweighted,wb_nat,raw,gaussian,FALSE,0.0025711969129921545,TRUE,TRUE,0.2987672205068315,-0.2987672205068315
amelia_emb,mlib,other,y2004_2008,fe_twoway,n_cell,conventional,0.0027074819801638545,0.0011950432192581678,2.265593358074986,97.32809863888434,135,0.026635225297381052,10,unemp,share,all,mi,unweighted,wb_nat,raw,gaussian,FALSE,0.025692130901567162,TRUE,TRUE,0.2238219331851159,-0.2238219331851159
amelia_emb,mlib,other,y2004_2008,fe_twoway,n_cell,clustered,0.0027074819801638545,0.0014232656126331187,1.902302673606275,97.58423208346608,135,0.024396957746104255,10,unemp,share,all,mi,unweighted,wb_nat,raw,gaussian,FALSE,0.06008026466070236,FALSE,TRUE,0.18909626537987156,-0.18909626537987156
amelia_emb,mpos,other,y2004_2008,fe_twoway,n_cell,conventional,-0.008022279618370544,0.001996978499939301,-4.017208807513144,97.60017511107561,135,0.024254344494226143,10,unemp,share,all,mi,unweighted,wb_nat,raw,gaussian,TRUE,1.1582973860740474e-4,TRUE,TRUE,-0.37667894208074987,-0.37667894208074987
amelia_emb,mpos,other,y2004_2008,fe_twoway,n_cell,clustered,-0.008022279618370544,0.0024149394080151777,-3.3219382613678086,97.7809498893389,135,0.022608020576627624,10,unemp,share,all,mi,unweighted,wb_nat,raw,gaussian,TRUE,0.0012581548420923013,TRUE,TRUE,-0.3184525505718114,-0.3184525505718114
amelia_emb,mneg,other,y2004_2008,fe_twoway,n_cell,conventional,0.007886597218248274,0.0019993881892012236,3.9445052545794277,97.59534963694206,135,0.0242975518855113,10,unemp,share,all,mi,unweighted,wb_nat,raw,gaussian,FALSE,1.5066820485536123e-4,TRUE,TRUE,0.37081447514931154,-0.37081447514931154
amelia_emb,mneg,other,y2004_2008,fe_twoway,n_cell,clustered,0.007886597218248274,0.0023898866855846133,3.299987930732815,97.76862000274416,135,0.022722077767107236,10,unemp,share,all,mi,unweighted,wb_nat,raw,gaussian,FALSE,0.001350048400508846,TRUE,TRUE,0.31657777189650477,-0.31657777189650477
amelia_emb,mcosmo,other,y2004_2008,fe_twoway,n_eff,conventional,-0.008185774108168443,0.0018715103529740116,-4.37388662860478,97.15267026093552,135,0.02811495725097063,10,unemp,share,all,mi,unweighted,wb_nat,raw,gaussian,TRUE,3.068837898987272e-5,TRUE,TRUE,-0.4056097375161479,-0.4056097375161479
amelia_emb,mcosmo,other,y2004_2008,fe_twoway,n_eff,clustered,-0.008185774108168443,0.0025624066738115475,-3.194564778428479,97.64130691676898,135,0.02388453085764897,10,unemp,share,all,mi,unweighted,wb_nat,raw,gaussian,TRUE,0.0018860711032618294,TRUE,TRUE,-0.30761575068256164,-0.30761575068256164
amelia_emb,mutil,other,y2004_2008,fe_twoway,n_eff,conventional,3.3010177126534364e-5,0.0010427933070064038,0.03165553221788338,97.18815727021652,135,0.027818897460310413,10,unemp,share,all,mi,unweighted,wb_nat,raw,gaussian,TRUE,0.9748116755633898,FALSE,FALSE,0.003211002966630649,0.003211002966630649
amelia_emb,mutil,other,y2004_2008,fe_twoway,n_eff,clustered,3.3010177126534364e-5,0.0013248087473369038,0.02491693777904967,97.57469945378006,135,0.02448203645261138,10,unemp,share,all,mi,unweighted,wb_nat,raw,gaussian,TRUE,0.9801721041913336,FALSE,FALSE,0.002522462246507854,0.002522462246507854
amelia_emb,mcomm,other,y2004_2008,fe_twoway,n_eff,conventional,0.0051600737407975425,0.0013476785149753355,3.828861025429332,97.40482660586727,135,0.025974822949009258,10,unemp,share,all,mi,unweighted,wb_nat,raw,gaussian,FALSE,2.2771138996507254e-4,TRUE,TRUE,0.36168841550070274,-0.36168841550070274
amelia_emb,mcomm,other,y2004_2008,fe_twoway,n_eff,clustered,0.0051600737407975425,0.0016905725342116118,3.052264032672169,97.68927605306955,135,0.023449750053902416,10,unemp,share,all,mi,unweighted,wb_nat,raw,gaussian,FALSE,0.0029254884573494695,TRUE,TRUE,0.29506579154779533,-0.29506579154779533
amelia_emb,mlib,other,y2004_2008,fe_twoway,n_eff,conventional,0.0027775922553352635,0.0011888464528480493,2.3363759455067976,97.27511127704481,135,0.02708650621191749,10,unemp,share,all,mi,unweighted,wb_nat,raw,gaussian,FALSE,0.021523614310944995,TRUE,TRUE,0.23050806574925023,-0.23050806574925023
amelia_emb,mlib,other,y2004_2008,fe_twoway,n_eff,clustered,0.0027775922553352635,0.001416378051421025,1.9610528788896144,97.54894589355209,135,0.024711173613441648,10,unemp,share,all,mi,unweighted,wb_nat,raw,gaussian,FALSE,0.05272428880535663,FALSE,TRUE,0.19475191291615881,-0.19475191291615881
amelia_emb,mpos,other,y2004_2008,fe_twoway,n_eff,conventional,-0.008086094776376366,0.0019935369753458095,-4.056154902757051,97.57363940438744,135,0.024491488538943895,10,unemp,share,all,mi,unweighted,wb_nat,raw,gaussian,TRUE,1.0050640649567062e-4,TRUE,TRUE,-0.37985034604645856,-0.37985034604645856
amelia_emb,mpos,other,y2004_2008,fe_twoway,n_eff,clustered,-0.008086094776376366,0.0024064020369313306,-3.360242657826138,97.76194304595705,135,0.02278373135333558,10,unemp,share,all,mi,unweighted,wb_nat,raw,gaussian,TRUE,0.00111184088711762,TRUE,TRUE,-0.3217743977701083,-0.3217743977701083
amelia_emb,mneg,other,y2004_2008,fe_twoway,n_eff,conventional,0.007941601255995698,0.0019957437311257137,3.9792690474924757,97.56859596436419,135,0.024536434911872334,10,unemp,share,all,mi,unweighted,wb_nat,raw,gaussian,FALSE,1.329396038098152e-4,TRUE,TRUE,0.3736721156213165,-0.3736721156213165
amelia_emb,mneg,other,y2004_2008,fe_twoway,n_eff,clustered,0.007941601255995698,0.002381267123617373,3.3350316632817085,97.74899800334522,135,0.022903041543107752,10,unemp,share,all,mi,unweighted,wb_nat,raw,gaussian,FALSE,0.0012063230022709695,TRUE,TRUE,0.3196266547923627,-0.3196266547923627
amelia_emb,mcosmo,other,y2004_2008,fe_twoway,pop,conventional,-0.005766120487399985,0.0014123121444444458,-4.082752180586945,95.3125144318632,135,0.0417322020415951,10,unemp,share,all,mi,unweighted,wb_nat,raw,gaussian,TRUE,9.257660197496246e-5,TRUE,TRUE,-0.3858158917143548,-0.3858158917143548
amelia_emb,mcosmo,other,y2004_2008,fe_twoway,pop,clustered,-0.005766120487399985,0.0013412127609345734,-4.299184033547431,94.93585905325799,135,0.044201026950223696,10,unemp,share,all,mi,unweighted,wb_nat,raw,gaussian,TRUE,4.152510884704479e-5,TRUE,TRUE,-0.4036857609576958,-0.4036857609576958
amelia_emb,mutil,other,y2004_2008,fe_twoway,pop,conventional,-0.0011384717581110993,8.845102839300952e-4,-1.2871209965503072,95.88413857372777,135,0.03780888186388011,10,unemp,share,all,mi,unweighted,wb_nat,raw,gaussian,TRUE,0.20115058996471755,FALSE,TRUE,-0.13032453257248341,-0.13032453257248341
amelia_emb,mutil,other,y2004_2008,fe_twoway,pop,clustered,-0.0011384717581110993,9.963060440392692e-4,-1.1426928150465248,96.42911971186251,135,0.0338346952438608,10,unemp,share,all,mi,unweighted,wb_nat,raw,gaussian,TRUE,0.2559953790984295,FALSE,TRUE,-0.11558586686199257,-0.11558586686199257
amelia_emb,mcomm,other,y2004_2008,fe_twoway,pop,conventional,0.004348975598900446,0.0013608229581848507,3.1958423193428316,97.09409039309259,135,0.028600177447648832,10,unemp,share,all,mi,unweighted,wb_nat,raw,gaussian,FALSE,0.001881498723409174,TRUE,TRUE,0.30851075449421855,-0.30851075449421855
amelia_emb,mcomm,other,y2004_2008,fe_twoway,pop,clustered,0.004348975598900446,0.00177503861612884,2.4500737952310434,97.55447456306455,135,0.024662070687139413,10,unemp,share,all,mi,unweighted,wb_nat,raw,gaussian,FALSE,0.016064644662695086,TRUE,TRUE,0.24076243673066372,-0.24076243673066372
amelia_emb,mlib,other,y2004_2008,fe_twoway,pop,conventional,0.002268705509810798,8.522092413309454e-4,2.662146101898199,95.4665214168236,135,0.040697299339969066,10,unemp,share,all,mi,unweighted,wb_nat,raw,gaussian,FALSE,0.009111680550242678,TRUE,TRUE,0.26287939789253506,-0.26287939789253506
amelia_emb,mlib,other,y2004_2008,fe_twoway,pop,clustered,0.002268705509810798,0.00134649238481363,1.684900364382538,97.19997353567875,135,0.02771995638929577,10,unemp,share,all,mi,unweighted,wb_nat,raw,gaussian,FALSE,0.09521608130913989,FALSE,TRUE,0.1684573060272252,-0.1684573060272252
amelia_emb,mpos,other,y2004_2008,fe_twoway,pop,conventional,-0.006806313691256667,0.0014507168922074393,-4.691689831294407,96.98724297101832,135,0.02947432249105822,10,unemp,share,all,mi,unweighted,wb_nat,raw,gaussian,TRUE,8.885266858898364e-6,TRUE,TRUE,-0.4300879537891161,-0.4300879537891161
amelia_emb,mpos,other,y2004_2008,fe_twoway,pop,clustered,-0.006806313691256667,0.001198995371124088,-5.676680540372377,96.36549794677968,135,0.034311934923741245,10,unemp,share,all,mi,unweighted,wb_nat,raw,gaussian,TRUE,1.4467134552679718e-7,TRUE,TRUE,-0.5005996238204915,-0.5005996238204915
amelia_emb,mneg,other,y2004_2008,fe_twoway,pop,conventional,0.006627915576623875,0.0014727404091096586,4.500396360164222,97.18777550766008,135,0.027822091048518707,10,unemp,share,all,mi,unweighted,wb_nat,raw,gaussian,FALSE,1.882956525084862e-5,TRUE,TRUE,0.4152792776553421,-0.4152792776553421
amelia_emb,mneg,other,y2004_2008,fe_twoway,pop,clustered,0.006627915576623875,0.0011919860152490842,5.560397095127721,96.61189414219096,135,0.032442260056221174,10,unemp,share,all,mi,unweighted,wb_nat,raw,gaussian,FALSE,2.38984583603493e-7,TRUE,TRUE,0.4923792938921832,-0.4923792938921832
amelia_emb,mcosmo,other,y2004_2008,fe_country,none,conventional,-0.010872134895820201,0.0016461954047923607,-6.604401193302769,101.10743230390374,135,0.027384403689988943,10,unemp,share,all,mi,unweighted,wb_nat,raw,gaussian,TRUE,1.884875776839664e-9,TRUE,TRUE,-0.548985465686086,-0.548985465686086
amelia_emb,mcosmo,other,y2004_2008,fe_country,none,clustered,-0.010872134895820201,0.0029111887867011806,-3.7346031784286935,101.83509425950366,135,0.021237890811874945,10,unemp,share,all,mi,unweighted,wb_nat,raw,gaussian,TRUE,3.101707086667131e-4,TRUE,TRUE,-0.34707495240814434,-0.34707495240814434
amelia_emb,mutil,other,y2004_2008,fe_country,none,conventional,0.0019513997467746711,8.652971527602783e-4,2.255178744723417,101.57648766148804,135,0.023511589826280568,10,unemp,share,all,mi,unweighted,wb_nat,raw,gaussian,TRUE,0.026267276959182108,TRUE,FALSE,0.21836119337591806,0.21836119337591806
amelia_emb,mutil,other,y2004_2008,fe_country,none,clustered,0.0019513997467746711,0.0013738629853136152,1.4203743514708784,101.92762184366278,135,0.020396685224423988,10,unemp,share,all,mi,unweighted,wb_nat,raw,gaussian,TRUE,0.1585504408424221,FALSE,FALSE,0.1393159503117576,0.1393159503117576
amelia_emb,mcomm,other,y2004_2008,fe_country,none,conventional,0.006233333473273555,0.0011119291158452251,5.6058730583157095,101.34444111186592,135,0.025464618290914544,10,unemp,share,all,mi,unweighted,wb_nat,raw,gaussian,FALSE,1.7961191427145554e-7,TRUE,TRUE,0.48651122659710033,-0.48651122659710033
amelia_emb,mcomm,other,y2004_2008,fe_country,none,clustered,0.006233333473273555,0.0013891023279440724,4.487310508290012,101.64633092445428,135,0.022908166964799352,10,unemp,share,all,mi,unweighted,wb_nat,raw,gaussian,FALSE,1.9046736047578813e-5,TRUE,TRUE,0.4066249852080175,-0.4066249852080175
amelia_emb,mlib,other,y2004_2008,fe_country,none,conventional,0.002463316280651815,9.610188686170782e-4,2.5632340436734267,101.2955606121539,135,0.02586647088027286,10,unemp,share,all,mi,unweighted,wb_nat,raw,gaussian,FALSE,0.011839805593278812,TRUE,TRUE,0.24680077566922587,-0.24680077566922587
amelia_emb,mlib,other,y2004_2008,fe_country,none,clustered,0.002463316280651815,0.001376178237317286,1.7899689254306108,101.74813253222463,135,0.02201475454166392,10,unemp,share,all,mi,unweighted,wb_nat,raw,gaussian,FALSE,0.07643344727674807,FALSE,TRUE,0.17472292078830082,-0.17472292078830082
amelia_emb,mpos,other,y2004_2008,fe_country,none,conventional,-0.0088585599939968,0.0016570396292215496,-5.346015772814322,101.2177049479116,135,0.026500069903359,10,unemp,share,all,mi,unweighted,wb_nat,raw,gaussian,TRUE,5.581545606748318e-7,TRUE,TRUE,-0.46924204846791595,-0.46924204846791595
amelia_emb,mpos,other,y2004_2008,fe_country,none,clustered,-0.0088585599939968,0.0023414752728305255,-3.7833241703586324,101.70093243702854,135,0.022431077825533545,10,unemp,share,all,mi,unweighted,wb_nat,raw,gaussian,TRUE,2.616297501510863e-4,TRUE,TRUE,-0.351250917164055,-0.351250917164055
amelia_emb,mneg,other,y2004_2008,fe_country,none,conventional,0.008692238372091423,0.0016553662821972832,5.250945646031649,101.28600808755249,135,0.02594463373137236,10,unemp,share,all,mi,unweighted,wb_nat,raw,gaussian,FALSE,8.379523963789199e-7,TRUE,TRUE,0.4625738641231641,-0.4625738641231641
amelia_emb,mneg,other,y2004_2008,fe_country,none,clustered,0.008692238372091423,0.002305269492482783,3.7705953253777085,101.7197642330813,135,0.02226541419082984,10,unemp,share,all,mi,unweighted,wb_nat,raw,gaussian,FALSE,2.735827177324112e-4,TRUE,TRUE,0.35018586200811536,-0.35018586200811536
amelia_emb,mcosmo,other,y2004_2008,fe_country,n_cell,conventional,-0.00973074286588115,0.0015419437298017375,-6.310699072742638,101.09466307213533,135,0.02748584733574209,10,unemp,share,all,mi,unweighted,wb_nat,raw,gaussian,TRUE,7.44200628514214e-9,TRUE,TRUE,-0.5316083479493583,-0.5316083479493583
amelia_emb,mcosmo,other,y2004_2008,fe_country,n_cell,clustered,-0.00973074286588115,0.0023746615259892484,-4.097738881682293,101.72704941847947,135,0.02220117014596158,10,unemp,share,all,mi,unweighted,wb_nat,raw,gaussian,TRUE,8.399308299895408e-5,TRUE,TRUE,-0.3764013591631294,-0.3764013591631294
amelia_emb,mutil,other,y2004_2008,fe_country,n_cell,conventional,0.0013209147528852252,8.326224158558897e-4,1.5864511064446878,101.66662151162737,135,0.022731432081118268,10,unemp,share,all,mi,unweighted,wb_nat,raw,gaussian,TRUE,0.1157425195675643,FALSE,FALSE,0.15542730881275924,0.15542730881275924
amelia_emb,mutil,other,y2004_2008,fe_country,n_cell,clustered,0.0013209147528852252,0.0011639651209857777,1.134840493988793,101.90636548167659,135,0.020591311199580426,10,unemp,share,all,mi,unweighted,wb_nat,raw,gaussian,TRUE,0.2591044055742908,FALSE,FALSE,0.11171387593784099,0.11171387593784099
amelia_emb,mcomm,other,y2004_2008,fe_country,n_cell,conventional,0.0064680898198982775,0.0010773106950257077,6.003922405823634,101.50018620637877,135,0.024162342481166266,10,unemp,share,all,mi,unweighted,wb_nat,raw,gaussian,FALSE,3.013381218835074e-8,TRUE,TRUE,0.5119282340390248,-0.5119282340390248
amelia_emb,mcomm,other,y2004_2008,fe_country,n_cell,clustered,0.0064680898198982775,0.001399439633965534,4.621914131136847,101.772999304202,135,0.021793928362605172,10,unemp,share,all,mi,unweighted,wb_nat,raw,gaussian,FALSE,1.1182216482167581e-5,TRUE,TRUE,0.4165152983032343,-0.4165152983032343
amelia_emb,mlib,other,y2004_2008,fe_country,n_cell,conventional,0.0016843379961229547,9.571631378097735e-4,1.7597188290985981,101.34908698695217,135,0.025426257587932367,10,unemp,share,all,mi,unweighted,wb_nat,raw,gaussian,FALSE,0.08147287048025278,FALSE,TRUE,0.17218606617916352,-0.17218606617916352
amelia_emb,mlib,other,y2004_2008,fe_country,n_cell,clustered,0.0016843379961229547,0.0012656013379301113,1.330859841597265,101.70482720498451,135,0.022396863028185783,10,unemp,share,all,mi,unweighted,wb_nat,raw,gaussian,FALSE,0.18621106977160432,FALSE,TRUE,0.1308315458036938,-0.1308315458036938
amelia_emb,mpos,other,y2004_2008,fe_country,n_cell,conventional,-0.00833327276918228,0.0015951252657621007,-5.224212134337239,101.25348231889542,135,0.026209880609899774,10,unemp,share,all,mi,unweighted,wb_nat,raw,gaussian,TRUE,9.39458878953976e-7,TRUE,TRUE,-0.46077799600526154,-0.46077799600526154
amelia_emb,mpos,other,y2004_2008,fe_country,n_cell,clustered,-0.00833327276918228,0.0018665905178537094,-4.464435391413139,101.50876937087985,135,0.024089569808131175,10,unemp,share,all,mi,unweighted,wb_nat,raw,gaussian,TRUE,2.085166241781224e-5,TRUE,TRUE,-0.40512192492686727,-0.40512192492686727
amelia_emb,mneg,other,y2004_2008,fe_country,n_cell,conventional,0.008147084036994186,0.0015986624117864004,5.09618789866358,101.29683190247691,135,0.02585605959705127,10,unemp,share,all,mi,unweighted,wb_nat,raw,gaussian,FALSE,1.6130448659338353e-6,TRUE,TRUE,0.45173723129682697,-0.45173723129682697
amelia_emb,mneg,other,y2004_2008,fe_country,n_cell,clustered,0.008147084036994186,0.0018438262223212344,4.418574775847172,101.52021726797803,135,0.02399234019023115,10,unemp,share,all,mi,unweighted,wb_nat,raw,gaussian,FALSE,2.492056785369234e-5,TRUE,TRUE,0.40161556789829356,-0.40161556789829356
amelia_emb,mcosmo,other,y2004_2008,fe_country,n_eff,conventional,-0.00985606981142348,0.0015489739694075056,-6.362966716085941,101.00454673824683,135,0.028196287594509383,10,unemp,share,all,mi,unweighted,wb_nat,raw,gaussian,TRUE,5.85306700924819e-9,TRUE,TRUE,-0.5349262057624004,-0.5349262057624004
amelia_emb,mcosmo,other,y2004_2008,fe_country,n_eff,clustered,-0.00985606981142348,0.0024393853548051055,-4.040390663168071,101.71364999755703,135,0.0223192648779841,10,unemp,share,all,mi,unweighted,wb_nat,raw,gaussian,TRUE,1.0378289214374336e-4,TRUE,TRUE,-0.37188759291947077,-0.37188759291947077
amelia_emb,mutil,other,y2004_2008,fe_country,n_eff,conventional,0.0014232610730561504,8.440589893938311e-4,1.6862104319015412,101.66358247410659,135,0.022757944352989883,10,unemp,share,all,mi,unweighted,wb_nat,raw,gaussian,TRUE,0.09482196565385721,FALSE,FALSE,0.16494506022080146,0.16494506022080146
amelia_emb,mutil,other,y2004_2008,fe_country,n_eff,clustered,0.0014232610730561504,0.0012253839985271486,1.1614816863667556,101.9228251113892,135,0.02044067769197428,10,unemp,share,all,mi,unweighted,wb_nat,raw,gaussian,TRUE,0.2481589167036348,FALSE,FALSE,0.1142934538203261,0.1142934538203261
amelia_emb,mcomm,other,y2004_2008,fe_country,n_eff,conventional,0.006426012067891009,0.0010794480887243634,5.953053356632408,101.45881870705455,135,0.024511578771519354,10,unemp,share,all,mi,unweighted,wb_nat,raw,gaussian,FALSE,3.7990531337477704e-8,TRUE,TRUE,0.5087937385002117,-0.5087937385002117
amelia_emb,mcomm,other,y2004_2008,fe_country,n_eff,clustered,0.006426012067891009,0.0014155163389609764,4.539694732600444,101.75739967926422,135,0.021932580445050896,10,unemp,share,all,mi,unweighted,wb_nat,raw,gaussian,FALSE,1.5490156959057865e-5,TRUE,TRUE,0.4103891438909786,-0.4103891438909786
amelia_emb,mlib,other,y2004_2008,fe_country,n_eff,conventional,0.0017444311133976678,9.604474105797656e-4,1.8162692659503943,101.30022429955751,135,0.025828267005653317,10,unemp,share,all,mi,unweighted,wb_nat,raw,gaussian,FALSE,0.07228661446899243,FALSE,TRUE,0.17758911651396714,-0.17758911651396714
amelia_emb,mlib,other,y2004_2008,fe_country,n_eff,clustered,0.0017444311133976678,0.0012451251436530033,1.4010086634984966,101.6588667606554,135,0.022799054648581164,10,unemp,share,all,mi,unweighted,wb_nat,raw,gaussian,FALSE,0.1642567637103774,FALSE,TRUE,0.13763075144478232,-0.13763075144478232
amelia_emb,mpos,other,y2004_2008,fe_country,n_eff,conventional,-0.00835473532800913,0.0016054001923750652,-5.2041449650313965,101.19021579375344,135,0.026721930398439845,10,unemp,share,all,mi,unweighted,wb_nat,raw,gaussian,TRUE,1.0240010335216036e-6,TRUE,TRUE,-0.4594954158816823,-0.4594954158816823
amelia_emb,mpos,other,y2004_2008,fe_country,n_eff,clustered,-0.00835473532800913,0.0018905128117305207,-4.419295799620341,101.47363485863876,135,0.02438678031831601,10,unemp,share,all,mi,unweighted,wb_nat,raw,gaussian,TRUE,2.4860357741131e-5,TRUE,TRUE,-0.40174783824285876,-0.40174783824285876
amelia_emb,mneg,other,y2004_2008,fe_country,n_eff,conventional,0.008165448609268947,0.0016088835042737954,5.075226756678445,101.23935997495683,135,0.026324622101341122,10,unemp,share,all,mi,unweighted,wb_nat,raw,gaussian,FALSE,1.7626203853434842e-6,TRUE,TRUE,0.45035836097700993,-0.45035836097700993
amelia_emb,mneg,other,y2004_2008,fe_country,n_eff,clustered,0.008165448609268947,0.0018682623774534059,4.3706112737757525,101.48821336919396,135,0.024263675096881803,10,unemp,share,all,mi,unweighted,wb_nat,raw,gaussian,FALSE,3.0003100806154904e-5,TRUE,TRUE,0.39800241972969996,-0.39800241972969996
amelia_emb,mcosmo,other,y2004_2008,fe_country,pop,conventional,-0.006018725095980825,0.0011065514134196602,-5.439173474444084,99.23593523143835,135,0.04061497096446788,10,unemp,share,all,mi,unweighted,wb_nat,raw,gaussian,TRUE,3.855474139656433e-7,TRUE,TRUE,-0.47922597204283857,-0.47922597204283857
amelia_emb,mcosmo,other,y2004_2008,fe_country,pop,clustered,-0.006018725095980825,0.0010049801435293587,-5.988899516804233,98.46784768325982,135,0.045343243178243724,10,unemp,share,all,mi,unweighted,wb_nat,raw,gaussian,TRUE,3.454737961692451e-8,TRUE,TRUE,-0.5167170788104901,-0.5167170788104901
amelia_emb,mutil,other,y2004_2008,fe_country,pop,conventional,1.0207614999594419e-4,7.022493314934423e-4,0.14535599454237058,101.44591118555185,135,0.024620044878694666,10,unemp,share,all,mi,unweighted,wb_nat,raw,gaussian,TRUE,0.8847182239392564,FALSE,FALSE,0.014430136932162215,0.014430136932162215
amelia_emb,mutil,other,y2004_2008,fe_country,pop,clustered,1.0207614999594419e-4,5.875194551366989e-4,0.17374088483962458,101.11696511062001,135,0.027308543640859148,10,unemp,share,all,mi,unweighted,wb_nat,raw,gaussian,TRUE,0.8624164517384423,FALSE,FALSE,0.01727528423600984,0.01727528423600984
amelia_emb,mcomm,other,y2004_2008,fe_country,pop,conventional,0.005100107045777442,0.0010454959509518102,4.878170059993394,101.24176585293138,135,0.02630509287103934,10,unemp,share,all,mi,unweighted,wb_nat,raw,gaussian,FALSE,3.990116086557998e-6,TRUE,TRUE,0.43624995034407893,-0.43624995034407893
amelia_emb,mcomm,other,y2004_2008,fe_country,pop,clustered,0.005100107045777442,0.0018568820174279352,2.746597251688542,101.8756678803588,135,0.020870922260000386,10,unemp,share,all,mi,unweighted,wb_nat,raw,gaussian,FALSE,0.007121209256666723,TRUE,TRUE,0.26257156274795423,-0.26257156274795423
amelia_emb,mlib,other,y2004_2008,fe_country,pop,conventional,4.5661747100232783e-4,7.051162989377594e-4,0.6475775296787366,99.75256134637434,135,0.03723971400127815,10,unemp,share,all,mi,unweighted,wb_nat,raw,gaussian,FALSE,0.518745852439531,FALSE,TRUE,0.06470215952102254,-0.06470215952102254
amelia_emb,mlib,other,y2004_2008,fe_country,pop,clustered,4.5661747100232783e-4,0.0019007843478286717,0.24022581600271328,101.8671438452652,135,0.020948261595472393,10,unemp,share,all,mi,unweighted,wb_nat,raw,gaussian,FALSE,0.810637968360759,FALSE,TRUE,0.023794667031058182,-0.023794667031058182
amelia_emb,mpos,other,y2004_2008,fe_country,pop,conventional,-0.005809637367113165,0.001131538719208404,-5.134280664454364,100.13704404790418,135,0.03460675053086384,10,unemp,share,all,mi,unweighted,wb_nat,raw,gaussian,TRUE,1.3958808801873086e-6,TRUE,TRUE,-0.45649705342341196,-0.45649705342341196
amelia_emb,mpos,other,y2004_2008,fe_country,pop,clustered,-0.005809637367113165,7.083648677482843e-4,-8.201475865934114,95.80143004978402,135,0.05983402695842156,10,unemp,share,all,mi,unweighted,wb_nat,raw,gaussian,TRUE,1.0756921331451268e-12,TRUE,TRUE,-0.642259868953955,-0.642259868953955
amelia_emb,mneg,other,y2004_2008,fe_country,pop,conventional,0.005558845120433724,0.0011500016328775545,4.833771502153683,100.5520445388672,135,0.03162981027226022,10,unemp,share,all,mi,unweighted,wb_nat,raw,gaussian,FALSE,4.8214894621677045e-6,TRUE,TRUE,0.4342301609714088,-0.4342301609714088
amelia_emb,mneg,other,y2004_2008,fe_country,pop,clustered,0.005558845120433724,7.366729030966273e-4,7.545879720927629,97.53360722786906,135,0.050714278482219384,10,unemp,share,all,mi,unweighted,wb_nat,raw,gaussian,FALSE,2.3823881938533488e-11,TRUE,TRUE,0.6071308644949492,-0.6071308644949492
amelia_emb,mcosmo,other,y2004_2008,re,none,conventional,-0.008255655565054847,0.0016486163305242784,-5.007626948854411,126.99696630466559,135,0.022566626609986346,10,unemp,share,all,mi,unweighted,wb_nat,raw,gaussian,TRUE,1.801207189773394e-6,TRUE,TRUE,-0.40607428793950057,-0.40607428793950057
amelia_emb,mcosmo,other,y2004_2008,re,none,clustered,-0.008255655565054847,0.0027554707366944536,-2.996096258659086,127.74252936732843,135,0.017589736997418323,10,unemp,share,all,mi,unweighted,wb_nat,raw,gaussian,TRUE,0.0032858412803006888,TRUE,TRUE,-0.2562365814859263,-0.2562365814859263
amelia_emb,mutil,other,y2004_2008,re,none,conventional,0.0018509948748927942,8.615983457214594e-4,2.148326867251426,127.46425488538925,135,0.019520916992956862,10,unemp,share,all,mi,unweighted,wb_nat,raw,gaussian,TRUE,0.03357888777302752,TRUE,FALSE,0.1869315244859009,0.1869315244859009
amelia_emb,mutil,other,y2004_2008,re,none,clustered,0.0018509948748927942,0.0013165481708760675,1.4059454229168775,127.84811333570539,135,0.016830383290018732,10,unemp,share,all,mi,unweighted,wb_nat,raw,gaussian,TRUE,0.16216605319948812,FALSE,FALSE,0.12339274851235886,0.12339274851235886
amelia_emb,mcomm,other,y2004_2008,re,none,conventional,0.005182857575002411,0.0011373335025481471,4.5570253258085165,127.10509437230994,135,0.02188159622353174,10,unemp,share,all,mi,unweighted,wb_nat,raw,gaussian,FALSE,1.2019103234567972e-5,TRUE,TRUE,0.37474780182414946,-0.37474780182414946
amelia_emb,mcomm,other,y2004_2008,re,none,clustered,0.005182857575002411,0.001340743343525412,3.865659747654885,127.40798895961854,135,0.019899991225112733,10,unemp,share,all,mi,unweighted,wb_nat,raw,gaussian,FALSE,1.7564691438553415e-4,TRUE,TRUE,0.3239984142017216,-0.3239984142017216
amelia_emb,mlib,other,y2004_2008,re,none,conventional,0.0022233676870135263,9.443715109585827e-4,2.3543358320463317,127.09691500878884,135,0.021933806901580852,10,unemp,share,all,mi,unweighted,wb_nat,raw,gaussian,FALSE,0.020088268307158014,TRUE,TRUE,0.20442380292841944,-0.20442380292841944
amelia_emb,mlib,other,y2004_2008,re,none,clustered,0.0022233676870135263,0.001302309181754991,1.7072502583582474,127.60471356113582,135,0.018558299489252857,10,unemp,share,all,mi,unweighted,wb_nat,raw,gaussian,FALSE,0.09020761149602645,FALSE,TRUE,0.14943751067687777,-0.14943751067687777
amelia_emb,mpos,other,y2004_2008,re,none,conventional,-0.007743655142766232,0.0016770352780974638,-4.617467052661605,127.08528552262207,135,0.022007928663160467,10,unemp,share,all,mi,unweighted,wb_nat,raw,gaussian,TRUE,9.378841638045668e-6,TRUE,TRUE,-0.3790335514790943,-0.3790335514790943
amelia_emb,mpos,other,y2004_2008,re,none,clustered,-0.007743655142766232,0.002233738317050646,-3.4666796390862373,127.55971327736266,135,0.0188693095705496,10,unemp,share,all,mi,unweighted,wb_nat,raw,gaussian,TRUE,7.186535653031382e-4,TRUE,TRUE,-0.2934309205205041,-0.2934309205205041
amelia_emb,mneg,other,y2004_2008,re,none,conventional,0.007568532656049719,0.0016759996578691483,4.515831862204726,127.15677953668398,135,0.02155015988380525,10,unemp,share,all,mi,unweighted,wb_nat,raw,gaussian,FALSE,1.4212609713809975e-5,TRUE,TRUE,0.3717653141442438,-0.3717653141442438
amelia_emb,mneg,other,y2004_2008,re,none,clustered,0.007568532656049719,0.00220355101399784,3.434698179425556,127.58263615505014,135,0.018711196411810356,10,unemp,share,all,mi,unweighted,wb_nat,raw,gaussian,FALSE,8.008016441421176e-4,TRUE,TRUE,0.2909301162501235,-0.2909301162501235
amelia_emb,mcosmo,other,y2004_2008,pooled_cl,none,conventional,0.00271480362718029,0.0019550460039462927,1.3886136805478817,127.86829527629527,135,0.016683436972724654,10,unemp,share,all,mi,unweighted,wb_nat,raw,gaussian,TRUE,0.16736438399831893,FALSE,FALSE,0.12188489187309057,0.12188489187309057
amelia_emb,mcosmo,other,y2004_2008,pooled_cl,none,clustered,0.00271480362718029,0.0032323745261867006,0.8398790440855874,128.02808568020993,135,0.01549839915584516,10,unemp,share,all,mi,unweighted,wb_nat,raw,gaussian,TRUE,0.40254186734731245,FALSE,FALSE,0.07402373361796351,0.07402373361796351
amelia_emb,mutil,other,y2004_2008,pooled_cl,none,conventional,-1.4117752294272017e-4,0.001434315844425695,-0.0984284761905061,127.99101143963884,135,0.015776866768603792,10,unemp,share,all,mi,unweighted,wb_nat,raw,gaussian,TRUE,0.9217460470242798,FALSE,TRUE,-0.008699906596684574,-0.008699906596684574
amelia_emb,mutil,other,y2004_2008,pooled_cl,none,clustered,-1.4117752294272017e-4,0.0017096085624626553,-0.08257885813309036,128.02893684254823,135,0.015491980198685397,10,unemp,share,all,mi,unweighted,wb_nat,raw,gaussian,TRUE,0.9343153803961487,FALSE,TRUE,-0.0072979895652123105,-0.0072979895652123105
amelia_emb,mcomm,other,y2004_2008,pooled_cl,none,conventional,-0.00120143614199437,0.0016340935543088266,-0.7352309412312333,127.9878625951612,135,0.015800417612042702,10,unemp,share,all,mi,unweighted,wb_nat,raw,gaussian,FALSE,0.4635439821454641,FALSE,FALSE,-0.06485212020886916,0.06485212020886916
amelia_emb,mcomm,other,y2004_2008,pooled_cl,none,clustered,-0.00120143614199437,0.0025923737868156047,-0.4634501969217096,128.06664440821947,135,0.015206430897151409,10,unemp,share,all,mi,unweighted,wb_nat,raw,gaussian,FALSE,0.6438283795715325,FALSE,FALSE,-0.040918638413473735,0.040918638413473735
amelia_emb,mlib,other,y2004_2008,pooled_cl,none,conventional,-0.0013408566224897647,0.0018249742267960238,-0.7347263335569458,128.07855508770712,135,0.015115749041520644,10,unemp,share,all,mi,unweighted,wb_nat,raw,gaussian,FALSE,0.4638492820605621,FALSE,FALSE,-0.06478494461387055,0.06478494461387055
amelia_emb,mlib,other,y2004_2008,pooled_cl,none,clustered,-0.0013408566224897647,0.0021391020082747255,-0.6268315476788417,128.08928508278512,135,0.015033854126008089,10,unemp,share,all,mi,unweighted,wb_nat,raw,gaussian,FALSE,0.5318853029775841,FALSE,FALSE,-0.05530053830236999,0.05530053830236999
amelia_emb,mpos,other,y2004_2008,pooled_cl,none,conventional,0.002537467005187402,0.0027623047095643644,0.9186050316612533,128.031745502091,135,0.015470790678940943,10,unemp,share,all,mi,unweighted,wb_nat,raw,gaussian,TRUE,0.3600295372346628,FALSE,FALSE,0.08091769486182981,0.08091769486182981
amelia_emb,mpos,other,y2004_2008,pooled_cl,none,clustered,0.002537467005187402,0.003484401131136204,0.7282361902918959,128.06392815641027,135,0.015227078172386178,10,unemp,share,all,mi,unweighted,wb_nat,raw,gaussian,TRUE,0.46779850692917724,FALSE,FALSE,0.06421869449347935,0.06421869449347935
amelia_emb,mneg,other,y2004_2008,pooled_cl,none,conventional,-0.0025239287568290395,0.0027401858262883372,-0.9210794146204951,128.03440260327062,135,0.015450732840947484,10,unemp,share,all,mi,unweighted,wb_nat,raw,gaussian,FALSE,0.35874124384683426,FALSE,FALSE,-0.0811333880375029,0.0811333880375029
amelia_emb,mneg,other,y2004_2008,pooled_cl,none,clustered,-0.0025239287568290395,0.0034274695757463497,-0.736382541420354,128.06469225447685,135,0.015221271199844287,10,unemp,share,all,mi,unweighted,wb_nat,raw,gaussian,FALSE,0.4628446872314491,FALSE,FALSE,-0.06493386616175688,0.06493386616175688
amelia_emb,mcosmo,other,y2004_2008,pooled_cl,n_cell,conventional,0.0033810725261176613,0.0020219226668009536,1.672206648470452,127.93630567912025,135,0.016183829542744742,10,unemp,share,all,mi,unweighted,wb_nat,raw,gaussian,TRUE,0.09692751665005027,FALSE,FALSE,0.1462507252903269,0.1462507252903269
amelia_emb,mcosmo,other,y2004_2008,pooled_cl,n_cell,clustered,0.0033810725261176613,0.0035140760071476593,0.9621512224665978,128.0585345631577,135,0.015268040903347655,10,unemp,share,all,mi,unweighted,wb_nat,raw,gaussian,TRUE,0.33778692011102474,FALSE,FALSE,0.08471785705583573,0.08471785705583573
amelia_emb,mutil,other,y2004_2008,pooled_cl,n_cell,conventional,-9.82218243980277e-4,0.0014370303077496215,-0.6835055869617831,127.98988679553563,135,0.015785279998559946,10,unemp,share,all,mi,unweighted,wb_nat,raw,gaussian,TRUE,0.4955229358937694,FALSE,TRUE,-0.0603063534160555,-0.0603063534160555
amelia_emb,mutil,other,y2004_2008,pooled_cl,n_cell,clustered,-9.82218243980277e-4,0.0018463743934421708,-0.5319713312039281,128.04076308566633,135,0.015402672605108018,10,unemp,share,all,mi,unweighted,wb_nat,raw,gaussian,TRUE,0.5956676778958852,FALSE,TRUE,-0.04696071446673099,-0.04696071446673099
amelia_emb,mcomm,other,y2004_2008,pooled_cl,n_cell,conventional,-2.116178851451064e-4,0.0016755048295331177,-0.1263009699614379,128.0115970922595,135,0.015622516640085128,10,unemp,share,all,mi,unweighted,wb_nat,raw,gaussian,FALSE,0.8996918474099482,FALSE,FALSE,-0.011162332889440123,0.011162332889440123
amelia_emb,mcomm,other,y2004_2008,pooled_cl,n_cell,clustered,-2.116178851451064e-4,0.002852921979213461,-0.07417584030932685,128.08148540445833,135,0.015093402966862558,10,unemp,share,all,mi,unweighted,wb_nat,raw,gaussian,FALSE,0.9409861911812528,FALSE,FALSE,-0.0065540533056051824,0.0065540533056051824
amelia_emb,mlib,other,y2004_2008,pooled_cl,n_cell,conventional,-0.002269932422721033,0.0018579733817675232,-1.2217249423463785,128.05842662906957,135,0.015268860142056213,10,unemp,share,all,mi,unweighted,wb_nat,raw,gaussian,FALSE,0.22405590462641892,FALSE,FALSE,-0.10733787448479132,0.10733787448479132
amelia_emb,mlib,other,y2004_2008,pooled_cl,n_cell,clustered,-0.002269932422721033,0.002305750947865335,-0.9844655706734231,128.0793573693664,135,0.015109632406660689,10,unemp,share,all,mi,unweighted,wb_nat,raw,gaussian,FALSE,0.3267427090487879,FALSE,FALSE,-0.08666106097201666,0.08666106097201666
amelia_emb,mpos,other,y2004_2008,pooled_cl,n_cell,conventional,0.0023825836835799107,0.0028786815840027465,0.8276648924355774,128.04406817846527,135,0.015377673168313866,10,unemp,share,all,mi,unweighted,wb_nat,raw,gaussian,TRUE,0.4094002130180322,FALSE,FALSE,0.0729484673630521,0.0729484673630521
amelia_emb,mpos,other,y2004_2008,pooled_cl,n_cell,clustered,0.0023825836835799107,0.00434807394005615,0.5479630099273662,128.08566201681873,135,0.015061528098312795,10,unemp,share,all,mi,unweighted,wb_nat,raw,gaussian,TRUE,0.5846709945836932,FALSE,FALSE,0.04836069510741051,0.04836069510741051
amelia_emb,mneg,other,y2004_2008,pooled_cl,n_cell,conventional,-0.0024509970251462452,0.0028564605690484567,-0.8580538627784107,128.0401222626869,135,0.01540751767970773,10,unemp,share,all,mi,unweighted,wb_nat,raw,gaussian,FALSE,0.39246607306001713,FALSE,FALSE,-0.07561299605031878,0.07561299605031878
amelia_emb,mneg,other,y2004_2008,pooled_cl,n_cell,clustered,-0.0024509970251462452,0.004290248536098307,-0.5712948805933892,128.08356229933915,135,0.015077556263172861,10,unemp,share,all,mi,unweighted,wb_nat,raw,gaussian,FALSE,0.5688008704600571,FALSE,FALSE,-0.05041514383558989,0.05041514383558989
amelia_emb,mcosmo,other,y2004_2008,pooled_cl,n_eff,conventional,0.003554912863014439,0.00200917266926413,1.7693416386738152,127.9213833873392,135,0.01629404162837854,10,unemp,share,all,mi,unweighted,wb_nat,raw,gaussian,TRUE,0.07921979416192983,FALSE,FALSE,0.15455745184130687,0.15455745184130687
amelia_emb,mcosmo,other,y2004_2008,pooled_cl,n_eff,clustered,0.003554912863014439,0.0034756654158739895,1.0228006547403878,128.05311958502116,135,0.015309117954689202,10,unemp,share,all,mi,unweighted,wb_nat,raw,gaussian,TRUE,0.3083304668354368,FALSE,FALSE,0.09001795722396738,0.09001795722396738
amelia_emb,mutil,other,y2004_2008,pooled_cl,n_eff,conventional,-9.629580656146823e-4,0.001453531520651124,-0.6624954821642365,127.98471621967643,135,0.01582393443472727,10,unemp,share,all,mi,unweighted,wb_nat,raw,gaussian,TRUE,0.5088449943154718,FALSE,TRUE,-0.05846022373315761,-0.05846022373315761
amelia_emb,mutil,other,y2004_2008,pooled_cl,n_eff,clustered,-9.629580656146823e-4,0.0018281159779983945,-0.5267488918668201,128.0341339929759,135,0.015452761036184034,10,unemp,share,all,mi,unweighted,wb_nat,raw,gaussian,TRUE,0.5992793900978881,FALSE,TRUE,-0.04650189734743471,-0.04650189734743471
amelia_emb,mcomm,other,y2004_2008,pooled_cl,n_eff,conventional,-3.969022848223031e-4,0.0016733155667656705,-0.23719511890364484,128.0120370117711,135,0.015619210804434503,10,unemp,share,all,mi,unweighted,wb_nat,raw,gaussian,FALSE,0.8128846009168623,FALSE,FALSE,-0.020959693514986052,0.020959693514986052
amelia_emb,mcomm,other,y2004_2008,pooled_cl,n_eff,clustered,-3.969022848223031e-4,0.0028146076538754184,-0.1410151373232466,128.08073545220287,135,0.01509912333224145,10,unemp,share,all,mi,unweighted,wb_nat,raw,gaussian,FALSE,0.8880795286318857,FALSE,FALSE,-0.012459198859148727,0.012459198859148727
amelia_emb,mlib,other,y2004_2008,pooled_cl,n_eff,conventional,-0.0022581087682615017,0.0018606160857651992,-1.2136349811964724,128.05346875674124,135,0.015306470650876822,10,unemp,share,all,mi,unweighted,wb_nat,raw,gaussian,FALSE,0.22712088377444217,FALSE,FALSE,-0.10663725916341867,0.10663725916341867
amelia_emb,mlib,other,y2004_2008,pooled_cl,n_eff,clustered,-0.0022581087682615017,0.002291181107032858,-0.9855653755742662,128.07549797064266,135,0.015139046835053455,10,unemp,share,all,mi,unweighted,wb_nat,raw,gaussian,FALSE,0.32620465011749944,FALSE,FALSE,-0.08675844419880399,0.08675844419880399
amelia_emb,mpos,other,y2004_2008,pooled_cl,n_eff,conventional,0.002570743211932991,0.0028716639786869414,0.8952103139547876,128.04019907521533,135,0.015406936957889632,10,unemp,share,all,mi,unweighted,wb_nat,raw,gaussian,TRUE,0.3723544955400119,FALSE,FALSE,0.07886730878206594,0.07886730878206594
amelia_emb,mpos,other,y2004_2008,pooled_cl,n_eff,clustered,0.002570743211932991,0.0042711966752402115,0.601878912960245,128.08291809562922,135,0.015082472306576375,10,unemp,share,all,mi,unweighted,wb_nat,raw,gaussian,TRUE,0.5483186672259905,FALSE,FALSE,0.053106811607040776,0.053106811607040776
amelia_emb,mneg,other,y2004_2008,pooled_cl,n_eff,conventional,-0.002625109805668599,0.0028495315412080937,-0.9212425859148945,128.03684611183814,135,0.015432277281979054,10,unemp,share,all,mi,unweighted,wb_nat,raw,gaussian,FALSE,0.35865636086249597,FALSE,FALSE,-0.08114689713045385,0.08114689713045385
amelia_emb,mneg,other,y2004_2008,pooled_cl,n_eff,clustered,-0.002625109805668599,0.00421541689809419,-0.6227402577561009,128.08101876110715,135,0.015096962464319711,10,unemp,share,all,mi,unweighted,wb_nat,raw,gaussian,FALSE,0.5345624189353191,FALSE,FALSE,-0.054942455798674975,0.054942455798674975
amelia_emb,mcosmo,other,y2004_2008,pooled_cl,pop,conventional,0.007511902783371251,0.002063954620401545,3.639567803050728,127.82565541524032,135,0.01699321134783304,10,unemp,share,all,mi,unweighted,wb_nat,raw,gaussian,TRUE,3.9508235619716605e-4,TRUE,FALSE,0.3064285559879236,0.3064285559879236
amelia_emb,mcosmo,other,y2004_2008,pooled_cl,pop,clustered,0.007511902783371251,0.005202769808784692,1.4438276263323566,128.0730572164036,135,0.015157636277083799,10,unemp,share,all,mi,unweighted,wb_nat,raw,gaussian,TRUE,0.15122921860845626,FALSE,FALSE,0.1265553246329574,0.1265553246329574
amelia_emb,mutil,other,y2004_2008,pooled_cl,pop,conventional,-0.0028294588825378197,0.001366015264224384,-2.07132303469857,127.9491885404623,135,0.016088407876403893,10,unemp,share,all,mi,unweighted,wb_nat,raw,gaussian,TRUE,0.040338207309899274,TRUE,TRUE,-0.18012215097024875,-0.18012215097024875
amelia_emb,mutil,other,y2004_2008,pooled_cl,pop,clustered,-0.0028294588825378197,0.0021363282514924005,-1.3244494990698226,128.0496335874921,135,0.015335536688751506,10,unemp,share,all,mi,unweighted,wb_nat,raw,gaussian,TRUE,0.18771283939662817,FALSE,TRUE,-0.11624966231190777,-0.11624966231190777
amelia_emb,mcomm,other,y2004_2008,pooled_cl,pop,conventional,-0.0016000015880120945,0.001528117360263626,-1.0470410386124187,127.91960639628016,135,0.016307143594250964,10,unemp,share,all,mi,unweighted,wb_nat,raw,gaussian,FALSE,0.2970550118001855,FALSE,FALSE,-0.09218114190867012,0.09218114190867012
amelia_emb,mcomm,other,y2004_2008,pooled_cl,pop,clustered,-0.0016000015880120945,0.0034633209443671142,-0.46198478677363186,128.07991953375958,135,0.015105345798795982,10,unemp,share,all,mi,unweighted,wb_nat,raw,gaussian,FALSE,0.6448759929733674,FALSE,FALSE,-0.040787360599995444,0.040787360599995444
amelia_emb,mlib,other,y2004_2008,pooled_cl,pop,conventional,-0.003493135564870143,0.0017091867973352656,-2.0437412518726275,127.86102825507133,135,0.016736416822191406,10,unemp,share,all,mi,unweighted,wb_nat,raw,gaussian,FALSE,0.043032958169279774,TRUE,FALSE,-0.17785930707692102,0.17785930707692102
amelia_emb,mlib,other,y2004_2008,pooled_cl,pop,clustered,-0.003493135564870143,0.004115054883123805,-0.848867308962462,128.07454308267745,135,0.015146320697058364,10,unemp,share,all,mi,unweighted,wb_nat,raw,gaussian,FALSE,0.3975389622604074,FALSE,FALSE,-0.0747980208524801,0.0747980208524801
amelia_emb,mpos,other,y2004_2008,pooled_cl,pop,conventional,0.004694859373348678,0.0028853777598111196,1.6271212174505738,127.97329287814483,135,0.015909185221878307,10,unemp,share,all,mi,unweighted,wb_nat,raw,gaussian,TRUE,0.1061711169116481,FALSE,FALSE,0.14236843513498498,0.14236843513498498
amelia_emb,mpos,other,y2004_2008,pooled_cl,pop,clustered,0.004694859373348678,0.006823714862058302,0.6880210366721746,128.09234212390334,135,0.015010486488041045,10,unemp,share,all,mi,unweighted,wb_nat,raw,gaussian,TRUE,0.4926835962692473,FALSE,FALSE,0.060679100248014525,0.060679100248014525
amelia_emb,mneg,other,y2004_2008,pooled_cl,pop,conventional,-0.00500587497736107,0.002851206035253595,-1.7557043985829779,127.97512962649853,135,0.015895491567541487,10,unemp,share,all,mi,unweighted,wb_nat,raw,gaussian,FALSE,0.0815314381341374,FALSE,FALSE,-0.15336287669086335,0.15336287669086335
amelia_emb,mneg,other,y2004_2008,pooled_cl,pop,clustered,-0.00500587497736107,0.006861314045131734,-0.7295796321861784,128.093526856566,135,0.015001426320570272,10,unemp,share,all,mi,unweighted,wb_nat,raw,gaussian,FALSE,0.4669792088240524,FALSE,FALSE,-0.06432927165776724,0.06432927165776724
amelia_emb,mcosmo,other,y2009_2013,fe_twoway,none,conventional,-0.004564926255468456,0.0010943795409433187,-4.171245975170224,96.62390538660925,135,0.03234960381730456,10,unemp,share,all,mi,unweighted,wb_nat,raw,gaussian,TRUE,6.617655506596053e-5,TRUE,TRUE,-0.39063323586221266,-0.39063323586221266
amelia_emb,mcosmo,other,y2009_2013,fe_twoway,none,clustered,-0.004564926255468456,0.0010070680202504065,-4.532887713317907,96.30583470424699,135,0.03475612088272463,10,unemp,share,all,mi,unweighted,wb_nat,raw,gaussian,TRUE,1.673023090494685e-5,TRUE,TRUE,-0.41932929399421087,-0.41932929399421087
amelia_emb,mutil,other,y2009_2013,fe_twoway,none,conventional,-0.0018924567221030807,5.890928591884995e-4,-3.2124930604489426,97.05847257359065,135,0.028893114479940925,10,unemp,share,all,mi,unweighted,wb_nat,raw,gaussian,TRUE,0.001785911570618068,TRUE,TRUE,-0.31001546671969765,-0.31001546671969765
amelia_emb,mutil,other,y2009_2013,fe_twoway,none,clustered,-0.0018924567221030807,8.292955861309141e-4,-2.2820050579701676,97.62675554131967,135,0.024015673920195015,10,unemp,share,all,mi,unweighted,wb_nat,raw,gaussian,TRUE,0.02466002484610238,TRUE,TRUE,-0.2250337197737708,-0.2250337197737708
amelia_emb,mcomm,other,y2009_2013,fe_twoway,none,conventional,0.00670682481154834,9.043714595648311e-4,7.416006708986101,97.22246435490241,135,0.027531130620652496,10,unemp,share,all,mi,unweighted,wb_nat,raw,gaussian,FALSE,4.526651824764906e-11,TRUE,TRUE,0.6010834874630743,-0.6010834874630743
amelia_emb,mcomm,other,y2009_2013,fe_twoway,none,clustered,0.00670682481154834,0.0010014506715549942,6.697109505288337,97.40583455754013,135,0.025966091706298256,10,unemp,share,all,mi,unweighted,wb_nat,raw,gaussian,FALSE,1.3710709406660774e-9,TRUE,TRUE,0.5615008382667754,-0.5615008382667754
amelia_emb,mlib,other,y2009_2013,fe_twoway,none,conventional,-1.7135416552719243e-4,8.41371026269313e-4,-0.20366064456365526,96.52143639280695,135,0.03313544783300063,10,unemp,share,all,mi,unweighted,wb_nat,raw,gaussian,FALSE,0.839047464010489,FALSE,FALSE,-0.02072535280723058,0.02072535280723058
amelia_emb,mlib,other,y2009_2013,fe_twoway,none,clustered,-1.7135416552719243e-4,0.0013816633486283464,-0.12402020050492414,97.59823087317348,135,0.02427175770441538,10,unemp,share,all,mi,unweighted,wb_nat,raw,gaussian,FALSE,0.9015543454054011,FALSE,FALSE,-0.012552702546917729,0.012552702546917729
amelia_emb,mpos,other,y2009_2013,fe_twoway,none,conventional,-0.00646935626576988,0.001374962046303324,-4.705116248963504,97.26114299088941,135,0.02720483503406789,10,unemp,share,all,mi,unweighted,wb_nat,raw,gaussian,TRUE,8.397513175805137e-6,TRUE,TRUE,-0.4305955496397102,-0.4305955496397102
amelia_emb,mpos,other,y2009_2013,fe_twoway,none,clustered,-0.00646935626576988,0.0016086270211002462,-4.021663307225226,97.51550661795734,135,0.025007158006764247,10,unemp,share,all,mi,unweighted,wb_nat,raw,gaussian,TRUE,1.1402850919063248e-4,TRUE,TRUE,-0.377177646393661,-0.377177646393661
amelia_emb,mneg,other,y2009_2013,fe_twoway,none,conventional,0.006527856728189114,0.001391986018809368,4.689599349404889,97.02924110483052,135,0.029132370131189297,10,unemp,share,all,mi,unweighted,wb_nat,raw,gaussian,FALSE,8.955502110556509e-6,TRUE,TRUE,0.42985588757281185,-0.42985588757281185
amelia_emb,mneg,other,y2009_2013,fe_twoway,none,clustered,0.006527856728189114,0.001632613815913551,3.9984083587681543,97.35801755620241,135,0.02637869965809655,10,unemp,share,all,mi,unweighted,wb_nat,raw,gaussian,FALSE,1.2420062860873308e-4,TRUE,TRUE,0.3755652604830523,-0.3755652604830523
amelia_emb,mcosmo,other,y2009_2013,fe_twoway,n_cell,conventional,-0.003655648381617139,0.0010748681216255797,-3.401020374563262,96.62518523522982,135,0.032339722317653134,10,unemp,share,all,mi,unweighted,wb_nat,raw,gaussian,TRUE,9.776233477538998e-4,TRUE,TRUE,-0.3269726360602399,-0.3269726360602399
amelia_emb,mcosmo,other,y2009_2013,fe_twoway,n_cell,clustered,-0.003655648381617139,9.165146202414828e-4,-3.9886416439859413,95.95167519243762,135,0.03732968527813779,10,unemp,share,all,mi,unweighted,wb_nat,raw,gaussian,TRUE,1.2980647149250674e-4,TRUE,TRUE,-0.3771254072175137,-0.3771254072175137
amelia_emb,mutil,other,y2009_2013,fe_twoway,n_cell,conventional,-0.0014920369373242486,5.592749366326725e-4,-2.667805831435295,96.77611718214334,135,0.03116253847935572,10,unemp,share,all,mi,unweighted,wb_nat,raw,gaussian,TRUE,0.00895158200790042,TRUE,TRUE,-0.2617341770682208,-0.2617341770682208
amelia_emb,mutil,other,y2009_2013,fe_twoway,n_cell,clustered,-0.0014920369373242486,6.900523086149076e-4,-2.162208456803959,97.28463478279059,135,0.02700567921775018,10,unemp,share,all,mi,unweighted,wb_nat,raw,gaussian,TRUE,0.033054233966535375,TRUE,TRUE,-0.21413276079357663,-0.21413276079357663
amelia_emb,mcomm,other,y2009_2013,fe_twoway,n_cell,conventional,0.0056100539016049715,8.745408509166402e-4,6.414856316574412,97.1565053847437,135,0.028083039521271863,10,unemp,share,all,mi,unweighted,wb_nat,raw,gaussian,FALSE,5.1284146569867996e-9,TRUE,TRUE,0.5454626651799706,-0.5454626651799706
amelia_emb,mcomm,other,y2009_2013,fe_twoway,n_cell,clustered,0.0056100539016049715,0.0010047528093874096,5.583516511912398,97.41427942260347,135,0.025892881608486098,10,unemp,share,all,mi,unweighted,wb_nat,raw,gaussian,FALSE,2.1289149647059686e-7,TRUE,TRUE,0.4923844336667861,-0.4923844336667861
amelia_emb,mlib,other,y2009_2013,fe_twoway,n_cell,conventional,-3.7100875814358945e-4,8.301739421605489e-4,-0.4469048464446254,96.79038211995596,135,0.031050034742437768,10,unemp,share,all,mi,unweighted,wb_nat,raw,gaussian,FALSE,0.6559421660375893,FALSE,FALSE,-0.045378626556249795,0.045378626556249795
amelia_emb,mlib,other,y2009_2013,fe_twoway,n_cell,clustered,-3.7100875814358945e-4,0.0014135154632219805,-0.26247237316945127,97.71798827883737,135,0.023187670431596752,10,unemp,share,all,mi,unweighted,wb_nat,raw,gaussian,FALSE,0.7935098313381186,FALSE,FALSE,-0.02654259027204543,0.02654259027204543
amelia_emb,mpos,other,y2009_2013,fe_twoway,n_cell,conventional,-0.005157841339177527,0.0013161233019263285,-3.918965139229974,97.36629527677827,135,0.026307504553087564,10,unemp,share,all,mi,unweighted,wb_nat,raw,gaussian,TRUE,1.653483857774625e-4,TRUE,TRUE,-0.36911532908228184,-0.36911532908228184
amelia_emb,mpos,other,y2009_2013,fe_twoway,n_cell,clustered,-0.005157841339177527,0.0013604695223329187,-3.7912215264719165,97.42014995707636,135,0.02584192804574872,10,unemp,share,all,mi,unweighted,wb_nat,raw,gaussian,TRUE,2.5992064965804873e-4,TRUE,TRUE,-0.3585674514379629,-0.3585674514379629
amelia_emb,mneg,other,y2009_2013,fe_twoway,n_cell,conventional,0.00523003832879999,0.0013312792252011497,3.928581044303277,97.292717304223,135,0.026936985463086895,10,unemp,share,all,mi,unweighted,wb_nat,raw,gaussian,FALSE,1.598175984144105e-4,TRUE,TRUE,0.37001793081639994,-0.37001793081639994
amelia_emb,mneg,other,y2009_2013,fe_twoway,n_cell,clustered,0.00523003832879999,0.0013822102191365874,3.783822646071153,97.3594611810876,135,0.026366290267969612,10,unemp,share,all,mi,unweighted,wb_nat,raw,gaussian,FALSE,2.6683010132955094e-4,TRUE,TRUE,0.35805466809791003,-0.35805466809791003
amelia_emb,mcosmo,other,y2009_2013,fe_twoway,n_eff,conventional,-0.003681431674102872,0.00105643906561291,-3.4847553388865173,96.57268902754974,135,0.03274368668004946,10,unemp,share,all,mi,unweighted,wb_nat,raw,gaussian,TRUE,7.423670390151437e-4,TRUE,TRUE,-0.3342143881272483,-0.3342143881272483
amelia_emb,mcosmo,other,y2009_2013,fe_twoway,n_eff,clustered,-0.003681431674102872,8.923050178509713e-4,-4.125754759251761,95.82213849481526,135,0.03824571360074903,10,unemp,share,all,mi,unweighted,wb_nat,raw,gaussian,TRUE,7.876573922542475e-5,TRUE,TRUE,-0.38838655818591217,-0.38838655818591217
amelia_emb,mutil,other,y2009_2013,fe_twoway,n_eff,conventional,-0.0014546952294938248,5.531624361337916e-4,-2.6297794905617606,96.69137791736671,135,0.031826380248511574,10,unemp,share,all,mi,unweighted,wb_nat,raw,gaussian,TRUE,0.009941427236581458,TRUE,TRUE,-0.25835956057352827,-0.25835956057352827
amelia_emb,mutil,other,y2009_2013,fe_twoway,n_eff,clustered,-0.0014546952294938248,6.861108462852323e-4,-2.1202043917100153,97.24350470691103,135,0.027353879521906762,10,unemp,share,all,mi,unweighted,wb_nat,raw,gaussian,TRUE,0.036533898903371505,TRUE,TRUE,-0.2102008584982013,-0.2102008584982013
amelia_emb,mcomm,other,y2009_2013,fe_twoway,n_eff,conventional,0.005577962780619609,8.653352345682962e-4,6.446013704044281,97.11640142578905,135,0.02841588189304875,10,unemp,share,all,mi,unweighted,wb_nat,raw,gaussian,FALSE,4.447126600944542e-9,TRUE,TRUE,0.5473988627377379,-0.5473988627377379
amelia_emb,mcomm,other,y2009_2013,fe_twoway,n_eff,clustered,0.005577962780619609,0.001005986349915719,5.544769848106715,97.40430029914198,135,0.025979381426793256,10,unemp,share,all,mi,unweighted,wb_nat,raw,gaussian,FALSE,2.520087267453348e-7,TRUE,TRUE,0.48980847817107037,-0.48980847817107037
amelia_emb,mlib,other,y2009_2013,fe_twoway,n_eff,conventional,-3.5292545978348085e-4,8.155429120777755e-4,-0.43274909824711166,96.72010777325175,135,0.03160216219309152,10,unemp,share,all,mi,unweighted,wb_nat,raw,gaussian,FALSE,0.6661604892911022,FALSE,FALSE,-0.043960006354256335,0.043960006354256335
amelia_emb,mlib,other,y2009_2013,fe_twoway,n_eff,clustered,-3.5292545978348085e-4,0.001426919650626523,-0.24733380020978796,97.72224758223149,135,0.023148673267291194,10,unemp,share,all,mi,unweighted,wb_nat,raw,gaussian,FALSE,0.8051688033622546,FALSE,FALSE,-0.02501214026242821,0.02501214026242821
amelia_emb,mpos,other,y2009_2013,fe_twoway,n_eff,conventional,-0.005145864244528053,0.0012957851843346585,-3.971232505772382,97.34470608056641,135,0.026492987075832777,10,unemp,share,all,mi,unweighted,wb_nat,raw,gaussian,TRUE,1.3704191592645395e-4,TRUE,TRUE,-0.3733915272186066,-0.3733915272186066
amelia_emb,mpos,other,y2009_2013,fe_twoway,n_eff,clustered,-0.005145864244528053,0.0013482402701567816,-3.816726408809656,97.41058600533785,135,0.025924913204614947,10,unemp,share,all,mi,unweighted,wb_nat,raw,gaussian,TRUE,2.3765412553067406e-4,TRUE,TRUE,-0.3606821940791112,-0.3606821940791112
amelia_emb,mneg,other,y2009_2013,fe_twoway,n_eff,conventional,0.005216058495288115,0.0013107927231327714,3.9793160300904233,97.27581250389434,135,0.02708055901165508,10,unemp,share,all,mi,unweighted,wb_nat,raw,gaussian,FALSE,1.3315448302234585e-4,TRUE,TRUE,0.37415922273806335,-0.37415922273806335
amelia_emb,mneg,other,y2009_2013,fe_twoway,n_eff,clustered,0.005216058495288115,0.0013695702872498626,3.8085365489069667,97.35485689398713,135,0.026405858452388284,10,unemp,share,all,mi,unweighted,wb_nat,raw,gaussian,FALSE,2.4467363950915765e-4,TRUE,TRUE,0.360098318827497,-0.360098318827497
amelia_emb,mcosmo,other,y2009_2013,fe_twoway,pop,conventional,-0.005991714201004333,0.0012305774067035266,-4.869026660464172,96.1108867718678,135,0.036185698154934526,10,unemp,share,all,mi,unweighted,wb_nat,raw,gaussian,TRUE,4.400384002520807e-6,TRUE,TRUE,-0.444816165941686,-0.444816165941686
amelia_emb,mcosmo,other,y2009_2013,fe_twoway,pop,clustered,-0.005991714201004333,0.0021081138983403,-2.842215596473017,97.52906699544721,135,0.024887337035413317,10,unemp,share,all,mi,unweighted,wb_nat,raw,gaussian,TRUE,0.005456364353485767,TRUE,TRUE,-0.27657322766871817,-0.27657322766871817
amelia_emb,mutil,other,y2009_2013,fe_twoway,pop,conventional,-0.003818009952361758,7.309336017656365e-4,-5.223470289420281,96.306673702604,135,0.034749896832369905,10,unemp,share,all,mi,unweighted,wb_nat,raw,gaussian,TRUE,1.014091656373558e-6,TRUE,TRUE,-0.469856404798175,-0.469856404798175
amelia_emb,mutil,other,y2009_2013,fe_twoway,pop,clustered,-0.003818009952361758,0.001986467382277146,-1.9220098887226935,97.93354737568805,135,0.021173581715438143,10,unemp,share,all,mi,unweighted,wb_nat,raw,gaussian,TRUE,0.057511058085619765,FALSE,TRUE,-0.1906556301584568,-0.1906556301584568
amelia_emb,mcomm,other,y2009_2013,fe_twoway,pop,conventional,0.006870664429640733,9.287939824166226e-4,7.3974041172876674,95.70216082410829,135,0.03908289401117331,10,unemp,share,all,mi,unweighted,wb_nat,raw,gaussian,FALSE,5.305992249160989e-11,TRUE,TRUE,0.6031441796462511,-0.6031441796462511
amelia_emb,mcomm,other,y2009_2013,fe_twoway,pop,clustered,0.006870664429640733,0.001016563525313101,6.758716261755085,96.16768127609917,135,0.03577257747861754,10,unemp,share,all,mi,unweighted,wb_nat,raw,gaussian,FALSE,1.0720568125434563e-9,TRUE,TRUE,0.5674828201882898,-0.5674828201882898
amelia_emb,mlib,other,y2009_2013,fe_twoway,pop,conventional,0.00323920051743273,0.001072184441675412,3.0211224781168293,96.63716517213645,135,0.03224714673477772,10,unemp,share,all,mi,unweighted,wb_nat,raw,gaussian,FALSE,0.0032227884925545595,TRUE,TRUE,0.29376407749961325,-0.29376407749961325
amelia_emb,mlib,other,y2009_2013,fe_twoway,pop,clustered,0.00323920051743273,0.003395168042702158,0.9540619128986335,98.01765374368215,135,0.020363979555015156,10,unemp,share,all,mi,unweighted,wb_nat,raw,gaussian,FALSE,0.3423992810549614,FALSE,TRUE,0.09592177138253623,-0.09592177138253623
amelia_emb,mpos,other,y2009_2013,fe_twoway,pop,conventional,-0.00985765811708338,0.001639513823344889,-6.012549559949466,97.15313656786456,135,0.028111077423668005,10,unemp,share,all,mi,unweighted,wb_nat,raw,gaussian,TRUE,3.203609427686443e-8,TRUE,TRUE,-0.520759569968809,-0.520759569968809
amelia_emb,mpos,other,y2009_2013,fe_twoway,pop,clustered,-0.00985765811708338,0.003977505009694592,-2.4783521562026363,97.9945730993229,135,0.0205875549325042,10,unemp,share,all,mi,unweighted,wb_nat,raw,gaussian,TRUE,0.014908464831168367,TRUE,TRUE,-0.2428627437980741,-0.2428627437980741
amelia_emb,mneg,other,y2009_2013,fe_twoway,pop,conventional,0.010097871063546954,0.0016647555007154914,6.065678148657273,97.1899926820056,135,0.027803540909558704,10,unemp,share,all,mi,unweighted,wb_nat,raw,gaussian,FALSE,2.519644040790982e-8,TRUE,TRUE,0.524029112011904,-0.524029112011904
amelia_emb,mneg,other,y2009_2013,fe_twoway,pop,clustered,0.010097871063546954,0.004049322754632048,2.4937184994690607,98.00077979610131,135,0.02052753825403547,10,unemp,share,all,mi,unweighted,wb_nat,raw,gaussian,FALSE,0.014315822784849108,TRUE,TRUE,0.24427167943500527,-0.24427167943500527
amelia_emb,mcosmo,other,y2009_2013,fe_country,none,conventional,-0.007954683385815101,0.001157152543071153,-6.874360198615551,101.4321604626833,135,0.024735336611663085,10,unemp,share,all,mi,unweighted,wb_nat,raw,gaussian,TRUE,5.175999607897525e-10,TRUE,TRUE,-0.563758211388861,-0.563758211388861
amelia_emb,mcosmo,other,y2009_2013,fe_country,none,clustered,-0.007954683385815101,0.0017421915319948392,-4.565906353997056,101.8430525182776,135,0.02116614260753033,10,unemp,share,all,mi,unweighted,wb_nat,raw,gaussian,TRUE,1.3956712123551666e-5,TRUE,TRUE,-0.412212765836966,-0.412212765836966
amelia_emb,mutil,other,y2009_2013,fe_country,none,conventional,-0.0037472967665037795,6.119420319116583e-4,-6.123613955389732,100.47389218273588,135,0.032202120992585806,10,unemp,share,all,mi,unweighted,wb_nat,raw,gaussian,TRUE,1.7881579728410757e-8,TRUE,TRUE,-0.5213285080180255,-0.5213285080180255
amelia_emb,mutil,other,y2009_2013,fe_country,none,clustered,-0.0037472967665037795,0.0011980301318520112,-3.1278819011930086,101.753960549677,135,0.021963092862202764,10,unemp,share,all,mi,unweighted,wb_nat,raw,gaussian,TRUE,0.0022965614527570596,TRUE,TRUE,-0.29616906089956646,-0.29616906089956646
amelia_emb,mcomm,other,y2009_2013,fe_country,none,conventional,0.008360072840487308,8.335317441292574e-4,10.029699407813908,101.42506468025881,135,0.024794726237638932,10,unemp,share,all,mi,unweighted,wb_nat,raw,gaussian,FALSE,7.402827347775282e-17,TRUE,TRUE,0.7056523690684308,-0.7056523690684308
amelia_emb,mcomm,other,y2009_2013,fe_country,none,clustered,0.008360072840487308,0.001287887855788153,6.491304971092507,101.85604600487245,135,0.021048758312500058,10,unemp,share,all,mi,unweighted,wb_nat,raw,gaussian,FALSE,3.139475256127104e-9,TRUE,TRUE,0.5409550673216007,-0.5409550673216007
amelia_emb,mlib,other,y2009_2013,fe_country,none,conventional,0.0034933608894145204,0.0010464403328070736,3.3383278337940094,101.47560086204682,135,0.024370196708480524,10,unemp,share,all,mi,unweighted,wb_nat,raw,gaussian,FALSE,0.0011793854815109104,TRUE,TRUE,0.3145727921718761,-0.3145727921718761
amelia_emb,mlib,other,y2009_2013,fe_country,none,clustered,0.0034933608894145204,0.002022673878707371,1.7271004120778086,101.97494735671394,135,0.019960334793626997,10,unemp,share,all,mi,unweighted,wb_nat,raw,gaussian,FALSE,0.08717742971405991,FALSE,TRUE,0.16858160347266593,-0.16858160347266593
amelia_emb,mpos,other,y2009_2013,fe_country,none,conventional,-0.01170377963112864,0.0015423434402122346,-7.588309663065794,101.82677187998489,135,0.021312802678969876,10,unemp,share,all,mi,unweighted,wb_nat,raw,gaussian,TRUE,1.587006981517342e-11,TRUE,TRUE,-0.6010191820178418,-0.6010191820178418
amelia_emb,mpos,other,y2009_2013,fe_country,none,clustered,-0.01170377963112864,0.0027685271164305443,-4.227439045718395,102.04903431505137,135,0.019268584010562917,10,unemp,share,all,mi,unweighted,wb_nat,raw,gaussian,TRUE,5.159382090119176e-5,TRUE,TRUE,-0.3860388792440551,-0.3860388792440551
amelia_emb,mneg,other,y2009_2013,fe_country,none,conventional,0.011826495660939903,0.0015615994779213283,7.573321986942743,101.74032851043053,135,0.022083843365151106,10,unemp,share,all,mi,unweighted,wb_nat,raw,gaussian,FALSE,1.71527015718638e-11,TRUE,TRUE,0.6004231474155253,-0.6004231474155253
amelia_emb,mneg,other,y2009_2013,fe_country,none,clustered,0.011826495660939903,0.0028138015796102646,4.203031140020176,102.02447637962015,135,0.019499075848443372,10,unemp,share,all,mi,unweighted,wb_nat,raw,gaussian,FALSE,5.657766866841326e-5,TRUE,TRUE,0.38417913120868763,-0.38417913120868763
amelia_emb,mcosmo,other,y2009_2013,fe_country,n_cell,conventional,-0.006511544250300946,0.001213663187445538,-5.365198778094392,101.38981349653048,135,0.02508872537847764,10,unemp,share,all,mi,unweighted,wb_nat,raw,gaussian,TRUE,5.125200227390108e-7,TRUE,TRUE,-0.470242348688291,-0.470242348688291
amelia_emb,mcosmo,other,y2009_2013,fe_country,n_cell,clustered,-0.006511544250300946,0.0016664123719657877,-3.907522747577531,101.75838856839125,135,0.021923803211131625,10,unemp,share,all,mi,unweighted,wb_nat,raw,gaussian,TRUE,1.6813794597510422e-4,TRUE,TRUE,-0.3612087410652648,-0.3612087410652648
amelia_emb,mutil,other,y2009_2013,fe_country,n_cell,conventional,-0.003082513746677907,6.161759077664545e-4,-5.002652177446467,100.2984566526039,135,0.033466666360233224,10,unemp,share,all,mi,unweighted,wb_nat,raw,gaussian,TRUE,2.4143162658211768e-6,TRUE,TRUE,-0.4468702851611633,-0.4468702851611633
amelia_emb,mutil,other,y2009_2013,fe_country,n_cell,clustered,-0.003082513746677907,0.001062845599251775,-2.900246045943027,101.58600515585566,135,0.023429804460550728,10,unemp,share,all,mi,unweighted,wb_nat,raw,gaussian,TRUE,0.004570809451236525,TRUE,TRUE,-0.27653083797375416,-0.27653083797375416
amelia_emb,mcomm,other,y2009_2013,fe_country,n_cell,conventional,0.007005171417209256,8.409554959763956e-4,8.330014430877661,101.17701382929297,135,0.026828144645548085,10,unemp,share,all,mi,unweighted,wb_nat,raw,gaussian,FALSE,4.1082635782715095e-13,TRUE,TRUE,0.6378217503199473,-0.6378217503199473
amelia_emb,mcomm,other,y2009_2013,fe_country,n_cell,clustered,0.007005171417209256,0.001064049432586664,6.583501858724691,101.56090680171903,135,0.023645181786401015,10,unemp,share,all,mi,unweighted,wb_nat,raw,gaussian,FALSE,2.052062925417516e-9,TRUE,TRUE,0.5469122730410003,-0.5469122730410003
amelia_emb,mlib,other,y2009_2013,fe_country,n_cell,conventional,0.0027357559008713236,0.0011159438223215961,2.4515175819333717,101.62405048231572,135,0.02310148534368255,10,unemp,share,all,mi,unweighted,wb_nat,raw,gaussian,FALSE,0.01593150832530093,TRUE,TRUE,0.23629813529341667,-0.23629813529341667
amelia_emb,mlib,other,y2009_2013,fe_country,n_cell,clustered,0.0027357559008713236,0.0020906008994223506,1.3085978780680876,102.00265652155989,135,0.019702869839247048,10,unemp,share,all,mi,unweighted,wb_nat,raw,gaussian,FALSE,0.19361141141045482,FALSE,TRUE,0.12849470985924055,-0.12849470985924055
amelia_emb,mpos,other,y2009_2013,fe_country,n_cell,conventional,-0.009595261015201834,0.001584262276692357,-6.056611431306022,101.82997869800394,135,0.02128395167147008,10,unemp,share,all,mi,unweighted,wb_nat,raw,gaussian,TRUE,2.3528405893686146e-8,TRUE,TRUE,-0.5146182640525772,-0.5146182640525772
amelia_emb,mpos,other,y2009_2013,fe_country,n_cell,clustered,-0.009595261015201834,0.002554450108690937,-3.7562921986834406,102.02676129248022,135,0.01947768099759186,10,unemp,share,all,mi,unweighted,wb_nat,raw,gaussian,TRUE,2.8725502830272934e-4,TRUE,TRUE,-0.3485579685203813,-0.3485579685203813
amelia_emb,mneg,other,y2009_2013,fe_country,n_cell,conventional,0.009715301613585543,0.0016024593859919297,6.062744365637527,101.79523900989442,135,0.021595543766214788,10,unemp,share,all,mi,unweighted,wb_nat,raw,gaussian,FALSE,2.289662713647935e-8,TRUE,TRUE,0.5150657684797452,-0.5150657684797452
amelia_emb,mneg,other,y2009_2013,fe_country,n_cell,clustered,0.009715301613585543,0.002599833401277777,3.7368939135910115,102.01559194523733,135,0.019582167727731987,10,unemp,share,all,mi,unweighted,wb_nat,raw,gaussian,FALSE,3.0744806980164535e-4,TRUE,TRUE,0.34699185165350277,-0.34699185165350277
amelia_emb,mcosmo,other,y2009_2013,fe_country,n_eff,conventional,-0.006581235709069665,0.0011849252384723134,-5.5541358183531,101.32480877602632,135,0.025626400805597086,10,unemp,share,all,mi,unweighted,wb_nat,raw,gaussian,TRUE,2.2555502075451882e-7,TRUE,TRUE,-0.4831085662621453,-0.4831085662621453
amelia_emb,mcosmo,other,y2009_2013,fe_country,n_eff,clustered,-0.006581235709069665,0.0016562346161594097,-3.973613185510327,101.74147326944332,135,0.022073715194145596,10,unemp,share,all,mi,unweighted,wb_nat,raw,gaussian,TRUE,1.3242706365806093e-4,TRUE,TRUE,-0.36652975269273846,-0.36652975269273846
amelia_emb,mutil,other,y2009_2013,fe_country,n_eff,conventional,-0.003085567089107207,6.061965560346786e-4,-5.090043911319567,100.16975839556476,135,0.034377426436971496,10,unemp,share,all,mi,unweighted,wb_nat,raw,gaussian,TRUE,1.679908303997923e-6,TRUE,TRUE,-0.453316312659882,-0.453316312659882
amelia_emb,mutil,other,y2009_2013,fe_country,n_eff,clustered,-0.003085567089107207,0.0010674311264146524,-2.890647473876074,101.5757269478897,135,0.023518120809378592,10,unemp,share,all,mi,unweighted,wb_nat,raw,gaussian,TRUE,0.004701703502150231,TRUE,TRUE,-0.2756981908070268,-0.2756981908070268
amelia_emb,mcomm,other,y2009_2013,fe_country,n_eff,conventional,0.007027178300784056,8.300316984366756e-4,8.466156550429826,101.106313091975,135,0.027393302961225066,10,unemp,share,all,mi,unweighted,wb_nat,raw,gaussian,FALSE,2.084626602990072e-13,TRUE,TRUE,0.6440756728803388,-0.6440756728803388
amelia_emb,mcomm,other,y2009_2013,fe_country,n_eff,clustered,0.007027178300784056,0.001059727928243008,6.631115509463711,101.5313788734237,135,0.02389735598786293,10,unemp,share,all,mi,unweighted,wb_nat,raw,gaussian,FALSE,1.6404527018957556e-9,TRUE,TRUE,0.5497313595472455,-0.5497313595472455
amelia_emb,mlib,other,y2009_2013,fe_country,n_eff,conventional,0.0027876129134703294,0.0010820402947798126,2.576256103325236,101.57766733060261,135,0.023501460228818345,10,unemp,share,all,mi,unweighted,wb_nat,raw,gaussian,FALSE,0.011425770182712236,TRUE,TRUE,0.24765424563359206,-0.24765424563359206
amelia_emb,mlib,other,y2009_2013,fe_country,n_eff,clustered,0.0027876129134703294,0.002101277763439993,1.3266275225350217,102.00135596078088,135,0.01971498747480658,10,unemp,share,all,mi,unweighted,wb_nat,raw,gaussian,FALSE,0.1875943840185257,FALSE,TRUE,0.130236077689322,-0.130236077689322
amelia_emb,mpos,other,y2009_2013,fe_country,n_eff,conventional,-0.009667708625185956,0.0015477350465524606,-6.246358927337417,101.80388461282477,135,0.02151819378414053,10,unemp,share,all,mi,unweighted,wb_nat,raw,gaussian,TRUE,9.84376953849439e-9,TRUE,TRUE,-0.5263727549769888,-0.5263727549769888
amelia_emb,mpos,other,y2009_2013,fe_country,n_eff,clustered,-0.009667708625185956,0.0025564209383036616,-3.781735816794342,102.02326471994257,135,0.019510417078713226,10,unemp,share,all,mi,unweighted,wb_nat,raw,gaussian,TRUE,2.6269652258753177e-4,TRUE,TRUE,-0.3506348244114761,-0.3506348244114761
amelia_emb,mneg,other,y2009_2013,fe_country,n_eff,conventional,0.0097887207632802,0.0015658360068299742,6.251434199100714,101.76526625085066,135,0.021862712380553494,10,unemp,share,all,mi,unweighted,wb_nat,raw,gaussian,FALSE,9.624721810006717e-9,TRUE,TRUE,0.5267540391541938,-0.5267540391541938
amelia_emb,mneg,other,y2009_2013,fe_country,n_eff,clustered,0.0097887207632802,0.002602593540023209,3.761140805410939,102.01147276988499,135,0.01962063979513615,10,unemp,share,all,mi,unweighted,wb_nat,raw,gaussian,FALSE,2.824318808644344e-4,TRUE,TRUE,0.34897609472928093,-0.34897609472928093
amelia_emb,mcosmo,other,y2009_2013,fe_country,pop,conventional,-0.010949958093838398,0.0014438808254958542,-7.583699361114508,100.82969951370833,135,0.029548452088767226,10,unemp,share,all,mi,unweighted,wb_nat,raw,gaussian,TRUE,1.698808459861891e-11,TRUE,TRUE,-0.6026744452931865,-0.6026744452931865
amelia_emb,mcosmo,other,y2009_2013,fe_country,pop,clustered,-0.010949958093838398,0.0033741299050457636,-3.245268677256184,101.92730939698157,135,0.020399552079973484,10,unemp,share,all,mi,unweighted,wb_nat,raw,gaussian,TRUE,0.001587816737818442,TRUE,TRUE,-0.3060225279565731,-0.3060225279565731
amelia_emb,mutil,other,y2009_2013,fe_country,pop,conventional,-0.005461741949630837,6.953813166598904e-4,-7.854312186391634,97.45297796944205,135,0.051161076464416096,10,unemp,share,all,mi,unweighted,wb_nat,raw,gaussian,TRUE,5.3353856594802635e-12,TRUE,TRUE,-0.6226071716251976,-0.6226071716251976
amelia_emb,mutil,other,y2009_2013,fe_country,pop,clustered,-0.005461741949630837,0.002312201572607047,-2.3621391899118156,101.82637021827605,135,0.021316415068904592,10,unemp,share,all,mi,unweighted,wb_nat,raw,gaussian,TRUE,0.020071057371964043,TRUE,TRUE,-0.22792453026047663,-0.22792453026047663
amelia_emb,mcomm,other,y2009_2013,fe_country,pop,conventional,0.009253226319335721,9.075864063307637e-4,10.195421895690497,100.00026650432802,135,0.03555629184270842,10,unemp,share,all,mi,unweighted,wb_nat,raw,gaussian,FALSE,3.6928631066816024e-17,TRUE,TRUE,0.7139152417189853,-0.7139152417189853
amelia_emb,mcomm,other,y2009_2013,fe_country,pop,clustered,0.009253226319335721,0.0013540979888627374,6.8334983106408735,101.2695587323924,135,0.026078949633751014,10,unemp,share,all,mi,unweighted,wb_nat,raw,gaussian,FALSE,6.326260217067008e-10,TRUE,TRUE,0.5617741433194167,-0.5617741433194167
amelia_emb,mlib,other,y2009_2013,fe_country,pop,conventional,0.007509768706386475,0.0012437215517783116,6.038143100156764,101.13658018732112,135,0.027152105108560795,10,unemp,share,all,mi,unweighted,wb_nat,raw,gaussian,FALSE,2.6001497891249125e-8,TRUE,TRUE,0.5147553722180054,-0.5147553722180054
amelia_emb,mlib,other,y2009_2013,fe_country,pop,clustered,0.007509768706386475,0.0042855906696137825,1.7523299086012,102.06796643909045,135,0.019090069617113143,10,unemp,share,all,mi,unweighted,wb_nat,raw,gaussian,FALSE,0.08272017646712126,FALSE,TRUE,0.17089711207612124,-0.17089711207612124
amelia_emb,mpos,other,y2009_2013,fe_country,pop,conventional,-0.016436023771376786,0.0018446484164556978,-8.910111880808657,101.67105603096981,135,0.022692719294743882,10,unemp,share,all,mi,unweighted,wb_nat,raw,gaussian,TRUE,2.139378769474228e-14,TRUE,TRUE,-0.6621715544519727,-0.6621715544519727
amelia_emb,mpos,other,y2009_2013,fe_country,pop,clustered,-0.016436023771376786,0.005435509984461352,-3.0238236740182467,102.09341723723131,135,0.018848941670683083,10,unemp,share,all,mi,unweighted,wb_nat,raw,gaussian,TRUE,0.0031568875085677653,TRUE,TRUE,-0.2867028247310565,-0.2867028247310565
amelia_emb,mneg,other,y2009_2013,fe_country,pop,conventional,0.016719987276990415,0.0018666546469203933,8.957193717956907,101.58582463417014,135,0.023431356997894073,10,unemp,share,all,mi,unweighted,wb_nat,raw,gaussian,FALSE,1.6959227626163602e-14,TRUE,TRUE,0.6642851609883211,-0.6642851609883211
amelia_emb,mneg,other,y2009_2013,fe_country,pop,clustered,0.016719987276990415,0.005521078276549491,3.028391636468503,102.08491670586149,135,0.018929625617778525,10,unemp,share,all,mi,unweighted,wb_nat,raw,gaussian,FALSE,0.0031135302114601335,TRUE,TRUE,0.28711122726284516,-0.28711122726284516
amelia_emb,mcosmo,other,y2009_2013,re,none,conventional,-0.0066479538458320865,0.0011435587739803865,-5.8133906162886095,127.46863619730712,135,0.019491246045010978,10,unemp,share,all,mi,unweighted,wb_nat,raw,gaussian,TRUE,4.6387531167691504e-8,TRUE,TRUE,-0.45778398343159277,-0.45778398343159277
amelia_emb,mcosmo,other,y2009_2013,re,none,clustered,-0.0066479538458320865,0.0015009186373485357,-4.429256643502077,127.75098604416802,135,0.017529485993541417,10,unemp,share,all,mi,unweighted,wb_nat,raw,gaussian,TRUE,2.0098830629779076e-5,TRUE,TRUE,-0.36486090771744073,-0.36486090771744073
amelia_emb,mutil,other,y2009_2013,re,none,conventional,-0.0030524883675803,5.90941574310982e-4,-5.16546558962178,126.67753821574071,135,0.024528850653791137,10,unemp,share,all,mi,unweighted,wb_nat,raw,gaussian,TRUE,9.054577848911892e-7,TRUE,TRUE,-0.4171132900005963,-0.4171132900005963
amelia_emb,mutil,other,y2009_2013,re,none,clustered,-0.0030524883675803,8.64633173599943e-4,-3.530385440650066,127.48909446389739,135,0.019352402209112152,10,unemp,share,all,mi,unweighted,wb_nat,raw,gaussian,TRUE,5.780988951734522e-4,TRUE,TRUE,-0.29842242706533223,-0.29842242706533223
amelia_emb,mcomm,other,y2009_2013,re,none,conventional,0.007719044807855255,8.50751461739747e-4,9.073207810974747,127.36689814717465,135,0.02017456094936599,10,unemp,share,all,mi,unweighted,wb_nat,raw,gaussian,FALSE,1.8101917851844317e-15,TRUE,TRUE,0.6265734667973335,-0.6265734667973335
amelia_emb,mcomm,other,y2009_2013,re,none,clustered,0.007719044807855255,0.0012523289949060402,6.163751569478275,127.78469903440003,135,0.017288319606443715,10,unemp,share,all,mi,unweighted,wb_nat,raw,gaussian,FALSE,8.599896412568059e-9,TRUE,TRUE,0.47872223618035187,-0.47872223618035187
amelia_emb,mlib,other,y2009_2013,re,none,conventional,0.002622790753872869,9.945094458956181e-4,2.6372708320642255,127.4795971267744,135,0.019416918694181964,10,unemp,share,all,mi,unweighted,wb_nat,raw,gaussian,FALSE,0.009397384031309698,TRUE,TRUE,0.22745678045511467,-0.22745678045511467
amelia_emb,mlib,other,y2009_2013,re,none,clustered,0.002622790753872869,0.0016717042500651363,1.568932276011546,127.9010650922388,135,0.016443568266455662,10,unemp,share,all,mi,unweighted,wb_nat,raw,gaussian,FALSE,0.11913444390176667,FALSE,TRUE,0.13741295150446398,-0.13741295150446398
amelia_emb,mpos,other,y2009_2013,re,none,conventional,-0.009613548358118734,0.001530166279469256,-6.2826821418736465,127.74382386575857,135,0.01758052042041491,10,unemp,share,all,mi,unweighted,wb_nat,raw,gaussian,TRUE,4.809959405861278e-9,TRUE,TRUE,-0.48585455469132843,-0.48585455469132843
amelia_emb,mpos,other,y2009_2013,re,none,clustered,-0.009613548358118734,0.0021469756288092527,-4.477716574477635,127.9314591581134,135,0.016219661641918362,10,unemp,share,all,mi,unweighted,wb_nat,raw,gaussian,TRUE,1.6515620739831004e-5,TRUE,TRUE,-0.36808915972774703,-0.36808915972774703
amelia_emb,mneg,other,y2009_2013,re,none,conventional,0.009741859657843223,0.0015432038784736694,6.312749594355974,127.67022060801126,135,0.018101003913274145,10,unemp,share,all,mi,unweighted,wb_nat,raw,gaussian,FALSE,4.154006975233121e-9,TRUE,TRUE,0.4877349731467158,-0.4877349731467158
amelia_emb,mneg,other,y2009_2013,re,none,clustered,0.009741859657843223,0.0021881929647572483,4.45201123243898,127.90029126284334,135,0.016449250847094737,10,unemp,share,all,mi,unweighted,wb_nat,raw,gaussian,FALSE,1.83254446726926e-5,TRUE,TRUE,0.3662988707980124,-0.3662988707980124
amelia_emb,mcosmo,other,y2009_2013,pooled_cl,none,conventional,8.740708191912485e-4,0.0014681480816991425,0.5953560339633136,128.02205973267272,135,0.0155438098960056,10,unemp,share,all,mi,unweighted,wb_nat,raw,gaussian,TRUE,0.5526564715502822,FALSE,FALSE,0.05254531254232203,0.05254531254232203
amelia_emb,mcosmo,other,y2009_2013,pooled_cl,none,clustered,8.740708191912485e-4,0.0026036042263243783,0.33571570147019325,128.08761474912674,135,0.0150466153243543,10,unemp,share,all,mi,unweighted,wb_nat,raw,gaussian,TRUE,0.7376345317121173,FALSE,FALSE,0.02965016397493588,0.02965016397493588
amelia_emb,mutil,other,y2009_2013,pooled_cl,none,conventional,8.034442146672117e-4,7.104305355484097e-4,1.1309257900168959,128.00342592233574,135,0.01568386401715152,10,unemp,share,all,mi,unweighted,wb_nat,raw,gaussian,TRUE,0.26020079184958717,FALSE,FALSE,0.09946364557214682,0.09946364557214682
amelia_emb,mutil,other,y2009_2013,pooled_cl,none,clustered,8.034442146672117e-4,9.970394422131885e-4,0.8058299207138266,128.06011503181767,135,0.015256042674972005,10,unemp,share,all,mi,unweighted,wb_nat,raw,gaussian,TRUE,0.42183474242440167,FALSE,FALSE,0.07102939674720676,0.07102939674720676
amelia_emb,mcomm,other,y2009_2013,pooled_cl,none,conventional,9.521986150163891e-4,0.0014204914510756086,0.6703304087436611,128.0925985509796,135,0.015008525678367801,10,unemp,share,all,mi,unweighted,wb_nat,raw,gaussian,FALSE,0.5038539348178738,FALSE,TRUE,0.05912436557526174,-0.05912436557526174
amelia_emb,mcomm,other,y2009_2013,pooled_cl,none,clustered,9.521986150163891e-4,0.0028578704888816355,0.33318466274831476,128.11163223214487,135,0.014862671888385122,10,unemp,share,all,mi,unweighted,wb_nat,raw,gaussian,FALSE,0.7395395514375245,FALSE,TRUE,0.02942406269218553,-0.02942406269218553
amelia_emb,mlib,other,y2009_2013,pooled_cl,none,conventional,-0.0022107437555923836,0.0012017917937070905,-1.8395397332287011,128.0382808246246,135,0.015421436542444725,10,unemp,share,all,mi,unweighted,wb_nat,raw,gaussian,FALSE,0.06815216791933794,FALSE,FALSE,-0.16046297041735613,0.16046297041735613
amelia_emb,mlib,other,y2009_2013,pooled_cl,none,clustered,-0.0022107437555923836,0.0019751176244340893,-1.1192972652582176,128.08855861363,135,0.015039404859332308,10,unemp,share,all,mi,unweighted,wb_nat,raw,gaussian,FALSE,0.26510790524081257,FALSE,FALSE,-0.0984184881011481,0.0984184881011481
amelia_emb,mpos,other,y2009_2013,pooled_cl,none,conventional,0.0015934903709429883,0.001894589122426322,0.8410743797062822,128.0638486370581,135,0.015227682446159544,10,unemp,share,all,mi,unweighted,wb_nat,raw,gaussian,TRUE,0.40187398495923077,FALSE,FALSE,0.07411821305885907,0.07411821305885907
amelia_emb,mpos,other,y2009_2013,pooled_cl,none,clustered,0.0015934903709429883,0.0032161187771720732,0.49547000012982767,128.09918911861715,135,0.014958091905847737,10,unemp,share,all,mi,unweighted,wb_nat,raw,gaussian,TRUE,0.6211172960959542,FALSE,FALSE,0.04373492928840043,0.04373492928840043
amelia_emb,mneg,other,y2009_2013,pooled_cl,none,conventional,-0.001270189437982468,0.001895377240917898,-0.670151255676858,128.06953055951394,135,0.015184478793598721,10,unemp,share,all,mi,unweighted,wb_nat,raw,gaussian,FALSE,0.5039679615951047,FALSE,FALSE,-0.05911392367016315,0.05911392367016315
amelia_emb,mneg,other,y2009_2013,pooled_cl,none,clustered,-0.001270189437982468,0.0031918221054739243,-0.39795120028904907,128.10087646728124,135,0.014945167835676895,10,unemp,share,all,mi,unweighted,wb_nat,raw,gaussian,FALSE,0.6913285701463814,FALSE,FALSE,-0.035138683406668154,0.035138683406668154
amelia_emb,mcosmo,other,y2009_2013,pooled_cl,n_cell,conventional,0.0027295939255405567,0.0014628127759621636,1.8659899410197378,128.04155862173863,135,0.015396656861988267,10,unemp,share,all,mi,unweighted,wb_nat,raw,gaussian,TRUE,0.0643307848587633,FALSE,FALSE,0.16270753191385912,0.16270753191385912
amelia_emb,mcosmo,other,y2009_2013,pooled_cl,n_cell,clustered,0.0027295939255405567,0.002689991008566708,1.0147223231779314,128.09542895361045,135,0.014986875217657047,10,unemp,share,all,mi,unweighted,wb_nat,raw,gaussian,TRUE,0.3121510184713685,FALSE,FALSE,0.08929803358025751,0.08929803358025751
amelia_emb,mutil,other,y2009_2013,pooled_cl,n_cell,conventional,0.0013910075895353195,7.047919072471658e-4,1.9736429650113767,128.00217846398363,135,0.01569322033279903,10,unemp,share,all,mi,unweighted,wb_nat,raw,gaussian,TRUE,0.050576236775761445,FALSE,FALSE,0.17185034148081033,0.17185034148081033
amelia_emb,mutil,other,y2009_2013,pooled_cl,n_cell,clustered,0.0013910075895353195,0.0011215287151873795,1.2402781762952158,128.0725224020003,135,0.015161708247105598,10,unemp,share,all,mi,unweighted,wb_nat,raw,gaussian,TRUE,0.21713997281943107,FALSE,FALSE,0.10894278809877173,0.10894278809877173
amelia_emb,mcomm,other,y2009_2013,pooled_cl,n_cell,conventional,-5.421631536980986e-5,0.001343451226941256,-0.04035599825476994,128.09535034820126,135,0.014987476672144381,10,unemp,share,all,mi,unweighted,wb_nat,raw,gaussian,FALSE,0.9678721417228782,FALSE,FALSE,-0.0035656495054310396,0.0035656495054310396
amelia_emb,mcomm,other,y2009_2013,pooled_cl,n_cell,clustered,-5.421631536980986e-5,0.0027638111693469827,-0.019616504908553423,128.1125515896587,135,0.014855611368910386,10,unemp,share,all,mi,unweighted,wb_nat,raw,gaussian,FALSE,0.9843798160066306,FALSE,FALSE,-0.0017331060508231487,0.0017331060508231487
amelia_emb,mlib,other,y2009_2013,pooled_cl,n_cell,conventional,-0.003638613805801563,0.0012052794122146698,-3.018896505595913,128.0213962706839,135,0.015548806091394035,10,unemp,share,all,mi,unweighted,wb_nat,raw,gaussian,FALSE,0.0030625327993371036,TRUE,FALSE,-0.25779462592433294,0.25779462592433294
amelia_emb,mlib,other,y2009_2013,pooled_cl,n_cell,clustered,-0.003638613805801563,0.0022009026492391293,-1.6532370511978176,128.08914330819402,135,0.01503493745269864,10,unemp,share,all,mi,unweighted,wb_nat,raw,gaussian,FALSE,0.10073155166735695,FALSE,FALSE,-0.14454203999988643,0.14454203999988643
amelia_emb,mpos,other,y2009_2013,pooled_cl,n_cell,conventional,0.00402735289185329,0.0018797368553974453,2.1425088731378623,128.0723646102123,135,0.015162909551626004,10,unemp,share,all,mi,unweighted,wb_nat,raw,gaussian,TRUE,0.034044367557642716,TRUE,FALSE,0.18601509942835814,0.18601509942835814
amelia_emb,mpos,other,y2009_2013,pooled_cl,n_cell,clustered,0.00402735289185329,0.003402460488183908,1.1836589743920651,128.10402239876566,135,0.01492105905349852,10,unemp,share,all,mi,unweighted,wb_nat,raw,gaussian,TRUE,0.23873986920773002,FALSE,FALSE,0.10401194271674354,0.10401194271674354
amelia_emb,mneg,other,y2009_2013,pooled_cl,n_cell,conventional,-0.003697751919396753,0.0018867788130466929,-1.9598226850055493,128.0789113831883,135,0.015113032759553573,10,unemp,share,all,mi,unweighted,wb_nat,raw,gaussian,FALSE,0.05218802889587188,FALSE,FALSE,-0.1706325029451554,0.1706325029451554
amelia_emb,mneg,other,y2009_2013,pooled_cl,n_cell,clustered,-0.003697751919396753,0.0033914093183700245,-1.0903289966703171,128.1058405939471,135,0.01490711771273411,10,unemp,share,all,mi,unweighted,wb_nat,raw,gaussian,FALSE,0.2776148690832608,FALSE,FALSE,-0.09588866479627091,0.09588866479627091
amelia_emb,mcosmo,other,y2009_2013,pooled_cl,n_eff,conventional,0.0026763668801163838,0.0014496591877512207,1.8462041993939897,128.03930568839635,135,0.01541369059218968,10,unemp,share,all,mi,unweighted,wb_nat,raw,gaussian,TRUE,0.06717194835594525,FALSE,FALSE,0.1610286358407082,0.1610286358407082
amelia_emb,mcosmo,other,y2009_2013,pooled_cl,n_eff,clustered,0.0026763668801163838,0.0026966038154499464,0.992495399132191,128.09529635587128,135,0.01498788979200204,10,unemp,share,all,mi,unweighted,wb_nat,raw,gaussian,TRUE,0.32282703855690387,FALSE,FALSE,0.0873571478179144,0.0873571478179144
amelia_emb,mutil,other,y2009_2013,pooled_cl,n_eff,conventional,0.0012403356127427038,6.940932172841451e-4,1.7869870816428683,127.9934692421254,135,0.015758473526191124,10,unemp,share,all,mi,unweighted,wb_nat,raw,gaussian,TRUE,0.07630646329654554,FALSE,FALSE,0.15601859290378037,0.15601859290378037
amelia_emb,mutil,other,y2009_2013,pooled_cl,n_eff,clustered,0.0012403356127427038,0.0011029328926564557,1.1245794018848312,128.06899674797205,135,0.015188540009432056,10,unemp,share,all,mi,unweighted,wb_nat,raw,gaussian,TRUE,0.26287063925051124,FALSE,FALSE,0.09888588723751576,0.09888588723751576
amelia_emb,mcomm,other,y2009_2013,pooled_cl,n_eff,conventional,-2.0537671395965456e-4,0.00134498364487362,-0.15269829840864169,128.09589351391867,135,0.014983320391302892,10,unemp,share,all,mi,unweighted,wb_nat,raw,gaussian,FALSE,0.878876467947791,FALSE,FALSE,-0.013490469705125662,0.013490469705125662
amelia_emb,mcomm,other,y2009_2013,pooled_cl,n_eff,clustered,-2.0537671395965456e-4,0.00277133440590369,-0.07410751785210286,128.1126957853157,135,0.014854503838652573,10,unemp,share,all,mi,unweighted,wb_nat,raw,gaussian,FALSE,0.9410404196851285,FALSE,FALSE,-0.00654721908919657,0.00654721908919657
amelia_emb,mlib,other,y2009_2013,pooled_cl,n_eff,conventional,-0.0032872901929251524,0.0011737871936287774,-2.800584476273297,128.0156520564758,135,0.015592033356438755,10,unemp,share,all,mi,unweighted,wb_nat,raw,gaussian,FALSE,0.005892588650351659,TRUE,FALSE,-0.24027278897489895,0.24027278897489895
amelia_emb,mlib,other,y2009_2013,pooled_cl,n_eff,clustered,-0.0032872901929251524,0.0021883996918446095,-1.5021434179394735,128.08868841301887,135,0.015038413165973,10,unemp,share,all,mi,unweighted,wb_nat,raw,gaussian,FALSE,0.13552139695398058,FALSE,FALSE,-0.13157216033397046,0.13157216033397046
amelia_emb,mpos,other,y2009_2013,pooled_cl,n_eff,conventional,0.003825249668788517,0.0018649936546515416,2.051079186917251,128.07129301505773,135,0.015171066755488455,10,unemp,share,all,mi,unweighted,wb_nat,raw,gaussian,TRUE,0.0422984359226583,TRUE,FALSE,0.1783356867305306,0.1783356867305306
amelia_emb,mpos,other,y2009_2013,pooled_cl,n_eff,clustered,0.003825249668788517,0.0034077331492330283,1.1225203093292262,128.10396242225235,135,0.014921518838872284,10,unemp,share,all,mi,unweighted,wb_nat,raw,gaussian,TRUE,0.2637407531479116,FALSE,FALSE,0.0986932533639501,0.0986932533639501
amelia_emb,mneg,other,y2009_2013,pooled_cl,n_eff,conventional,-0.003497928599626069,0.0018722470697649547,-1.8683050202691491,128.07779778625007,135,0.015121521761859118,10,unemp,share,all,mi,unweighted,wb_nat,raw,gaussian,FALSE,0.06400436043421956,FALSE,FALSE,-0.1628816078776961,0.1628816078776961
amelia_emb,mneg,other,y2009_2013,pooled_cl,n_eff,clustered,-0.003497928599626069,0.0033983916440853573,-1.029289430402746,128.10573796017135,135,0.014907904824971776,10,unemp,share,all,mi,unweighted,wb_nat,raw,gaussian,FALSE,0.30528313836932225,FALSE,FALSE,-0.09056591834905225,0.09056591834905225
amelia_emb,mcosmo,other,y2009_2013,pooled_cl,pop,conventional,0.0016552943546693625,0.0014152532229049363,1.1696100230541924,127.79265057547713,135,0.017231209288399142,10,unemp,share,all,mi,unweighted,wb_nat,raw,gaussian,TRUE,0.24433477855892435,FALSE,FALSE,0.10291436299353875,0.10291436299353875
amelia_emb,mcosmo,other,y2009_2013,pooled_cl,pop,clustered,0.0016552943546693625,0.001978450000502568,0.8366622124637382,127.9541903544679,135,0.016051291638622994,10,unemp,share,all,mi,unweighted,wb_nat,raw,gaussian,TRUE,0.4043423002506481,FALSE,FALSE,0.07376293358662783,0.07376293358662783
amelia_emb,mutil,other,y2009_2013,pooled_cl,pop,conventional,0.0015557003310958857,6.802635317666356e-4,2.2869083207440974,127.94681797322164,135,0.01610598539858142,10,unemp,share,all,mi,unweighted,wb_nat,raw,gaussian,TRUE,0.023843763698225894,TRUE,FALSE,0.19816845329387567,0.19816845329387567
amelia_emb,mutil,other,y2009_2013,pooled_cl,pop,clustered,0.0015557003310958857,0.0011279396264445632,1.3792407808205915,128.05637138857955,135,0.015284456127499358,10,unemp,share,all,mi,unweighted,wb_nat,raw,gaussian,TRUE,0.17022456925892485,FALSE,FALSE,0.1209866494556823,0.1209866494556823
amelia_emb,mcomm,other,y2009_2013,pooled_cl,pop,conventional,-3.10530389172094e-4,0.0010448894489216939,-0.2971897069996788,127.87639761240254,135,0.016624276446025304,10,unemp,share,all,mi,unweighted,wb_nat,raw,gaussian,FALSE,0.7668038977871903,FALSE,FALSE,-0.026271728030144253,0.026271728030144253
amelia_emb,mcomm,other,y2009_2013,pooled_cl,pop,clustered,-3.10530389172094e-4,0.002003313256653581,-0.15500840327429227,128.0533894021393,135,0.015307072308601705,10,unemp,share,all,mi,unweighted,wb_nat,raw,gaussian,FALSE,0.8770587561082686,FALSE,FALSE,-0.013696795212761697,0.013696795212761697
amelia_emb,mlib,other,y2009_2013,pooled_cl,pop,conventional,-0.002396556873809018,0.0012089242311088674,-1.9823879877159982,127.879442049308,135,0.016602022142586912,10,unemp,share,all,mi,unweighted,wb_nat,raw,gaussian,FALSE,0.049579573260929585,TRUE,FALSE,-0.17266949694063816,0.17266949694063816
amelia_emb,mlib,other,y2009_2013,pooled_cl,pop,clustered,-0.002396556873809018,0.002880617448120015,-0.8319594382006849,128.076738997705,135,0.015129591043295164,10,unemp,share,all,mi,unweighted,wb_nat,raw,gaussian,FALSE,0.4069803487280099,FALSE,FALSE,-0.07331564635179699,0.07331564635179699
amelia_emb,mpos,other,y2009_2013,pooled_cl,pop,conventional,0.0030910776054725747,0.0018265341127143184,1.692318574263627,127.97857034529015,135,0.01586982555571134,10,unemp,share,all,mi,unweighted,wb_nat,raw,gaussian,TRUE,0.09301850961915135,FALSE,FALSE,0.14794751795040492,0.14794751795040492
amelia_emb,mpos,other,y2009_2013,pooled_cl,pop,clustered,0.0030910776054725747,0.0028494718987956166,1.0847896435753859,128.0611334090851,135,0.01524830942252034,10,unemp,share,all,mi,unweighted,wb_nat,raw,gaussian,TRUE,0.28005280526513254,FALSE,FALSE,0.09542245390462627,0.09542245390462627
amelia_emb,mneg,other,y2009_2013,pooled_cl,pop,conventional,-0.0027057509062980395,0.0018429277087074255,-1.4681807069881068,127.98637694585153,135,0.015811523674201165,10,unemp,share,all,mi,unweighted,wb_nat,raw,gaussian,FALSE,0.14450853006712905,FALSE,FALSE,-0.12869773058026537,0.12869773058026537
amelia_emb,mneg,other,y2009_2013,pooled_cl,pop,clustered,-0.0027057509062980395,0.0028506184879473063,-0.9491802981487066,128.06335902936348,135,0.01523140278357016,10,unemp,share,all,mi,unweighted,wb_nat,raw,gaussian,FALSE,0.34431671003759723,FALSE,FALSE,-0.08358223089088264,0.08358223089088264
amelia_emb,mcosmo,other,no_bailout,fe_twoway,none,conventional,1.9194844527039808e-4,0.0013877849005151863,0.13831282153245883,155.44689815601265,190,0.016126880070526508,10,unemp,share,all,mi,unweighted,wb_nat,raw,gaussian,TRUE,0.8901722036140058,FALSE,FALSE,0.011092889543979832,0.011092889543979832
amelia_emb,mcosmo,other,no_bailout,fe_twoway,none,clustered,1.9194844527039808e-4,0.0016442618634024764,0.11673836725325401,155.64254777932396,190,0.015017487297743989,10,unemp,share,all,mi,unweighted,wb_nat,raw,gaussian,TRUE,0.9072178830823951,FALSE,FALSE,0.009356866579227215,0.009356866579227215
amelia_emb,mutil,other,no_bailout,fe_twoway,none,conventional,-0.0011028395427485661,6.778077814845377e-4,-1.6270682822984446,155.1901433827265,190,0.017527530812319482,10,unemp,share,all,mi,unweighted,wb_nat,raw,gaussian,TRUE,0.1057513041752567,FALSE,TRUE,-0.1295092206266028,-0.1295092206266028
amelia_emb,mutil,other,no_bailout,fe_twoway,none,clustered,-0.0011028395427485661,7.861421587873051e-4,-1.4028500194542362,155.43765941756425,190,0.016178327999360045,10,unemp,share,all,mi,unweighted,wb_nat,raw,gaussian,TRUE,0.16265582732775943,FALSE,TRUE,-0.11181526239513366,-0.11181526239513366
amelia_emb,mcomm,other,no_bailout,fe_twoway,none,conventional,0.002572845844423346,9.136627419336747e-4,2.8159688759751527,155.494454589658,190,0.015860747599266423,10,unemp,share,all,mi,unweighted,wb_nat,raw,gaussian,FALSE,0.005493453129593529,TRUE,TRUE,0.2202773040250493,-0.2202773040250493
amelia_emb,mcomm,other,no_bailout,fe_twoway,none,clustered,0.002572845844423346,0.0013913025715953844,1.8492353115347908,155.8463281411373,190,0.013818473393408654,10,unemp,share,all,mi,unweighted,wb_nat,raw,gaussian,FALSE,0.0663181406846222,FALSE,TRUE,0.14653138085026202,-0.14653138085026202
amelia_emb,mlib,other,no_bailout,fe_twoway,none,conventional,-0.0018246074662799413,8.685886631270193e-4,-2.100657703395695,155.37707333951573,190,0.01651371331038044,10,unemp,share,all,mi,unweighted,wb_nat,raw,gaussian,FALSE,0.037285667945276046,TRUE,FALSE,-0.16618075026056345,0.16618075026056345
amelia_emb,mlib,other,no_bailout,fe_twoway,none,clustered,-0.0018246074662799413,0.0012008195975672805,-1.519468428043964,155.73312787258928,190,0.014490307339366359,10,unemp,share,all,mi,unweighted,wb_nat,raw,gaussian,FALSE,0.13067224003273217,FALSE,FALSE,-0.12086638773514978,0.12086638773514978
amelia_emb,mpos,other,no_bailout,fe_twoway,none,conventional,-8.634408464948935e-4,0.0013942105449068932,-0.6193044871515837,155.73356061592636,190,0.014487767034660015,10,unemp,share,all,mi,unweighted,wb_nat,raw,gaussian,TRUE,0.5366207324280995,FALSE,TRUE,-0.04956544285988748,-0.04956544285988748
amelia_emb,mpos,other,no_bailout,fe_twoway,none,clustered,-8.634408464948935e-4,0.0015657521366761237,-0.5514543625837609,155.8112217233627,190,0.014028423526817442,10,unemp,share,all,mi,unweighted,wb_nat,raw,gaussian,TRUE,0.5821122167378199,FALSE,TRUE,-0.044135373880281145,-0.044135373880281145
amelia_emb,mneg,other,no_bailout,fe_twoway,none,conventional,7.504370797449402e-4,0.0014009491193468578,0.5356633366490887,155.7443013409516,190,0.014424648988202617,10,unemp,share,all,mi,unweighted,wb_nat,raw,gaussian,FALSE,0.592955365607304,FALSE,TRUE,0.042883097460688975,-0.042883097460688975
amelia_emb,mneg,other,no_bailout,fe_twoway,none,clustered,7.504370797449402e-4,0.0015824755331581783,0.4742171768351311,155.822913179076,190,0.013958666292773803,10,unemp,share,all,mi,unweighted,wb_nat,raw,gaussian,FALSE,0.6360088864603539,FALSE,TRUE,0.03796194559024732,-0.03796194559024732
amelia_emb,mcosmo,other,no_bailout,fe_twoway,n_cell,conventional,6.235312918993928e-4,0.0012907247945577356,0.4830861656400151,155.33603461949812,190,0.016738954492686524,10,unemp,share,all,mi,unweighted,wb_nat,raw,gaussian,TRUE,0.6297147336419493,FALSE,FALSE,0.038731338213342285,0.038731338213342285
amelia_emb,mcosmo,other,no_bailout,fe_twoway,n_cell,clustered,6.235312918993928e-4,0.0017381350663510917,0.35873581056527837,155.69138908827816,190,0.014734344080453174,10,unemp,share,all,mi,unweighted,wb_nat,raw,gaussian,TRUE,0.7202787305627723,FALSE,FALSE,0.028738428756548584,0.028738428756548584
amelia_emb,mutil,other,no_bailout,fe_twoway,n_cell,conventional,-0.0011545172651312924,6.239251105501693e-4,-1.8504100021126793,155.14875929320533,190,0.017747895728195844,10,unemp,share,all,mi,unweighted,wb_nat,raw,gaussian,TRUE,0.06615627079070216,FALSE,TRUE,-0.1469446071340337,-0.1469446071340337
amelia_emb,mutil,other,no_bailout,fe_twoway,n_cell,clustered,-0.0011545172651312924,7.620605200564908e-4,-1.514994196321454,155.47998484484805,190,0.015941955190420704,10,unemp,share,all,mi,unweighted,wb_nat,raw,gaussian,TRUE,0.1318041959063112,FALSE,TRUE,-0.12061230301092785,-0.12061230301092785
amelia_emb,mcomm,other,no_bailout,fe_twoway,n_cell,conventional,0.002595105321982334,8.793472855286651e-4,2.9511722668503517,155.74201895965646,190,0.014438072312097141,10,unemp,share,all,mi,unweighted,wb_nat,raw,gaussian,FALSE,0.003655319667910293,TRUE,TRUE,0.2301313181500458,-0.2301313181500458
amelia_emb,mcomm,other,no_bailout,fe_twoway,n_cell,clustered,0.002595105321982334,0.0016206544944006563,1.6012699381320292,155.99570204745226,190,0.012908240394147423,10,unemp,share,all,mi,unweighted,wb_nat,raw,gaussian,FALSE,0.11134028085974472,FALSE,TRUE,0.12716513313130745,-0.12716513313130745
amelia_emb,mlib,other,no_bailout,fe_twoway,n_cell,conventional,-0.0022003673206155844,8.414163686649497e-4,-2.6150754876647357,155.3658550870215,190,0.016575438150789656,10,unemp,share,all,mi,unweighted,wb_nat,raw,gaussian,FALSE,0.009799612440298389,TRUE,FALSE,-0.20533019245008804,0.20533019245008804
amelia_emb,mlib,other,no_bailout,fe_twoway,n_cell,clustered,-0.0022003673206155844,0.0014151835754387671,-1.554828192472045,155.85074462961757,190,0.013791957029915796,10,unemp,share,all,mi,unweighted,wb_nat,raw,gaussian,FALSE,0.12201534020572184,FALSE,FALSE,-0.12359062449658675,0.12359062449658675
amelia_emb,mpos,other,no_bailout,fe_twoway,n_cell,conventional,-4.8103369864317685e-4,0.0012950207249989743,-0.3714486489346013,155.70311193608913,190,0.014665998090215447,10,unemp,share,all,mi,unweighted,wb_nat,raw,gaussian,TRUE,0.7108083611375237,FALSE,TRUE,-0.0297548523807722,-0.0297548523807722
amelia_emb,mpos,other,no_bailout,fe_twoway,n_cell,clustered,-4.8103369864317685e-4,0.0016786992821544709,-0.2865514412002429,155.86671232681485,190,0.013695891664728014,10,unemp,share,all,mi,unweighted,wb_nat,raw,gaussian,TRUE,0.7748363375491013,FALSE,TRUE,-0.02294624070129384,-0.02294624070129384
amelia_emb,mneg,other,no_bailout,fe_twoway,n_cell,conventional,3.908894797882681e-4,0.0013032703798954333,0.29992968904858464,155.78250405102398,190,0.014199088770885115,10,unemp,share,all,mi,unweighted,wb_nat,raw,gaussian,FALSE,0.7646306221356703,FALSE,TRUE,0.02402341589458166,-0.02402341589458166
amelia_emb,mneg,other,no_bailout,fe_twoway,n_cell,clustered,3.908894797882681e-4,0.0016975163970981946,0.23027140147598626,155.914412485259,190,0.013407060797722145,10,unemp,share,all,mi,unweighted,wb_nat,raw,gaussian,FALSE,0.818182733401005,FALSE,TRUE,0.018438391661744078,-0.018438391661744078
amelia_emb,mcosmo,other,no_bailout,fe_twoway,n_eff,conventional,6.41475514047751e-4,0.0012863102414186675,0.4986942445084396,155.32173796899284,190,0.01681706159677552,10,unemp,share,all,mi,unweighted,wb_nat,raw,gaussian,TRUE,0.6187003059135558,FALSE,FALSE,0.039982580882951826,0.039982580882951826
amelia_emb,mcosmo,other,no_bailout,fe_twoway,n_eff,clustered,6.41475514047751e-4,0.001713699991368918,0.37432194507705807,155.67462544452744,190,0.014831817349445844,10,unemp,share,all,mi,unweighted,wb_nat,raw,gaussian,TRUE,0.7086741822717071,FALSE,FALSE,0.029987552129518195,0.029987552129518195
amelia_emb,mutil,other,no_bailout,fe_twoway,n_eff,conventional,-0.001085458612485616,6.216366682007589e-4,-1.7461302847969462,155.0515234252214,190,0.01826013733194225,10,unemp,share,all,mi,unweighted,wb_nat,raw,gaussian,TRUE,0.08276887178854875,FALSE,TRUE,-0.13887051010590398,-0.13887051010590398
amelia_emb,mutil,other,no_bailout,fe_twoway,n_eff,clustered,-0.001085458612485616,7.390346916034793e-4,-1.4687519068022403,155.3780794898892,190,0.01650817160957115,10,unemp,share,all,mi,unweighted,wb_nat,raw,gaussian,TRUE,0.14392174309822572,FALSE,TRUE,-0.11701983602279399,-0.11701983602279399
amelia_emb,mcomm,other,no_bailout,fe_twoway,n_eff,conventional,0.002385024916660469,8.677588058971088e-4,2.7484882901243233,155.76188356517238,190,0.014321045214113126,10,unemp,share,all,mi,unweighted,wb_nat,raw,gaussian,FALSE,0.00669445172755687,TRUE,TRUE,0.21506979877723983,-0.21506979877723983
amelia_emb,mcomm,other,no_bailout,fe_twoway,n_eff,clustered,0.002385024916660469,0.0015762203335553788,1.5131291393004185,155.99839035603054,190,0.012891597946053273,10,unemp,share,all,mi,unweighted,wb_nat,raw,gaussian,FALSE,0.13227017936407315,FALSE,TRUE,0.12026854788616673,-0.12026854788616673
amelia_emb,mlib,other,no_bailout,fe_twoway,n_eff,conventional,-0.002079264899426507,8.32483443334373e-4,-2.4976651680883406,155.3182303336554,190,0.01683619676442521,10,unemp,share,all,mi,unweighted,wb_nat,raw,gaussian,FALSE,0.013543349313944804,TRUE,FALSE,-0.196504235864463,0.196504235864463
amelia_emb,mlib,other,no_bailout,fe_twoway,n_eff,clustered,-0.002079264899426507,0.0013843590872901935,-1.5019693362193718,155.8291825176935,190,0.013921193685751282,10,unemp,share,all,mi,unweighted,wb_nat,raw,gaussian,FALSE,0.1351287225222421,FALSE,FALSE,-0.11945810052899211,0.11945810052899211
amelia_emb,mpos,other,no_bailout,fe_twoway,n_eff,conventional,-3.942692608442625e-4,0.0012825362127856376,-0.3074137454473268,155.7196360876684,190,0.014569402147320967,10,unemp,share,all,mi,unweighted,wb_nat,raw,gaussian,TRUE,0.7589392175466396,FALSE,TRUE,-0.02462747289600752,-0.02462747289600752
amelia_emb,mpos,other,no_bailout,fe_twoway,n_eff,clustered,-3.942692608442625e-4,0.0016660267975354556,-0.23665241245068983,155.8771972776604,190,0.013632643580770635,10,unemp,share,all,mi,unweighted,wb_nat,raw,gaussian,TRUE,0.813237159888379,FALSE,TRUE,-0.018951414830833735,-0.018951414830833735
amelia_emb,mneg,other,no_bailout,fe_twoway,n_eff,conventional,3.0238378377447347e-4,0.0012906547664144504,0.23428711661951365,155.78553608740782,190,0.014181115032610948,10,unemp,share,all,mi,unweighted,wb_nat,raw,gaussian,FALSE,0.8150697135714993,FALSE,TRUE,0.018767582922233163,-0.018767582922233163
amelia_emb,mneg,other,no_bailout,fe_twoway,n_eff,clustered,3.0238378377447347e-4,0.0016830053479276641,0.17966893815685606,155.91657555531705,190,0.013393896324921759,10,unemp,share,all,mi,unweighted,wb_nat,raw,gaussian,FALSE,0.8576457669672688,FALSE,TRUE,0.014387386277287582,-0.014387386277287582
amelia_emb,mcosmo,other,no_bailout,fe_twoway,pop,conventional,-0.004084496098604235,9.969888901734845e-4,-4.096832110028325,153.6807475464215,190,0.0248100557338834,10,unemp,share,all,mi,unweighted,wb_nat,raw,gaussian,TRUE,6.756235600460046e-5,TRUE,TRUE,-0.31378402855809595,-0.31378402855809595
amelia_emb,mcosmo,other,no_bailout,fe_twoway,pop,clustered,-0.004084496098604235,0.0019278796914011694,-2.118646779061017,155.53649651580918,190,0.015623624451771463,10,unemp,share,all,mi,unweighted,wb_nat,raw,gaussian,TRUE,0.03570904208936216,TRUE,TRUE,-0.1674805664771775,-0.1674805664771775
amelia_emb,mutil,other,no_bailout,fe_twoway,pop,conventional,-8.304222176698377e-4,4.588310617304912e-4,-1.8098648651594826,150.05250611399498,190,0.038547600545025394,10,unemp,share,all,mi,unweighted,wb_nat,raw,gaussian,TRUE,0.07231791367344596,FALSE,TRUE,-0.14616225952195352,-0.14616225952195352
amelia_emb,mutil,other,no_bailout,fe_twoway,pop,clustered,-8.304222176698377e-4,8.313857862579318e-4,-0.9988410090670047,154.65527729597002,190,0.02027357137965244,10,unemp,share,all,mi,unweighted,wb_nat,raw,gaussian,TRUE,0.31943195637846716,FALSE,TRUE,-0.08006038455773376,-0.08006038455773376
amelia_emb,mcomm,other,no_bailout,fe_twoway,pop,conventional,0.005347011828481771,8.415055592734818e-4,6.354101609379908,155.0845337525318,190,0.018087092915628118,10,unemp,share,all,mi,unweighted,wb_nat,raw,gaussian,FALSE,2.220017555617643e-9,TRUE,TRUE,0.454491915598571,-0.454491915598571
amelia_emb,mcomm,other,no_bailout,fe_twoway,pop,clustered,0.005347011828481771,0.0025961191839527597,2.0596172400454273,156.00008091958122,190,0.012881127337507537,10,unemp,share,all,mi,unweighted,wb_nat,raw,gaussian,FALSE,0.04109703446633414,TRUE,TRUE,0.16270398838017042,-0.16270398838017042
amelia_emb,mlib,other,no_bailout,fe_twoway,pop,conventional,-5.936996324600229e-4,6.788153394693512e-4,-0.8746113971498263,154.0373767113116,190,0.023209897873059673,10,unemp,share,all,mi,unweighted,wb_nat,raw,gaussian,FALSE,0.38314700272402546,FALSE,FALSE,-0.070295317574829555,0.070295317574829555
amelia_emb,mlib,other,no_bailout,fe_twoway,pop,clustered,-5.936996324600229e-4,0.0015892766974242177,-0.37356593312054936,155.77124277319464,190,0.01426575220254149,10,unemp,share,all,mi,unweighted,wb_nat,raw,gaussian,FALSE,0.7092352065147507,FALSE,FALSE,-0.02991776678208326,0.02991776678208326
amelia_emb,mpos,other,no_bailout,fe_twoway,pop,conventional,-0.004840638755471981,9.8098673089463e-4,-4.9344589514044355,153.2672614710084,190,0.02659160152035614,10,unemp,share,all,mi,unweighted,wb_nat,raw,gaussian,TRUE,2.073977100319594e-6,TRUE,TRUE,-0.37025277196579964,-0.37025277196579964
amelia_emb,mpos,other,no_bailout,fe_twoway,pop,clustered,-0.004840638755471981,0.0016828753359122348,-2.8764095902849633,155.26292989689614,190,0.01713642849417838,10,unemp,share,all,mi,unweighted,wb_nat,raw,gaussian,TRUE,0.004588171608076392,TRUE,TRUE,-0.2249278145386221,-0.2249278145386221
amelia_emb,mneg,other,no_bailout,fe_twoway,pop,conventional,0.004730717139619761,9.939416242392817e-4,4.759552295880997,153.77493971669483,190,0.024393470987790152,10,unemp,share,all,mi,unweighted,wb_nat,raw,gaussian,FALSE,4.440552069100864e-6,TRUE,TRUE,0.35832903967937657,-0.35832903967937657
amelia_emb,mneg,other,no_bailout,fe_twoway,pop,clustered,0.004730717139619761,0.0017270284944029385,2.739223559397754,155.41835752037352,190,0.016285552336237637,10,unemp,share,all,mi,unweighted,wb_nat,raw,gaussian,FALSE,0.006878582874693104,TRUE,TRUE,0.2146040963215529,-0.2146040963215529
amelia_emb,mcosmo,other,no_bailout,fe_country,none,conventional,-0.0035790532422976576,0.0012895940372620394,-2.775333274567872,164.3958229771691,190,0.01551859613942838,10,unemp,share,all,mi,unweighted,wb_nat,raw,gaussian,TRUE,0.0061538015617415035,TRUE,TRUE,-0.21155673472803416,-0.21155673472803416
amelia_emb,mcosmo,other,no_bailout,fe_country,none,clustered,-0.0035790532422976576,0.0014218856045648237,-2.5171175731770963,164.52629402469938,190,0.014828299545794657,10,unemp,share,all,mi,unweighted,wb_nat,raw,gaussian,TRUE,0.012788585172559467,TRUE,TRUE,-0.19256641116220657,-0.19256641116220657
amelia_emb,mutil,other,no_bailout,fe_country,none,conventional,-0.0023831040642788327,7.241048190025454e-4,-3.2911037210904897,164.79849289061556,190,0.013334701737026692,10,unemp,share,all,mi,unweighted,wb_nat,raw,gaussian,TRUE,0.001220748710431999,TRUE,TRUE,-0.2483375522717036,-0.2483375522717036
amelia_emb,mutil,other,no_bailout,fe_country,none,clustered,-0.0023831040642788327,8.599537709277023e-4,-2.7712002026666895,164.88594309808744,190,0.012838042378170659,10,unemp,share,all,mi,unweighted,wb_nat,raw,gaussian,TRUE,0.006226903757314723,TRUE,TRUE,-0.21095553414006818,-0.21095553414006818
amelia_emb,mcomm,other,no_bailout,fe_country,none,conventional,0.003936266916291287,7.873732495156916e-4,4.999238821883345,164.66019795502797,190,0.014103020186945446,10,unemp,share,all,mi,unweighted,wb_nat,raw,gaussian,FALSE,1.4611801235313161e-6,TRUE,TRUE,0.3630149399753213,-0.3630149399753213
amelia_emb,mcomm,other,no_bailout,fe_country,none,clustered,0.003936266916291287,0.0010382957892364323,3.7910843490813306,164.84858681931541,190,0.013051265132764233,10,unemp,share,all,mi,unweighted,wb_nat,raw,gaussian,FALSE,2.1009834709199323e-4,TRUE,TRUE,0.28318426050256723,-0.28318426050256723
amelia_emb,mlib,other,no_bailout,fe_country,none,conventional,0.0018716379561483233,0.0011398734364689673,1.6419699733912327,164.74544584918553,190,0.013631822695061772,10,unemp,share,all,mi,unweighted,wb_nat,raw,gaussian,FALSE,0.1025037384157033,FALSE,TRUE,0.12689182494409115,-0.12689182494409115
amelia_emb,mlib,other,no_bailout,fe_country,none,clustered,0.0018716379561483233,0.001743270958722395,1.0736357115247337,164.94723201215768,190,0.012484674364983555,10,unemp,share,all,mi,unweighted,wb_nat,raw,gaussian,FALSE,0.2845541169101442,FALSE,TRUE,0.08330522268435729,-0.08330522268435729
amelia_emb,mpos,other,no_bailout,fe_country,none,conventional,-0.0058958910974591,0.0014480017164737518,-4.071743168797532,164.64301622992434,190,0.014197079633944013,10,unemp,share,all,mi,unweighted,wb_nat,raw,gaussian,TRUE,7.232759994575039e-5,TRUE,TRUE,-0.3024647629043478,-0.3024647629043478
amelia_emb,mpos,other,no_bailout,fe_country,none,clustered,-0.0058958910974591,0.0018301576163141566,-3.2215209471046116,164.8159653426531,190,0.0132361603005038,10,unemp,share,all,mi,unweighted,wb_nat,raw,gaussian,TRUE,0.0015365885637409213,TRUE,TRUE,-0.24338911069497426,-0.24338911069497426
amelia_emb,mneg,other,no_bailout,fe_country,none,conventional,0.005795318571538303,0.0014605093757525938,3.9680118921194887,164.64940389385293,190,0.014162146104674908,10,unemp,share,all,mi,unweighted,wb_nat,raw,gaussian,FALSE,1.0797765313931523e-4,TRUE,TRUE,0.2954345561122984,-0.2954345561122984
amelia_emb,mneg,other,no_bailout,fe_country,none,clustered,0.005795318571538303,0.0018703872378172072,3.0984592144146563,164.82710843446168,190,0.013173137326634705,10,unemp,share,all,mi,unweighted,wb_nat,raw,gaussian,FALSE,0.002287624972144127,TRUE,TRUE,0.23460552389594477,-0.23460552389594477
amelia_emb,mcosmo,other,no_bailout,fe_country,n_cell,conventional,-0.0028228084250415987,0.0012127495781458462,-2.3276103128869736,164.46958217289827,190,0.015130271388587274,10,unemp,share,all,mi,unweighted,wb_nat,raw,gaussian,TRUE,0.021150935435808937,TRUE,TRUE,-0.1785787378890634,-0.1785787378890634
amelia_emb,mcosmo,other,no_bailout,fe_country,n_cell,clustered,-0.0028228084250415987,0.0014543935764661383,-1.9408834518510543,164.6674671146137,190,0.014063135378501063,10,unemp,share,all,mi,unweighted,wb_nat,raw,gaussian,TRUE,0.05398006974178364,FALSE,TRUE,-0.1495491458600918,-0.1495491458600918
amelia_emb,mutil,other,no_bailout,fe_country,n_cell,conventional,-0.0025330482126139876,6.594420208106129e-4,-3.8411992755636986,164.6635450035246,190,0.014084662142057027,10,unemp,share,all,mi,unweighted,wb_nat,raw,gaussian,TRUE,1.7443184053565563e-4,TRUE,TRUE,-0.28676979162181565,-0.28676979162181565
amelia_emb,mutil,other,no_bailout,fe_country,n_cell,clustered,-0.0025330482126139876,8.181401437749789e-4,-3.0961055167471123,164.8181163413436,190,0.013224005543840157,10,unemp,share,all,mi,unweighted,wb_nat,raw,gaussian,TRUE,0.002304862757376462,TRUE,TRUE,-0.23444315127534837,-0.23444315127534837
amelia_emb,mcomm,other,no_bailout,fe_country,n_cell,conventional,0.004025630308183496,7.692395660023915e-4,5.233259554112666,164.83676502450513,190,0.013118408731824894,10,unemp,share,all,mi,unweighted,wb_nat,raw,gaussian,FALSE,5.008879015742951e-7,TRUE,TRUE,0.37745808221489213,-0.37745808221489213
amelia_emb,mcomm,other,no_bailout,fe_country,n_cell,clustered,0.004025630308183496,0.0013500880022948184,2.9817540051766342,165.01106810136412,190,0.012111780171821136,10,unemp,share,all,mi,unweighted,wb_nat,raw,gaussian,FALSE,0.0033003305051765176,TRUE,TRUE,0.22610992008930794,-0.22610992008930794
amelia_emb,mlib,other,no_bailout,fe_country,n_cell,conventional,0.0011804253387503784,0.0011398043123803955,1.0356385968440047,164.79610756051753,190,0.01334812828701863,10,unemp,share,all,mi,unweighted,wb_nat,raw,gaussian,FALSE,0.30188807478895113,FALSE,TRUE,0.08041296323962592,-0.08041296323962592
amelia_emb,mlib,other,no_bailout,fe_country,n_cell,clustered,0.0011804253387503784,0.0022553587662312393,0.5233869468682796,165.01863193779843,190,0.012067260023765363,10,unemp,share,all,mi,unweighted,wb_nat,raw,gaussian,FALSE,0.6014071313067999,FALSE,TRUE,0.040709542957097285,-0.040709542957097285
amelia_emb,mpos,other,no_bailout,fe_country,n_cell,conventional,-0.005286672611670428,0.0013748738290389217,-3.8452056472454434,164.7188207753476,190,0.01377980873167543,10,unemp,share,all,mi,unweighted,wb_nat,raw,gaussian,TRUE,1.718191343242465e-4,TRUE,TRUE,-0.287000061162078,-0.287000061162078
amelia_emb,mpos,other,no_bailout,fe_country,n_cell,clustered,-0.005286672611670428,0.001812953245407462,-2.916055681558542,164.88114983603163,190,0.0128654916487328,10,unemp,share,all,mi,unweighted,wb_nat,raw,gaussian,TRUE,0.004038621309966219,TRUE,TRUE,-0.2214576254888521,-0.2214576254888521
amelia_emb,mneg,other,no_bailout,fe_country,n_cell,conventional,0.005191586264272061,0.001385869426387088,3.746086150270549,164.7634966808524,190,0.013531061875929987,10,unemp,share,all,mi,unweighted,wb_nat,raw,gaussian,FALSE,2.480385787505334e-4,TRUE,TRUE,0.28015479639605434,-0.28015479639605434
amelia_emb,mneg,other,no_bailout,fe_country,n_cell,clustered,0.005191586264272061,0.0018369339922510279,2.8262236346936738,164.90803816846662,190,0.012711164374311325,10,unemp,share,all,mi,unweighted,wb_nat,raw,gaussian,FALSE,0.005292720807468761,TRUE,TRUE,0.21493868164496502,-0.21493868164496502
amelia_emb,mcosmo,other,no_bailout,fe_country,n_eff,conventional,-0.0028498393966716073,0.001203524347945722,-2.36791170991759,164.44552967695856,190,0.01525744331815736,10,unemp,share,all,mi,unweighted,wb_nat,raw,gaussian,TRUE,0.019050831279067044,TRUE,TRUE,-0.1815824825323435,-0.1815824825323435
amelia_emb,mcosmo,other,no_bailout,fe_country,n_eff,clustered,-0.0028498393966716073,0.0014252656318927224,-1.9995145697066177,164.63956500924377,190,0.014215936848702362,10,unemp,share,all,mi,unweighted,wb_nat,raw,gaussian,TRUE,0.04719755347652648,TRUE,TRUE,-0.15397398018684422,-0.15397398018684422
amelia_emb,mutil,other,no_bailout,fe_country,n_eff,conventional,-0.002538436307884278,6.567193867253879e-4,-3.8653287221224426,164.6003072985842,190,0.014429597244289778,10,unemp,share,all,mi,unweighted,wb_nat,raw,gaussian,TRUE,1.5937792897601736e-4,TRUE,TRUE,-0.2884725709886933,-0.2884725709886933
amelia_emb,mutil,other,no_bailout,fe_country,n_eff,clustered,-0.002538436307884278,8.145702827213097e-4,-3.116288872464007,164.77815826628415,190,0.013448960336870321,10,unemp,share,all,mi,unweighted,wb_nat,raw,gaussian,TRUE,0.0021611081812358828,TRUE,TRUE,-0.23591370222757735,-0.23591370222757735
amelia_emb,mcomm,other,no_bailout,fe_country,n_eff,conventional,0.0038869997077066306,7.585119930404387e-4,5.1245065910242005,164.80035100405243,190,0.01332423842463519,10,unemp,share,all,mi,unweighted,wb_nat,raw,gaussian,FALSE,8.269304025672149e-7,TRUE,TRUE,0.37073716542140767,-0.37073716542140767
amelia_emb,mcomm,other,no_bailout,fe_country,n_eff,clustered,0.0038869997077066306,0.001297096238546773,2.9966933772481728,164.99468013242975,190,0.01220799141834895,10,unemp,share,all,mi,unweighted,wb_nat,raw,gaussian,FALSE,0.0031508901247287,TRUE,TRUE,0.227195157795145,-0.227195157795145
amelia_emb,mlib,other,no_bailout,fe_country,n_eff,conventional,0.0013521437112405828,0.0011154264171524758,1.2122213446337522,164.77999533567842,190,0.01343865664460455,10,unemp,share,all,mi,unweighted,wb_nat,raw,gaussian,FALSE,0.22716290264500066,FALSE,TRUE,0.09401600313936308,-0.09401600313936308
amelia_emb,mlib,other,no_bailout,fe_country,n_eff,clustered,0.0013521437112405828,0.0020856606433006567,0.6483047544593599,165.00527733243095,190,0.012145815399375303,10,unemp,share,all,mi,unweighted,wb_nat,raw,gaussian,FALSE,0.5176890162416437,FALSE,TRUE,0.050405494339144694,-0.050405494339144694
amelia_emb,mpos,other,no_bailout,fe_country,n_eff,conventional,-0.005318738523482645,0.0013579064371007491,-3.916866713467111,164.7032252420144,190,0.01386614258389089,10,unemp,share,all,mi,unweighted,wb_nat,raw,gaussian,TRUE,1.3118635020845098e-4,TRUE,TRUE,-0.2919094644392838,-0.2919094644392838
amelia_emb,mpos,other,no_bailout,fe_country,n_eff,clustered,-0.005318738523482645,0.0017703851682864028,-3.0042832592360544,164.86729609437012,190,0.012944677116438309,10,unemp,share,all,mi,unweighted,wb_nat,raw,gaussian,TRUE,0.003077687495241615,TRUE,TRUE,-0.22782417711295716,-0.22782417711295716
amelia_emb,mneg,other,no_bailout,fe_country,n_eff,conventional,0.005224778781474314,0.0013688197556594897,3.816995451645162,164.74674229125702,190,0.013624597567666952,10,unemp,share,all,mi,unweighted,wb_nat,raw,gaussian,FALSE,1.908748382824933e-4,TRUE,TRUE,0.2850439864436223,-0.2850439864436223
amelia_emb,mneg,other,no_bailout,fe_country,n_eff,clustered,0.005224778781474314,0.0017956345252955659,2.909711696824443,164.89463488909942,190,0.012788199266387204,10,unemp,share,all,mi,unweighted,wb_nat,raw,gaussian,FALSE,0.004117305934108992,TRUE,TRUE,0.22099079624258144,-0.22099079624258144
amelia_emb,mcosmo,other,no_bailout,fe_country,pop,conventional,-0.00469940973335744,0.0012557906595714375,-3.7421919788455846,164.312872668517,190,0.015949557229994592,10,unemp,share,all,mi,unweighted,wb_nat,raw,gaussian,TRUE,2.518174420909053e-4,TRUE,TRUE,-0.2802398185690515,-0.2802398185690515
amelia_emb,mcosmo,other,no_bailout,fe_country,pop,clustered,-0.00469940973335744,0.003800311817752331,-1.2365853010811292,165.01310431771515,190,0.012099802274269066,10,unemp,share,all,mi,unweighted,wb_nat,raw,gaussian,TRUE,0.21799820469790646,FALSE,TRUE,-0.09582125821872446,-0.09582125821872446
amelia_emb,mutil,other,no_bailout,fe_country,pop,conventional,-0.0012398192660581855,4.931149156753796e-4,-2.514260320761349,162.0479027866008,190,0.02602443098402684,10,unemp,share,all,mi,unweighted,wb_nat,raw,gaussian,TRUE,0.012903620767601704,TRUE,TRUE,-0.19376647980507058,-0.19376647980507058
amelia_emb,mutil,other,no_bailout,fe_country,pop,clustered,-0.0012398192660581855,0.0010132094000753597,-1.2236555108608065,164.48698695981278,190,0.01503791580690596,10,unemp,share,all,mi,unweighted,wb_nat,raw,gaussian,TRUE,0.22283218383231043,FALSE,TRUE,-0.09497857271080692,-0.09497857271080692
amelia_emb,mcomm,other,no_bailout,fe_country,pop,conventional,0.006293030683634424,7.532839996451801e-4,8.354127641896861,164.52924265266628,190,0.014812516394765204,10,unemp,share,all,mi,unweighted,wb_nat,raw,gaussian,FALSE,2.6124039823081302e-14,TRUE,TRUE,0.5457525662577714,-0.5457525662577714
amelia_emb,mcomm,other,no_bailout,fe_country,pop,clustered,0.006293030683634424,0.0023012954139730755,2.7345601287971153,165.03526178328318,190,0.011969122606796103,10,unemp,share,all,mi,unweighted,wb_nat,raw,gaussian,FALSE,0.0069288718130817075,TRUE,TRUE,0.20819795609459169,-0.20819795609459169
amelia_emb,mlib,other,no_bailout,fe_country,pop,conventional,-5.60993395854167e-4,0.0012934395418298286,-0.4337221630479379,164.87370306780863,190,0.012908083633770835,10,unemp,share,all,mi,unweighted,wb_nat,raw,gaussian,FALSE,0.6650571839087351,FALSE,FALSE,-0.03375890123033092,0.03375890123033092
amelia_emb,mlib,other,no_bailout,fe_country,pop,clustered,-5.60993395854167e-4,0.0052094344670783384,-0.10768796486440779,165.07941611433284,190,0.01170682587487846,10,unemp,share,all,mi,unweighted,wb_nat,raw,gaussian,FALSE,0.9143739870436639,FALSE,FALSE,-0.008381185512453537,0.008381185512453537
amelia_emb,mpos,other,no_bailout,fe_country,pop,conventional,-0.005857043073935083,0.0014296561584243607,-4.096819392146845,164.5997363800824,190,0.014432693160012493,10,unemp,share,all,mi,unweighted,wb_nat,raw,gaussian,TRUE,6.558326572845934e-5,TRUE,TRUE,-0.3041919602161257,-0.3041919602161257
amelia_emb,mpos,other,no_bailout,fe_country,pop,clustered,-0.005857043073935083,0.004532642062880039,-1.2921918370526528,165.04576752465306,190,0.01190694289389079,10,unemp,share,all,mi,unweighted,wb_nat,raw,gaussian,TRUE,0.19809704298447592,FALSE,TRUE,-0.10007808074945762,-0.10007808074945762
amelia_emb,mneg,other,no_bailout,fe_country,pop,conventional,0.005712671763342665,0.0014505085825917917,3.938392252140399,164.67484031555935,190,0.014022624348573836,10,unemp,share,all,mi,unweighted,wb_nat,raw,gaussian,FALSE,1.208938939979656e-4,TRUE,TRUE,0.2933990604394386,-0.2933990604394386
amelia_emb,mneg,other,no_bailout,fe_country,pop,clustered,0.005712671763342665,0.004603107173145251,1.24104687300584,165.05272319766607,190,0.01186569648960556,10,unemp,share,all,mi,unweighted,wb_nat,raw,gaussian,FALSE,0.21634942370963073,FALSE,TRUE,0.09615235236502169,-0.09615235236502169
amelia_emb,mcosmo,other,no_bailout,re,none,conventional,-0.002707459525599095,0.0012879290765583297,-2.102180605188375,182.35155956378443,190,0.014205848994658338,10,unemp,share,all,mi,unweighted,wb_nat,raw,gaussian,TRUE,0.036910577471099555,TRUE,TRUE,-0.15382099813151895,-0.15382099813151895
amelia_emb,mcosmo,other,no_bailout,re,none,clustered,-0.002707459525599095,0.0012788535956726487,-2.1170988882234254,182.34038537939247,190,0.014258258470219234,10,unemp,share,all,mi,unweighted,wb_nat,raw,gaussian,TRUE,0.0356074494909011,TRUE,TRUE,-0.1548911350967724,-0.1548911350967724
amelia_emb,mutil,other,no_bailout,re,none,conventional,-0.002132652347752227,7.153966890070857e-4,-2.9810766257699353,182.78698531299747,190,0.012081167510508542,10,unemp,share,all,mi,unweighted,wb_nat,raw,gaussian,TRUE,0.003263562711085236,TRUE,TRUE,-0.21532366299324243,-0.21532366299324243
amelia_emb,mutil,other,no_bailout,re,none,clustered,-0.002132652347752227,7.697109464387441e-4,-2.770718485451538,182.82848865343738,190,0.011869475030789129,10,unemp,share,all,mi,unweighted,wb_nat,raw,gaussian,TRUE,0.00617122299703001,TRUE,TRUE,-0.20074225185846667,-0.20074225185846667
amelia_emb,mcomm,other,no_bailout,re,none,conventional,0.00348078286743917,7.961081709599423e-4,4.372248639581307,182.62988802849466,190,0.012867247432359431,10,unemp,share,all,mi,unweighted,wb_nat,raw,gaussian,FALSE,2.0616021384916624e-5,TRUE,TRUE,0.3078235941209483,-0.3078235941209483
amelia_emb,mcomm,other,no_bailout,re,none,clustered,0.00348078286743917,9.796450627867137e-4,3.5531061194119435,182.7887374437173,190,0.012072265587101932,10,unemp,share,all,mi,unweighted,wb_nat,raw,gaussian,FALSE,4.844667509648656e-4,TRUE,TRUE,0.2541739970746385,-0.2541739970746385
amelia_emb,mlib,other,no_bailout,re,none,conventional,0.0014524137650800632,0.001121937294423834,1.294558771063889,182.7375360210281,190,0.01233115056977642,10,unemp,share,all,mi,unweighted,wb_nat,raw,gaussian,FALSE,0.1971059136406227,FALSE,TRUE,0.09532910428079548,-0.09532910428079548
amelia_emb,mlib,other,no_bailout,re,none,clustered,0.0014524137650800632,0.0015809289172225508,0.9187090888512122,182.91254683324965,190,0.011435286593978366,10,unemp,share,all,mi,unweighted,wb_nat,raw,gaussian,FALSE,0.3594576407596477,FALSE,TRUE,0.06777297829927209,-0.06777297829927209
amelia_emb,mpos,other,no_bailout,re,none,conventional,-0.00508918514314789,0.0014594627720296717,-3.487026350161965,182.64430829841294,190,0.012796059795653025,10,unemp,share,all,mi,unweighted,wb_nat,raw,gaussian,TRUE,6.118061133953208e-4,TRUE,TRUE,-0.24983695143527154,-0.24983695143527154
amelia_emb,mpos,other,no_bailout,re,none,clustered,-0.00508918514314789,0.0016714582931921503,-3.044757481461632,182.75228969710858,190,0.012256816699771468,10,unemp,share,all,mi,unweighted,wb_nat,raw,gaussian,TRUE,0.0026726524041656395,TRUE,TRUE,-0.21972337661612282,-0.21972337661612282
amelia_emb,mneg,other,no_bailout,re,none,conventional,0.004979468509049183,0.00147102463799021,3.385034064318862,182.66323814834834,190,0.012702319851414066,10,unemp,share,all,mi,unweighted,wb_nat,raw,gaussian,FALSE,8.71136524262945e-4,TRUE,TRUE,0.24295509297381102,-0.24295509297381102
amelia_emb,mneg,other,no_bailout,re,none,clustered,0.004979468509049183,0.0017058262564955374,2.91909477303922,182.77450092513456,190,0.012144507624079115,10,unemp,share,all,mi,unweighted,wb_nat,raw,gaussian,FALSE,0.003951904025801578,TRUE,TRUE,0.2110550205444122,-0.2110550205444122
amelia_emb,mcosmo,other,no_bailout,pooled_cl,none,conventional,0.006686418968875625,0.0016976183143890663,3.9387057221292485,182.7601138485108,190,0.01221730988612959,10,unemp,share,all,mi,unweighted,wb_nat,raw,gaussian,TRUE,1.1643170812046515e-4,TRUE,FALSE,0.27971849268412663,0.27971849268412663
amelia_emb,mcosmo,other,no_bailout,pooled_cl,none,clustered,0.006686418968875625,0.0034121435993159552,1.9595948336453588,183.0057630646688,190,0.010944885304653859,10,unemp,share,all,mi,unweighted,wb_nat,raw,gaussian,TRUE,0.05156185121523053,FALSE,FALSE,0.1433588950120072,0.1433588950120072
amelia_emb,mutil,other,no_bailout,pooled_cl,none,conventional,0.0015125392904118428,0.0010127292714446374,1.49352777001719,182.88054562924017,190,0.011601458431418844,10,unemp,share,all,mi,unweighted,wb_nat,raw,gaussian,TRUE,0.13702236889616462,FALSE,FALSE,0.10977336776280093,0.10977336776280093
amelia_emb,mutil,other,no_bailout,pooled_cl,none,clustered,0.0015125392904118428,0.0012708300744285242,1.1901979035962083,182.95576973659757,190,0.011209091157129427,10,unemp,share,all,mi,unweighted,wb_nat,raw,gaussian,TRUE,0.23551070388198736,FALSE,FALSE,0.08765391053816672,0.08765391053816672
amelia_emb,mcomm,other,no_bailout,pooled_cl,none,conventional,-0.004495995268612405,0.0012651584672671399,-3.5537012832267356,182.87512313729502,190,0.011629508068550003,10,unemp,share,all,mi,unweighted,wb_nat,raw,gaussian,FALSE,4.833902806017663e-4,TRUE,FALSE,-0.25415765145355684,0.25415765145355684
amelia_emb,mcomm,other,no_bailout,pooled_cl,none,clustered,-0.004495995268612405,0.00292912619728473,-1.534927130411843,183.04563577412262,190,0.010732125044396277,10,unemp,share,all,mi,unweighted,wb_nat,raw,gaussian,FALSE,0.12652837740673412,FALSE,FALSE,-0.11272778671248858,0.11272778671248858
amelia_emb,mlib,other,no_bailout,pooled_cl,none,conventional,-0.0035963802402465836,0.0014843071291974288,-2.4229353679592993,183.00456098595907,190,0.0109512711749843,10,unemp,share,all,mi,unweighted,wb_nat,raw,gaussian,FALSE,0.01636993620173087,TRUE,FALSE,-0.17630084243096558,0.17630084243096558
amelia_emb,mlib,other,no_bailout,pooled_cl,none,clustered,-0.0035963802402465836,0.001895705056379043,-1.8971201390979955,183.03541457591695,190,0.010786840755131423,10,unemp,share,all,mi,unweighted,wb_nat,raw,gaussian,FALSE,0.05938669125512188,FALSE,FALSE,-0.13886694921522205,0.13886694921522205
amelia_emb,mpos,other,no_bailout,pooled_cl,none,conventional,0.008140232978687708,0.0022645352630916915,3.5946594037904847,182.9168663315506,190,0.011412772942589801,10,unemp,share,all,mi,unweighted,wb_nat,raw,gaussian,TRUE,4.1761103129927347e-4,TRUE,FALSE,0.2568672721427149,0.2568672721427149
amelia_emb,mpos,other,no_bailout,pooled_cl,none,clustered,0.008140232978687708,0.003907297842901021,2.08334079099634,183.02844628589406,190,0.010824073412833169,10,unemp,share,all,mi,unweighted,wb_nat,raw,gaussian,TRUE,0.03860952622254136,TRUE,FALSE,0.15219897637464505,0.15219897637464505
amelia_emb,mneg,other,no_bailout,pooled_cl,none,conventional,-0.008073107116543783,0.0022606593107728627,-3.571129483364652,182.92269313925718,190,0.011382371152422568,10,unemp,share,all,mi,unweighted,wb_nat,raw,gaussian,FALSE,4.542735732592541e-4,TRUE,FALSE,-0.2552919936148063,0.2552919936148063
amelia_emb,mneg,other,no_bailout,pooled_cl,none,clustered,-0.008073107116543783,0.003880062082703515,-2.0806644183689644,183.02978680127032,190,0.010816915206294589,10,unemp,share,all,mi,unweighted,wb_nat,raw,gaussian,FALSE,0.03885697809079121,TRUE,FALSE,-0.15200743019406396,0.15200743019406396
amelia_emb,mcosmo,other,no_bailout,pooled_cl,n_cell,conventional,0.007910491415318107,0.001711239243751796,4.622668305557789,182.84465395908364,190,0.011786548121315268,10,unemp,share,all,mi,unweighted,wb_nat,raw,gaussian,TRUE,7.1406987881218376e-6,TRUE,FALSE,0.32348211797292065,0.32348211797292065
amelia_emb,mcosmo,other,no_bailout,pooled_cl,n_cell,clustered,0.007910491415318107,0.0033255202085698704,2.3787230024742474,183.02170995083412,190,0.010860013246814088,10,unemp,share,all,mi,unweighted,wb_nat,raw,gaussian,TRUE,0.01840215875213493,TRUE,FALSE,0.1731732870178638,0.1731732870178638
amelia_emb,mutil,other,no_bailout,pooled_cl,n_cell,conventional,0.0014530354000147237,9.947956272429738e-4,1.4606370999455822,182.87797994475918,190,0.011614734143846088,10,unemp,share,all,mi,unweighted,wb_nat,raw,gaussian,TRUE,0.1458309523994847,FALSE,FALSE,0.10738485497489743,0.10738485497489743
amelia_emb,mutil,other,no_bailout,pooled_cl,n_cell,clustered,0.0014530354000147237,0.0011829550460057297,1.2283099048614954,182.93920375578875,190,0.011296025755569667,10,unemp,share,all,mi,unweighted,wb_nat,raw,gaussian,TRUE,0.2209085537026857,FALSE,FALSE,0.09044218350317318,0.09044218350317318
amelia_emb,mcomm,other,no_bailout,pooled_cl,n_cell,conventional,-0.0045515041452182,0.001287866758480999,-3.534142111553966,182.93506096062663,190,0.011317719187385394,10,unemp,share,all,mi,unweighted,wb_nat,raw,gaussian,FALSE,5.180799618115893e-4,TRUE,FALSE,-0.25280968214403216,0.25280968214403216
amelia_emb,mcomm,other,no_bailout,pooled_cl,n_cell,clustered,-0.0045515041452182,0.0030064036033946463,-1.5139364987717954,183.05692643806668,190,0.010671542068911612,10,unemp,share,all,mi,unweighted,wb_nat,raw,gaussian,FALSE,0.13176660422544192,FALSE,FALSE,-0.11120200493435063,0.11120200493435063
amelia_emb,mlib,other,no_bailout,pooled_cl,n_cell,conventional,-0.004743406311618921,0.0014828562291292426,-3.1988308903044005,182.99616312365313,190,0.010995837723107874,10,unemp,share,all,mi,unweighted,wb_nat,raw,gaussian,FALSE,0.001626394197108587,TRUE,FALSE,-0.23012059339086452,0.23012059339086452
amelia_emb,mlib,other,no_bailout,pooled_cl,n_cell,clustered,-0.004743406311618921,0.001668498438281042,-2.842919239712193,183.01473532805002,190,0.010897169277312933,10,unemp,share,all,mi,unweighted,wb_nat,raw,gaussian,FALSE,0.004978269720826998,TRUE,FALSE,-0.20565424249639971,0.20565424249639971
amelia_emb,mpos,other,no_bailout,pooled_cl,n_cell,conventional,0.009307566247792469,0.0022772423824193823,4.087209301762576,182.9624620519946,190,0.011173885532182536,10,unemp,share,all,mi,unweighted,wb_nat,raw,gaussian,TRUE,6.528576314497177e-5,TRUE,FALSE,0.2892497050835411,0.2892497050835411
amelia_emb,mpos,other,no_bailout,pooled_cl,n_cell,clustered,0.009307566247792469,0.0037944807005086114,2.452922279073625,183.04051467329901,190,0.010759554358302472,10,unemp,share,all,mi,unweighted,wb_nat,raw,gaussian,TRUE,0.015107004041749951,TRUE,FALSE,0.17839678091509517,0.17839678091509517
amelia_emb,mneg,other,no_bailout,pooled_cl,n_cell,conventional,-0.009266890531590806,0.0022771279909729347,-4.069551895337863,182.95411257512768,190,0.01121780117415093,10,unemp,share,all,mi,unweighted,wb_nat,raw,gaussian,FALSE,6.99909133097186e-5,TRUE,FALSE,-0.2881100562754576,0.2881100562754576
amelia_emb,mneg,other,no_bailout,pooled_cl,n_cell,clustered,-0.009266890531590806,0.0037783422865376726,-2.452633940712298,183.0371650983026,190,0.01077747857506766,10,unemp,share,all,mi,unweighted,wb_nat,raw,gaussian,FALSE,0.015118739372227796,TRUE,FALSE,-0.1783780580450419,0.1783780580450419
amelia_emb,mcosmo,other,no_bailout,pooled_cl,n_eff,conventional,0.00812098015332752,0.001692658920387923,4.797765252946741,182.83424157253646,190,0.011839993691950193,10,unemp,share,all,mi,unweighted,wb_nat,raw,gaussian,TRUE,3.3200270185449314e-6,TRUE,FALSE,0.334395645088528,0.334395645088528
amelia_emb,mcosmo,other,no_bailout,pooled_cl,n_eff,clustered,0.00812098015332752,0.003238094604591493,2.5079502438910475,183.01696860215338,190,0.010885278005221993,10,unemp,share,all,mi,unweighted,wb_nat,raw,gaussian,TRUE,0.01301314426154459,TRUE,FALSE,0.18227866049017477,0.18227866049017477
amelia_emb,mutil,other,no_bailout,pooled_cl,n_eff,conventional,0.001508790922590728,9.925320750935776e-4,1.5201432381401647,182.85974668571046,190,0.011708880109171692,10,unemp,share,all,mi,unweighted,wb_nat,raw,gaussian,TRUE,0.13020218455867846,FALSE,FALSE,0.11171166275757269,0.11171166275757269
amelia_emb,mutil,other,no_bailout,pooled_cl,n_eff,clustered,0.001508790922590728,0.0011923791985197236,1.265361660505159,182.92971307958385,190,0.011345695282263904,10,unemp,share,all,mi,unweighted,wb_nat,raw,gaussian,TRUE,0.2073510880237109,FALSE,FALSE,0.09314942462321618,0.09314942462321618
amelia_emb,mcomm,other,no_bailout,pooled_cl,n_eff,conventional,-0.00482735452374657,0.0012711933904741325,-3.797498130434782,182.92597281547668,190,0.011365243048069167,10,unemp,share,all,mi,unweighted,wb_nat,raw,gaussian,FALSE,1.9872339278111106e-4,TRUE,FALSE,-0.2703225919695951,0.2703225919695951
amelia_emb,mcomm,other,no_bailout,pooled_cl,n_eff,clustered,-0.00482735452374657,0.0029085633569883545,-1.659704098295803,183.05412963493168,190,0.010686563008410121,10,unemp,share,all,mi,unweighted,wb_nat,raw,gaussian,FALSE,0.09868615486957358,FALSE,FALSE,-0.12175802324699721,0.12175802324699721
amelia_emb,mlib,other,no_bailout,pooled_cl,n_eff,conventional,-0.004719619436433308,0.0014535001977391039,-3.24707175394582,182.98970820868536,190,0.011030038876155874,10,unemp,share,all,mi,unweighted,wb_nat,raw,gaussian,FALSE,0.0013869451243506208,TRUE,FALSE,-0.23340715545279161,0.23340715545279161
amelia_emb,mlib,other,no_bailout,pooled_cl,n_eff,clustered,-0.004719619436433308,0.0016329232860504618,-2.8902885253407176,183.00942458591973,190,0.010925423834138205,10,unemp,share,all,mi,unweighted,wb_nat,raw,gaussian,FALSE,0.004314403812636564,TRUE,FALSE,-0.20893538372149023,0.20893538372149023
amelia_emb,mpos,other,no_bailout,pooled_cl,n_eff,conventional,0.00956974877918695,0.002256387750385114,4.241180966149817,182.95839145646724,190,0.011195305234553931,10,unemp,share,all,mi,unweighted,wb_nat,raw,gaussian,TRUE,3.525896698607047e-5,TRUE,FALSE,0.29919002691740715,0.29919002691740715
amelia_emb,mpos,other,no_bailout,pooled_cl,n_eff,clustered,0.00956974877918695,0.003734651092393618,2.5624211050605785,183.03846644861449,190,0.010770516354109347,10,unemp,share,all,mi,unweighted,wb_nat,raw,gaussian,TRUE,0.011199210096028782,TRUE,FALSE,0.18609136378552962,0.18609136378552962
amelia_emb,mneg,other,no_bailout,pooled_cl,n_eff,conventional,-0.00951910223061577,0.002256931417739774,-4.217718870761597,182.94942649103356,190,0.01124241476673365,10,unemp,share,all,mi,unweighted,wb_nat,raw,gaussian,FALSE,3.8771922653423476e-5,TRUE,FALSE,-0.29768860164819055,0.29768860164819055
amelia_emb,mneg,other,no_bailout,pooled_cl,n_eff,clustered,-0.00951910223061577,0.003721978542010597,-2.557538181150714,183.03489430846804,190,0.010789622572974333,10,unemp,share,all,mi,unweighted,wb_nat,raw,gaussian,FALSE,0.01135205325987342,TRUE,FALSE,-0.18575074636680555,0.18575074636680555
amelia_emb,mcosmo,other,no_bailout,pooled_cl,pop,conventional,0.01063586696056477,0.0020999370106357432,5.064850472512424,182.87348126333944,190,0.011637995104914473,10,unemp,share,all,mi,unweighted,wb_nat,raw,gaussian,TRUE,9.933395443406326e-7,TRUE,FALSE,0.350740827778995,0.350740827778995
amelia_emb,mcosmo,other,no_bailout,pooled_cl,pop,clustered,0.01063586696056477,0.0039373653336535405,2.7012649473132813,183.02498822965643,190,0.010842529454844426,10,unemp,share,all,mi,unweighted,wb_nat,raw,gaussian,TRUE,0.007556519411623717,TRUE,FALSE,0.1958046004458977,0.1958046004458977
amelia_emb,mutil,other,no_bailout,pooled_cl,pop,conventional,8.177919761357429e-4,0.0010595077100782003,0.7718603350941006,182.6230168159269,190,0.012901101378537587,10,unemp,share,all,mi,unweighted,wb_nat,raw,gaussian,TRUE,0.44119479737205214,FALSE,FALSE,0.057023480832856306,0.057023480832856306
amelia_emb,mutil,other,no_bailout,pooled_cl,pop,clustered,8.177919761357429e-4,0.0010620286326189908,0.7700281809907951,182.62530330827312,190,0.012889840768186845,10,unemp,share,all,mi,unweighted,wb_nat,raw,gaussian,TRUE,0.4422780854575201,FALSE,FALSE,0.05688820859043524,0.05688820859043524
amelia_emb,mcomm,other,no_bailout,pooled_cl,pop,conventional,-0.003604273201091632,0.0013452298334117254,-2.6792991885636366,182.93004264141913,190,0.01134397216254144,10,unemp,share,all,mi,unweighted,wb_nat,raw,gaussian,FALSE,0.008050472712198475,TRUE,FALSE,-0.19432122143216848,0.19432122143216848
amelia_emb,mcomm,other,no_bailout,pooled_cl,pop,clustered,-0.003604273201091632,0.003548914679589588,-1.0155987186224622,183.0620876641525,190,0.010643798156889903,10,unemp,share,all,mi,unweighted,wb_nat,raw,gaussian,FALSE,0.31116091220805026,FALSE,FALSE,-0.07485190942670591,0.07485190942670591
amelia_emb,mlib,other,no_bailout,pooled_cl,pop,conventional,-0.008114106436923603,0.0017989881261485478,-4.510372424911489,182.88972257030423,190,0.011553916955186717,10,unemp,share,all,mi,unweighted,wb_nat,raw,gaussian,FALSE,1.1543598038184022e-5,TRUE,FALSE,-0.3163844243328996,0.3163844243328996
amelia_emb,mlib,other,no_bailout,pooled_cl,pop,clustered,-0.008114106436923603,0.0027512982250729357,-2.9491918989292776,183.00185111206395,190,0.010965660949107961,10,unemp,share,all,mi,unweighted,wb_nat,raw,gaussian,FALSE,0.0036020515817620064,TRUE,FALSE,-0.21300629927361542,0.21300629927361542
amelia_emb,mpos,other,no_bailout,pooled_cl,pop,conventional,0.011427820518771975,0.002659841965500255,4.296428384467069,182.93344748940558,190,0.011326162938128012,10,unemp,share,all,mi,unweighted,wb_nat,raw,gaussian,TRUE,2.8153265161262267e-5,TRUE,FALSE,0.3027510563114885,0.3027510563114885
amelia_emb,mpos,other,no_bailout,pooled_cl,pop,clustered,0.011427820518771975,0.0040394424200525724,2.8290588973473336,183.01925213791299,190,0.010873113183014533,10,unemp,share,all,mi,unweighted,wb_nat,raw,gaussian,TRUE,0.005189416965339216,TRUE,FALSE,0.2046912865519984,0.2046912865519984
amelia_emb,mneg,other,no_bailout,pooled_cl,pop,conventional,-0.01163163407529084,0.0026733409749288405,-4.350972877898769,182.9641645435949,190,0.011164921474079027,10,unemp,share,all,mi,unweighted,wb_nat,raw,gaussian,FALSE,2.2493990737036427e-5,TRUE,FALSE,-0.30621288058195695,0.30621288058195695
amelia_emb,mneg,other,no_bailout,pooled_cl,pop,clustered,-0.01163163407529084,0.004194241381513338,-2.773239071684995,183.03561773037634,190,0.010785754423152645,10,unemp,share,all,mi,unweighted,wb_nat,raw,gaussian,FALSE,0.006124901895014384,TRUE,FALSE,-0.20080837503342971,0.20080837503342971
amelia_emb,mcosmo,other,no_GR_ES,fe_twoway,none,conventional,-0.0027520684204084753,0.0011755331430774835,-2.3411236311072487,209.50494398915745,250,0.011747162166050883,10,unemp,share,all,mi,unweighted,wb_nat,raw,gaussian,TRUE,0.02016533180372921,TRUE,TRUE,-0.15966857787704056,-0.15966857787704056
amelia_emb,mcosmo,other,no_GR_ES,fe_twoway,none,clustered,-0.0027520684204084753,0.0018395781219578359,-1.4960323715306472,209.8490430088918,250,0.010249950786432881,10,unemp,share,all,mi,unweighted,wb_nat,raw,gaussian,TRUE,0.13614762833667085,FALSE,TRUE,-0.10272681114746036,-0.10272681114746036
amelia_emb,mutil,other,no_GR_ES,fe_twoway,none,conventional,-0.001176317105556207,5.057126260396824e-4,-2.3260584074559048,209.23490155536408,250,0.012859141518421165,10,unemp,share,all,mi,unweighted,wb_nat,raw,gaussian,TRUE,0.020972774711382692,TRUE,TRUE,-0.15876682978944037,-0.15876682978944037
amelia_emb,mutil,other,no_GR_ES,fe_twoway,none,clustered,-0.001176317105556207,7.074643897540038e-4,-1.6627227074499547,209.66153919212638,250,0.01107783743203544,10,unemp,share,all,mi,unweighted,wb_nat,raw,gaussian,TRUE,0.09786214710531696,FALSE,TRUE,-0.11408165214867334,-0.11408165214867334
amelia_emb,mcomm,other,no_GR_ES,fe_twoway,none,conventional,0.004792464358087326,8.848711330541622e-4,5.4160026009052595,209.54873363925057,250,0.011561908110051184,10,unemp,share,all,mi,unweighted,wb_nat,raw,gaussian,FALSE,1.6639092802478606e-7,TRUE,TRUE,0.35041873428994247,-0.35041873428994247
amelia_emb,mcomm,other,no_GR_ES,fe_twoway,none,clustered,0.004792464358087326,0.0018040237017775986,2.6565417923085275,209.95224933107315,250,0.009780847386425998,10,unemp,share,all,mi,unweighted,wb_nat,raw,gaussian,FALSE,0.008501167354885975,TRUE,TRUE,0.1803338753800903,-0.1803338753800903
amelia_emb,mlib,other,no_GR_ES,fe_twoway,none,conventional,-0.0010025650738427075,6.63198254512958e-4,-1.511712473638784,208.53035301994447,250,0.015550348335356432,10,unemp,share,all,mi,unweighted,wb_nat,raw,gaussian,FALSE,0.13212096005547175,FALSE,FALSE,-0.10411607695893003,0.10411607695893003
amelia_emb,mlib,other,no_GR_ES,fe_twoway,none,clustered,-0.0010025650738427075,9.189844876462188e-4,-1.090948854219033,209.3197431481231,250,0.012515206810673,10,unemp,share,all,mi,unweighted,wb_nat,raw,gaussian,FALSE,0.27654958121072076,FALSE,FALSE,-0.07519139030306277,0.07519139030306277
amelia_emb,mpos,other,no_GR_ES,fe_twoway,none,conventional,-0.003887230361210367,0.001202707183694017,-3.2320671348042143,209.56844835750644,250,0.011478027450315032,10,unemp,share,all,mi,unweighted,wb_nat,raw,gaussian,TRUE,0.0014274043307309233,TRUE,TRUE,-0.2178986389714603,-0.2178986389714603
amelia_emb,mpos,other,no_GR_ES,fe_twoway,none,clustered,-0.003887230361210367,0.001962800858656223,-1.9804507136152625,209.8898469354735,250,0.010065676365711202,10,unemp,share,all,mi,unweighted,wb_nat,raw,gaussian,TRUE,0.04895904882238819,TRUE,TRUE,-0.135440319128207,-0.135440319128207
amelia_emb,mneg,other,no_GR_ES,fe_twoway,none,conventional,0.0037874715186165526,0.0012042175001063535,3.1451722951062018,209.6228275441911,250,0.011245091786816394,10,unemp,share,all,mi,unweighted,wb_nat,raw,gaussian,FALSE,0.0019008926877174175,TRUE,TRUE,0.21228162498973807,-0.21228162498973807
amelia_emb,mneg,other,no_GR_ES,fe_twoway,none,clustered,0.0037874715186165526,0.0019752297300316213,1.9174840581991033,209.91077740137575,250,0.009970552916252767,10,unemp,share,all,mi,unweighted,wb_nat,raw,gaussian,FALSE,0.05653391065064162,FALSE,TRUE,0.1312030173403782,-0.1312030173403782
amelia_emb,mcosmo,other,no_GR_ES,fe_twoway,n_cell,conventional,-0.0012529154608133116,0.0010654034153207575,-1.176000980282291,209.39077874146744,250,0.012223490601794168,10,unemp,share,all,mi,unweighted,wb_nat,raw,gaussian,TRUE,0.24092979534110476,FALSE,TRUE,-0.08100268511299315,-0.08100268511299315
amelia_emb,mcosmo,other,no_GR_ES,fe_twoway,n_cell,clustered,-0.0012529154608133116,0.0016004103573997823,-0.782871377344088,209.7820703809047,250,0.010549143055721358,10,unemp,share,all,mi,unweighted,wb_nat,raw,gaussian,TRUE,0.43458550406071683,FALSE,TRUE,-0.053972526855839226,-0.053972526855839226
amelia_emb,mutil,other,no_GR_ES,fe_twoway,n_cell,conventional,-0.0013666318571354669,4.738018584811718e-4,-2.8843953071783375,208.8208489260218,250,0.014473765485723033,10,unemp,share,all,mi,unweighted,wb_nat,raw,gaussian,TRUE,0.004332726991137291,TRUE,TRUE,-0.19574211578996611,-0.19574211578996611
amelia_emb,mutil,other,no_GR_ES,fe_twoway,n_cell,clustered,-0.0013666318571354669,6.937143846908647e-4,-1.9700209297872207,209.52347279003902,250,0.011668952015945979,10,unemp,share,all,mi,unweighted,wb_nat,raw,gaussian,TRUE,0.05015333557033685,FALSE,TRUE,-0.1348556352677586,-0.1348556352677586
amelia_emb,mcomm,other,no_GR_ES,fe_twoway,n_cell,conventional,0.003984012777754043,7.754685511704698e-4,5.137555574292071,209.394046641769,250,0.012209986141714277,10,unemp,share,all,mi,unweighted,wb_nat,raw,gaussian,FALSE,6.359658253637464e-7,TRUE,TRUE,0.334576320681941,-0.334576320681941
amelia_emb,mcomm,other,no_GR_ES,fe_twoway,n_cell,clustered,0.003984012777754043,0.0014892795650230956,2.6751275390609814,209.89810684463222,250,0.01002818630194969,10,unemp,share,all,mi,unweighted,wb_nat,raw,gaussian,FALSE,0.008058978983721158,TRUE,TRUE,0.18157672596439217,-0.18157672596439217
amelia_emb,mlib,other,no_GR_ES,fe_twoway,n_cell,conventional,-0.0014831723255373025,6.456063321701735e-4,-2.2973323705665845,208.27855121320277,250,0.016450764273177158,10,unemp,share,all,mi,unweighted,wb_nat,raw,gaussian,FALSE,0.022593316791017847,TRUE,FALSE,-0.15720546919683992,0.15720546919683992
amelia_emb,mlib,other,no_GR_ES,fe_twoway,n_cell,clustered,-0.0014831723255373025,0.001104394085772866,-1.3429738031414424,209.51878849020403,250,0.011688748826399113,10,unemp,share,all,mi,unweighted,wb_nat,raw,gaussian,FALSE,0.18073345412529807,FALSE,FALSE,-0.09238358424544914,0.09238358424544914
amelia_emb,mpos,other,no_GR_ES,fe_twoway,n_cell,conventional,-0.0025731036736439746,0.00109213789080477,-2.3560245416885195,209.40868643606893,250,0.01214939525524619,10,unemp,share,all,mi,unweighted,wb_nat,raw,gaussian,TRUE,0.01939527509463852,TRUE,TRUE,-0.16069466178514782,-0.16069466178514782
amelia_emb,mpos,other,no_GR_ES,fe_twoway,n_cell,clustered,-0.0025731036736439746,0.001816447593391532,-1.4165581671638938,209.8430691999988,250,0.010276801216167671,10,unemp,share,all,mi,unweighted,wb_nat,raw,gaussian,TRUE,0.15809492705959705,FALSE,TRUE,-0.09732411860146262,-0.09732411860146262
amelia_emb,mneg,other,no_GR_ES,fe_twoway,n_cell,conventional,0.0024950722959983687,0.0010948837365515728,2.278846796881654,209.41033864259234,250,0.012142547601046057,10,unemp,share,all,mi,unweighted,wb_nat,raw,gaussian,FALSE,0.02368452475080044,TRUE,TRUE,0.15555957493915942,-0.15555957493915942
amelia_emb,mneg,other,no_GR_ES,fe_twoway,n_cell,clustered,0.0024950722959983687,0.0018253050976762078,1.3669343821889504,209.84472571105374,250,0.010269358951921874,10,unemp,share,all,mi,unweighted,wb_nat,raw,gaussian,FALSE,0.17310847493793627,FALSE,TRUE,0.09394499830000932,-0.09394499830000932
amelia_emb,mcosmo,other,no_GR_ES,fe_twoway,n_eff,conventional,-0.0012469820603935615,0.0010674023363599966,-1.168239957808186,209.3889703091033,250,0.012230960642212312,10,unemp,share,all,mi,unweighted,wb_nat,raw,gaussian,TRUE,0.24403840043480393,FALSE,TRUE,-0.08047192604475913,-0.08047192604475913
amelia_emb,mcosmo,other,no_GR_ES,fe_twoway,n_eff,clustered,-0.0012469820603935615,0.0016161027901231504,-0.7715982349727513,209.78603158494838,250,0.010531557332012047,10,unemp,share,all,mi,unweighted,wb_nat,raw,gaussian,TRUE,0.44122067787613106,FALSE,TRUE,-0.05319705126512971,-0.05319705126512971
amelia_emb,mutil,other,no_GR_ES,fe_twoway,n_eff,conventional,-0.0012940266725741574,4.724874885594363e-4,-2.7387533086209457,208.75083406777523,250,0.014737188515668118,10,unemp,share,all,mi,unweighted,wb_nat,raw,gaussian,TRUE,0.006700391876725519,TRUE,TRUE,-0.18624012169868595,-0.18624012169868595
amelia_emb,mutil,other,no_GR_ES,fe_twoway,n_eff,clustered,-0.0012940266725741574,6.823891564597602e-4,-1.896317754062179,209.47732262649492,250,0.011863276756434258,10,unemp,share,all,mi,unweighted,wb_nat,raw,gaussian,TRUE,0.059294248679381295,FALSE,TRUE,-0.1299111868834717,-0.1299111868834717
amelia_emb,mcomm,other,no_GR_ES,fe_twoway,n_eff,conventional,0.0038312169868980773,7.741345688535678e-4,4.949032301414737,209.42795628435803,250,0.012069409423367258,10,unemp,share,all,mi,unweighted,wb_nat,raw,gaussian,FALSE,1.5309947078537722e-6,TRUE,TRUE,0.3235830741379584,-0.3235830741379584
amelia_emb,mcomm,other,no_GR_ES,fe_twoway,n_eff,clustered,0.0038312169868980773,0.001499618119570956,2.5547950754250666,209.90940090460288,250,0.009976821374336108,10,unemp,share,all,mi,unweighted,wb_nat,raw,gaussian,FALSE,0.011333221405514324,TRUE,TRUE,0.17365645885979752,-0.17365645885979752
amelia_emb,mlib,other,no_GR_ES,fe_twoway,n_eff,conventional,-0.0014117327563663825,6.40886767028067e-4,-2.202780317828839,208.23377673126663,250,0.016607925030795036,10,unemp,share,all,mi,unweighted,wb_nat,raw,gaussian,FALSE,0.02870715125058692,TRUE,FALSE,-0.1509015534559145,0.1509015534559145
amelia_emb,mlib,other,no_GR_ES,fe_twoway,n_eff,clustered,-0.0014117327563663825,0.0010673651337516632,-1.3226333817035107,209.47300926940142,250,0.011881358330269053,10,unemp,share,all,mi,unweighted,wb_nat,raw,gaussian,FALSE,0.18739949611650447,FALSE,FALSE,-0.09100589511793206,0.09100589511793206
amelia_emb,mpos,other,no_GR_ES,fe_twoway,n_eff,conventional,-0.0024943626635460605,0.0010908531261643348,-2.2866164139958562,209.3979255174563,250,0.012193947082994577,10,unemp,share,all,mi,unweighted,wb_nat,raw,gaussian,TRUE,0.023218126303283574,TRUE,TRUE,-0.1560815626072212,-0.1560815626072212
amelia_emb,mpos,other,no_GR_ES,fe_twoway,n_eff,clustered,-0.0024943626635460605,0.001835782944794456,-1.3587459621079236,209.84505577355975,250,0.01026787577170278,10,unemp,share,all,mi,unweighted,wb_nat,raw,gaussian,TRUE,0.17568580194152753,FALSE,TRUE,-0.09338708436519552,-0.09338708436519552
amelia_emb,mneg,other,no_GR_ES,fe_twoway,n_eff,conventional,0.002413733613232057,0.0010933677445780028,2.207613701064196,209.38409422532442,250,0.012251090694999469,10,unemp,share,all,mi,unweighted,wb_nat,raw,gaussian,FALSE,0.028356903334234983,TRUE,TRUE,0.15081860158964427,-0.15081860158964427
amelia_emb,mneg,other,no_GR_ES,fe_twoway,n_eff,clustered,0.002413733613232057,0.0018444041320058184,1.3086793568430601,209.84169815289263,250,0.010282959087570882,10,unemp,share,all,mi,unweighted,wb_nat,raw,gaussian,FALSE,0.19207443831507234,FALSE,TRUE,0.08997508849296398,-0.08997508849296398
amelia_emb,mcosmo,other,no_GR_ES,fe_twoway,pop,conventional,-0.003724310673658315,8.481592065225869e-4,-4.39105140287024,207.5809777679131,250,0.018809124039459838,10,unemp,share,all,mi,unweighted,wb_nat,raw,gaussian,TRUE,1.796530857147976e-5,TRUE,TRUE,-0.2915327477579437,-0.2915327477579437
amelia_emb,mcosmo,other,no_GR_ES,fe_twoway,pop,clustered,-0.003724310673658315,0.0015525670768262723,-2.3988082249376816,209.42556109381002,250,0.012079365887375976,10,unemp,share,all,mi,unweighted,wb_nat,raw,gaussian,TRUE,0.017325079352029437,TRUE,TRUE,-0.16352898348138165,-0.16352898348138165
amelia_emb,mutil,other,no_GR_ES,fe_twoway,pop,conventional,-0.0010784983841329884,4.3606601327532993e-4,-2.473245681387304,205.2089311899044,250,0.025756797194459197,10,unemp,share,all,mi,unweighted,wb_nat,raw,gaussian,TRUE,0.014201541702027204,TRUE,TRUE,-0.17013392490716273,-0.17013392490716273
amelia_emb,mutil,other,no_GR_ES,fe_twoway,pop,clustered,-0.0010784983841329884,7.234771490919141e-4,-1.4907152015605274,208.61922076080893,250,0.015225501126875336,10,unemp,share,all,mi,unweighted,wb_nat,raw,gaussian,TRUE,0.1375467099380018,FALSE,TRUE,-0.10266364521140771,-0.10266364521140771
amelia_emb,mcomm,other,no_GR_ES,fe_twoway,pop,conventional,0.005328681438029656,7.105016998394906e-4,7.49988555866011,208.5216361459222,250,0.01558200707536612,10,unemp,share,all,mi,unweighted,wb_nat,raw,gaussian,FALSE,1.8080479851874456e-12,TRUE,TRUE,0.4609144404466493,-0.4609144404466493
amelia_emb,mcomm,other,no_GR_ES,fe_twoway,pop,clustered,0.005328681438029656,0.0020618452624400845,2.584423542881896,209.91035950907275,250,0.009972456153915428,10,unemp,share,all,mi,unweighted,wb_nat,raw,gaussian,FALSE,0.010432102457969314,TRUE,TRUE,0.17560823762629782,-0.17560823762629782
amelia_emb,mlib,other,no_GR_ES,fe_twoway,pop,conventional,-7.035416872305027e-4,5.637473260647944e-4,-1.247973435442319,207.8969890227319,250,0.017763691136278487,10,unemp,share,all,mi,unweighted,wb_nat,raw,gaussian,FALSE,0.2134445331195114,FALSE,FALSE,-0.08623043347656217,0.08623043347656217
amelia_emb,mlib,other,no_GR_ES,fe_twoway,pop,clustered,-7.035416872305027e-4,0.001450385374482169,-0.4850722432868493,209.79136193614104,250,0.010507871621655897,10,unemp,share,all,mi,unweighted,wb_nat,raw,gaussian,FALSE,0.6281312264459685,FALSE,FALSE,-0.033471040579479916,0.033471040579479916
amelia_emb,mpos,other,no_GR_ES,fe_twoway,pop,conventional,-0.004729529800187065,8.447378803544329e-4,-5.5988134428192815,207.70726048797883,250,0.01839562012358441,10,unemp,share,all,mi,unweighted,wb_nat,raw,gaussian,TRUE,6.782450124837946e-8,TRUE,TRUE,-0.36211624995874153,-0.36211624995874153
amelia_emb,mpos,other,no_GR_ES,fe_twoway,pop,clustered,-0.004729529800187065,0.0012523986928565038,-3.7763771450446257,209.10098968838585,250,0.013392542163612107,10,unemp,share,all,mi,unweighted,wb_nat,raw,gaussian,TRUE,2.0738247361121428e-4,TRUE,TRUE,-0.2526799033525615,-0.2526799033525615
amelia_emb,mneg,other,no_GR_ES,fe_twoway,pop,conventional,0.004607721369216512,8.545470662388958e-4,5.392004198781469,207.74989999357257,250,0.018254738428079845,10,unemp,share,all,mi,unweighted,wb_nat,raw,gaussian,FALSE,1.8860442456283665e-7,TRUE,TRUE,0.3503787217489944,-0.3503787217489944
amelia_emb,mneg,other,no_GR_ES,fe_twoway,pop,clustered,0.004607721369216512,0.0012849161721648489,3.5860093203226975,209.1460753296132,250,0.013214213094557076,10,unemp,share,all,mi,unweighted,wb_nat,raw,gaussian,FALSE,4.1799869770351187e-4,TRUE,TRUE,0.2406741849400791,-0.2406741849400791
amelia_emb,mcosmo,other,no_GR_ES,fe_country,none,conventional,-0.005620048517623772,0.001052380523829136,-5.3403197706234256,218.22052845450483,250,0.012388006867075379,10,unemp,share,all,mi,unweighted,wb_nat,raw,gaussian,TRUE,2.3242917674082065e-7,TRUE,TRUE,-0.3399757058323782,-0.3399757058323782
amelia_emb,mcosmo,other,no_GR_ES,fe_country,none,clustered,-0.005620048517623772,0.0018223324680698022,-3.0839863834377463,218.80217882151746,250,0.010029615542784335,10,unemp,share,all,mi,unweighted,wb_nat,raw,gaussian,TRUE,0.002305484271283898,TRUE,TRUE,-0.20410187202166782,-0.20410187202166782
amelia_emb,mutil,other,no_GR_ES,fe_country,none,conventional,-0.002845960584995294,5.535090334456845e-4,-5.1416696260198735,218.58358091823374,250,0.010945002980280427,10,unemp,share,all,mi,unweighted,wb_nat,raw,gaussian,TRUE,6.038804634543146e-7,TRUE,TRUE,-0.3284755830965227,-0.3284755830965227
amelia_emb,mutil,other,no_GR_ES,fe_country,none,clustered,-0.002845960584995294,7.335074375343654e-4,-3.8799341892998305,218.79910255954138,250,0.010042767135624521,10,unemp,share,all,mi,unweighted,wb_nat,raw,gaussian,TRUE,1.3827050518934897e-4,TRUE,TRUE,-0.2537189432966535,-0.2537189432966535
amelia_emb,mcomm,other,no_GR_ES,fe_country,none,conventional,0.005654876426625027,7.47532793183775e-4,7.564720207846213,218.541566521709,250,0.01111669955628422,10,unemp,share,all,mi,unweighted,wb_nat,raw,gaussian,FALSE,1.068458959624751e-12,TRUE,TRUE,0.45553533513992855,-0.45553533513992855
amelia_emb,mcomm,other,no_GR_ES,fe_country,none,clustered,0.005654876426625027,0.001750632915805728,3.2301897077162933,218.9782660870658,250,0.009262937128928825,10,unemp,share,all,mi,unweighted,wb_nat,raw,gaussian,FALSE,0.0014274393636450838,TRUE,TRUE,0.2132650028244451,-0.2132650028244451
amelia_emb,mlib,other,no_GR_ES,fe_country,none,conventional,0.0027191230816695604,8.083475224968835e-4,3.3638045592946613,218.40238093703016,250,0.0116764236180067,10,unemp,share,all,mi,unweighted,wb_nat,raw,gaussian,FALSE,9.078345058193531e-4,TRUE,TRUE,0.221939015698506,-0.221939015698506
amelia_emb,mlib,other,no_GR_ES,fe_country,none,clustered,0.0027191230816695604,0.0012515549158099444,2.172595902361886,218.8023704581758,250,0.010028795994727146,10,unemp,share,all,mi,unweighted,wb_nat,raw,gaussian,FALSE,0.030885071017941575,TRUE,TRUE,0.14531762482461752,-0.14531762482461752
amelia_emb,mpos,other,no_GR_ES,fe_country,none,conventional,-0.008404983542215938,0.0011764930898686922,-7.1440993700643105,218.25115600153634,250,0.012269651123405287,10,unemp,share,all,mi,unweighted,wb_nat,raw,gaussian,TRUE,1.3365513718317275e-11,TRUE,TRUE,-0.4353493781659623,-0.4353493781659623
amelia_emb,mpos,other,no_GR_ES,fe_country,none,clustered,-0.008404983542215938,0.002220116723299151,-3.785829571035308,218.8532743970673,250,0.009809986238904955,10,unemp,share,all,mi,unweighted,wb_nat,raw,gaussian,TRUE,1.978688129084489e-4,TRUE,TRUE,-0.24791912344997186,-0.24791912344997186
amelia_emb,mneg,other,no_GR_ES,fe_country,none,conventional,0.008355222579807958,0.0011834144636826277,7.060267417898224,218.37754195496183,250,0.011774898334607929,10,unemp,share,all,mi,unweighted,wb_nat,raw,gaussian,FALSE,2.1849003556110773e-11,TRUE,TRUE,0.43109361483663516,-0.43109361483663516
amelia_emb,mneg,other,no_GR_ES,fe_country,none,clustered,0.008355222579807958,0.0022425737529470297,3.7257292291181607,218.88690609870446,250,0.00966418066943766,10,unemp,share,all,mi,unweighted,wb_nat,raw,gaussian,FALSE,2.4787923694405905e-4,TRUE,TRUE,0.24420226325592942,-0.24420226325592942
amelia_emb,mcosmo,other,no_GR_ES,fe_country,n_cell,conventional,-0.004062030866518744,9.755076076910852e-4,-4.164017619640206,218.21138570512883,250,0.012423224465434134,10,unemp,share,all,mi,unweighted,wb_nat,raw,gaussian,TRUE,4.502933650171169e-5,TRUE,TRUE,-0.2713130035743337,-0.2713130035743337
amelia_emb,mcosmo,other,no_GR_ES,fe_country,n_cell,clustered,-0.004062030866518744,0.0015704643156482317,-2.586515864158354,218.75547786025896,250,0.010228414593772179,10,unemp,share,all,mi,unweighted,wb_nat,raw,gaussian,TRUE,0.01034327829079206,TRUE,TRUE,-0.17226391787035786,-0.17226391787035786
amelia_emb,mutil,other,no_GR_ES,fe_country,n_cell,conventional,-0.002940047627558166,5.11238587857482e-4,-5.750832776296149,218.4069836309382,250,0.011658130219834766,10,unemp,share,all,mi,unweighted,wb_nat,raw,gaussian,TRUE,2.9720445190374603e-8,TRUE,TRUE,-0.36264343857785625,-0.36264343857785625
amelia_emb,mutil,other,no_GR_ES,fe_country,n_cell,clustered,-0.002940047627558166,6.928290487650642e-4,-4.243539777667615,218.7198613727755,250,0.010378815469322369,10,unemp,share,all,mi,unweighted,wb_nat,raw,gaussian,TRUE,3.2505113081366057e-05,TRUE,TRUE,-0.2758061396655462,-0.2758061396655462
amelia_emb,mcomm,other,no_GR_ES,fe_country,n_cell,conventional,0.004813742115328095,6.673109856589278e-4,7.2136413438103775,218.39971636370367,250,0.011687007373866699,10,unemp,share,all,mi,unweighted,wb_nat,raw,gaussian,FALSE,8.843384657610507e-12,TRUE,TRUE,0.4386539280036879,-0.4386539280036879
amelia_emb,mcomm,other,no_GR_ES,fe_country,n_cell,clustered,0.004813742115328095,0.0013182668409927874,3.651568836930514,218.90698961637534,250,0.009576630639291423,10,unemp,share,all,mi,unweighted,wb_nat,raw,gaussian,FALSE,3.2609059806970386e-4,TRUE,TRUE,0.23961284597802038,-0.23961284597802038
amelia_emb,mlib,other,no_GR_ES,fe_country,n_cell,conventional,0.0020952896306400412,8.173338989348768e-4,2.563566289579516,218.34124088221245,250,0.01191807120801708,10,unemp,share,all,mi,unweighted,wb_nat,raw,gaussian,FALSE,0.011032123433340792,TRUE,TRUE,0.17093742746936394,-0.17093742746936394
amelia_emb,mlib,other,no_GR_ES,fe_country,n_cell,clustered,0.0020952896306400412,0.0015499660680286461,1.3518293554032283,218.87801594831728,250,0.009702820115155336,10,unemp,share,all,mi,unweighted,wb_nat,raw,gaussian,FALSE,0.17782520431563684,FALSE,TRUE,0.09099454041550638,-0.09099454041550638
amelia_emb,mpos,other,no_GR_ES,fe_country,n_cell,conventional,-0.006936941126129746,0.0010988537254417873,-6.312888572444701,218.19103947433712,250,0.012501412499673735,10,unemp,share,all,mi,unweighted,wb_nat,raw,gaussian,TRUE,1.5106233631862982e-9,TRUE,TRUE,-0.39299006952623783,-0.39299006952623783
amelia_emb,mpos,other,no_GR_ES,fe_country,n_cell,clustered,-0.006936941126129746,0.001961901828275892,-3.5358247931426257,218.81022638587214,250,0.009995172672806632,10,unemp,share,all,mi,unweighted,wb_nat,raw,gaussian,TRUE,4.960859280855492e-4,TRUE,TRUE,-0.23248310048607632,-0.23248310048607632
amelia_emb,mneg,other,no_GR_ES,fe_country,n_cell,conventional,0.006889558046248899,0.0011054326458812926,6.2324539373055,218.32751610903634,250,0.011971975144635438,10,unemp,share,all,mi,unweighted,wb_nat,raw,gaussian,FALSE,2.3381257248693377e-9,TRUE,TRUE,0.3886405232142185,-0.3886405232142185
amelia_emb,mneg,other,no_GR_ES,fe_country,n_cell,clustered,0.006889558046248899,0.001977380120735907,3.4841849445137862,218.84970788586045,250,0.00982538992324504,10,unemp,share,all,mi,unweighted,wb_nat,raw,gaussian,FALSE,5.961471111724421e-4,TRUE,TRUE,0.22924787197562643,-0.22924787197562643
amelia_emb,mcosmo,other,no_GR_ES,fe_country,n_eff,conventional,-0.004080208456163403,9.708745952527849e-4,-4.202611208609333,218.1988838303886,250,0.012471297754578477,10,unemp,share,all,mi,unweighted,wb_nat,raw,gaussian,TRUE,3.8480996508083134e-5,TRUE,TRUE,-0.2736473885722783,-0.2736473885722783
amelia_emb,mcosmo,other,no_GR_ES,fe_country,n_eff,clustered,-0.004080208456163403,0.0016002164640025647,-2.5497853246414692,218.76624800619663,250,0.010182729274068731,10,unemp,share,all,mi,unweighted,wb_nat,raw,gaussian,TRUE,0.011463054823715785,TRUE,TRUE,-0.16988467350188863,-0.16988467350188863
amelia_emb,mutil,other,no_GR_ES,fe_country,n_eff,conventional,-0.002933149193767894,5.093854838033658e-4,-5.758211191782127,218.35428787110817,250,0.011866714179076941,10,unemp,share,all,mi,unweighted,wb_nat,raw,gaussian,TRUE,2.8622321021846382e-8,TRUE,TRUE,-0.36308545537231324,-0.36308545537231324
amelia_emb,mutil,other,no_GR_ES,fe_country,n_eff,clustered,-0.002933149193767894,6.88471662752423e-4,-4.260377517996213,218.69069574359906,250,0.010501210672727758,10,unemp,share,all,mi,unweighted,wb_nat,raw,gaussian,TRUE,3.0326158731326735e-5,TRUE,TRUE,-0.2768338365152139,-0.2768338365152139
amelia_emb,mcomm,other,no_GR_ES,fe_country,n_eff,conventional,0.004739657665066569,6.634864888799922e-4,7.1435631991051025,218.372798936611,250,0.011793654880704873,10,unemp,share,all,mi,unweighted,wb_nat,raw,gaussian,FALSE,1.3390365825862136e-11,TRUE,TRUE,0.43522460561998844,-0.43522460561998844
amelia_emb,mcomm,other,no_GR_ES,fe_country,n_eff,clustered,0.004739657665066569,0.0013306840158165993,3.5618205439688766,218.90587884681796,250,0.00958148230756802,10,unemp,share,all,mi,unweighted,wb_nat,raw,gaussian,FALSE,4.5185456404356426e-4,TRUE,TRUE,0.23405064439383452,-0.23405064439383452
amelia_emb,mlib,other,no_GR_ES,fe_country,n_eff,conventional,0.0021817443922050525,7.99575870102754e-4,2.7286271056737554,218.29764061409017,250,0.012088885803560613,10,unemp,share,all,mi,unweighted,wb_nat,raw,gaussian,FALSE,0.006878025328626729,TRUE,TRUE,0.18160884573504066,-0.18160884573504066
amelia_emb,mlib,other,no_GR_ES,fe_country,n_eff,clustered,0.0021817443922050525,0.0014573729497588642,1.4970391707668529,218.84988596859154,250,0.0098246210515616,10,unemp,share,all,mi,unweighted,wb_nat,raw,gaussian,FALSE,0.13582388312306873,FALSE,TRUE,0.10068102307040964,-0.10068102307040964
amelia_emb,mpos,other,no_GR_ES,fe_country,n_eff,conventional,-0.006947746030885327,0.0010898601235600376,-6.374896998883171,218.1705810215545,250,0.01257977639515155,10,unemp,share,all,mi,unweighted,wb_nat,raw,gaussian,TRUE,1.0754445455993346e-9,TRUE,TRUE,-0.39626228154385473,-0.39626228154385473
amelia_emb,mpos,other,no_GR_ES,fe_country,n_eff,clustered,-0.006947746030885327,0.001985355473211497,-3.4994972560992825,218.81525027758104,250,0.00997364286611303,10,unemp,share,all,mi,unweighted,wb_nat,raw,gaussian,TRUE,5.646705461722339e-4,TRUE,TRUE,-0.2302192558302464,-0.2302192558302464
amelia_emb,mneg,other,no_GR_ES,fe_country,n_eff,conventional,0.006901704728092472,0.001096323409301114,6.295318214989299,218.3057538333507,250,0.012057193926213839,10,unemp,share,all,mi,unweighted,wb_nat,raw,gaussian,FALSE,1.6613970027655952e-9,TRUE,TRUE,0.3919774165815672,-0.3919774165815672
amelia_emb,mneg,other,no_GR_ES,fe_country,n_eff,clustered,0.006901704728092472,0.0020007123556676472,3.4496236845547648,218.85264488273384,250,0.009812705906231825,10,unemp,share,all,mi,unweighted,wb_nat,raw,gaussian,FALSE,6.733791354230429e-4,TRUE,TRUE,0.22709023928505204,-0.22709023928505204
amelia_emb,mcosmo,other,no_GR_ES,fe_country,pop,conventional,-0.005189528222583735,0.0010472638307299914,-4.955320780023878,217.81625397144086,250,0.013898765886877022,10,unemp,share,all,mi,unweighted,wb_nat,raw,gaussian,TRUE,1.4492431256481237e-6,TRUE,TRUE,-0.31829589368764905,-0.31829589368764905
amelia_emb,mcosmo,other,no_GR_ES,fe_country,pop,clustered,-0.005189528222583735,0.003214796733699426,-1.614263249736442,218.95056999150432,250,0.009385389299052237,10,unemp,share,all,mi,unweighted,wb_nat,raw,gaussian,TRUE,0.1079105282103499,FALSE,TRUE,-0.10845065874356213,-0.10845065874356213
amelia_emb,mutil,other,no_GR_ES,fe_country,pop,conventional,-0.0016256783973038805,4.88234557784119e-4,-3.329707763174562,215.77918376140596,250,0.020448179045650116,10,unemp,share,all,mi,unweighted,wb_nat,raw,gaussian,TRUE,0.0010223743326790195,TRUE,TRUE,-0.2210656574128064,-0.2210656574128064
amelia_emb,mutil,other,no_GR_ES,fe_country,pop,clustered,-0.0016256783973038805,9.622290484641503e-4,-1.6894921223784363,218.36216006131832,250,0.011835672198729769,10,unemp,share,all,mi,unweighted,wb_nat,raw,gaussian,TRUE,0.0925523775144066,FALSE,TRUE,-0.11359190156395454,-0.11359190156395454
amelia_emb,mcomm,other,no_GR_ES,fe_country,pop,conventional,0.0063493725903243274,6.645666006444129e-4,9.554155421243719,217.93528961484125,250,0.013463403334214426,10,unemp,share,all,mi,unweighted,wb_nat,raw,gaussian,FALSE,2.7321850205447687e-18,TRUE,TRUE,0.5433260118483754,-0.5433260118483754
amelia_emb,mcomm,other,no_GR_ES,fe_country,pop,clustered,0.0063493725903243274,0.0019643324789609166,3.232330910540658,218.95232524262815,250,0.009377650148986531,10,unemp,share,all,mi,unweighted,wb_nat,raw,gaussian,FALSE,0.0014172970385203845,TRUE,TRUE,0.21341199989782642,-0.21341199989782642
amelia_emb,mlib,other,no_GR_ES,fe_country,pop,conventional,2.8279916773216613e-4,0.0010597702734649092,0.26684950013511594,218.78534534241376,250,0.010101483895440713,10,unemp,share,all,mi,unweighted,wb_nat,raw,gaussian,FALSE,0.7898363886045381,FALSE,TRUE,0.018037926594741304,-0.018037926594741304
amelia_emb,mlib,other,no_GR_ES,fe_country,pop,clustered,2.8279916773216613e-4,0.004432909609240572,0.06379538331723712,219.05471873485226,250,0.008921109971279054,10,unemp,share,all,mi,unweighted,wb_nat,raw,gaussian,FALSE,0.9491913307588881,FALSE,TRUE,0.004310314013929396,-0.004310314013929396
amelia_emb,mpos,other,no_GR_ES,fe_country,pop,conventional,-0.006732506307260176,0.0012213472740157543,-5.512360366698892,218.34217578382615,250,0.011914394883007877,10,unemp,share,all,mi,unweighted,wb_nat,raw,gaussian,TRUE,9.942721476649952e-8,TRUE,TRUE,-0.34952239469001006,-0.34952239469001006
amelia_emb,mpos,other,no_GR_ES,fe_country,pop,clustered,-0.006732506307260176,0.003904397912728501,-1.7243391830817045,219.00378727418888,250,0.009149458322021936,10,unemp,share,all,mi,unweighted,wb_nat,raw,gaussian,TRUE,0.08605763840603232,FALSE,TRUE,-0.1157360292445068,-0.1157360292445068
amelia_emb,mneg,other,no_GR_ES,fe_country,pop,conventional,0.006608898409923212,0.001238080318824792,5.338020732125438,218.49412681728023,250,0.011309015571289202,10,unemp,share,all,mi,unweighted,wb_nat,raw,gaussian,FALSE,2.3480090324409772e-7,TRUE,TRUE,0.33965796937615234,-0.33965796937615234
amelia_emb,mneg,other,no_GR_ES,fe_country,pop,clustered,0.006608898409923212,0.003971593528810561,1.664041992711799,219.01742493639478,250,0.009088562788302534,10,unemp,share,all,mi,unweighted,wb_nat,raw,gaussian,FALSE,0.09753409637040995,FALSE,TRUE,0.1117369381366972,-0.1117369381366972
amelia_emb,mcosmo,other,no_GR_ES,re,none,conventional,-0.004714091191363661,0.0010580728685950223,-4.4553558939880364,242.1373217686785,250,0.011456118384183298,10,unemp,share,all,mi,unweighted,wb_nat,raw,gaussian,TRUE,1.2805034416306524e-5,TRUE,TRUE,-0.2752593633374886,-0.2752593633374886
amelia_emb,mcosmo,other,no_GR_ES,re,none,clustered,-0.004714091191363661,0.0017633540065033408,-2.6733663087376947,242.74858513956858,250,0.009244344833045193,10,unemp,share,all,mi,unweighted,wb_nat,raw,gaussian,TRUE,0.00801892850771443,TRUE,TRUE,-0.16911388889126464,-0.16911388889126464
amelia_emb,mutil,other,no_GR_ES,re,none,conventional,-0.0026778394472181753,5.502596737584908e-4,-4.866501353674483,242.55580102216285,250,0.00996787657403675,10,unemp,share,all,mi,unweighted,wb_nat,raw,gaussian,TRUE,2.04677457238102e-6,TRUE,TRUE,-0.29825058785092007,-0.29825058785092007
amelia_emb,mutil,other,no_GR_ES,re,none,clustered,-0.0026778394472181753,6.848355721666601e-4,-3.9101932727386157,242.7417485343588,250,0.009270458862683068,10,unemp,share,all,mi,unweighted,wb_nat,raw,gaussian,TRUE,1.1972309754577897e-4,TRUE,TRUE,-0.2434232062974455,-0.2434232062974455
amelia_emb,mcomm,other,no_GR_ES,re,none,conventional,0.005170274327508556,7.634768819608529e-4,6.7720116347591786,242.49341752089097,250,0.010196557398330646,10,unemp,share,all,mi,unweighted,wb_nat,raw,gaussian,FALSE,9.519718762811715e-11,TRUE,TRUE,0.3987998970070574,-0.3987998970070574
amelia_emb,mcomm,other,no_GR_ES,re,none,clustered,0.005170274327508556,0.0016761347834771977,3.0846411508641616,242.9507554431164,250,0.008455739279287174,10,unemp,share,all,mi,unweighted,wb_nat,raw,gaussian,FALSE,0.002273740276181303,TRUE,TRUE,0.19413480295402183,-0.19413480295402183
amelia_emb,mlib,other,no_GR_ES,re,none,conventional,0.002506221602002443,7.998299616057518e-4,3.1334430095253136,242.34891236252608,250,0.010716755926317273,10,unemp,share,all,mi,unweighted,wb_nat,raw,gaussian,FALSE,0.0019404654698088866,TRUE,TRUE,0.19732283629975708,-0.19732283629975708
amelia_emb,mlib,other,no_GR_ES,re,none,clustered,0.002506221602002443,0.0011803752030252713,2.123241487604163,242.74778572257614,250,0.009247400189913626,10,unemp,share,all,mi,unweighted,wb_nat,raw,gaussian,FALSE,0.03474572585381039,TRUE,TRUE,0.13502868076685517,-0.13502868076685517
amelia_emb,mpos,other,no_GR_ES,re,none,conventional,-0.007656658319088025,0.0011933764947974382,-6.415962064333816,242.2511518164069,250,0.011061527420092665,10,unemp,share,all,mi,unweighted,wb_nat,raw,gaussian,TRUE,7.289861639212432e-10,TRUE,TRUE,-0.381109538923036,-0.381109538923036
amelia_emb,mpos,other,no_GR_ES,re,none,clustered,-0.007656658319088025,0.002148527039929134,-3.5636778950385324,242.82642680819276,250,0.00894452066673585,10,unemp,share,all,mi,unweighted,wb_nat,raw,gaussian,TRUE,4.4016294617129725e-4,TRUE,TRUE,-0.22293625535997488,-0.22293625535997488
amelia_emb,mneg,other,no_GR_ES,re,none,conventional,0.007605011848031598,0.0011999816749891869,6.337606653951718,242.38011717659495,250,0.010605514247052573,10,unemp,share,all,mi,unweighted,wb_nat,raw,gaussian,FALSE,1.1285833476459698e-9,TRUE,TRUE,0.3770345763561715,-0.3770345763561715
amelia_emb,mneg,other,no_GR_ES,re,none,clustered,0.007605011848031598,0.0021698071389663195,3.5049252587741835,242.86431379197526,250,0.008796893735249969,10,unemp,share,all,mi,unweighted,wb_nat,raw,gaussian,FALSE,5.437340230015292e-4,TRUE,TRUE,0.21942291662994817,-0.21942291662994817
amelia_emb,mcosmo,other,no_GR_ES,pooled_cl,none,conventional,0.002780189386639971,0.0013643700601801184,2.0377091727393535,242.65269019616758,250,0.009607520084693287,10,unemp,share,all,mi,unweighted,wb_nat,raw,gaussian,TRUE,0.04266391654906913,TRUE,FALSE,0.12970755368907028,0.12970755368907028
amelia_emb,mcosmo,other,no_GR_ES,pooled_cl,none,clustered,0.002780189386639971,0.002869520513809901,0.9688689707078192,242.97388175331977,250,0.00836341437457547,10,unemp,share,all,mi,unweighted,wb_nat,raw,gaussian,TRUE,0.3335740037267583,FALSE,FALSE,0.062036593103370306,0.062036593103370306
amelia_emb,mutil,other,no_GR_ES,pooled_cl,none,conventional,4.5892348487795167e-4,8.766438625166891e-4,0.5235004823514805,242.917814011977,250,0.008586471578625233,10,unemp,share,all,mi,unweighted,wb_nat,raw,gaussian,TRUE,0.6011032498577091,FALSE,FALSE,0.033569321464305156,0.033569321464305156
amelia_emb,mutil,other,no_GR_ES,pooled_cl,none,clustered,4.5892348487795167e-4,9.447489097165643e-4,0.4857623863420325,242.93837870385872,250,0.00850496417133766,10,unemp,share,all,mi,unweighted,wb_nat,raw,gaussian,TRUE,0.6275734707675709,FALSE,FALSE,0.031150498932764645,0.031150498932764645
amelia_emb,mcomm,other,no_GR_ES,pooled_cl,none,conventional,-0.0015008398430129705,0.00121727752720094,-1.2329479592579564,242.81178090713922,250,0.009001286993943494,10,unemp,share,all,mi,unweighted,wb_nat,raw,gaussian,FALSE,0.21878753112578506,FALSE,FALSE,-0.07887776984488397,0.07887776984488397
amelia_emb,mcomm,other,no_GR_ES,pooled_cl,none,clustered,-0.0015008398430129705,0.0024571975429572373,-0.61079331912676,243.0031955277315,250,0.00824572969349608,10,unemp,share,all,mi,unweighted,wb_nat,raw,gaussian,FALSE,0.541907283406255,FALSE,FALSE,-0.03915210962613247,0.03915210962613247
amelia_emb,mlib,other,no_GR_ES,pooled_cl,none,conventional,-0.0015320394753257653,0.0012438417305015291,-1.2316996911721494,242.93678053716556,250,0.008511311058695988,10,unemp,share,all,mi,unweighted,wb_nat,raw,gaussian,FALSE,0.21925219325811163,FALSE,FALSE,-0.07877825901290687,0.07877825901290687
amelia_emb,mlib,other,no_GR_ES,pooled_cl,none,clustered,-0.0015320394753257653,0.0016806316947523831,-0.9115854949715733,242.99466028079166,250,0.008280072412909843,10,unemp,share,all,mi,unweighted,wb_nat,raw,gaussian,FALSE,0.36289040501071834,FALSE,FALSE,-0.05837914258762487,0.05837914258762487
amelia_emb,mpos,other,no_GR_ES,pooled_cl,none,conventional,0.003188234494457585,0.0018651062131067543,1.7094117600663947,242.89602781059003,250,0.008672439754725017,10,unemp,share,all,mi,unweighted,wb_nat,raw,gaussian,TRUE,0.08865187232407234,FALSE,FALSE,0.10902842644289269,0.10902842644289269
amelia_emb,mpos,other,no_GR_ES,pooled_cl,none,clustered,0.003188234494457585,0.00335695925592938,0.9497388116421795,243.01266050808715,250,0.008207571812900077,10,unemp,share,all,mi,unweighted,wb_nat,raw,gaussian,TRUE,0.34318853970356666,FALSE,FALSE,0.06081143201250824,0.06081143201250824
amelia_emb,mneg,other,no_GR_ES,pooled_cl,none,conventional,-0.00303062129413932,0.0018639390779573368,-1.6259229338442396,242.91249027788606,250,0.008607514951476887,10,unemp,share,all,mi,unweighted,wb_nat,raw,gaussian,FALSE,0.10526265243292972,FALSE,FALSE,-0.10375871377165952,0.10375871377165952
amelia_emb,mneg,other,no_GR_ES,pooled_cl,none,clustered,-0.00303062129413932,0.0033608759845568754,-0.9017355320651325,243.01778999337418,250,0.008186859603505932,10,unemp,share,all,mi,unweighted,wb_nat,raw,gaussian,FALSE,0.3680901984177414,FALSE,FALSE,-0.057747714014864934,0.057747714014864934
amelia_emb,mcosmo,other,no_GR_ES,pooled_cl,n_cell,conventional,0.004263793398231479,0.0013561036953005283,3.144149973934385,242.76248579254352,250,0.009191140500436706,10,unemp,share,all,mi,unweighted,wb_nat,raw,gaussian,TRUE,0.0018731852585721672,TRUE,FALSE,0.1978086046455409,0.1978086046455409
amelia_emb,mcosmo,other,no_GR_ES,pooled_cl,n_cell,clustered,0.004263793398231479,0.0028444284571919674,1.498998291713308,242.99698025410308,250,0.008270743949849389,10,unemp,share,all,mi,unweighted,wb_nat,raw,gaussian,TRUE,0.13517207672602277,FALSE,FALSE,0.0957198399034018,0.0957198399034018
amelia_emb,mutil,other,no_GR_ES,pooled_cl,n_cell,conventional,4.971307217463704e-4,8.676079680521058e-4,0.5729900370353841,242.86817275307237,250,0.0087817934002831,10,unemp,share,all,mi,unweighted,wb_nat,raw,gaussian,TRUE,0.5671815516360641,FALSE,FALSE,0.036742475992128765,0.036742475992128765
amelia_emb,mutil,other,no_GR_ES,pooled_cl,n_cell,clustered,4.971307217463704e-4,9.320794102283991e-4,0.5333566177849076,242.89477250674543,250,0.00867738134924693,10,unemp,share,all,mi,unweighted,wb_nat,raw,gaussian,TRUE,0.5942744335290986,FALSE,FALSE,0.0342022311749082,0.0342022311749082
amelia_emb,mcomm,other,no_GR_ES,pooled_cl,n_cell,conventional,-0.001858957489680069,0.0011637622396777,-1.5973687977665445,242.84398873300097,250,0.008876231296150082,10,unemp,share,all,mi,unweighted,wb_nat,raw,gaussian,FALSE,0.1114838927019305,FALSE,FALSE,-0.10196986223514634,0.10196986223514634
amelia_emb,mcomm,other,no_GR_ES,pooled_cl,n_cell,clustered,-0.001858957489680069,0.002549790965717431,-0.7290627014818906,243.01886111579458,250,0.008182531628274719,10,unemp,share,all,mi,unweighted,wb_nat,raw,gaussian,FALSE,0.4666653461650463,FALSE,FALSE,-0.04671651771471597,0.04671651771471597
amelia_emb,mlib,other,no_GR_ES,pooled_cl,n_cell,conventional,-0.0027336215312382364,0.0012424285197789892,-2.2002243893471713,242.90394908309793,250,0.00864122746094403,10,unemp,share,all,mi,unweighted,wb_nat,raw,gaussian,FALSE,0.028733014299281632,TRUE,FALSE,-0.1397862907771924,0.1397862907771924
amelia_emb,mlib,other,no_GR_ES,pooled_cl,n_cell,clustered,-0.0027336215312382364,0.0016635484225967433,-1.6432473465191622,242.97531657972834,250,0.008357671258923621,10,unemp,share,all,mi,unweighted,wb_nat,raw,gaussian,FALSE,0.10162514498974165,FALSE,FALSE,-0.104838777004433,0.104838777004433
amelia_emb,mpos,other,no_GR_ES,pooled_cl,n_cell,conventional,0.004714553834475592,0.0018628154726453416,2.5308753892732927,242.91655044015963,250,0.008591468272128176,10,unemp,share,all,mi,unweighted,wb_nat,raw,gaussian,TRUE,0.012010184847253934,TRUE,FALSE,0.16028414524801712,0.16028414524801712
amelia_emb,mpos,other,no_GR_ES,pooled_cl,n_cell,clustered,0.004714553834475592,0.003368581571314961,1.3995664746913687,243.01927120570113,250,0.008180874352412756,10,unemp,share,all,mi,unweighted,wb_nat,raw,gaussian,TRUE,0.16291835505314525,FALSE,FALSE,0.08941902650824576,0.08941902650824576
amelia_emb,mneg,other,no_GR_ES,pooled_cl,n_cell,conventional,-0.004582444099477245,0.0018636190875744244,-2.4588952377824596,242.9170872530834,250,0.008589345649353035,10,unemp,share,all,mi,unweighted,wb_nat,raw,gaussian,FALSE,0.014634931394180279,TRUE,FALSE,-0.15583765370790953,0.15583765370790953
amelia_emb,mneg,other,no_GR_ES,pooled_cl,n_cell,clustered,-0.004582444099477245,0.0033794760809954627,-1.3559628740226013,243.01968062195684,250,0.008179219651203306,10,unemp,share,all,mi,unweighted,wb_nat,raw,gaussian,FALSE,0.17636958531691505,FALSE,FALSE,-0.08665435015065269,0.08665435015065269
amelia_emb,mcosmo,other,no_GR_ES,pooled_cl,n_eff,conventional,0.004331956691369854,0.0013451551576259626,3.2204141409346696,242.7442882399707,250,0.009260761912087247,10,unemp,share,all,mi,unweighted,wb_nat,raw,gaussian,TRUE,0.001454952292003243,TRUE,FALSE,0.2024195609601185,0.2024195609601185
amelia_emb,mcosmo,other,no_GR_ES,pooled_cl,n_eff,clustered,0.004331956691369854,0.002819413338102412,1.5364744973099438,242.99294019468726,250,0.00828698575645139,10,unemp,share,all,mi,unweighted,wb_nat,raw,gaussian,TRUE,0.1257231088512837,FALSE,FALSE,0.09809097595711817,0.09809097595711817
amelia_emb,mutil,other,no_GR_ES,pooled_cl,n_eff,conventional,4.267981377558055e-4,8.633620942220841e-4,0.49434430885034836,242.8583261098522,250,0.008820300352420422,10,unemp,share,all,mi,unweighted,wb_nat,raw,gaussian,TRUE,0.6215098925666749,FALSE,FALSE,0.03170550284172155,0.03170550284172155
amelia_emb,mutil,other,no_GR_ES,pooled_cl,n_eff,clustered,4.267981377558055e-4,9.589285142532757e-4,0.44507815902018116,242.8979308097871,250,0.008664946013623808,10,unemp,share,all,mi,unweighted,wb_nat,raw,gaussian,TRUE,0.6566596441467939,FALSE,FALSE,0.02854613753670262,0.02854613753670262
amelia_emb,mcomm,other,no_GR_ES,pooled_cl,n_eff,conventional,-0.001983264353420052,0.0011633692135478567,-1.7047591859267195,242.83514224138966,250,0.008910661026278787,10,unemp,share,all,mi,unweighted,wb_nat,raw,gaussian,FALSE,0.08951828811506236,FALSE,FALSE,-0.10874866213502857,0.10874866213502857
amelia_emb,mcomm,other,no_GR_ES,pooled_cl,n_eff,clustered,-0.001983264353420052,0.0025374741207973947,-0.7815899824021915,243.01666093405962,250,0.00819142058567675,10,unemp,share,all,mi,unweighted,wb_nat,raw,gaussian,FALSE,0.43521636755936155,FALSE,FALSE,-0.05007440424248981,0.05007440424248981
amelia_emb,mlib,other,no_GR_ES,pooled_cl,n_eff,conventional,-0.002599376803514374,0.0012172536345868598,-2.1354438628532924,242.8846755263385,250,0.008717082305935896,10,unemp,share,all,mi,unweighted,wb_nat,raw,gaussian,FALSE,0.03372552940242381,TRUE,FALSE,-0.13575286274846943,0.13575286274846943
amelia_emb,mlib,other,no_GR_ES,pooled_cl,n_eff,clustered,-0.002599376803514374,0.0016685679013403855,-1.5578489802100686,242.96932776132294,250,0.0083816307817273,10,unemp,share,all,mi,unweighted,wb_nat,raw,gaussian,FALSE,0.12057061856536065,FALSE,FALSE,-0.09944693875508864,0.09944693875508864
amelia_emb,mpos,other,no_GR_ES,pooled_cl,n_eff,conventional,0.004711816296575429,0.001849085706695501,2.5481870740301757,242.9091670616088,250,0.008620638961009232,10,unemp,share,all,mi,unweighted,wb_nat,raw,gaussian,TRUE,0.011445255911078013,TRUE,FALSE,0.1613544595064475,0.1613544595064475
amelia_emb,mpos,other,no_GR_ES,pooled_cl,n_eff,clustered,0.004711816296575429,0.0033724008585284855,1.397169700232903,243.01785817361662,250,0.00818658414463549,10,unemp,share,all,mi,unweighted,wb_nat,raw,gaussian,TRUE,0.16363692166781077,FALSE,FALSE,0.08926737408377831,0.08926737408377831
amelia_emb,mneg,other,no_GR_ES,pooled_cl,n_eff,conventional,-0.004573212778394472,0.001850461964446174,-2.4713897752355,242.90979931533064,250,0.008618142770335816,10,unemp,share,all,mi,unweighted,wb_nat,raw,gaussian,FALSE,0.014145726610044363,TRUE,FALSE,-0.15661243896729732,0.15661243896729732
amelia_emb,mneg,other,no_GR_ES,pooled_cl,n_eff,clustered,-0.004573212778394472,0.003385860932844802,-1.350679448772297,243.01834091829033,250,0.008184633663445573,10,unemp,share,all,mi,unweighted,wb_nat,raw,gaussian,FALSE,0.17805447469834684,FALSE,FALSE,-0.08631946367178953,0.08631946367178953
amelia_emb,mcosmo,other,no_GR_ES,pooled_cl,pop,conventional,0.007714888706285363,0.0018029994331844857,4.278919096862502,242.7223136521684,250,0.009344506060610725,10,unemp,share,all,mi,unweighted,wb_nat,raw,gaussian,TRUE,2.7039467705446115e-5,TRUE,FALSE,0.26484248064799626,0.26484248064799626
amelia_emb,mcosmo,other,no_GR_ES,pooled_cl,pop,clustered,0.007714888706285363,0.004088611199263287,1.8869215805297122,242.99928844424616,250,0.008261458230012937,10,unemp,share,all,mi,unweighted,wb_nat,raw,gaussian,TRUE,0.06036295438790341,FALSE,FALSE,0.12016908403324053,0.12016908403324053
amelia_emb,mutil,other,no_GR_ES,pooled_cl,pop,conventional,-2.3119925996146232e-4,0.0010823004204313356,-0.21361837766756211,242.6537887851504,250,0.00960339687424662,10,unemp,share,all,mi,unweighted,wb_nat,raw,gaussian,TRUE,0.8310240449568467,FALSE,TRUE,-0.013712108524548839,-0.013712108524548839
amelia_emb,mutil,other,no_GR_ES,pooled_cl,pop,clustered,-2.3119925996146232e-4,0.0011918385075293664,-0.19398539189737135,242.72817216977504,250,0.009322214333261717,10,unemp,share,all,mi,unweighted,wb_nat,raw,gaussian,TRUE,0.8463495644629698,FALSE,TRUE,-0.012450169724165778,-0.012450169724165778
amelia_emb,mcomm,other,no_GR_ES,pooled_cl,pop,conventional,-0.00126015855465781,0.0012700543010660114,-0.9922084068374908,242.8642043734385,250,0.008797321722766831,10,unemp,share,all,mi,unweighted,wb_nat,raw,gaussian,FALSE,0.3220833876511942,FALSE,FALSE,-0.06353933953941085,0.06353933953941085
amelia_emb,mcomm,other,no_GR_ES,pooled_cl,pop,clustered,-0.00126015855465781,0.0035815259210874753,-0.3518496256688217,243.03917402687324,250,0.00810026329622546,10,unemp,share,all,mi,unweighted,wb_nat,raw,gaussian,FALSE,0.7252559124343627,FALSE,FALSE,-0.022563598943182002,0.022563598943182002
amelia_emb,mlib,other,no_GR_ES,pooled_cl,pop,conventional,-0.006392231596338,0.001630998283847766,-3.9192141767665016,242.82176872039003,250,0.00896259311571093,10,unemp,share,all,mi,unweighted,wb_nat,raw,gaussian,FALSE,1.1557794149650501e-4,TRUE,FALSE,-0.24391359649554575,0.24391359649554575
amelia_emb,mlib,other,no_GR_ES,pooled_cl,pop,clustered,-0.006392231596338,0.0029726528582434204,-2.1503458026092064,242.99224595646263,250,0.008289775302342785,10,unemp,share,all,mi,unweighted,wb_nat,raw,gaussian,FALSE,0.03251490508627782,TRUE,FALSE,-0.13665286751513947,0.13665286751513947
amelia_emb,mpos,other,no_GR_ES,pooled_cl,pop,conventional,0.007469852188185008,0.0024422663792773407,3.058573893317614,242.90739450696395,250,0.00862763540624672,10,unemp,share,all,mi,unweighted,wb_nat,raw,gaussian,TRUE,0.002473063171586796,TRUE,FALSE,0.19257186152386607,0.19257186152386607
amelia_emb,mpos,other,no_GR_ES,pooled_cl,pop,clustered,0.007469852188185008,0.004624311844834251,1.615343523281084,243.0207084358639,250,0.008175064976574843,10,unemp,share,all,mi,unweighted,wb_nat,raw,gaussian,TRUE,0.10753380619149662,FALSE,FALSE,0.10306807207046702,0.10306807207046702
amelia_emb,mneg,other,no_GR_ES,pooled_cl,pop,conventional,-0.007587803338376971,0.0024556249964432894,-3.0899682766575083,242.93835932992954,250,0.00850504112487057,10,unemp,share,all,mi,unweighted,wb_nat,raw,gaussian,FALSE,0.0022348951033767405,TRUE,FALSE,-0.1944621769550027,0.1944621769550027
amelia_emb,mneg,other,no_GR_ES,pooled_cl,pop,clustered,-0.007587803338376971,0.004772302600890323,-1.5899669348212302,243.03092422330838,250,0.008133719544229647,10,unemp,share,all,mi,unweighted,wb_nat,raw,gaussian,FALSE,0.11314222989182508,FALSE,FALSE,-0.10146359274284059,0.10146359274284059
