cntry,year,w_mcosmo,w_mutil,w_mcomm,w_mlib,w_mpos,w_mneg,c_mcosmo,c_mutil,c_mcomm,c_mlib,c_mpos,c_mneg,wc_mcosmo,wc_mutil,wc_mcomm,wc_mlib,wc_mpos,wc_mneg,n_cy,mean_items,n_eff,deff,n_noop,n_dk,n_other,n_blank,noop_rate,pop_total,pop_15plus
AT,2004,0.37594459649987055,0.0666498682651755,0.30761433798709514,0.20127724736007732,0.442594464765046,0.5088915853471724,1.370082564351627,0.30208839242350655,1.188926663428849,0.7493929091792132,1.6721709567751335,1.9383195726080622,1.4020781187693414,0.2805674472012913,1.1758775881565822,0.7383643933209515,1.6826455659706328,1.9142419814775335,2059,3.610490529383196,1240.4492385070594,1.6598825135949182,101,46,17,38,0.04905293831957261,8171966,6845779
AT,2005,0.3766665076790329,0.0797567097639727,0.32774763601534557,0.1943507764084803,0.45642321744300557,0.5220984124238258,1.3534653465346536,0.29554455445544553,1.2415841584158416,0.7272277227722772,1.649009900990099,1.9688118811881188,1.3849902418303177,0.2959839512517291,1.216510565656986,0.7255063009754209,1.680974193082047,1.9420168666324065,2020,3.617821782178218,1750.701228011361,1.1538233752737685,42,14,11,17,0.020792079207920793,8227829,6910234
AT,2006,0.3645787265737088,0.08979023781544741,0.3243092758289013,0.20025378887945924,0.4543689643891562,0.5245630647083606,1.3254670599803342,0.3107177974434612,1.1986234021632252,0.727630285152409,1.6361848574237954,1.9262536873156342,1.3274689919507883,0.31226831230076085,1.1513509420901205,0.7235440917055558,1.6397373042515493,1.8748950337956762,1017,3.56243854473943,874.9251507166613,1.1623851470802544,21,7,2,12,0.02064896755162242,8268641,6964886
AT,2007,0.38427999403252505,0.08507672647209694,0.30678530660126135,0.1959913448162525,0.46935672050462196,0.5027766514175138,1.5736894164193866,0.3273986152324431,1.2344213649851632,0.7408506429277942,1.90108803165183,1.9752720079129575,1.5863628873313134,0.3254890646046583,1.2460354654306116,0.770589437363786,1.9118519519359716,2.0166249027943977,1011,3.8763600395647875,894.2345619748057,1.130575849995478,27,9,8,10,0.026706231454005934,8295487,7009457
AT,2008,0.3786370419527158,0.08144619911692375,0.2963252649485261,0.2126114934136871,0.4600832410696395,0.5089367583622133,1.4682975536694958,0.3040439340988517,1.1742386420369446,0.8082875686470294,1.7723414877683474,1.982526210683974,1.4482489008123258,0.3095520278837479,1.1675111241781648,0.8054108685568395,1.7578009286960736,1.9729219927350046,2003,3.7548676984523217,1760.0073271003903,1.1380634439175545,59,25,3,31,0.02945581627558662,8321496,7052578
AT,2009,0.38709641765988717,0.07983042221456088,0.3279792444539808,0.19037586742170098,0.46692683987444805,0.5183551118756818,1.725242718446602,0.34951456310679613,1.4679611650485438,0.8611650485436894,2.074757281553398,2.329126213592233,1.746958715659125,0.3537224780526848,1.4877973383901582,0.8713756213952087,2.10068119371181,2.359172959785367,1030,4.403883495145631,985.6369453202407,1.0450095290059824,16,5,3,8,0.015533980582524271,8343323,7090421
AT,2010,0.35350448618600927,0.07041978670470189,0.34115005580591073,0.22212864954844116,0.42392427289071116,0.5632787053543519,1.5225,0.3075,1.5495,0.9665,1.83,2.516,1.5081952139318637,0.3050948686612768,1.5309455526074394,0.9571535771610812,1.8132900825931404,2.488099129768521,2000,4.346,1870.031019621423,1.0695009756602265,27,6,2,19,0.0135,8363404,7123870
AT,2011,0.35788516957644884,0.0782828295393429,0.3205231222702997,0.21990282822350804,0.4361679991157918,0.5404259504938077,1.5428429915799902,0.316988608221892,1.4621099554234769,0.9093610698365527,1.8598315998018822,2.3714710252600297,1.530987364262253,0.3277094701564673,1.4473920204996167,0.9062793152028059,1.8586968344187202,2.3536713357024226,2019,4.231302625061912,1828.5470868775521,1.1041553233653214,48,12,5,31,0.0237741456166419,8391643,7162612
AT,2012,0.3577966682918586,0.0813313939127314,0.32571342857249125,0.22443832218059187,0.43912806220458994,0.5501517507530831,1.62134944612286,0.3741188318227593,1.5100704934541793,0.9702920443101712,1.9954682779456194,2.4803625377643503,1.6778358781690523,0.39376731327470765,1.5400148372577658,0.9818343972863179,2.07160319144376,2.5218492345440837,1986,4.47583081570997,1799.3702216910917,1.1037194992220718,22,2,6,14,0.011077542799597181,8429991,7208474
AT,2013,0.3913818898286797,0.08157028293352095,0.30609963190455775,0.20642500118548215,0.4729521727622007,0.5125246330900399,1.7167167167167168,0.3743743743743744,1.4374374374374375,0.9209209209209209,2.091091091091091,2.3583583583583585,1.7525409358539823,0.3866445712821396,1.4306318706068657,0.9232982516551519,2.139185507136122,2.3539301222620175,999,4.44944944944945,853.3811426516625,1.1706375382233833,17,4,1,12,0.01701701701701702,8479823,7260944
BE,2004,0.48876520056742817,0.09593577575411039,0.24248377035571322,0.11555076622921519,0.5847009763215386,0.3580345365849284,1.7870090634441087,0.37210473313192344,0.8831822759315207,0.4229607250755287,2.1591137965760323,1.3061430010070494,1.7829904876660403,0.3779350005198891,0.8694832654875968,0.40857804416464144,2.1609254881859297,1.2780613096522382,1986,3.4652567975830815,1896.3178657628378,1.0472927750438534,115,19,6,90,0.057905337361530716,10421137,8625009
BE,2005,0.5119737799350779,0.09774645140414434,0.23877525223921728,0.12055602510597907,0.6097202313392222,0.3593312773451963,1.9481225296442688,0.4105731225296443,0.892292490118577,0.46936758893280633,2.358695652173913,1.3616600790513833,1.925251822073979,0.4082389389122571,0.8900381102061093,0.46354955302585454,2.3334907609862356,1.3535876632319639,2024,3.7203557312252964,1913.0469021548988,1.0579981064343593,59,14,15,30,0.0291501976284585,10478617,8683177
BE,2006,0.5310263195633831,0.10325869701885512,0.22199444450217443,0.1106682127242956,0.6342850165822382,0.33266265722647004,1.8950980392156862,0.36666666666666664,0.8568627450980392,0.4568627450980392,2.261764705882353,1.3137254901960784,1.8961775211672025,0.37075403495968323,0.8172017625920369,0.43136475392397905,2.2669315561268855,1.248566516516016,1020,3.5754901960784315,953.2525120494348,1.0700207836925204,37,4,13,20,0.03627450980392157,10547958,8751119
BE,2007,0.5254312675803549,0.12592097240066352,0.20244378169497668,0.10620446101336005,0.6513522399810184,0.30864824270833674,1.9426310583580613,0.4401582591493571,0.7527200791295747,0.4332344213649852,2.3827893175074184,1.1859545004945597,1.927834479489758,0.4408074482923974,0.7357911782981282,0.41773717208528327,2.3686419277821553,1.1535283503834117,1011,3.568743818001978,983.9262020095051,1.027516085998321,39,7,6,26,0.03857566765578635,10625700,8825504
BE,2008,0.5415179193139564,0.14957272242021347,0.1705977442617268,0.11299607373828063,0.6910906417341698,0.28359381800000744,1.6379052369077307,0.4059850374064838,0.5396508728179551,0.33216957605985037,2.0438902743142147,0.8718204488778055,1.6411937203566913,0.41779474331642763,0.5148834497020857,0.32048583804454217,2.0589884636731193,0.8353692877466278,2005,2.91571072319202,1847.7053825183953,1.0851297068081354,53,7,6,40,0.026433915211970076,10709973,8901196
BE,2009,0.47331933009095495,0.10316436968378857,0.21922476290835055,0.15073810262012594,0.5764836997747436,0.36996286552847646,1.5139165009940359,0.30417495029821073,0.6978131212723658,0.4602385685884692,1.8180914512922466,1.158051689860835,1.4800720598498742,0.3095795206566699,0.7015668335425618,0.44536261585644726,1.789651580506544,1.1469294493990092,1006,2.9761431411530817,950.8963323002329,1.0579491852350198,49,8,8,33,0.048707753479125246,10796493,8972787
BE,2010,0.47528561213644077,0.10099893225555706,0.2297611106378364,0.15161481834155563,0.5762845443919978,0.381375928979392,1.5178571428571428,0.31547619047619047,0.7663690476190477,0.47470238095238093,1.8333333333333333,1.2410714285714286,1.5053751168091192,0.32235646311386384,0.7523983970854801,0.4552577236131678,1.8277315799229832,1.2076561206986478,2016,3.074404761904762,1906.8561627267297,1.0572375826801739,87,12,8,67,0.043154761904761904,10895586,9049843
BE,2011,0.4764324739698552,0.10295852915708656,0.2157185419750118,0.16727659657791863,0.5793910031269418,0.38299513855293044,1.49951171875,0.30908203125,0.71240234375,0.4970703125,1.80859375,1.20947265625,1.4949330221623396,0.3123741641747304,0.6935650768176537,0.48394755522665023,1.80730718633707,1.177512632044304,2048,3.01806640625,1852.2629084028963,1.1056745728207,77,12,8,57,0.03759765625,11038264,9164237
BE,2012,0.4244407195900301,0.08881924290680818,0.25646230405563275,0.16837785770727898,0.5132599624968383,0.42484016176291173,1.248220218319886,0.2558139534883721,0.7883246321784527,0.49644043663977216,1.5040341718082582,1.284765068818225,1.2062757436597307,0.2546713544840105,0.8018890843613188,0.4833242607158511,1.4609470981437411,1.2852133450771699,2107,2.788799240626483,1956.6343762876957,1.0768491167969725,126,22,18,86,0.059800664451827246,11106932,9220785
BE,2013,0.4385877979668071,0.09385939459778697,0.23448830698672998,0.16520424800987546,0.532447192564594,0.39969255499660544,1.2073050345508392,0.24777887462981243,0.6811451135241856,0.4461994076999013,1.4550839091806516,1.127344521224087,1.2090910347305721,0.2426884357126075,0.66414237737883,0.42998544913217995,1.4517794704431795,1.09412782651101,1013,2.5824284304047382,954.2715758890057,1.0615426735898348,67,11,3,53,0.06614017769002961,11159407,9263587
BG,2004,0.4975679580570176,0.24944179694223156,0.10802216262260327,0.050501053167078924,0.7470097549992492,0.1585232157896822,1.7629482071713147,0.7828685258964143,0.34462151394422313,0.15438247011952191,2.545816733067729,0.499003984063745,1.7724218273095236,0.7794465467458455,0.33682310673551236,0.1558676021830433,2.5518683740553687,0.49269070891855565,1004,3.0448207171314743,962.5687384648705,1.043042392589235,97,76,12,9,0.09661354581673307,7716860,6637874
BG,2005,0.5042360951603656,0.24516801611777095,0.12290684573233442,0.05047069920513171,0.7494041112781367,0.17337754493746613,1.3779098563645369,0.629024269440317,0.34323922734026746,0.1490837048043586,2.006934125804854,0.4923229321446261,1.3751372771051462,0.6295470959294318,0.34061219845953655,0.1473651577386189,2.004684373034578,0.48797735619815547,2019,2.49925705794948,1967.2365461070926,1.0263127756523944,153,129,9,15,0.07578008915304606,7658972,6611991
BG,2006,0.4978920342196902,0.25382944237262156,0.12590417963744385,0.045288399086207645,0.7517214765923118,0.1711925787236515,1.2935960591133004,0.6463054187192119,0.30640394088669953,0.12610837438423644,1.9399014778325123,0.432512315270936,1.2814907429305786,0.6409298542329978,0.3037225174247546,0.12263405530217021,1.9224205971635764,0.4263565727269248,1015,2.372413793103448,988.0861165799057,1.0272383985246671,77,66,8,3,0.07586206896551724,7601022,6577944
BG,2007,0.617143199735001,0.18330989476004744,0.09412922209011228,0.043020998148512894,0.8004530944950485,0.13715022023862516,1.6111645813282003,0.5206929740134745,0.24446583253128007,0.10779595765158806,2.1318575553416745,0.35226179018286813,1.6216860964535527,0.5204866229225769,0.24291405898474253,0.10660555006147754,2.1421727193761297,0.34951960904622004,1039,2.484119345524543,979.3853735935593,1.0608694269015913,65,57,5,3,0.06256015399422522,7545338,6537680
BG,2008,0.596011352587491,0.1989242288030786,0.06763201372244707,0.047851802634109486,0.7949355813905697,0.11548381635655655,1.3384845463609172,0.46011964107676967,0.15702891326021934,0.09720837487537388,1.798604187437687,0.2542372881355932,1.3251681370154975,0.461617033597094,0.1555029045643567,0.09777308341150306,1.7867851706125912,0.25327598797585976,2006,2.0528414755732802,1897.790069457984,1.057018914938743,181,155,11,15,0.09022931206380858,7492561,6494228
BG,2009,0.6153576442157727,0.20228479453338138,0.08675892037085514,0.04310385194615151,0.817642438749154,0.12986277231700666,1.7162698412698412,0.5972222222222222,0.26884920634920634,0.11706349206349206,2.3134920634920637,0.38591269841269843,1.7350355769166856,0.605861056820388,0.2504043902420151,0.10768749694320164,2.340896633737074,0.35809188718521673,1008,2.699404761904762,960.5505848309975,1.049398143021641,54,45,5,4,0.05357142857142857,7444443,6449296
BG,2010,0.604261008165169,0.17092494334401362,0.12414233030402094,0.06384622186934608,0.7751859515091826,0.18798855217336702,1.615,0.4925,0.327,0.157,2.1075,0.484,1.6202159879784013,0.4933892506610749,0.3168168683183131,0.1508274349172565,2.1136052386394764,0.46764430323556966,2000,2.5915,1929.5887265579697,1.0364903010019295,75,62,4,9,0.0375,7395599,6400381
BG,2011,0.6257441212486679,0.16689016062705905,0.10465341272007862,0.06192040141855379,0.7926342818757269,0.16657381413863243,1.4128806789815278,0.4108836744882676,0.24613080379430854,0.14777833250124814,1.8237643534697954,0.3939091362955567,1.4202513389413203,0.41498713629812556,0.23826420603810164,0.14000196904603712,1.835238475239446,0.3782661750841388,2003,2.217673489765352,1848.9910707715135,1.0832934953894744,83,55,8,20,0.04143784323514728,7348328,6355174
BG,2012,0.6288685083392883,0.15724219673546536,0.09584197465542678,0.07444360038696479,0.7861107050747537,0.17028557504239156,1.4302554027504912,0.3899803536345776,0.22102161100196463,0.16355599214145383,1.8202357563850688,0.3845776031434185,1.4462167518901041,0.3893122154601128,0.21342769167378056,0.15807664101266408,1.8355289673502169,0.3715043326864446,2036,2.204813359528487,1914.3141522494577,1.0635662895808156,92,67,15,10,0.04518664047151277,7305888,6315281
BG,2013,0.6331300957567885,0.13312573528944568,0.08915758168097074,0.0700019653455832,0.7662558310462341,0.15915954702655394,1.4305150631681245,0.3206997084548105,0.21865889212827988,0.15354713313896987,1.751214771622935,0.3722060252672498,1.4470462138687963,0.3242724973841014,0.20391628230344463,0.14594824101894244,1.7713187112528976,0.34986452332238704,1029,2.123420796890185,943.3050867814434,1.0908453844036266,75,63,6,6,0.0728862973760933,7160005,6181236
CY,2004,0.5917670766342298,0.12288984455165684,0.17859286062765953,0.07127299605782055,0.7146569211858865,0.2498658566854801,2.392,0.566,0.772,0.276,2.958,1.048,2.4091806445508386,0.5540669932440195,0.7712249062734944,0.2892348373540902,2.9632476377948582,1.0604597436275844,500,4.006,437.8620758960798,1.1419120940692469,21,14,6,1,0.042,1017875,809352
CY,2005,0.5732772860873067,0.1098500632683972,0.24165493218647816,0.06304869684180926,0.68312734935570385,0.30470362902828746,2.3565044687189673,0.5253227408142999,1.0019860973187686,0.2423038728897716,2.881827209533267,1.2442899702085402,2.3286835736505096,0.5152024810952662,1.0044578133894144,0.26405690809883764,2.843886054745776,1.268514721488252,1007,4.126117179741807,892.4243510099203,1.1283869594777631,12,5,6,1,0.011916583912611719,1036151,829735
CY,2006,0.5875370559091367,0.10929993972338714,0.2233283976846147,0.05949161473687072,0.6968369956325239,0.28282001242148547,2.1222879684418148,0.46548323471400394,0.814595660749507,0.19723865877712032,2.5877712031558184,1.0118343195266273,2.1049594392232924,0.4559707594281227,0.8469451833557443,0.21355854558166765,2.5609301986514152,1.060503728937412,507,3.5996055226824457,467.9824881627867,1.0833738715104253,12,10,0,2,0.023668639053254437,1054418,850912
CY,2007,0.525048420339132,0.12234839828589834,0.2711271005542558,0.0652829658378244,0.6473968186250304,0.3364100663920802,2.039840637450199,0.4800796812749004,1.1254980079681276,0.29880478087649404,2.5199203187250996,1.4243027888446216,2.071971502635572,0.5036547009316584,1.131159868788139,0.3192041072730869,2.5756262035672304,1.450363976061226,502,3.944223107569721,428.6689532194668,1.1710668482748499,10,8,2,0,0.0199203187250996,1072714,872510
CY,2008,0.5675636151023251,0.1141404494886101,0.23552526465163326,0.06262283655775157,0.6817040645909352,0.29814810120938484,2.092353525322741,0.43992055610724923,0.9503475670307845,0.22641509433962265,2.53227408142999,1.1767626613704072,2.0856602216569606,0.44204471371336734,0.9584828896337809,0.23595537863956192,2.527704935370328,1.1944382682733428,1007,3.7090367428003974,764.3111278087579,1.3175262839454125,24,15,4,5,0.023833167825223437,1091026,894107
CY,2009,0.5075210857613435,0.11605037050521044,0.31365819898909686,0.057338714529987206,0.6235714562665539,0.370996913519084,2.035573122529644,0.5019762845849802,1.2766798418972332,0.2490118577075099,2.5375494071146245,1.5256916996047432,2.0230269184273255,0.488766679624529,1.2826091983167558,0.2515022259921016,2.511793598051854,1.5341114243088576,506,4.063241106719367,437.13889480533015,1.1575268318902063,3,2,0,1,0.005928853754940711,1109371,915399
CY,2010,0.4709069321235742,0.09256668428718935,0.3514460240093546,0.07645497333017362,0.5634736164107635,0.4279009973395282,1.7457962413452028,0.37487636003956476,1.3669634025717112,0.2997032640949555,2.1206726013847677,1.6666666666666667,1.7446986362071764,0.37299397430672876,1.3594136126068739,0.2983358127168636,2.1176926105139047,1.6577494253237375,1011,3.787339268051434,1004.907870930236,1.0060623757122378,9,6,1,2,0.008902077151335312,1127816,936237
CY,2011,0.46208336078732665,0.10654831174898553,0.3551085641153847,0.06335126325074053,0.5686316725363122,0.41845982736612525,1.7522388059701492,0.41393034825870645,1.4398009950248756,0.2646766169154229,2.166169154228856,1.7044776119402985,1.7584160226595769,0.41366334834731294,1.4377631289734583,0.2636551940916821,2.1720793710068897,1.7014183230651403,1005,3.870646766169154,1002.7566725189226,1.0022371603625855,13,9,2,2,0.012935323383084577,1146493,955923
CY,2012,0.3750498876856671,0.07801915431211709,0.44245131464601073,0.09045712216775961,0.4530690419977842,0.5329084368137703,1.3551587301587302,0.2748015873015873,1.6706349206349207,0.3621031746031746,1.6299603174603174,2.0327380952380953,1.357436244212296,0.2749514156972416,1.6639635591219568,0.3601102555287963,1.6323876599095375,2.024073814650753,1008,3.6626984126984126,1006.8275448495167,1.0011645044441633,14,4,4,6,0.013888888888888888,1165397,974312
CY,2013,0.3711836566117326,0.05318373335014985,0.465681923831263,0.08423098038623743,0.4243673899618824,0.5499129042175005,1.186138613861386,0.16831683168316833,1.607920792079208,0.3445544554455445,1.3544554455445545,1.9524752475247524,1.1896880779725862,0.16855195466120657,1.5988592034027858,0.3404653087735001,1.3582400326337927,1.9393245121762859,505,3.3069306930693068,504.4809196344834,1.0010289395402558,13,2,11,0,0.02574257425742574,1183895,991903
CZ,2004,0.5010798419817679,0.10891767723863997,0.2289352869629597,0.14360663124605064,0.609997519220408,0.37254191820901034,1.7237209302325582,0.4018604651162791,0.906046511627907,0.533953488372093,2.125581395348837,1.44,1.775642468702151,0.4274665719064479,0.8955612775513166,0.5282131807247297,2.203109040608599,1.4237744582760463,1075,3.565581395348837,823.9017122213689,1.3047672848034633,24,17,2,5,0.022325581395348838,10197101,8666881
CZ,2005,0.506828885017138,0.10819643071123564,0.19502042925177937,0.15584937444619784,0.6150253157283735,0.3508698036979772,1.606060606060606,0.38324420677361853,0.7584670231729055,0.533868092691622,1.9893048128342246,1.2923351158645275,1.6307856573406911,0.3870047446122337,0.7457374469645757,0.5302606617858405,2.017790401952925,1.2759981087504162,2244,3.2816399286987523,1939.6816044589714,1.1568909014971616,71,41,10,20,0.03163992869875223,10211216,8709190
CZ,2006,0.5366234526971134,0.10911202342038309,0.1762468284476788,0.14157452354368796,0.6457354761174965,0.31782135199136674,1.652621722846442,0.3895131086142322,0.6750936329588015,0.45224719101123595,2.042134831460674,1.1273408239700375,1.6695255421485948,0.38770564943133035,0.642924891785633,0.44665965680385833,2.057231191579925,1.0895845485894915,1068,3.1694756554307117,912.7558585827851,1.1700828758943917,42,18,5,19,0.03932584269662921,10238905,8759784
CZ,2007,0.5296679248438075,0.10337634113732465,0.19289889644158242,0.1520044286502433,0.6330442659811323,0.34490332509182575,1.4678811121764141,0.28859060402684567,0.6299137104506232,0.4678811121764142,1.75647171620326,1.0977948226270373,1.4654063363463357,0.30011350892333155,0.6266411646308918,0.4569607125280812,1.7655198452696672,1.0836018771589728,1043,2.8542665388302972,879.9568944183999,1.1852853322881935,25,11,1,13,0.023969319271332695,10298828,8828495
CZ,2008,0.5238471900428316,0.09960077055581698,0.18891795471424858,0.1412719258667603,0.6234479605986485,0.3301898805810089,1.321078431372549,0.2563725490196078,0.5990196078431372,0.38235294117647056,1.5774509803921568,0.9813725490196078,1.3308217429488574,0.2710002413730696,0.5721479987505855,0.37132094794714265,1.601821984321927,0.9434689466977283,2040,2.5588235294117645,1644.5920651227118,1.2404291880417073,98,47,7,44,0.04803921568627451,10384603,8909087
CZ,2009,0.5194381255301307,0.09837110312497907,0.19970019271016776,0.14831978327512105,0.6178092286551098,0.3480199759852888,1.4422348484848484,0.2708333333333333,0.7064393939393939,0.47821969696969696,1.7130681818181819,1.1846590909090908,1.4716661611446393,0.28282797386866204,0.6901628506934774,0.4471377525901651,1.7544941350133012,1.1373006032836426,1056,2.897727272727273,960.1034247079846,1.0998815052880186,32,13,2,17,0.030303030303030304,10443936,8956518
CZ,2010,0.4735984723363518,0.06678760637306919,0.23381581501848414,0.19227255985159036,0.5403860787094209,0.4260883748700745,1.3574572127139364,0.21026894865525672,0.8298288508557458,0.5638141809290954,1.567726161369193,1.3936430317848412,1.366720281865367,0.2144139326427954,0.8209120986372305,0.5532884105351934,1.5811342145081622,1.374200509172424,2045,2.961369193154034,1925.1366696658215,1.062262244661822,66,21,7,38,0.03227383863080684,10474410,8965818
CZ,2011,0.43343149992759405,0.059447288038529555,0.2494222971835778,0.22283659752057267,0.4928787879661236,0.47225889470415044,1.183794466403162,0.1724308300395257,0.8567193675889329,0.6304347826086957,1.3562252964426877,1.4871541501976284,1.1908303450293034,0.17335837612808683,0.8547980189742896,0.6221284366319796,1.3641887211573902,1.4769264556062691,2024,2.8433794466403164,1945.5928548786783,1.040299873082239,70,35,6,29,0.03458498023715415,10496088,8964508
CZ,2012,0.4360318250149409,0.0467333784649837,0.21322180847985145,0.24511482763788667,0.48276520347992463,0.45833663611773806,1.1930174563591023,0.15511221945137157,0.7246882793017456,0.685785536159601,1.3481296758104737,1.4104738154613465,1.1880206280603098,0.15458827624611374,0.7221569446250342,0.6792635859400631,1.3426089043064233,1.4014205305650973,2005,2.7586034912718205,1839.9436005273876,1.0897073146292646,114,47,22,45,0.05685785536159601,10510785,8959448
CZ,2013,0.44377892344065956,0.048910719592409724,0.20133467049222878,0.2554560566241823,0.4926896430330693,0.45679072711641117,1.2577422577422577,0.14585414585414586,0.7122877122877123,0.6893106893106893,1.4035964035964037,1.4015984015984015,1.2229440330229442,0.13929096973929098,0.702563933502564,0.7079476444079477,1.362235002762235,1.4105115779105117,1001,2.8051948051948052,948.1406227334672,1.0557505669508604,50,26,2,22,0.04995004995004995,10514272,8944903
DE,2004,0.4548783650215912,0.04588855806383438,0.2935447240010506,0.17329017322168588,0.5007669230854256,0.46683489722273647,1.9252905368013282,0.21859435528500276,1.254288876591035,0.7501383508577754,2.143884892086331,2.00442722744881,1.9078291620103145,0.22120822146699867,1.2474297964735093,0.7466602177771117,2.1290373834773133,1.9940900142506213,3614,4.148312119535141,3151.990085000206,1.1465772107591399,117,64,6,47,0.03237410071942446,82516260,70341801
DE,2005,0.500494764094295,0.0582882027214256,0.2627909205737417,0.1629670258628149,0.5587829668157207,0.42575794643655657,2.194499017681729,0.27013752455795675,1.2089063523248198,0.7789783889980354,2.4646365422396856,1.9878847413228553,2.2076999222206926,0.28407473053192006,1.1720500263009173,0.7566865996729522,2.491774652752613,1.9287366259738694,3054,4.4525212835625405,2425.9502414078756,1.2588881453016292,53,26,7,20,0.017354289456450556,82469422,70516975
DE,2006,0.5025066843520319,0.046617558774254664,0.2564515724126163,0.17574460116522,0.5491242431262866,0.4321961735778363,2.0956749672346002,0.21363040629095675,1.165137614678899,0.790956749672346,2.309305373525557,1.9560943643512452,2.105161836917172,0.22607222787410886,1.1744460933015337,0.793926968980297,2.3312340647912806,1.9683730622818305,1526,4.265399737876802,1205.7595288841594,1.2655923203959245,26,13,3,10,0.01703800786369594,82376451,70670023
DE,2007,0.5134718536237652,0.04841705912495168,0.22259390480176117,0.1947698137258293,0.5618889127487169,0.41736371852759047,1.9444811632518175,0.2247191011235955,0.9041639127561136,0.7739590218109715,2.169200264375413,1.6781229345670852,1.9573388393864777,0.22367195273765425,0.8882552330582619,0.7691735930202316,2.181010792124132,1.6574288260784937,1513,3.8473231989424983,1222.1892588253975,1.2379424782820383,29,8,2,19,0.019167217448777262,82266372,70761158
DE,2008,0.4876662118783746,0.051417587226418086,0.23318224734616486,0.20221052801518552,0.5390837991047928,0.43539277536135035,1.6411764705882352,0.1803921568627451,0.8362745098039216,0.7022875816993464,1.8215686274509804,1.538562091503268,1.645829492784103,0.18661257168993456,0.8327811493637893,0.7003575195260576,1.8324420644740376,1.5331386688898467,3060,3.3601307189542484,2445.4040235372863,1.2513269670562241,82,29,8,45,0.02679738562091503,82110097,70743563
DE,2009,0.5134743653237961,0.05639831614863423,0.20221121211060894,0.19507980798782779,0.5698726814724303,0.3972910200984367,1.8738441215323647,0.21994715984147953,0.7529722589167768,0.7344782034346103,2.093791281373844,1.4874504623513871,1.8233560103733273,0.21633419271342644,0.7602870491994608,0.7199327106245761,2.039690203086754,1.480219759824037,1514,3.581241743725231,1144.2569822693351,1.323129352461871,51,23,6,22,0.03368560105680317,81902307,70634853
DE,2010,0.46119876850093633,0.04104316960438393,0.21138132659632766,0.25602739099813265,0.5022419381053203,0.46740871759446034,1.6097951344430217,0.17477592829705504,0.821382842509603,0.8354673495518566,1.7845710627400768,1.6568501920614596,1.6434556318420532,0.1719752536357014,0.8109637575667054,0.8354851217428638,1.8154308854777546,1.6464488793095693,3124,3.4414212548015364,2438.82550737378,1.2809444507426206,101,39,7,55,0.0323303457106274,81776930,70576834
DE,2011,0.45221707378713144,0.050014119086369685,0.1975649105996119,0.2676519444188725,0.5022311928735012,0.46521685501848437,1.589000976244712,0.19915392124959322,0.7881548974943052,0.8997722095671982,1.7881548974943053,1.6879271070615034,1.5869333811910418,0.19882066327074352,0.7595084410226689,0.8704323155380648,1.7857540444617852,1.6299407565607338,3073,3.4760820045558085,2338.4934724086543,1.314093896886016,88,23,4,61,0.028636511552229092,80274983,69374436
DE,2012,0.4575064394768845,0.047701887361168614,0.20960463196221993,0.26277248951232596,0.5052083268380532,0.4723771214745459,1.6318537859007833,0.1830939947780679,0.8182114882506527,0.8723890339425587,1.8149477806788512,1.6906005221932114,1.6320389755821534,0.18661011368899702,0.8111613614643832,0.8685434980665387,1.8186490892711504,1.6797048595309219,3064,3.5055483028720626,2440.79778927242,1.2553272595815286,72,32,5,35,0.02349869451697128,80425823,69656156
DE,2013,0.44516810995541733,0.044448401198751555,0.21456170540820296,0.2682460185688567,0.48961651115416893,0.4828077239770597,1.6023166023166022,0.16988416988416988,0.8738738738738738,0.9047619047619048,1.7722007722007722,1.7786357786357787,1.597486123861373,0.17277267817358394,0.8694328939549882,0.891088833670764,1.7702588020349568,1.7605217276257523,1554,3.550836550836551,1229.3212046585538,1.26411225488592,45,25,3,17,0.02895752895752896,80645605,69974131
DK,2004,0.47034375391235506,0.1058986878243831,0.20337455171122906,0.18686993069651348,0.5762424417367382,0.39024448240774257,1.9566074950690335,0.47928994082840237,0.8456607495069034,0.6858974358974359,2.4358974358974357,1.5315581854043392,1.9471817833735658,0.47806277485603377,0.8296031520811087,0.6817648577276012,2.4252445582295996,1.5113680098087099,2028,3.967455621301775,1903.8913181379817,1.065186852148366,67,54,6,7,0.033037475345167655,5404523,4386685
DK,2005,0.4986707497547777,0.11412857539806377,0.20822750796665399,0.14901471023770807,0.6127993251528414,0.3572422182043621,2.059049447911666,0.49927988478156504,0.8689390302448392,0.599615938550168,2.558329332693231,1.4685549687950072,2.0771378074315248,0.506663235725127,0.8646085018059251,0.594102173087,2.583801043156652,1.458710674892925,2083,4.026884301488238,1836.1253371541536,1.1344541452864445,66,42,20,4,0.03168506961113778,5419432,4402450
DK,2006,0.5085979573751644,0.12155214464246668,0.17185163202480616,0.1591713733331792,0.6301501020176311,0.33102300535798534,2.078373015873016,0.5198412698412699,0.7579365079365079,0.5992063492063492,2.5982142857142856,1.3571428571428572,2.082620948932728,0.512346629433855,0.7302632401315952,0.5927769033287507,2.5949675783665827,1.3230401434603458,1008,3.955357142857143,874.9411796490074,1.1520774463997348,37,25,11,1,0.03670634920634921,5437272,4422291
DK,2007,0.5559260618672999,0.11472974028894863,0.16740317638125315,0.13713487762580592,0.6706558021562485,0.304538054007059,2.342315369261477,0.530938123752495,0.7904191616766467,0.5878243512974052,2.873253493013972,1.3782435129740518,2.3703618282449064,0.5326318470412047,0.7504517438921012,0.5835226702280565,2.902993675286111,1.3339744141201577,1002,4.251497005988024,940.9212248423534,1.0649138031378558,27,16,9,2,0.02694610778443114,5461438,4449446
DK,2008,0.5373337973848676,0.09630157794911962,0.19951060788858513,0.14441305575267444,0.6336353753339872,0.34392366364125954,1.984267453294002,0.38987217305801375,0.7782694198623402,0.5457227138643068,2.3741396263520156,1.323992133726647,1.9825446737120158,0.38776579473450346,0.7553055702255816,0.5228052179646862,2.3703104684465193,1.278110788190268,2034,3.6981317600786627,1862.478352524426,1.0920932301001467,48,32,8,8,0.02359882005899705,5493621,4484664
DK,2009,0.4927806300463265,0.08886854993336343,0.23437603605065285,0.1575221284804228,0.58164917997969,0.3918981645310756,1.8866799204771372,0.3956262425447316,0.9860834990059643,0.6332007952286283,2.2823061630218686,1.6192842942345924,1.921535077678638,0.39676319210797084,0.955191231626566,0.6078264822380737,2.3182982697866086,1.5630177138646395,1006,3.9015904572564613,900.1752184501107,1.11756020314811,27,17,6,4,0.0268389662027833,5523095,4518427
DK,2010,0.5121065720820247,0.07550107864511789,0.25115109768141863,0.1349013015704415,0.5876076507271425,0.38605239925186013,1.8229571984435797,0.2893968871595331,0.980544747081712,0.52383268482490275,2.112354085603113,1.5043774319066148,1.852967733105238,0.2912217092803375,0.9397036474127174,0.4961170892722188,2.1441894423855756,1.4358207366849363,2056,3.6167315175097277,1801.7890308940307,1.1410880878655545,56,47,6,3,0.027237354085603113,5547683,4549534
DK,2011,0.5306634725847443,0.0811930069552338,0.20400423668966391,0.1617661054334945,0.6118564795399782,0.36577034212315845,1.8263888888888888,0.31398809523809523,0.8120039682539683,0.5853174603174603,2.140376984126984,1.3973214285714286,1.8583237065700036,0.32188340016635963,0.771156198209489,0.5626416205641058,2.180207106736363,1.3337978187735948,2016,3.5376984126984126,1803.9830319615012,1.1175271409332321,47,40,3,4,0.023313492063492064,5570572,4579871
DK,2012,0.5383415444265653,0.07020157475181316,0.19654141172336406,0.16876633360348725,0.6085431191783786,0.36530774532685134,1.8047808764940239,0.23954183266932272,0.75199203187251,0.5901394422310757,2.0443227091633465,1.3421314741035857,1.8453668021433722,0.26808416714916833,0.6970632169029142,0.5591849839106932,2.1134509692925407,1.2562482008136073,2008,3.3864541832669324,1677.9922394595883,1.1966682281240428,59,46,10,3,0.029382470119521914,5591572,4609628
DK,2013,0.534703386896537,0.07179270503483125,0.22579157390294066,0.15336728665881574,0.6064960919313683,0.37915886056175646,1.7850746268656716,0.2606965174129353,0.8218905472636816,0.5552238805970149,2.045771144278607,1.3771144278606966,1.8300043014844052,0.2750961963355492,0.7764067908727337,0.5256480609638648,2.1051004978199543,1.3020548518365986,1005,3.4228855721393034,883.379922245431,1.137675845569851,16,13,3,0,0.015920398009950248,5614932,4641892
EE,2004,0.43997079739159745,0.116169946124085,0.1859980313939878,0.2113911340515318,0.5561407435156823,0.39738916544551955,1.377,0.421,0.68,0.61,1.798,1.29,1.3961051128844033,0.4263990082528553,0.6894472994218772,0.6117031587483384,1.8225041211372586,1.3011504581702156,1000,3.088,920.0824949924637,1.0868590647496135,50,41,6,3,0.05,1362550,1149855
EE,2005,0.4313393646194787,0.0991300213692635,0.185392175496966,0.22217590112971153,0.5304693859887422,0.40756807662667754,1.274862568715642,0.3333333333333333,0.6536731634182908,0.6126936531734133,1.6081959020489756,1.2663668165917041,1.3048883998225598,0.3337360343525446,0.668590810931624,0.6283085086755378,1.6386244341751046,1.2968993196071619,2001,2.8745627186406795,1803.5560562893847,1.1094748028607628,145,122,14,9,0.07246376811594203,1354775,1148776
EE,2006,0.440967388853353,0.1012782194207458,0.166825190074274,0.21383964315670337,0.5422456082740987,0.38066483323097733,1.1896207584830338,0.3183632734530938,0.5708582834331337,0.5479041916167665,1.5079840319361277,1.1187624750499001,1.2304403867841234,0.32471215732480746,0.5655282462217194,0.561190832117184,1.555152544108931,1.1267190783389036,1002,2.626746506986028,922.8208023198603,1.0858012709304914,88,76,11,1,0.08782435129740519,1346810,1145361
EE,2007,0.6184102520501648,0.09807381424516748,0.10386831532777999,0.11388054195496755,0.7164840662953322,0.21774885728274757,1.8437810945273632,0.354228855721393,0.35124378109452736,0.3661691542288557,2.198009950248756,0.7174129353233831,1.893022903620832,0.38543239326872497,0.35308109476404087,0.382265422737531,2.278455296889557,0.735346517501572,1005,2.915422885572139,920.4211465363129,1.0918914714008585,78,54,19,5,0.07761194029850746,1340680,1141549
EE,2008,0.6141645976583004,0.07645485072160312,0.12061435575442575,0.11191159438820078,0.6906194483799036,0.23252595014262653,1.5702891326021935,0.25324027916251246,0.3748753738783649,0.32951146560319045,1.8235294117647058,0.7043868394815553,1.590615888259055,0.2516759496649297,0.3720227398146657,0.3275524340265713,1.8422918379239848,0.699575173841237,2006,2.5279162512462614,1867.8576455770467,1.0739576459427005,172,147,10,15,0.08574277168494517,1337090,1138038
EE,2009,0.6134808258169007,0.07629677634811881,0.1340638264955643,0.11489752190734188,0.6897776021650195,0.2489613484029062,1.5169660678642714,0.23552894211576847,0.4091816367265469,0.35528942115768464,1.7524950099800398,0.7644710578842315,1.5301668507656507,0.238621425289412,0.40257916888390505,0.3479526689296138,1.7687882760550628,0.7505318378135188,1002,2.5169660678642716,964.2570993265593,1.039141947411951,65,49,6,10,0.06487025948103792,1334515,1133862
EE,2010,0.5872824699950048,0.07070717281570252,0.1435866417622572,0.1235180817195004,0.6579896428107073,0.2671047234817576,1.4505,0.217,0.428,0.3525,1.6675,0.7805,1.4594911067709981,0.224764951144228,0.42134263960418783,0.35318960893532403,1.6842560579152261,0.7745322485395117,2000,2.448,1924.3296080009047,1.0393229889954796,160,119,10,31,0.08,1331475,1128611
EE,2011,0.5478243324737108,0.05943135614926256,0.15657433170204915,0.1527418009153506,0.6072556886229733,0.3093161326173997,1.2596105841238143,0.17324013979031452,0.4423364952571143,0.4058911632551173,1.4328507239141288,0.8482276585122317,1.2906638001605497,0.18239443226019586,0.43684907193269845,0.39268318023017423,1.4730582324207453,0.8295322521628726,2003,2.2810783824263603,1864.1990181824633,1.074456096405878,179,83,42,54,0.08936595107338992,1327439,1122577
EE,2012,0.5726543866017041,0.057715564992715906,0.1266631328461788,0.1734154225736584,0.63036995159442,0.30007855541983725,1.2810783824263605,0.15227159261108336,0.37144283574638043,0.45332001997004495,1.4333499750374439,0.8247628557164254,1.322476671967925,0.16415577463984182,0.36575046746738377,0.44694570676131584,1.4866324466077667,0.8126961742286996,2003,2.2581128307538694,1842.8914528484663,1.0868789894836517,163,84,34,45,0.08137793310034948,1322696,1116470
EE,2013,0.5637752806986668,0.04639809176234942,0.11819474573366706,0.17622874921608528,0.6101733724610162,0.29442349494975234,1.156686626746507,0.12674650698602793,0.29740518962075846,0.41317365269461076,1.2834331337325349,0.7105788423153693,1.2000621958943123,0.1335366409865754,0.29794408237802283,0.39350050908417344,1.3335988368808878,0.6914445914621963,1002,1.9940119760479043,906.54290864559,1.1052979295784537,109,57,11,41,0.10878243512974052,1317997,1110561
ES,2004,0.5602826046806894,0.15696779071178718,0.09691604421114244,0.07341317412198078,0.7172503953924766,0.1703292183331232,1.5126050420168067,0.4611962432031636,0.28027681660899656,0.18339100346020762,1.9738012852199704,0.46366782006920415,1.5332196112678664,0.47299610089420063,0.27815005450067953,0.18520038261943644,2.006215712162067,0.463350437120116,2023,2.4374691052891744,1951.9290911746211,1.0364105997224573,235,61,27,147,0.11616411270390509,42921895,36689944
ES,2005,0.5244454204428747,0.11689512459556024,0.09643032310042463,0.07317959265870992,0.641340545038435,0.16960991575913453,1.2108876900441392,0.3128984796468857,0.24276606179499755,0.1844041196665032,1.523786169691025,0.4271701814615007,1.2347500901546067,0.3239697767132894,0.24203420965785485,0.18502314838769038,1.558719866867896,0.4270573580455452,2039,1.9509563511525259,1933.4575389746938,1.0545874211860247,414,172,52,190,0.2030407062285434,43653155,37320941
ES,2006,0.5094515217496457,0.13252989282922384,0.0772015741745551,0.056580599982789526,0.6419814145788696,0.13378217415734464,1.099502487562189,0.3174129353233831,0.208955223880597,0.15422885572139303,1.416915422885572,0.36318407960199006,1.1306613805522758,0.3278273842987517,0.20816533130719292,0.1512273957216623,1.4584887648510276,0.35939272702885516,1005,1.780099502487562,933.1888617039807,1.076952416861142,238,119,52,67,0.23681592039800994,44397319,37940555
ES,2007,0.5173439455173879,0.126736377618408,0.10980035814580713,0.07285063456323895,0.644080323135796,0.18265099270904606,1.071,0.29,0.253,0.156,1.361,0.409,1.1214281085725395,0.29449259321777627,0.26164347205566707,0.16413980606446543,1.4159207017903157,0.42578327812013256,1000,1.77,914.1266331340146,1.0939403401600662,185,55,53,77,0.185,45226803,38626022
ES,2008,0.5127423305949206,0.10213994729672062,0.14413979688947606,0.0742584137975786,0.6148822778916412,0.21839821068705467,1.0600098376783078,0.22085587801278897,0.323659616330546,0.1485489424495819,1.280865715691097,0.4722085587801279,1.0953494812343734,0.23260901751550295,0.3312493021393517,0.14982506139943993,1.3279584987498765,0.4810743635387917,2033,1.7530742744712249,1917.9261747097983,1.0599990900627934,374,98,67,209,0.1839645843580915,45954106,39205730
ES,2009,0.5988834416810858,0.18362721245737879,0.05521995770440701,0.07250639047094586,0.7825106541384644,0.12772634817535286,1.296078431372549,0.396078431372549,0.13333333333333333,0.1588235294117647,1.692156862745098,0.29215686274509806,1.3056390929161266,0.4001830583389632,0.13616228662924126,0.1684230835859552,1.7058221512550897,0.3045853702151965,1020,1.9843137254901961,983.270514170873,1.0373544058321515,93,30,21,42,0.09117647058823529,46362946,39495730
ES,2010,0.46467082751063427,0.10185991678753666,0.15842397400925678,0.13559013050379345,0.566530744298171,0.2940141045130502,0.9815645241654211,0.2406576980568012,0.30543099152964626,0.25909317389138015,1.2222222222222223,0.5645241654210265,0.9961299467344508,0.24595311571375558,0.3113546342383122,0.26054294547366397,1.2420830624482062,0.5718975797119762,2007,1.7867463876432486,1970.5326586375852,1.0185063369554241,290,55,15,220,0.14449427005480817,46576897,39626899
ES,2011,0.4580694995946019,0.08820267339617559,0.16862806677477937,0.1504531202137201,0.5462721729907776,0.31908118698849947,1.0079443892750746,0.22641509433962265,0.3728897715988083,0.2984111221449851,1.2343594836146972,0.6713008937437934,1.0165915909914354,0.22760409795460265,0.367362332118713,0.3009490463731674,1.244195688946038,0.6683113784918804,2014,1.9056603773584906,1977.9128552003633,1.0182450630748243,278,75,28,175,0.13803376365441908,46742697,39727107
ES,2012,0.42326993000291463,0.0839402247089588,0.14901480373577983,0.19295866442444867,0.5072101547118735,0.3419734681602285,0.8707753479125249,0.1824055666003976,0.32803180914512925,0.3797216699801193,1.0531809145129225,0.7077534791252486,0.8780887073754763,0.18321644294080158,0.32474727934242437,0.3808896523543502,1.0613051503162778,0.7056369316967745,2012,1.760934393638171,1982.8586232032467,1.014696648795705,310,88,31,191,0.1540755467196819,46773055,39729028
ES,2013,0.3952634191452936,0.05740542553123389,0.18719653917638954,0.2127465365154802,0.45266884467652746,0.39994307569186976,0.8545994065281899,0.13748763600395647,0.44510385756676557,0.4530168150346192,0.9920870425321464,0.8981206726013847,0.8700886532048211,0.14195581068799906,0.4424605804416953,0.4552470851505189,1.01204446389282,0.8977076655922143,1011,1.8902077151335313,986.4810833527878,1.0248549283518735,153,48,23,82,0.1513353115727003,46604197,39579946
FI,2004,0.4893079841591527,0.05582814764043624,0.19218180704221405,0.22501980083005668,0.545136131799589,0.41720160787227073,1.6318897637795275,0.22736220472440946,0.7790354330708661,0.7933070866141733,1.859251968503937,1.5723425196850394,1.6558634190896935,0.2274393613770099,0.7633241584510213,0.779166110973589,1.8833027804667035,1.5424902694246103,2032,3.4315944881889764,1888.5796045526974,1.0759408791144238,82,23,10,49,0.040354330708661415,5228172,4310828
FI,2005,0.48157950083422274,0.057856611443637844,0.19695754549213332,0.23357746115527758,0.5394361122778606,0.43053500664741096,1.5190058479532165,0.19736842105263158,0.7607212475633528,0.7904483430799221,1.7163742690058479,1.5511695906432748,1.5471783349834296,0.20882122291156552,0.7195907585239228,0.766497943568454,1.7559995578949952,1.486088702092377,2052,3.267543859649123,1821.3119778144794,1.1266603552799006,63,10,8,45,0.03070175438596491,5246096,4335351
FI,2006,0.46831791177939114,0.06163750455458081,0.181312200677102,0.2508726272871643,0.5299554163339719,0.4321848279642663,1.521868787276342,0.20974155069582506,0.742544731610338,0.8389662027833003,1.731610337972167,1.5815109343936382,1.5619799845267113,0.22738487802632962,0.6962574343307206,0.8188415471022276,1.789364862553041,1.515098981432948,1006,3.3131212723658052,915.1595011298649,1.0992619305792952,42,9,11,22,0.041749502982107355,5266268,4362213
FI,2007,0.5052462404566535,0.059891481884529876,0.13887230647603532,0.2485757125796438,0.5651377223411832,0.3874480190556791,1.4913294797687862,0.1926782273603083,0.5385356454720617,0.78998073217726394,1.6840077071290944,1.3285163776493256,1.515675642660068,0.20302675688228378,0.5184615715131984,0.771958553841076,1.7187023995423516,1.2904201253542746,1038,3.01252408477842,892.2869876275508,1.1633028547910094,54,21,11,22,0.05202312138728324,5288720,4390825
FI,2008,0.4997214484851415,0.06618084598239563,0.14167345565250505,0.23158551339054562,0.5659022944675371,0.3732589690430506,1.296812749003984,0.19223107569721115,0.45717131474103584,0.6548804780876494,1.4890438247011952,1.1120517928286853,1.3470820467144438,0.2027027276029957,0.43695596906088796,0.6399029187376448,1.5497847743174393,1.0768588877985328,2008,2.6010956175298805,1731.9329038597934,1.159398262787757,123,28,32,63,0.061254980079681276,5313399,4420509
FI,2009,0.5030280729002278,0.07385911992782214,0.14378805045182957,0.23965148827101376,0.57688719282805,0.38343953872284336,1.417485265225933,0.2318271119842829,0.518664047151277,0.7573673870333988,1.649312377210216,1.276031434184676,1.4637912773485364,0.24889159878341585,0.49799744164476584,0.7257364406877893,1.7126828761319524,1.2237338823325552,1018,2.925343811394892,935.02924632871,1.0887359983626883,44,9,9,26,0.043222003929273084,5338871,4449113
FI,2010,0.49386983201210294,0.06422582329370827,0.14860074297477613,0.25747686759110394,0.5580956553058113,0.40607761056588004,1.2966101694915255,0.17996011964107678,0.5299102691924227,0.7701894317048853,1.4765702891326022,1.300099700897308,1.3636768648761177,0.19207395496468793,0.49240697603468636,0.7341140514911472,1.5557508198408054,1.2265210275258336,2006,2.77666999002991,1749.8613301555629,1.146376553061874,81,22,14,45,0.04037886340977069,5363352,4475337
FI,2011,0.514569073859334,0.06543919327564947,0.14253896568042887,0.2426345535277665,0.5800082671349835,0.3851735192081954,1.3491271820448878,0.200498753117207,0.49975062344139654,0.7266832917705736,1.5496259351620947,1.22643391521197,1.4066806397576934,0.19756641981338025,0.44792958751152,0.6829854973320155,1.6042470595710736,1.1309150848435354,2005,2.776059850374065,1611.6080544138376,1.2440990193048174,75,13,14,48,0.03740648379052369,5388272,4499925
FI,2012,0.4823516432391688,0.061585342798371245,0.14845120051317734,0.2650475981370822,0.5439369860375399,0.4134987986502595,1.2116533864541832,0.1847609561752988,0.49750996015936255,0.7798804780876494,1.3964143426294822,1.277390438247012,1.2848447548989086,0.18176823598445166,0.4712433281029739,0.7253970458066042,1.4666129908833603,1.1966403739095781,2008,2.673804780876494,1371.8221172094952,1.463746629252918,85,12,9,64,0.04233067729083665,5413971,4523777
FI,2013,0.5017614226059698,0.06053946312752825,0.1424171818742205,0.26193192890378736,0.562300885733498,0.4043491107780079,1.2594142259414225,0.19456066945606695,0.49372384937238495,0.7656903765690377,1.4539748953974896,1.2594142259414225,1.322666560948385,0.177612570879976,0.45130872921639426,0.7271199505355597,1.5002791318283613,1.1784286797519539,956,2.713389121338912,561.4925123960167,1.7026050728985322,39,5,8,26,0.04079497907949791,5438972,4545770
FR,2004,0.5520759478804045,0.07342324028287886,0.2217291722764661,0.11989585810776135,0.6254991881632833,0.3416250303842275,1.9426189308484552,0.295242766061795,0.7989210397253556,0.43795978420794507,2.23786169691025,1.2368808239333007,1.956314830375109,0.2949711787837429,0.7904517725059769,0.4388122033984223,2.251286009158852,1.2292639759043993,2039,3.474742520843551,1999.6716039500595,1.019667427377702,70,33,8,29,0.03433055419323198,62707588,51053121
FR,2005,0.5554972312685699,0.05464735672966732,0.24444717560839868,0.12237589261529781,0.6101445879982372,0.36682306822369654,1.9223156853043049,0.21919841662543296,0.8258287976249381,0.4334487877288471,2.141514101929738,1.2592775853537852,1.9260032263035862,0.21778984141980315,0.8155532537469294,0.42445950548029154,2.1437930677233896,1.240012759227221,2021,3.400791687283523,1909.8477365613517,1.0581995419377128,46,32,2,12,0.022761009401286492,63180854,51490661
FR,2006,0.574797853497077,0.05115789021187965,0.21195873119835332,0.13781176852488314,0.6259557437089567,0.3497704997232365,1.8549019607843138,0.18627450980392157,0.7647058823529411,0.47058823529411764,2.041176470588235,1.2352941176470589,1.8769279719460372,0.19042366993103618,0.7386532957899321,0.47102477742326904,2.0673516418770737,1.209678073213201,1020,3.276470588235294,940.5583723376808,1.0844621981992182,25,14,3,8,0.024509803921568627,63622342,51878894
FR,2007,0.5676192906110665,0.05843768334331508,0.2190436936864625,0.13177553022499885,0.6260569739543816,0.35081922391146136,2.0365251727541955,0.2211253701875617,0.788746298124383,0.49654491609081935,2.2576505429417573,1.2852912142152024,2.0215535150807082,0.2203283417217876,0.7854727470250479,0.4909846451059453,2.241881856802496,1.2764573921309932,1013,3.5429417571569597,969.6010937208362,1.0447595475708684,24,9,4,11,0.023692003948667325,64016890,52211410
FR,2008,0.5920433913312181,0.05262601681671628,0.18102433158167405,0.1376727995221866,0.6446694081479345,0.31869713110386066,1.6105466860183841,0.16158684083212385,0.5505563618771165,0.3957426221577165,1.772133526850508,0.9462989840348331,1.6411579384818873,0.16150335679566677,0.533237623010342,0.3905680742292819,1.802661295277554,0.9238056972396239,2067,2.718432510885341,1954.194609320407,1.0577247476487628,77,36,4,37,0.03725205611998065,64375116,52492286
FR,2009,0.5555367845198693,0.0532459753354363,0.18676006173465387,0.17000158386844824,0.6087827598553057,0.35676164560310214,1.68955223880597,0.18606965174129353,0.5761194029850746,0.4855721393034826,1.8756218905472637,1.0616915422885571,1.6796922240186778,0.17759835113044858,0.566167368339042,0.480167386448428,1.8572905751491264,1.04633475478747,1005,2.937313432835821,949.3242294624646,1.0586477926188196,32,13,0,19,0.031840796019900496,64706436,52730815
FR,2010,0.5542031897280301,0.04504404314785533,0.19070922384850902,0.170801062178194,0.5992472328758854,0.361510286026703,1.5500972762645915,0.14396887159533073,0.5890077821011673,0.48297665369649806,1.6940661478599222,1.0719844357976653,1.5567259556960442,0.14252241547489145,0.5647890821091328,0.47261337114783236,1.6992483711709356,1.037402453256965,2056,2.7660505836575875,1905.3539404452763,1.07906460650535,82,37,6,39,0.03988326848249027,65026211,52976120
FR,2011,0.5128359457555323,0.05120286533270687,0.20042845296815073,0.19632285179454878,0.5640388110882391,0.3967513047626995,1.4388699464198733,0.14905017048222113,0.6234778373112518,0.5577204091573308,1.5879201169020944,1.1811982464685826,1.4548671743918973,0.15039925471025284,0.5993275597342854,0.5364127095555081,1.6052664291021501,1.1357402692897938,2053,2.769118363370677,1917.3129377891216,1.0707693874779465,83,34,5,44,0.04042864101315149,65340830,53224521
FR,2012,0.5328729704207518,0.05498337249281499,0.2035606318929539,0.1834581851588202,0.5878563429135667,0.3870188170517741,1.426302729528536,0.15086848635235733,0.5910669975186105,0.47990074441687347,1.5771712158808933,1.070967741935484,1.4250834701597022,0.1524036325753626,0.5738778196302731,0.4659845055864904,1.577487102735065,1.0398623252167636,2015,2.648138957816377,1862.6931009560114,1.0817670387922833,53,31,3,19,0.02630272952853598,65657659,53488208
FR,2013,0.5006235253077606,0.047568579810544485,0.21502631596792338,0.18694115783973608,0.548192105118305,0.40196747380765946,1.3994111874386654,0.1491658488714426,0.6506378802747792,0.5515210991167812,1.548577036310108,1.2021589793915604,1.4244992758545632,0.149679654702647,0.6375439624680886,0.5383975688968593,1.5741789305572103,1.1759415313649477,1019,2.7507360157016683,928.9884194457777,1.096892037263416,50,20,5,25,0.04906771344455348,65997932,53825137
GB,2004,0.38111408305229555,0.08315580200327721,0.2109201296647459,0.1837172694101044,0.46426988505557276,0.3946373990748503,1.2144741801733887,0.29325292122125896,0.6720693554466641,0.5284583490388239,1.5077271013946476,1.200527704485488,1.2230123163639457,0.29849324852716674,0.6647180064793845,0.5314290179313681,1.5215055648911124,1.1961470244107528,2653,2.7082548058801357,2360.1600095167664,1.1240763292753153,366,262,45,59,0.13795702977761026,59987905,48984300
GB,2005,0.37450291370654876,0.07469896166730858,0.2169199952788604,0.19130245682622904,0.44920187537385736,0.4082224521050894,1.0877390326209224,0.24334458192725908,0.67679040119985,0.5508061492313461,1.3310836145481815,1.227596550431196,1.1120641219311518,0.24985860611968844,0.6690715071763307,0.5319693064134249,1.3619227280508404,1.2010408135897557,2667,2.5586801649793776,2349.6087276260187,1.1350826070069397,395,304,41,50,0.14810648668916385,60401206,49421491
GB,2006,0.38521278615268956,0.08010981981674054,0.20272776969213235,0.19822341497387155,0.4653226059694301,0.400951184666004,1.0617378048780488,0.22484756097560976,0.6425304878048781,0.5403963414634146,1.2865853658536586,1.1829268292682926,1.0928728465271664,0.24241149551873079,0.618110991543864,0.5170384114725004,1.335284342045897,1.1351494030163645,1312,2.4695121951219514,1189.8458769879858,1.1026638200581398,179,130,24,25,0.1364329268292683,60846820,49882841
GB,2007,0.39012391482837955,0.07479901270804352,0.22323149120113547,0.176148152950754,0.46492292753642306,0.39937964415188953,1.059893858984079,0.22971948445792267,0.6876421531463229,0.49583017437452614,1.2896133434420016,1.1834723275208492,1.0969334386955742,0.24009361298148127,0.6732603232542467,0.48319942053294557,1.3370270516770555,1.1564597437871922,1319,2.473085670962851,1170.5499875048033,1.1268207373284753,188,142,13,33,0.1425322213798332,61322463,50348994
GB,2008,0.34513356602361184,0.07335256554391795,0.22172532481745313,0.1914839836384816,0.4184861315675298,0.41320930845593473,0.8358837031369548,0.17674062739097168,0.6250956388676359,0.46901300688599845,1.0126243305279266,1.0941086457536342,0.8638943922721292,0.18603777868086438,0.606316852334361,0.4538740100843991,1.0499321709529936,1.06019086241876,2614,2.106732976281561,2324.1677453289494,1.1247036730690148,451,376,35,40,0.17253251721499618,61806995,50790875
GB,2009,0.365421658423689,0.06241006838676776,0.2046301518375193,0.21212340422003445,0.42783172681045684,0.4167535560575537,0.9508320726172466,0.18532526475037822,0.5915279878971256,0.5325264750378215,1.1361573373676248,1.1240544629349472,0.9780021005995824,0.1927159799501287,0.5777045976050744,0.5148231453245018,1.170718080549711,1.092527742929576,1322,2.2602118003025717,1237.8408732412797,1.0679886474732008,206,160,24,22,0.15582450832072617,62276270,51198972
GB,2010,0.3360692121131187,0.056004570165719775,0.2209408505493177,0.23411822718341269,0.3920737822788385,0.45505907773273035,0.849388379204893,0.15252293577981652,0.6219418960244648,0.5795107033639144,1.0019113149847094,1.2014525993883791,0.8764358712107718,0.16064850117407917,0.593968381437424,0.5498663306635654,1.0370843723848508,1.1438347121009893,2616,2.2033639143730888,2345.428268993303,1.1153613327611298,406,325,42,39,0.1551987767584098,62766365,51619966
GB,2011,0.3171613068058174,0.058016520240890476,0.21677518359849415,0.254312445968306,0.3751778270467078,0.47108762956680017,0.7367417016405952,0.14765356734070964,0.5909958031285769,0.5860358641739793,0.8843952689813048,1.1770316673025563,0.7650568039393241,0.15010813820599164,0.5629514072846609,0.5550229000573751,0.9151649421453159,1.1179743073420358,2621,2.061426936283861,2410.5463066465286,1.0873053932932935,391,302,44,45,0.1491797024036627,63258810,52033754
GB,2012,0.3114804428536777,0.0549278225526666,0.23128072334635322,0.24237636662839915,0.3664082654063443,0.47365708997475237,0.7631276351092372,0.13760061326178613,0.6519739363740897,0.5990801073208126,0.9007282483710234,1.2510540436949023,0.7865117602362177,0.14401453379482007,0.6263419668116074,0.5689858743672627,0.9305262940310378,1.19532784117887,2609,2.1517822920659255,2254.412044568356,1.1572862229360275,412,324,51,37,0.15791490992717516,63711000,52392616
GB,2013,0.3585544634048658,0.06062947187245176,0.21874977284195551,0.22768179715620177,0.4191839352773176,0.44643156999815725,0.8812260536398467,0.17777777777777778,0.6436781609195402,0.5754789272030651,1.0590038314176244,1.2191570881226053,0.9207142370005846,0.18130507179687985,0.6228825112011409,0.539593456250225,1.1020193087974646,1.162475967451366,1305,2.27816091954023,1145.543305312741,1.139197439282949,180,136,26,18,0.13793103448275862,64138000,52719999
GR,2004,0.5477668133314595,0.1439606716071368,0.2146192777844439,0.05080454858794916,0.6917274849385964,0.26542382637239303,1.8763092269326684,0.4972568578553616,0.6733167082294265,0.1915211970074813,2.3735660847880298,0.8648379052369077,1.8527650816302466,0.500429611876789,0.6795017593503364,0.19456396062838596,2.3531946935070356,0.8740657199787224,2005,3.2384039900249375,1914.0349891232888,1.0475252601930631,89,30,10,49,0.044389027431421445,10955141,9290376
GR,2005,0.5514299474615669,0.10437190116171269,0.26015111942906405,0.0697034275728571,0.6558018486232796,0.32985454700192113,1.81,0.37,0.8565,0.2575,2.18,1.114,1.8270166372400745,0.36483003127315955,0.8783953029105674,0.26203709992131546,2.191846668513234,1.1404324028318829,2000,3.294,1809.8356391856316,1.105072724117609,30,12,2,16,0.015,10987314,9339362
GR,2006,0.5685918126557811,0.08233928273998001,0.2628960708828988,0.07381413310340507,0.6509310953957611,0.33671020398630386,1.855,0.306,0.872,0.254,2.161,1.126,1.8999719849985992,0.31019265550963276,0.8700423435021171,0.26278095313904765,2.210164640508232,1.1328232966411647,1000,3.287,891.7094094561305,1.1214415698606544,14,2,3,9,0.014,11020362,9386202
GR,2007,0.5947108150560046,0.09338204561455692,0.23643037101893233,0.06560045152076759,0.6880928606705615,0.30203082253969993,1.97,0.332,0.8,0.232,2.302,1.032,2.0157460267682454,0.34329238359705216,0.8000737601253922,0.22821788797040957,2.3590384103652977,1.0282916480958018,1000,3.334,935.0208605125889,1.0694948553894175,11,0,1,10,0.011,11048473,9425044
GR,2008,0.5457179404222275,0.10734647688784918,0.2556608342912369,0.07232266071754327,0.6530644173100769,0.3279834950087802,1.866,0.3715,0.879,0.2445,2.2375,1.1235,1.8774384296650208,0.3762901054114315,0.8759353806420027,0.24412504131872317,2.253728535076452,1.1200604219607257,2000,3.361,1930.1541183099475,1.03618668635187,40,0,7,33,0.02,11077841,9456623
GR,2009,0.5573260994578945,0.12167787482117227,0.21572108702158543,0.0741755884583081,0.6790039742790668,0.2898966754798935,1.694,0.416,0.668,0.231,2.11,0.899,1.698052383116187,0.4185835302663516,0.6600325439479297,0.23308112707019668,2.116635913382538,0.8931136710181263,1000,3.009,952.9574295929609,1.0493648183498947,31,4,1,26,0.031,11107017,9481621
GR,2010,0.4694438427754613,0.08347041540871836,0.2944480471170449,0.10121449671946316,0.5529142581841797,0.395662543836508,1.357,0.2855,0.8255,0.2945,1.6425,1.12,1.3599875359520133,0.28504984744191264,0.8151539383426626,0.29174597322199686,1.645037383393926,1.1068999115646594,2000,2.7625,1936.2459509510486,1.0329266274347206,102,24,11,67,0.051,11121341,9493930
GR,2011,0.43548437294121406,0.09293843280339364,0.34131041226457015,0.09665038114161961,0.5284228057446078,0.43796079340618976,1.3165,0.2955,0.9615,0.2935,1.612,1.255,1.3283823851471555,0.2950326850980553,0.9502218506655521,0.29201792605377813,1.6234150702452108,1.2422397767193303,2000,2.867,1917.4201375213538,1.0430682148699018,68,12,15,41,0.034,11104899,9478309
GR,2012,0.41886322681476507,0.06771585003622808,0.3647065295481626,0.085185615829322,0.48657907685099316,0.44989214537748456,1.1488511488511488,0.2077922077922078,1.020979020979021,0.2762237762237762,1.3566433566433567,1.2972027972027973,1.165106879553866,0.20841026694301074,1.0155321680436218,0.2739589810953032,1.3735171464968765,1.289491149138925,2002,2.6538461538461537,1910.218098492996,1.0480478650994942,126,10,34,82,0.06293706293706294,11045011,9424643
GR,2013,0.3972919215430999,0.07495794785289517,0.37575381159504967,0.09503758166356638,0.47224986939599506,0.4707913932586161,1.147,0.229,1.03,0.312,1.376,1.342,1.1604892234618545,0.2323815443803012,1.0203917775690448,0.307419261838812,1.3928707678421555,1.3278110394078566,1000,2.718,962.025859241372,1.0394730977279274,57,9,22,26,0.057,10965211,9357686
HU,2004,0.5233216706594476,0.1509002307986614,0.2093120229945175,0.07131512200068704,0.6742219014581091,0.2806271449952045,1.6183431952662721,0.47830374753451677,0.6025641025641025,0.20019723865877712,2.096646942800789,0.8027613412228797,1.6634013184051828,0.49346358947285085,0.6094167934866916,0.21012920101126867,2.1568649078780338,0.8195459944979603,1014,2.899408284023669,868.9962689207633,1.1668634679632421,53,38,12,3,0.05226824457593689,10107146,8510866
HU,2005,0.5388547158825102,0.1281797471872528,0.19672086583060372,0.07913702666715208,0.6670344630697629,0.2758578924977558,1.381330685203575,0.3455809334657398,0.5486593843098312,0.19612711022840118,1.7269116186693148,0.7447864945382324,1.4352647069986126,0.35416514741603256,0.5208442858633373,0.191452596284138,1.7894298544146452,0.7122968821474753,2014,2.4716981132075473,1772.803305628334,1.1360538383507688,131,87,34,10,0.0650446871896723,10087065,8517171
HU,2006,0.5597959270847266,0.12758358539907635,0.1631675212075821,0.07845968008608668,0.687379512483803,0.2416272012936688,1.3568627450980393,0.32745098039215687,0.4245098039215686,0.17647058823529413,1.684313725490196,0.6009803921568627,1.3990934701882958,0.32794377213205633,0.4009482847320864,0.17089061460860447,1.727037242320352,0.571838899340691,1020,2.2852941176470587,891.0148789267698,1.1447620282487236,83,48,28,7,0.08137254901960785,10071370,8526536
HU,2007,0.5453495609014124,0.0922146547050896,0.22684210086878234,0.10744303247207317,0.6375642156065019,0.3342851333408555,1.378727634194831,0.2514910536779324,0.6252485089463221,0.2664015904572565,1.6302186878727634,0.8916500994035785,1.416823790339896,0.26809331118360047,0.6308386587059105,0.27224628668582634,1.6849171015234965,0.9030849453917369,1006,2.521868787276342,890.5693990121902,1.1296143805478205,32,14,9,9,0.03180914512922465,10055780,8533268
HU,2008,0.5457941710357297,0.0858633723619867,0.20077604221750517,0.10352545411228276,0.6316575433977164,0.3043014963297879,1.3206793206793206,0.24125874125874125,0.5464535464535465,0.24625374625374624,1.5619380619380618,0.7927072927072927,1.3435466282090935,0.2514694317438016,0.5326490270921296,0.24530614010480728,1.595016059952895,0.7779551671969368,2002,2.3546453546453545,1824.1264932000436,1.0975116075902802,139,90,27,22,0.06943056943056942,10038188,8534258
HU,2009,0.49853510278461377,0.08846958012148143,0.23444187478449108,0.10479207504069601,0.5870046829060952,0.3392339498251871,1.2580645161290323,0.24437927663734116,0.6451612903225806,0.26392961876832843,1.5024437927663734,0.9090909090909091,1.2719970518170525,0.25469632053864943,0.63446891162587,0.2607510437408297,1.5266933723557017,0.8952199553666997,1023,2.4115347018572826,907.6708585339252,1.1270605312286384,80,35,24,21,0.07820136852394917,10022650,8534760
HU,2010,0.544953807489237,0.08331401053734845,0.21459400180782628,0.09190275022902254,0.6282678180265855,0.30649675203684884,1.3245614035087718,0.21198830409356725,0.5818713450292398,0.2300194931773879,1.536549707602339,0.8118908382066277,1.3393870136938315,0.21482313155541316,0.5698968648539381,0.22907339674830893,1.5542101452492447,0.798970261602247,2052,2.348440545808967,1908.9196297892884,1.074953585252044,139,65,34,40,0.06773879142300195,10000023,8529919
HU,2011,0.491498093972986,0.09699014365857886,0.2201361281996523,0.11246990274259318,0.5884882376315649,0.33260603094224545,1.2514705882352941,0.24362745098039215,0.596078431372549,0.30049019607843136,1.4950980392156863,0.8965686274509804,1.26485361446796,0.24253268418957433,0.5934465395369344,0.29434341694395016,1.5073862986575344,0.8877899564808844,2040,2.3916666666666666,1936.5768863351298,1.0534051162102802,166,60,56,50,0.08137254901960785,9971727,8519330
HU,2012,0.48352191335345823,0.08563065588674554,0.22034810949715694,0.13488637547764332,0.5691525692402037,0.3552344849748003,1.1849852796859666,0.22718351324828262,0.6015701668302257,0.331207065750736,1.4121687929342492,0.9327772325809617,1.197244441204362,0.2285134113503776,0.6000634540722124,0.33748491431270045,1.4257578525547394,0.9375483683849128,2038,2.344946025515211,1923.1136857340457,1.059739741398649,162,82,54,26,0.07948969578017664,9920362,8484244
HU,2013,0.5260528505433552,0.10250967844910258,0.1886531542754659,0.11052570756743535,0.6285625289924578,0.29917886184290127,1.1713729308666017,0.22979552093476144,0.4527750730282376,0.25219084712755596,1.4011684518013632,0.7049659201557936,1.1818501725654733,0.22355030640169463,0.4570129644406556,0.2510161864417919,1.405400478967168,0.7080291508824476,1027,2.1061343719571566,941.7266282155845,1.0905500271835729,76,42,19,15,0.07400194741966894,9872734,8446793
IE,2004,0.4840816833528957,0.19687436455515372,0.13600174668233012,0.07638678952532557,0.6809560479080494,0.21238853620765571,1.2848575712143928,0.5227386306846576,0.39430284857571213,0.20839580209895053,1.8075962018990506,0.6026986506746627,1.3025395389827905,0.5268404982708084,0.3832383602543414,0.20236072426676638,1.8293800372535989,0.5855990845211078,2001,2.4102948525737133,1833.9247058087553,1.0911025919777688,217,101,18,98,0.10844577711144428,4070262,3223417
IE,2005,0.5034707476879369,0.19582166502969764,0.14789382149257463,0.08007148884682082,0.6992924127176345,0.22796531033939543,1.430272952853598,0.5687344913151364,0.4645161290322581,0.23970223325062034,1.9990074441687344,0.7042183622828784,1.4363687981238025,0.5642956352085944,0.44532746523137046,0.2345711817238973,2.000664433332397,0.6798986469552678,2015,2.703225806451613,1850.0721972665392,1.089146684641356,145,97,14,34,0.07196029776674938,4159914,3302723
IE,2006,0.5381981572464436,0.20025426357978518,0.16042678470054547,0.04710932313675305,0.7384524208262288,0.2075361078372985,1.3808574277168495,0.49750747756729813,0.44167497507477566,0.13559322033898305,1.8783649052841476,0.5772681954137587,1.3920822890261888,0.5079245463753392,0.43559086046922463,0.13309505396663612,1.9000068354015283,0.5686859144358607,1003,2.455633100697906,925.907264501966,1.0832618324249796,55,29,8,18,0.054835493519441676,4273591,3402389
IE,2007,0.5242868818552747,0.17274989014779482,0.1763120490118327,0.06257648150461372,0.6970367720030696,0.23888853051644643,1.311,0.465,0.478,0.198,1.776,0.676,1.3217557851907438,0.4607675627718996,0.47058644706168473,0.1935857902627356,1.7825233479626434,0.6641722373244203,1000,2.452,933.6229641564249,1.0710961902094494,63,35,5,23,0.063,4398942,3505991
IE,2008,0.5171603768523102,0.15534485765213019,0.16057663224658267,0.07926689171246756,0.6725052345044404,0.23984352395905026,1.278443113772455,0.4041916167664671,0.4316367265469062,0.1966067864271457,1.6826347305389222,0.6282435129740519,1.2819275823055705,0.4031020985130424,0.41935844761242325,0.19502244680364272,1.685029680818613,0.6143808944160659,2004,2.310878243512974,1805.5570299766669,1.1099067859550786,179,97,11,71,0.08932135728542914,4489544,3571426
IE,2009,0.51835680293795106,0.14942600172452278,0.1790341798185276,0.07079342603174592,0.6677828046624738,0.2498276058502735,1.2888229475766568,0.4035608308605341,0.543026706231454,0.20672601384767555,1.692383778437191,0.7497527200791295,1.2888800770082318,0.3950436435370296,0.5414772848663633,0.19995404589950158,1.6839237205452615,0.7414313307658649,1011,2.4421364985163203,926.3757268721748,1.0913498385947045,80,53,12,15,0.0791295746785361,4535375,3594351
IE,2010,0.4900957325870331,0.14914696907911948,0.18147441698666603,0.09767609233590081,0.6392427016661526,0.27915050932256685,1.2137555665512123,0.388421573478476,0.48193963384463134,0.2587827808015834,1.6021771400296883,0.7407224146462148,1.2256272132839117,0.3887164473593388,0.47536359471473405,0.2549064275924612,1.6143436606432504,0.7302700223071953,2021,2.342899554675903,1788.8588602905081,1.129770517318394,171,88,28,55,0.08461157842652152,4560155,3598499
IE,2011,0.47152906366393676,0.11580341412621274,0.19805811259541337,0.12214103692006277,0.5873324777901494,0.3201991495154761,1.061576354679803,0.27536945812807884,0.5044334975369458,0.28620689655172415,1.3369458128078817,0.7906403940886699,1.0729699701803281,0.27156473032393763,0.4963806935775735,0.2816512218558187,1.3445347005042654,0.7780319154333922,2030,2.127586206896552,1864.3931896703496,1.0888261184642773,193,75,29,89,0.09507389162561576,4580084,3601951
IE,2012,0.4412863244798511,0.12601050576549191,0.20279059892861637,0.13396946119017925,0.567296830245343,0.33676006011879556,0.9585,0.2845,0.436,0.3005,1.243,0.7365,0.9722042475417041,0.27869262805264416,0.42788814288879107,0.2927254293028551,1.2508968755943481,0.7206135721916462,2000,1.9795,1735.6027070661135,1.152337451340363,190,72,31,87,0.095,4599533,3611145
IE,2013,0.43268548201017787,0.1044133417373899,0.20586040693059904,0.15964677555141757,0.5370988237475678,0.36550718248201663,0.8253493013972056,0.2155688622754491,0.4181636726546906,0.32335329341317365,1.0409181636726548,0.7415169660678643,0.829301502106302,0.2115861088849922,0.4117939945688243,0.3084076435663722,1.0408876109912943,0.7202016381351966,1002,1.782435129740519,901.6839607983798,1.1112541018394042,95,46,18,31,0.09481037924151696,4623816,3629630
IT,2004,0.594071802142426,0.10542432769120592,0.14083555047616086,0.07993528514348151,0.6994961298336321,0.22077083561964236,1.534963325183374,0.2963325183374083,0.39168704156479217,0.18581907090464547,1.8312958435207825,0.5775061124694376,1.5139924926559174,0.28902266404690485,0.3898518727758743,0.19174972884354463,1.8030151567028223,0.5816016016194189,2045,2.40880195599022,1763.307108306911,1.1597525980392402,161,40,16,105,0.07872860635696821,57828179,49643379
IT,2005,0.5515100010426218,0.126025420718894,0.16784963120236926,0.07991539100365101,0.6775354217615159,0.24776502220602026,1.37624750499002,0.3083832335329341,0.43263473053892215,0.16966067864271456,1.6846307385229542,0.6022954091816367,1.3472931311636194,0.30842754985250426,0.42974858489654894,0.17674123603974018,1.6557206810161236,0.6064898209362891,2004,2.286926147704591,1623.288016065107,1.234531383320225,132,35,8,89,0.0658682634730539,58166682,49954928
IT,2006,0.5831906024447265,0.11448801303859445,0.14708713648226845,0.059725214776939865,0.6976786154833211,0.20681235125920833,1.282,0.267,0.294,0.123,1.549,0.417,1.2903618486986823,0.2564059482063345,0.3209995601201232,0.11786336699825724,1.546767796905017,0.43886292711838043,1000,1.966,768.950250553539,1.3004742495111181,102,31,4,67,0.102,58399861,50174477
IT,2007,0.559526687883074,0.1248395023573786,0.19057222253653935,0.04848723078736445,0.6843661902404526,0.23905945332390383,1.2782178217821782,0.27524752475247527,0.4415841584158416,0.1198019801980198,1.5534653465346535,0.5613861386138614,1.2567965346534653,0.2739192079207921,0.45586306930693066,0.1213659405940594,1.5307157425742575,0.5772290099009901,1010,2.114851485148515,830.7219904618123,1.2158098757425744,78,22,6,50,0.07722772277227723,58756247,50504011
IT,2008,0.4980063206090049,0.12514411324508734,0.18391697108401794,0.07404956124455098,0.6231504338540922,0.2579665323285689,1.027844455112818,0.24483917426788285,0.4344695151224196,0.15362457993278925,1.272683629380701,0.5880940950552088,1.0245244417965536,0.23785521792011952,0.4199608305234831,0.15319864455080284,1.262379659716673,0.573159475074286,2083,1.8607777244359098,1738.4837017710024,1.1981705654634767,227,78,14,135,0.10897743638982237,59211181,50905894
IT,2009,0.5647359778661305,0.12608829692288268,0.18857040900496058,0.07639166349014524,0.6908242747890131,0.26496207249510584,1.2683397683397684,0.2905405405405405,0.46621621621621623,0.1776061776061776,1.558880308880309,0.6438223938223938,1.2727837575132794,0.28421523572899204,0.46323587184929715,0.17849795221810058,1.5569989932422716,0.6417338240673978,1036,2.2027027027027026,998.3302434399085,1.0377327610854443,45,21,0,24,0.04343629343629344,59555454,51194775
IT,2010,0.5342074218038265,0.1090698018162937,0.1902559569951462,0.07667164436635063,0.6432772236201202,0.2669276013614968,1.1919882755251587,0.2706399609184172,0.44601856375183196,0.1695163654127992,1.4626282364435759,0.6155349291646312,1.1771544884006635,0.268485963140922,0.44387782020525296,0.16864475189111225,1.4456404515415855,0.6125225720963652,2047,2.078163165608207,1979.3258903219346,1.0341904837444724,180,59,6,115,0.08793356130923302,59819407,51423125
IT,2011,0.470167379873536,0.1291671440462555,0.1998064936411459,0.10767114492659391,0.5993345239197916,0.3074776385677398,1.0106280193236714,0.2391304347826087,0.47342995169082125,0.21932367149758455,1.2497584541062803,0.6927536231884058,0.9988639117262744,0.23916834492948202,0.4613915011302428,0.21710546910779027,1.2380322566557564,0.6784969702380331,2070,1.942512077294686,1951.427279402226,1.0607620493212004,183,45,16,122,0.08840579710144927,60026841,51618968
IT,2012,0.4299614567465374,0.1024940851145549,0.2149764590766418,0.1461940009434607,0.5324555418610923,0.36117046002010245,0.9013539651837524,0.1997098646034816,0.4709864603481625,0.26450676982591875,1.101063829787234,0.7354932301740812,0.9034530393385132,0.1957004519318527,0.4723340746495542,0.26980131674085844,1.0991534912703658,0.7421353913904126,2068,1.8365570599613152,1953.5674511497298,1.0585761954535655,219,56,9,154,0.10589941972920697,60191247,51781628
IT,2013,0.4482416713030123,0.11599872728758007,0.22221273231692526,0.11684876125044766,0.5642403985905924,0.339061493567373,0.9693372898120672,0.19980217606330367,0.4876360039564787,0.2403560830860534,1.1691394658753709,0.7279920870425322,0.9476415953288188,0.20289048724177894,0.48232545409783256,0.23767676944519536,1.1505320825705976,0.7200022235430279,1011,1.8971315529179031,985.5268354543846,1.025847256136735,93,23,7,63,0.09198813056379822,60311613,51917598
LT,2004,0.5277041919615035,0.23529435920288708,0.10505008921237964,0.05887229492833677,0.7629985511643906,0.16392238414071642,1.5538922155688624,0.6746506986027944,0.30439121756487025,0.15868263473053892,2.2285429141716566,0.4630738522954092,1.5931066580376203,0.6786709192620598,0.3089953417455328,0.16052678413771637,2.27177757729968,0.46952212588324915,1002,2.691616766467066,935.6289776909821,1.070937330813346,79,64,7,8,0.07884231536926148,3377075,2790724
LT,2005,0.5344212118733012,0.1881437572397821,0.11398296393405002,0.08011359750057098,0.7225649691130833,0.194096561434621,1.2110726643598615,0.43994068215521503,0.291646070192783,0.1814137419673752,1.6510133465150767,0.4730598121601582,1.2644171435762925,0.46163859718563477,0.2781271593225387,0.1771035725265565,1.7260557407619272,0.4552307318490952,2023,2.124073158675235,1838.268717852867,1.1004919902912251,197,144,15,38,0.09738012852199704,3322528,2763181
LT,2006,0.5631443910194978,0.18958461512134162,0.09139155560135397,0.07436916609301325,0.7527290061408394,0.16576072169436723,1.3346418056918548,0.4857703631010795,0.26104023552502453,0.16683022571148184,1.8204121687929342,0.4278704612365064,1.3924390336796006,0.5026127038617697,0.2570926821769788,0.1595210837653558,1.8950517375413702,0.41661376594233457,1019,2.2482826300294407,922.4555680293815,1.1046602517418416,100,48,20,32,0.09813542688910697,3269909,2737045
LT,2007,0.6007374092460541,0.1784937312858992,0.09512566012827554,0.07294516927696185,0.7792311405319533,0.1680708294052374,1.5176817288801572,0.48821218074656186,0.2475442043222004,0.16994106090373282,2.005893909626719,0.4174852652259332,1.519073636397571,0.49450993220052614,0.2430341001294693,0.17490594321032768,2.013583568598097,0.417940043339797,1018,2.423379174852652,968.5727376860154,1.051031027811158,53,25,15,13,0.05206286836935167,3231294,2722153
LT,2008,0.6001759100881967,0.1479335886577486,0.10006909128459214,0.08471468765845525,0.7481094987459453,0.1847837789430474,1.3090551181102361,0.3626968503937008,0.23917322834645668,0.17667322834645668,1.671751968503937,0.41584645669291337,1.3120975948530724,0.36484689030111506,0.23674687891332313,0.17587839294929342,1.6769444851541875,0.41262527186261655,2032,2.0875984251968505,1958.899573408858,1.0373170874012358,136,72,31,33,0.06692913385826772,3198231,2708633
LT,2009,0.5715445814329215,0.14085364029752528,0.11160282280831982,0.10464452180989385,0.7123982217304468,0.21624734461821368,1.2287390029325513,0.3225806451612903,0.23851417399804498,0.2130987292277615,1.5513196480938416,0.45161290322580644,1.2221294883239355,0.32130761052701134,0.24241240556684915,0.2130553818831459,1.543437098850947,0.45546778744999505,1023,2.002932551319648,1004.2823294978383,1.0186378570571095,73,38,26,9,0.07135874877810362,3162916,2687093
LT,2010,0.5868439673898846,0.1235031810652353,0.10959331718242431,0.1059674138760505,0.7103471484551199,0.2155607310584748,1.3206521739130435,0.30434782608695654,0.2766798418972332,0.24851778656126483,1.625,0.525197628458498,1.3223715047727536,0.30732238889608315,0.27259806858628854,0.24696787197505454,1.6296938936688368,0.5195659405613431,2024,2.150197628458498,1972.2098353848078,1.0262599667063759,150,75,46,29,0.0741106719367589,3097282,2635099
LT,2011,0.5644028915301592,0.14014142166035323,0.09780331960026341,0.12157462333442022,0.7045443131905125,0.21937794293468363,1.1861598440545809,0.31773879142300193,0.24512670565302144,0.26900584795321636,1.503898635477583,0.5141325536062378,1.1873472100092028,0.31918456514319005,0.24460774748689035,0.26719303454055254,1.5065317751523928,0.5118007820274428,2052,2.0180311890838207,2017.6561409329909,1.0170216611097707,154,86,47,21,0.07504873294346978,3028115,2578933
LT,2012,0.5791276775984171,0.12041145378436774,0.11356021521002979,0.11461876041999262,0.6995391313827849,0.22817897563002243,1.2011776251226693,0.2806673209028459,0.27625122669283614,0.26104023552502453,1.4818449460255152,0.5372914622178606,1.2015383881682375,0.2837333687096067,0.27029197389224335,0.2569317370335575,1.485271756877844,0.5272237109258009,2038,2.019136408243376,1998.2393506978922,1.0198978412111748,145,104,25,16,0.07114818449460256,2989139,2548675
LT,2013,0.5963227180663139,0.10806512231640297,0.11452225516857538,0.10939955956261144,0.7043878403827168,0.22392181473118683,1.1885325558794946,0.2400388726919339,0.26822157434402333,0.2575315840621963,1.4285714285714286,0.5257531584062196,1.1925945023978188,0.24311618966689627,0.26431545959723723,0.2484424406390802,1.4357106920647151,0.5127579002363174,1029,1.9543245869776482,1002.4185067247844,1.026517360859653,73,54,10,9,0.07094266277939747,2961250,2527467
LU,2004,0.5209403955892392,0.11711007633909183,0.260327331949293,0.07561693500941548,0.6380504719283311,0.3359442669587085,1.9643175735950045,0.49241748438893845,1.0490633363068689,0.33184656556645853,2.456735057983943,1.3809099018733273,1.9707032716500839,0.49219262594050633,1.0389219147518076,0.3306340137549687,2.46289589759059,1.3695559285067762,1121,3.83764495985727,1080.5161761878558,1.0374671149810772,30,12,5,13,0.026761819803746655,458095,372621
LU,2005,0.5414639137411826,0.12352839563669543,0.23651370246911999,0.08042618524787888,0.664992309377878,0.3169398877169988,2.3875739644970415,0.6025641025641025,1.0877712031558184,0.42110453648915186,2.990138067061144,1.5088757396449703,2.388398353877322,0.6015726607697929,1.0495179709483746,0.4221550917070687,2.9899710146471152,1.4716730626554433,1014,4.499013806706114,889.8058700392687,1.1395744107141599,18,7,3,8,0.01775147928994083,465158,379011
LU,2006,0.5024264271463839,0.11883618710631512,0.25883387141223946,0.0984470691440475,0.621262614252699,0.35728094055628695,2.2007952286282304,0.5447316103379721,1.121272365805169,0.4970178926441352,2.7455268389662026,1.6182902584493042,2.184540013138372,0.550479183982359,1.1139641356993484,0.48606193587589314,2.735019197120731,1.6000260715752415,503,4.363817097415507,463.0346969029659,1.086311681099374,10,4,0,6,0.019880715705765408,472637,385772
LU,2007,0.5465868569780947,0.10599856537406929,0.2378685174838208,0.08751298775697015,0.652585422352164,0.32538150524079096,2.289628180039139,0.538160469667319,1.086105675146771,0.47162426614481406,2.827788649706458,1.557729941291585,2.2850808219178083,0.5419581213307241,1.0801612524461839,0.47601389432485325,2.827038943248532,1.5561751467710372,511,4.385518590998043,471.88283531615735,1.082895926183953,12,3,1,8,0.023483365949119372,479993,392483
LU,2008,0.5469074765860482,0.10676907084770268,0.22011933034386819,0.09431332896103893,0.6536765474337508,0.31443265930490716,1.7782217782217782,0.3836163836163836,0.7782217782217782,0.32967032967032966,2.161838161838162,1.1078921078921078,1.76017154836586,0.380000109890055,0.7743434693589064,0.3326882454104668,2.1401716582559147,1.1070317147693733,1001,3.2697302697302697,897.4226082627324,1.115416517016188,32,14,4,14,0.03196803196803197,488650,400492
LU,2009,0.6617693420578947,0.1144265895524796,0.15822824290299745,0.056556999995672486,0.7761959316103743,0.21478524289866996,1.954183266932271,0.37250996015936255,0.48804780876494025,0.23904382470119523,2.3266932270916336,0.7270916334661355,1.881875796181516,0.36788780202607346,0.46936935949904934,0.2041768466680146,2.2497635982075894,0.673546206167064,502,3.053784860557769,396.7826309584357,1.2651763480357239,5,3,1,1,0.0099601593625498,497783,408988
LU,2010,0.5904729740333319,0.08583563595919536,0.18643258284663197,0.10636642900705925,0.6763086099925272,0.2927990118536912,1.8388998035363457,0.3113948919449902,0.5834970530451866,0.35363457760314343,2.150294695481336,0.93713163064833,1.8004758779094772,0.3075804510093496,0.5578023092907785,0.3540704928780397,2.1080563289188268,0.9118728021688182,1018,3.087426326129666,857.534822017671,1.1871238040278933,29,9,3,17,0.02848722986247544,506953,417441
LU,2011,0.6118603257486375,0.08612928157547253,0.15693363146658165,0.12217584655410443,0.6979896073241099,0.2791094780206861,1.7697697697697699,0.2852852852852853,0.5525525525525525,0.38238238238238237,2.055055055055055,0.934934934934935,1.7804179862370288,0.2836840542646972,0.5478858145460347,0.37956088862515835,2.064102040501726,0.927446703171193,999,2.98998998998999,881.5895969629635,1.1331803408768775,23,6,2,15,0.023023023023023025,518347,428367
LU,2012,0.5891589734604453,0.07135320501226901,0.18740530975413897,0.12313617771276063,0.6605121784727143,0.3105414874668996,1.7948463825569871,0.2487611496531219,0.6402378592666006,0.4043607532210109,2.043607532210109,1.0445986124876114,1.7901088259599882,0.2481206805180374,0.646653657277937,0.4078023720625134,2.0382295064780256,1.0544560293404504,1009,3.0882061446977205,930.8577045782478,1.083946552773237,33,10,11,12,0.03270564915758176,530946,440334
LU,2013,0.5158107081584083,0.08458551066789075,0.21630685640371164,0.13705100475360887,0.6003962188262991,0.35335786115732054,1.9584158415841584,0.36237623762376237,0.8297029702970297,0.5168316831683168,2.3207920792079206,1.3465346534653466,1.9735346366178417,0.36832833692313144,0.8220801396605398,0.5215456204693939,2.3418629735409735,1.3436257601299337,505,3.6673267326732675,466.86460359416077,1.0816840602441342,20,4,4,12,0.039603960396039604,543360,451457
LV,2004,0.4044837847358409,0.1166150445710191,0.195235577897452,0.20679953844067392,0.5210988293068599,0.4020351163381259,1.0716417910447762,0.32935323383084575,0.6109452736318408,0.5104477611940299,1.400995024875622,1.1213930348258707,1.102674208423043,0.326506800695164,0.6123030622282463,0.5220903438626181,1.429181009118207,1.1343934060908645,1005,2.5223880597014925,907.9848523183257,1.1068466587674552,85,52,23,10,0.0845771144278607,2263122,1918580
LV,2005,0.46771639201924253,0.12632188124937185,0.17510400741450655,0.156198540083618,0.5940382732686145,0.33130254749812454,1.21337890625,0.349609375,0.46337890625,0.39208984375,1.56298828125,0.85546875,1.2230829988496972,0.36125536418131676,0.46424837789149187,0.39468548219110844,1.584338363031014,0.8589338600826003,2048,2.41845703125,1878.4358857420548,1.0902687792247756,165,126,26,13,0.08056640625,2238799,1908772
LV,2006,0.5721570614562859,0.10559018612747675,0.13930405296073037,0.11769016592157036,0.6777472475837626,0.25699421888230073,1.2770137524557956,0.2829076620825147,0.35952848722986247,0.32023575638506874,1.5599214145383105,0.6797642436149313,1.293678086624343,0.28970351148865475,0.3431373377252318,0.3052035784830504,1.583381598112998,0.6483409162082823,1018,2.239685658153242,907.6287004692805,1.1216040209764777,73,56,11,6,0.07170923379174853,2218357,1899756
LV,2007,0.583135670413183,0.0887933300563095,0.09660372561636436,0.1264628587908775,0.6719290004694926,0.2230665844072419,1.2922013820335636,0.2250740375123396,0.28035538005923,0.32181638696939785,1.5172754195459033,0.6021717670286278,1.3080639548744295,0.23034791368767185,0.27575354480844194,0.32342690564765586,1.538411868562101,0.5991804504560977,1013,2.119447186574531,961.1599348738808,1.0539349001609408,111,57,47,7,0.10957551826258638,2200325,1889947
LV,2008,0.48787878384053796,0.0948046977450905,0.14155566205795356,0.21121976825105362,0.5826834815856284,0.35277543030900715,0.9786069651741294,0.208955223880597,0.34875621890547265,0.41592039800995023,1.1875621890547263,0.7646766169154229,0.9773149276303554,0.2130298295492707,0.34669081127454615,0.41554045616512875,1.1903447571796262,0.762231267439675,2010,1.9522388059701492,1897.9518872272606,1.0590363293857947,138,101,23,14,0.06865671641791045,2177322,1871549
LV,2009,0.5342499359397741,0.08946293187684691,0.1623241813307629,0.15716988530440845,0.623712867816621,0.3194940666351713,1.166003976143141,0.23260437375745527,0.4135188866799205,0.37475149105367794,1.3986083499005963,0.7882703777335984,1.1665811964197725,0.23574301112988616,0.4154528947276604,0.37610639569599735,1.4023242075496587,0.7915592904236577,1006,2.1868787276341948,983.4403843429419,1.02293948470718,59,29,22,8,0.05864811133200795,2141669,1839282
LV,2010,0.5552897574344489,0.07380323633514298,0.15097760604431984,0.15091634301505288,0.6290929937695918,0.3018939490593727,1.1734795613160518,0.19541375872382852,0.37537387836490527,0.35543369890329013,1.3688933200398803,0.7308075772681955,1.1729811454466201,0.19651354470628443,0.3746812077793477,0.354222523849347,1.3694946901529046,0.7289037316286947,2006,2.0997008973080757,1970.0402004877717,1.018253332852459,138,102,21,15,0.06879361914257229,2097555,1800178
LV,2011,0.5449500551941608,0.07983629049188183,0.12574667086240338,0.16989570304527093,0.6247863456860427,0.29564237390767434,1.0595238095238095,0.1884920634920635,0.3159722222222222,0.3784722222222222,1.248015873015873,0.6944444444444444,1.0679258075062437,0.18972574170246664,0.31575822880795706,0.37817325520412093,1.2576515492087104,0.693931484012078,2016,1.9424603174603174,1978.7050606544572,1.0188481548297084,166,131,24,11,0.08234126984126984,2059709,1766390
LV,2012,0.5751023541566875,0.08585370033648183,0.11042641694488224,0.1449309297137163,0.6609560544931692,0.25535734665859855,1.016352824578791,0.1798810703666997,0.26214073339940536,0.30822596630327054,1.1962338949454905,0.570366699702676,1.034459870070148,0.18435288561787327,0.2606441618901779,0.3025343390326121,1.2188127556880213,0.5631785009227901,2018,1.7666005946481664,1975.877002104703,1.0213186336246778,180,149,12,19,0.08919722497522299,2034319,1742122
LV,2013,0.5611308557649697,0.09154005767075965,0.11731726434178483,0.13177181660174528,0.6526709134357294,0.2490890809435301,0.9590818363273453,0.18363273453093812,0.25948103792415167,0.2774451097804391,1.1427145708582835,0.5369261477045908,0.9767635472621244,0.18685868468284333,0.25690137516526895,0.2694103172524798,1.1636222319449678,0.5263116924177488,1002,1.6796407185628743,964.7112721905843,1.0386527336046811,102,60,29,13,0.10179640718562874,2012647,1719348
MT,2004,0.5806287864944009,0.133075854583623,0.15178052849700574,0.0925346637081436,0.713704641078024,0.24431519220514936,2.122,0.642,0.562,0.348,2.764,0.91,2.1855879296940683,0.649289443886311,0.5625976100156176,0.3296363527418164,2.8348773735803796,0.892233962757434,500,3.674,391.45126272436,1.2772982172037965,21,16,5,0,0.042,401268,329409
MT,2005,0.5654300015964182,0.14723157574286533,0.14633654860634165,0.08409564039687865,0.7126615773392836,0.2304321890032203,1.72,0.536,0.397,0.22,2.256,0.617,1.8088079841139162,0.542179900123176,0.40154171637001196,0.21569883176771962,2.3509878842370924,0.6172405481377315,1000,2.873,821.5907978640288,1.2171509254969741,69,49,17,3,0.069,403834,333696
MT,2006,0.5288659985833051,0.13607780191452387,0.16624920024034515,0.10055979421867053,0.6649438004978289,0.26680899445901574,1.402,0.408,0.422,0.234,1.81,0.656,1.3941724401538105,0.3822608322921493,0.38148105177749414,0.22838089073138787,1.7764332724459597,0.609861942508882,500,2.466,364.3093949890911,1.37245980168854,32,16,12,4,0.064,405308,336999
MT,2007,0.6012841816722057,0.12213080039722389,0.1340300575257686,0.07938859617225481,0.7234149820694296,0.21341865369802343,1.706,0.43,0.32,0.216,2.136,0.536,1.7167806636297256,0.43418932889225514,0.3190950296470771,0.2144379575386896,2.1509699925219805,0.5335329871857667,500,2.672,372.106343170101,1.343701899140792,38,22,8,8,0.076,406724,340175
MT,2008,0.583032767793494,0.1317660289565675,0.14481342611181242,0.06037776512410927,0.7147987967500615,0.2051911912359217,1.446,0.377,0.308,0.137,1.823,0.445,1.4194436872211622,0.3709524193333871,0.3123134372388121,0.1357659900723861,1.7903961065545493,0.4480794273111982,1000,2.268,676.4983112078747,1.4782002902779154,94,74,10,10,0.094,409379,344220
MT,2009,0.5677430214455669,0.11713389281618104,0.1672893081385969,0.07835895823418555,0.6848769142617478,0.24564826637278248,1.39,0.332,0.426,0.212,1.722,0.638,1.4679415833518834,0.34820609466415386,0.41424352296684025,0.2101624535776207,1.816147678016037,0.624405976544461,500,2.36,401.64032951535137,1.2448949053580765,47,34,6,7,0.094,412477,348394
MT,2010,0.5669076788277985,0.1215525470602845,0.13356548840982665,0.11215036974729371,0.6884602258880831,0.24571585815712038,1.373,0.346,0.319,0.243,1.719,0.562,1.416097097266067,0.35036098173271235,0.31497001185605694,0.23692073721953866,1.7664580789987792,0.5518907490755955,1000,2.281,860.1431513555698,1.1625971774861177,77,48,18,11,0.077,414508,351508
MT,2011,0.5443599373992335,0.10424195486247759,0.13724205792646366,0.11200703635922885,0.648601892261711,0.2492490942856925,1.258,0.271,0.306,0.253,1.529,0.559,1.2654160562963666,0.2803694411553031,0.2983035030630264,0.245724607920519,1.5457854974516696,0.5440281109835454,1000,2.088,780.6622714965677,1.2809636593336977,114,70,15,29,0.114,416268,354230
MT,2012,0.5727064119023497,0.10752834338166148,0.12691654060586785,0.12978844190623,0.6802347552840112,0.2567049825120979,1.383,0.298,0.322,0.309,1.681,0.631,1.4320341406363362,0.28956732624699166,0.3311005012737683,0.31418621151873977,1.7216014668833277,0.6452867127925082,1000,2.312,756.0292287413869,1.322700184045487,84,54,8,22,0.084,420028,358400
MT,2013,0.5455373369086562,0.13429465325954879,0.11502839654434219,0.10156396470589624,0.679831990168205,0.21659236125023842,1.356,0.34,0.284,0.252,1.696,0.536,1.3830001192002859,0.3541542499701999,0.2660830385992926,0.2571706172094813,1.737154369170486,0.5232536558087739,500,2.232,364.47415195341256,1.3718393947011926,56,36,2,18,0.112,424810,363290
NL,2004,0.4897355444257875,0.0993854444101368,0.20760984691762685,0.1451174008011895,0.5891209888359243,0.35272724771881636,1.8689722357525573,0.39795421334632247,0.8611787627861666,0.5543107647345348,2.2669264490988796,1.4154895275207013,1.874085653156346,0.39559205477701853,0.8416597245888473,0.5456880813399066,2.2696777079333645,1.387347805928754,2053,3.682415976619581,1906.3200728789466,1.076944018587359,116,52,25,39,0.0565026790063322,16281779,13246741
NL,2005,0.5162872371771009,0.10144643702925256,0.19230974071268436,0.15225940162021231,0.6177336742063535,0.3445691423328967,2.12457254518808,0.4323400097703957,0.8754274548119199,0.6233512457254519,2.5569125549584757,1.4987787005373718,2.1143086678717373,0.4342877635280981,0.8440623565874127,0.6022874953894122,2.5485964313998353,1.4463498519768248,2047,4.055691255495848,1765.7376582308516,1.1592888617729058,77,36,31,10,0.03761602344894968,16319868,13302180
NL,2006,0.5199986605707041,0.10793336902455303,0.17838363265219367,0.14731663174340212,0.6279320295952572,0.32570026439559585,1.8909811694747274,0.41526263627353815,0.7710604558969276,0.5520317145688801,2.3062438057482657,1.3230921704658076,1.8843980788505375,0.41707535014119423,0.7107047363028013,0.5310414240791453,2.3014734289917316,1.2417461603819464,1009,3.6293359762140733,906.7166065512195,1.112806352844716,48,14,24,10,0.04757185332011893,16346101,13355427
NL,2007,0.5127192213109705,0.12138069583887069,0.15704479430139293,0.14673776610990058,0.6340999171498412,0.30378256041129353,2.0465807730426167,0.49950445986124875,0.647175421209118,0.599603567888999,2.5460852329038652,1.246778989098117,2.0586300991350717,0.5099917531973085,0.6137071157092523,0.5786521091091341,2.56862185233238,1.1923592248183865,1009,3.7928642220019824,885.1986219646006,1.1398571743826666,63,20,25,18,0.062438057482656094,16381696,13417607
NL,2008,0.5464684281390011,0.12425998068203824,0.15488483692714924,0.12676204587598894,0.6707284088210395,0.2816468828031382,1.680115273775216,0.3871277617675312,0.5312199807877042,0.414985590778098,2.0672430355427474,0.9462055715658021,1.6544314795274342,0.3806699057585548,0.4910396635778627,0.39309332506821676,2.035101385285989,0.8841329886460796,2082,3.0134486071085496,1591.0794330342965,1.3085456054381173,103,52,29,22,0.0494716618635927,16445593,13501432
NL,2009,0.5298060586842613,0.12049767795481907,0.15593134685520138,0.14938921456656337,0.6503037366390804,0.3053205614217648,1.6832669322709164,0.39143426294820716,0.5288844621513944,0.4103585657370518,2.0747011952191237,0.9392430278884463,1.6602298754866014,0.39854317371517495,0.5040686076674564,0.4274051986226355,2.0587730492017764,0.9314738062900919,1004,3.0139442231075697,827.9367731472281,1.212652985787193,43,25,6,12,0.04282868525896414,16530388,13599665
NL,2010,0.5368843715384002,0.09945512278383296,0.149739085032692,0.17120936572762024,0.6363394943222331,0.32094845076031225,1.5538236726741355,0.33170969313200194,0.4812469556746225,0.47735021919142717,1.8855333658061373,0.9585971748660497,1.5681416552508591,0.32321023485032546,0.4578472238593918,0.4647641706200658,1.8913518901011845,0.9226113944794576,2053,2.844130540672187,1818.0210339072248,1.1292498610908626,86,37,15,34,0.04188991719434973,16615394,13694510
NL,2011,0.494727361596988,0.10576297214204587,0.15787816785818268,0.1995778773169426,0.6004903337390338,0.35745604517512525,1.4275111331024246,0.32657100445324094,0.4982681840672934,0.5388421573478476,1.7540821375556654,1.037110341415141,1.4638696959321047,0.33443148823649327,0.4988568012999531,0.5417934523373623,1.798301184168598,1.0406502536373154,2021,2.7911924789708067,1764.3764491515149,1.1454471640515804,87,35,14,38,0.043047996041563584,16693074,13781938
NL,2012,0.5184111721490634,0.09886901535268328,0.13511963919303416,0.2134747396278551,0.6172801875017467,0.3485943788208893,1.4758382642998027,0.3027613412228797,0.4521696252465483,0.5636094674556213,1.7785996055226825,1.0157790927021697,1.4773495631527582,0.3064421677740637,0.44011200078454005,0.5594244895181714,1.7837917309268216,0.9995364903027114,2028,2.794378698224852,1762.3877899918293,1.1507115582146663,68,23,16,29,0.03353057199211045,16754962,13859832
NL,2013,0.46519455838795487,0.07674124925660261,0.1789977244643864,0.22576927170296873,0.5419358076445574,0.4047669961673551,1.386875612144956,0.23702252693437806,0.6287952987267384,0.6356513222331048,1.623898139079334,1.2644466209598433,1.3958846984518012,0.24219997016648298,0.5877320386017895,0.6094274501461461,1.6380846686182842,1.1971594887479355,1021,2.8883447600391774,848.8422402761828,1.202814788844395,50,20,16,14,0.04897159647404505,16804432,13933854
PL,2004,0.6003597235459899,0.10806392677198959,0.13431230891690749,0.11008419878568619,0.7084236503179795,0.2443965077025937,1.726,0.378,0.387,0.318,2.104,0.705,1.757436441235805,0.3831437448655634,0.3841325446974674,0.3190469157620243,2.1405801861013685,0.7031794604594916,1000,2.809,963.6049087841747,1.037769723757164,51,35,6,10,0.051,38182222,31700672
PL,2005,0.5981238175586486,0.1041241975706832,0.1296979280399883,0.11440254192757382,0.7022480151293319,0.24410046996756213,1.609,0.3165,0.383,0.3275,1.9255,0.7105,1.6383088343606607,0.3278290888562366,0.3706431947888965,0.3295455286931748,1.9661379232168974,0.7001887234820713,2000,2.636,1907.361360499383,1.04856900292683,119,87,12,20,0.0595,38165445,31874735
PL,2006,0.6416024671961379,0.0888534070965921,0.12997367946426552,0.09182924340418491,0.73045587429273,0.2218029228684505,1.608,0.26,0.339,0.251,1.868,0.59,1.6260226760965988,0.2694681795797731,0.3324446301333055,0.24996654250501862,1.8954908556763719,0.5824111726383241,1000,2.458,949.0520442771466,1.0536829945523782,51,32,8,11,0.051,38141267,32024802
PL,2007,0.6654746716274398,0.11573477893035997,0.10478673832588327,0.074723722900343445,0.7812094505577997,0.17951046122622671,1.704,0.35,0.284,0.215,2.054,0.499,1.7306815807955256,0.35448439365468193,0.27961221611633513,0.21210943636716909,2.0851659744502076,0.49172165248350425,1000,2.553,933.9988338118386,1.0706651483908147,44,32,1,11,0.044,38120560,32145898
PL,2008,0.6470599687437416,0.10220564214795311,0.09049447757141041,0.0805153597159362,0.7492656108916947,0.1710098372873466,1.3435,0.2275,0.221,0.191,1.571,0.412,1.3686318896107283,0.23862510510631832,0.21319693857801006,0.17976306684599344,1.6072569947170465,0.3929600054240035,2000,1.983,1849.196471586626,1.081550841530637,178,111,18,49,0.089,38125759,32246462
PL,2009,0.5980763625457315,0.08896344318205861,0.10025437502543749,0.11868530984472145,0.68703980572779,0.21893968487015897,1.316,0.214,0.233,0.27,1.53,0.503,1.3603502360350237,0.2301471230147123,0.2288683228868323,0.26656822665682267,1.590497359049736,0.49543654954365496,1000,2.033,919.2177724945356,1.0878814900262872,108,77,10,21,0.108,38151603,32371153
PL,2010,0.5983690416952566,0.08567445852770472,0.10601379503337732,0.11595665643598793,0.6840435002229613,0.22197045146936525,1.297,0.2055,0.2475,0.2685,1.5025,0.516,1.3126517280415497,0.22100742844591437,0.24657406438426457,0.27126010080694457,1.533659156487464,0.5178341651912091,2000,2.0185,1774.6315748813724,1.1269944862407244,207,153,12,42,0.1035,38042794,32308457
PL,2011,0.57041276962216525,0.08717971446257763,0.11660332022924857,0.13231517047722868,0.6575924840847429,0.24891849070647726,1.1665,0.1865,0.2815,0.3055,1.353,0.587,1.1778161077471139,0.1911068471145223,0.27221573222741424,0.2942640145887883,1.3689229548616362,0.5664797468162025,2000,1.94,1833.7728716404927,1.0906476101431257,196,140,8,48,0.098,38063255,32289561
PL,2012,0.5547311756218445,0.08198785077702267,0.1261109854089521,0.1544067769202063,0.6367190263988671,0.28051776232915837,1.1275,0.1785,0.286,0.331,1.306,0.617,1.1441533813897635,0.1809042528893289,0.27424033477656795,0.32822049007318915,1.3250576342790923,0.602460824849757,2000,1.923,1839.4266066538921,1.0872953521305249,176,139,7,30,0.088,38063164,32298700
PL,2013,0.5660745837076318,0.07496902943196711,0.127744386023921,0.15209895336865162,0.6410436131395989,0.2798433393925726,1.147,0.151,0.278,0.325,1.298,0.603,1.1526163915698349,0.15619529371717622,0.2814464688678813,0.32173289303973585,1.308811685287011,0.6031793619076171,1000,1.901,890.8534668628063,1.1225190642424727,82,60,4,18,0.082,38040196,32293711
PT,2004,0.46094971482561603,0.13187438308891525,0.22073340590732268,0.050963922300292064,0.5928240979145313,0.2716973282076147,0.994,0.284,0.4995,0.117,1.278,0.6165,1.0222676210520927,0.2944728171853377,0.49237590991131713,0.11716724768257801,1.3167404382374304,0.6095431575938951,2000,1.8945,1889.7063520396907,1.0583654956979225,295,148,19,128,0.1475,10483861,8805152
PT,2005,0.5047931082013077,0.119173083932077,0.2429743982041282,0.04628734627704495,0.6239661921333848,0.28926174448117314,1.176792828685259,0.2898406374501992,0.5911354581673307,0.12699203187250996,1.466633466135458,0.7181274900398407,1.2434087708022263,0.31675888306848693,0.5944793067629378,0.12405942208398808,1.5601676538707134,0.7185387288469259,2008,2.1847609561752988,1691.973146459981,1.1867800645661688,231,148,9,74,0.1150398406374502,10503330,8830895
PT,2006,0.4428745172543252,0.08838414061608066,0.2631760308264531,0.07260559888911948,0.5312586578704058,0.33578162971557257,1.0099800399201597,0.23552894211576847,0.6816367265469062,0.18962075848303392,1.2455089820359282,0.8712574850299402,1.125909384867804,0.2600394612353742,0.671816753759496,0.18752859292851468,1.3859488461031781,0.8593453466880108,1002,2.1167664670658684,836.8454459374825,1.1973537107291081,173,111,14,48,0.17265469061876249,10522288,8859579
PT,2007,0.5148839920471574,0.07433870362539036,0.2308651730066751,0.05834042828211508,0.5892226956725478,0.28920560128879025,1.1740850642927794,0.19386745796241345,0.5855588526211671,0.13452027695351138,1.367952522255193,0.7200791295746786,1.2038555778965252,0.19888593207342925,0.5783984056935447,0.13583029277220837,1.4027415099699545,0.7142286984657531,1011,2.0880316518298714,979.8583657626791,1.031781771045126,130,46,17,67,0.12858555885262116,10542964,8893143
PT,2008,0.45855658752853407,0.11151430130193782,0.24746627798692505,0.06889515928138089,0.570070888830472,0.31636143726830596,0.9950024987506247,0.23888055972013994,0.5867066466766616,0.14192903548225888,1.2338830584707645,0.7286356821589205,1.0163542743787748,0.24631826676915575,0.5877354336497912,0.13946025917023128,1.2626725411479307,0.7271956928200224,2001,1.9625187406296851,1963.187026487337,1.019261014362101,237,123,7,107,0.1184407796101949,10558177,8921668
PT,2009,0.4683391199822916,0.11926155728904982,0.2597035890319686,0.07042219928261939,0.5876006772713415,0.330125788314588,1.0995121951219513,0.2575609756097561,0.6039024390243902,0.1551219512195122,1.3570731707317074,0.7590243902439024,1.1071217804446232,0.2632421003008884,0.598724251044807,0.1550546591363748,1.3703638807455119,0.7537789101811818,1025,2.11609756097561,998.5285945236939,1.026510413043237,89,42,5,42,0.08682926829268292,10568247,8944975
PT,2010,0.4181211197016089,0.09750165044757945,0.2893106262724876,0.08446954698162851,0.5156227701491883,0.3737801732541161,1.0293685756240822,0.2393538913362702,0.7033773861967695,0.19921683798335782,1.2687224669603525,0.9025942241801272,1.0570767749083747,0.24724076742994455,0.6827444953870679,0.19602166544068916,1.3043175423383193,0.878766160827757,2043,2.1713166911404795,1975.034270164348,1.0344124306410118,237,100,6,131,0.11600587371512482,10573100,8967348
PT,2011,0.37590811616994835,0.0829435356840496,0.3209184461318908,0.10555116135592142,0.4588516518539979,0.42646960748781226,0.8458536585365853,0.18292682926829268,0.7546341463414634,0.23121951219512196,1.028780487804878,0.9858536585365854,0.8625419889383642,0.18851263816922914,0.7406224826271088,0.2310509900418741,1.0510546271075933,0.9716734726689829,2050,2.0146341463414634,2003.2166481974955,1.0233541149154288,238,86,19,133,0.11609756097560976,10557560,8968806
PT,2012,0.3582054063623532,0.07329189433099942,0.3182687524180705,0.10651649858000616,0.43149730069335257,0.4247852509980766,0.7723456790123456,0.1654320987654321,0.7604938271604939,0.2582716049382716,0.9377777777777778,1.0187654320987654,0.783735110247996,0.1663262953759148,0.748566971691745,0.2565792142316873,0.9500614056239108,1.0051461859234323,2025,1.9565432098765432,1966.5438326635303,1.0297253315006436,289,147,29,113,0.14271604938271604,10514844,8943494
PT,2013,0.3651518621724183,0.06696350138161361,0.32924647769622417,0.12023580369068662,0.43211536355403196,0.44948228138691076,0.7609561752988048,0.13346613545816732,0.701195219123506,0.250996015936255,0.8944223107569721,0.952191235059761,0.7878188881019259,0.13605244938671832,0.7021044714827276,0.24991217632106286,0.9238713374886441,0.9520166478037905,1004,1.846613545816733,976.6224861502848,1.0280328522412316,125,70,15,40,0.12450199203187251,10457295,8911923
RO,2004,0.6108484838700704,0.2483357287195624,0.07420792293745666,0.02896714546792857,0.8591842125896328,0.10317506840538523,2.4288537549407114,1.024703557312253,0.3409090909090909,0.1225296442687747,3.4535573122529644,0.4634387351778656,2.4234834765768327,1.0244856553711272,0.3368251857671099,0.12138579769180909,3.4479691319479597,0.458210983458919,1012,3.91699604743083,1005.8981875843987,1.006066033810295,37,30,2,5,0.036561264822134384,21451748,17941228
RO,2005,0.5757654832641149,0.23050342504031035,0.10086552882157289,0.0412177961116495,0.8062689083044253,0.1420833249332224,1.94061876247505,0.810379241516966,0.37025948103792417,0.1497005988023952,2.750998003992016,0.5199600798403193,1.9752467297797742,0.8307107779058752,0.36352059563175054,0.144797526956986,2.8059575076856498,0.5083181225887365,2004,3.2709580838323356,1779.5897683006856,1.1261022263089329,109,91,12,6,0.05439121756487026,21319685,17911526
RO,2006,0.5722029938655787,0.2380538571557645,0.10296731367789586,0.03058372046220146,0.8102568510213431,0.1335510341400973,1.8484848484848484,0.8098223615464994,0.29780564263322884,0.10762800417972831,2.658307210031348,0.4054336468129572,1.8434876770449735,0.8033428540319535,0.30165612925189544,0.10211769539602086,2.6468305310769273,0.4037738246479163,957,3.063740856844305,917.2949814929369,1.0432848966887853,55,48,4,3,0.05747126436781609,21193760,17845722
RO,2007,0.6052456715794431,0.21115923143253626,0.077219650478288,0.04406108816117604,0.8164049030119794,0.12128073863946404,1.7193326790971541,0.6643768400392541,0.24043179587831207,0.1324828263002944,2.383709519136408,0.3729146221786065,1.7179189979975458,0.6646684321238626,0.2388686157353365,0.1325835783040129,2.3825874301214083,0.37145219403934937,1019,2.7566241413150148,974.3554469076656,1.0458195756323052,62,47,10,5,0.06084396467124632,20882982,17600610
RO,2008,0.5839186444251856,0.1991871929731911,0.09858810205615474,0.06182291154704985,0.7831058373983767,0.16041101360320462,1.6766409266409266,0.5989382239382239,0.32625482625482627,0.18194980694980695,2.2755791505791505,0.5082046332046332,1.6650668424711697,0.595546763185398,0.3201021622361213,0.1760572703117304,2.2606136056565678,0.4961594325478517,2072,2.7837837837837838,1959.2819074381719,1.0575303084941008,113,81,5,27,0.05453667953667954,20537875,17313352
RO,2009,0.5732046748200061,0.2102887800879401,0.09985047530105828,0.04958963146267106,0.7834934549079463,0.14944010676372935,1.516160626836435,0.5680705190989226,0.33202742409402547,0.13907933398628794,2.0842311459353575,0.47110675808031344,1.5247760650225586,0.5694734424453685,0.3242937925043058,0.1398126051971622,2.0942495074679273,0.464106397701468,1021,2.555337904015671,969.5431261734074,1.053073321276262,71,38,9,24,0.06953966699314397,20367487,17166507
RO,2010,0.5705670065292688,0.15078146173390838,0.14043701653708962,0.06919817981959106,0.7213484682631772,0.20963519635668068,1.433943592281049,0.40029688273132114,0.4646214745175656,0.20930232558139536,1.8342404750123702,0.6739238000989609,1.4309730263209328,0.40529261803984346,0.45167243460390244,0.20782293001711333,1.8362656443607763,0.6594953646210158,2021,2.508164275111331,1937.6637938903968,1.0430085995167833,137,88,22,27,0.0677882236516576,20246871,17058580
RO,2011,0.5671247695606352,0.1753038136996326,0.11423793793398189,0.0626706747074036,0.7424285832602677,0.1769086126413855,1.3220255653883972,0.42625368731563423,0.3279252704031465,0.1720747295968535,1.7482792527040314,0.5,1.3228289941099822,0.43066489603469654,0.32488164827081917,0.16600736666413143,1.753493890144679,0.49088901493495063,2034,2.2482792527040316,1956.1211406838133,1.0398129020214781,166,114,15,37,0.08161258603736479,20147528,16970404
RO,2012,0.572068286092806,0.14967761503170257,0.13163235461942469,0.07880378067912075,0.7217459011245085,0.21043613529854546,1.5059894585529467,0.4187829420220412,0.4068040249161476,0.20987062769525636,1.924772400574988,0.616674652611404,1.5029604893698945,0.4194054144846027,0.4039745315263918,0.2093359613392648,1.9223659038544971,0.6133104928656566,2087,2.541447053186392,1983.2055496764965,1.0523367082854496,141,93,26,22,0.06756109247724006,20058035,16899662
RO,2013,0.5745729855831522,0.14583636468041672,0.1353638266771439,0.09081525995070457,0.7204093502635688,0.22617908662784844,1.4598337950138505,0.38873499538319484,0.39704524469067404,0.25577100646352724,1.8485687903970451,0.6528162511542013,1.4648279493114345,0.39314635663584513,0.39590573461051676,0.2540854888242145,1.8579743059472797,0.6499912234347313,1083,2.5013850415512464,1023.1669707010043,1.0584782650460287,58,46,5,7,0.05355493998153278,19983693,16846777
SE,2004,0.47625020759113157,0.04282383725633467,0.21718015617481354,0.25145831527717594,0.5190740448474662,0.46863847145198945,2.0935,0.216,1.001,1.0185,2.3095,2.0195,2.082701302211952,0.2151768849222267,1.0063939421292456,1.0119183182889249,2.2978781871341787,2.0183122604181705,2000,4.329,1963.6330779025816,1.0185202227985806,24,12,8,4,0.012,8993531,7402278
SE,2005,0.5009053154010794,0.049244884740555175,0.21653100067261988,0.22296323433726195,0.5501502001416345,0.4394942350098819,2.1745260087506075,0.23626640738940205,1.047156052503646,0.9528439474963539,2.41079241614001,2,2.1684990420273635,0.24416298335007533,1.0243003853718444,0.9196593651444777,2.4126620253774393,1.943959750516322,2057,4.410792416140009,1919.4272496354972,1.0716738549953524,20,11,7,2,0.009722897423432183,9029572,7457411
SE,2006,0.5502905569905653,0.05110510801788919,0.18244649681251934,0.19960567446558963,0.6013956650084544,0.382052171278109,2.1868239921337267,0.24385447394296952,0.8407079646017699,0.8485742379547689,2.4306784660766962,1.6892822025565388,2.1941180096593316,0.24573631993322478,0.8063411053984594,0.806326592123695,2.4398543295925563,1.6126676975221543,1017,4.119960668633235,904.5146250877201,1.1243599293945867,16,7,4,5,0.015732546705998034,9080505,7525330
SE,2007,0.5482037272595679,0.05759270052757269,0.15544547472758732,0.2206304141487348,0.6057964277871406,0.3760758888763221,2.175124378109453,0.2626865671641791,0.727363184079602,0.8955223880597015,2.4378109452736316,1.6228855721393034,2.154838692344707,0.2613336453735069,0.6970969517575544,0.84300528518044,2.4161723377182143,1.5401022369379944,1005,4.060696517412936,812.6639014638446,1.2366736090894428,18,11,5,2,0.01791044776119403,9148092,7602452
SE,2008,0.5665806271225842,0.06075751545952983,0.15632812060507464,0.1890606602029404,0.627338142582114,0.3453887808080151,1.9706321553011448,0.2224987555998009,0.6321553011448482,0.701841712294674,2.193130910900946,1.3339970134395223,1.9835875029542065,0.23073240034492787,0.6219512935691973,0.6730222843249943,2.2143199032991343,1.2949735778941918,2009,3.527127924340468,1773.1037730069654,1.1330414105390931,47,33,11,3,0.0233947237431558,9219637,7677605
SE,2009,0.5913375506426718,0.07117591352752071,0.13663412757951734,0.1879663717278378,0.6625134641701925,0.32460049930735513,2.1782945736434107,0.2703488372093023,0.627906976744186,0.751937984496124,2.4486434108527133,1.37984496124031,2.179727380056294,0.2904167322350913,0.5850546821281534,0.7224334516019755,2.470144112291386,1.307488133730129,1032,3.828488372093023,796.3686706484605,1.2958822189221377,17,11,6,0,0.016472868217054265,9298515,7752622
SE,2010,0.5622399175623596,0.04644020897095604,0.13540050831261569,0.22984102743529572,0.6086801265333156,0.36524153574791135,2.031400966183575,0.18888888888888888,0.6004830917874396,0.8371980676328502,2.2202898550724637,1.4376811594202898,2.024880653029944,0.1980949315840979,0.5543870926382923,0.8038834317337843,2.2229755846140415,1.3582705243720767,2070,3.6579710144927535,1585.1358331967638,1.3058817778571092,56,41,14,1,0.02705314009661836,9378126,7820938
SE,2011,0.5851545894367063,0.04328764265590117,0.1247789983423489,0.2279822361809973,0.6284422320926074,0.35276123452334623,1.97918683446273,0.1776379477250726,0.5459825750242013,0.8146176185866408,2.1568247821878024,1.3606001936108423,2.0219036920221765,0.17973727341093795,0.48807347016338265,0.7736907777446436,2.201640965433114,1.2617642479080262,2066,3.5174249757986447,1483.7568986890217,1.3924113861410998,40,29,10,1,0.01936108422071636,9449213,7874601
SE,2012,0.5529583049508197,0.0405025561065614,0.13159583808214964,0.24941405900350933,0.593460861057381,0.381009897085659,1.84130859375,0.13134765625,0.57421875,0.880859375,1.97265625,1.455078125,1.8947339135152048,0.14854703433566863,0.5152159379201575,0.8342893952206349,2.0432809478508736,1.3495053331407925,2048,3.427734375,1420.6102067075171,1.4416340177834954,60,38,18,4,0.029296875,9519374,7921322
SE,2013,0.5333667549916267,0.043607626674561834,0.14361856745493756,0.2568166967323008,0.5769743816661885,0.4004352641872383,1.7754698318496538,0.1394658753709199,0.592482690405539,0.8911968348170128,1.9149357072205737,1.4836795252225519,1.7999211277758715,0.1646219795939139,0.5516369250594187,0.8419924465058092,1.9645431073697854,1.393629371565228,1011,3.3986152324431256,651.7959641801701,1.5510988952986802,28,15,10,3,0.027695351137487636,9600379,7971435
SI,2004,0.535763443990344,0.1369428399633619,0.17468594057996553,0.11542961342276799,0.672706283953706,0.2901155540027335,2.102,0.608,0.736,0.477,2.71,1.213,2.1206372801974456,0.6098716001180378,0.7455779249877769,0.4893814021226504,2.730508880315483,1.234959327110427,1000,3.923,945.0119269443754,1.0581877027027842,38,18,5,15,0.038,1997012,1707420
SI,2005,0.5074006874340877,0.10838390150491108,0.21718004749567885,0.11516651303474951,0.6157845889389988,0.3323465605304284,1.9095719095719095,0.42712842712842713,0.7671957671957672,0.4160654160654161,2.3367003367003365,1.1832611832611832,1.9032389439927242,0.42926288224636244,0.7638461842901937,0.4164426954005596,2.3325018262390866,1.1802888796907534,2079,3.51996151996152,1987.870083941638,1.0458429938628915,112,34,27,51,0.05387205387205387,2000474,1715021
SI,2006,0.5202278428141615,0.11319712153276167,0.1893521870960643,0.11805931673536496,0.6334249643469231,0.3074115038314293,1.7879961277831558,0.41045498547918685,0.6408518877057116,0.409486931268151,2.1984511132623425,1.0503388189738625,1.7939676419426411,0.40570497990102955,0.6470292820927808,0.41760615698227405,2.199672621843671,1.064635439075055,1033,3.248789932236205,987.6499729788286,1.0459171045025113,63,20,15,28,0.06098741529525654,2006868,1724195
SI,2007,0.5418922104215171,0.11845126996467792,0.1865658856521997,0.11309422725419145,0.6603434803861952,0.29966011290639116,1.5725567620927936,0.36722606120434353,0.5873642645607108,0.33859822309970383,1.9397828232971372,0.9259624876604146,1.6353865282130229,0.3855831968161848,0.58414281955995,0.346747206437127,2.020969725029208,0.9308900259970769,1013,2.8657453109575517,931.9374803334912,1.0869827873405207,46,9,3,34,0.045409674234945706,2018122,1736497
SI,2008,0.5097819858209475,0.11692108367655028,0.21029919783803241,0.12514593279718247,0.6267030694974978,0.3354451306352149,1.4046789447486312,0.3504230960676954,0.5699352911896466,0.3205574912891986,1.7551020408163265,0.8904927824788452,1.4211378402070403,0.3476518601858267,0.573778886808861,0.3280341487154137,1.768789700392867,0.9018130355242748,2009,2.6455948232951716,1846.4041562596365,1.0880608089995545,76,24,11,41,0.037829766052762566,2021316,1739281
SI,2009,0.5037058196006764,0.08004365811002348,0.2269925606370948,0.1509519966893156,0.5837494777106998,0.3779445573264104,1.529064039408867,0.2561576354679803,0.8137931034482758,0.5231527093596059,1.7852216748768472,1.3369458128078817,1.5242302541133343,0.2629763553594578,0.8145396105906205,0.5280900426185597,1.7872066094727923,1.3426296532091802,1015,3.122167487684729,947.3592026511448,1.0713993141773104,39,6,13,20,0.03842364532019704,2039669,1753440
SI,2010,0.4884246359361341,0.08656329502712459,0.218034373479219,0.1662153889036772,0.5749879309632586,0.3842497623828962,1.3545183714001987,0.2477656405163853,0.7323733862959285,0.531777557100298,1.602284011916584,1.2641509433962264,1.3647133395720024,0.2568483810236346,0.7199287546426935,0.5245266144517827,1.621561720595637,1.2444553690944762,2014,2.86643495531281,1876.4810797289838,1.0732855352268609,83,16,21,46,0.041211519364448855,2048583,1758965
SI,2011,0.48847300412789724,0.07252495596704418,0.20829775574135612,0.1918621100629863,0.5609979600949415,0.4001598658043425,1.485995085995086,0.25061425061425063,0.7793611793611793,0.6486486486486487,1.7366093366093367,1.4280098280098281,1.4884417017265088,0.24654466287121432,0.7721012632550577,0.6398906376658676,1.734986364597723,1.4119919009209252,2035,3.1646191646191646,1901.185388957429,1.0703848303378516,78,11,22,45,0.03832923832923833,2052843,1759770
SI,2012,0.47575449205511006,0.06987718324286905,0.21126078983054664,0.18063958560073115,0.5456316752979792,0.3919003754312778,1.2822778595974473,0.20765832106038293,0.6475208640157094,0.5287187039764359,1.4899361806578302,1.1762395679921454,1.286310386946367,0.21074759052233902,0.6467715895869753,0.5281119809130713,1.4970579774687058,1.1748835705000469,2037,2.6661757486499753,1969.265281142542,1.034395934111101,129,22,41,66,0.06332842415316642,2057159,1760486
SI,2013,0.44913139987020806,0.06230369905530631,0.2412219687331541,0.1943562357164034,0.5114350989255144,0.43557820444955747,1.2621167161226508,0.19683481701285854,0.7626112759643917,0.6142433234421365,1.4589515331355094,1.3768545994065282,1.2606750539511808,0.19404205669873964,0.758388323083153,0.6124200376139978,1.4547171106499204,1.3708083606971508,1011,2.8358061325420376,974.0329737157007,1.0379525409117096,54,12,22,20,0.05341246290801187,2059953,1759866
SK,2004,0.5235134928838744,0.16888046253275982,0.199916943500152,0.07767261561821838,0.6923939554166341,0.27758955911837035,1.68370607028754,0.5487220447284346,0.7595846645367412,0.2819488817891374,2.2324281150159746,1.0415335463258786,1.7607954236860348,0.5884616121890206,0.7194587591812219,0.27049660865870295,2.349257035875056,0.9899553678399249,1252,3.273961661341853,987.2609760793606,1.2681550576140248,44,32,7,5,0.03514376996805112,5372280,4440799
SK,2005,0.522592335553018,0.1511059979664329,0.20599104495469764,0.09926387901801077,0.673698333519451,0.3052549239727084,1.6483666061705988,0.49183303085299457,0.7631578947368421,0.35526315789473684,2.1401996370235934,1.118421052631579,1.6992192037402718,0.5227505372284819,0.7271941064583575,0.3465518461784179,2.2219697409687535,1.0737459526367754,2204,3.2586206896551726,1827.0601859443855,1.2063094675016297,52,36,3,13,0.023593466424682397,5372807,4466057
SK,2006,0.5632734970084224,0.1454164625817625,0.1849843844478949,0.08463230358061431,0.708689959590185,0.2696166880285092,1.6586270871985158,0.45732838589981445,0.6892393320964749,0.29591836734693877,2.1159554730983303,0.9851576994434137,1.6796517560622646,0.47166645021243436,0.6536726098814448,0.2824876157257092,2.151318206274699,0.9361602256071542,1078,3.101113172541744,935.1138720366698,1.1528007788528742,25,11,7,7,0.023191094619666047,5373054,4489916
SK,2007,0.5829107818408532,0.16252904846394747,0.17524692463585168,0.06700711124196432,0.7454398303048007,0.242254035877816,1.7124773960217,0.49638336347197104,0.6329113924050633,0.22965641952983726,2.2088607594936707,0.8625678119349005,1.7678440341797068,0.5177470406228276,0.6008775034893721,0.22191303030113982,2.2855910748025345,0.8227905337905118,1106,3.0714285714285716,846.7038998780189,1.3062417690048869,16,4,3,9,0.014466546112115732,5374622,4512242
SK,2008,0.5527144781959741,0.14860660000072434,0.17005097128139515,0.08688512607565721,0.7013210781966985,0.25693609735705236,1.547584887613582,0.45480631276901007,0.5954088952654233,0.2682926829268293,2.002391200382592,0.8637015781922525,1.5967055267221804,0.4672683950240241,0.5576427132505903,0.25591677738328794,2.0639739217462045,0.8135594906338783,2091,2.8660927785748447,1683.0644449470701,1.2423766696977303,84,22,4,58,0.040172166427546625,5379233,4533179
SK,2009,0.577829832413904,0.11744871281821352,0.1831180427832828,0.08339670996804859,0.6952785452321174,0.2665147527513314,1.5134615384615384,0.3663461538461538,0.5413461538461538,0.2375,1.8798076923076923,0.7788461538461539,1.5301861513145052,0.3619833358237098,0.5109335219481014,0.21933928292926733,1.892169487138215,0.7302728048773687,1040,2.6586538461538463,876.4760476109147,1.1865697902809966,43,3,3,37,0.041346153846153845,5386406,4549628
SK,2010,0.5357176173346924,0.10285755009990684,0.2006926925052473,0.11342756038422765,0.6385751674345992,0.3141202528894749,1.4484936831875608,0.3119533527696793,0.6506316812439261,0.34159378036929056,1.76044703595724,0.9922254616132167,1.4552193467873744,0.31688227771407795,0.6289538740868152,0.33102904528305754,1.7721016245014525,0.9599829193698728,2058,2.752672497570457,1829.3230537460727,1.1250063217569168,92,12,4,76,0.04470359572400389,5391428,4557830
SK,2011,0.5018604458659217,0.07837173761606063,0.2130597162561269,0.15794851167796234,0.5802321834819824,0.3710082279340893,1.346268656716418,0.22835820895522388,0.7199004975124378,0.4562189054726368,1.5746268656716418,1.1761194029850746,1.3648727578544497,0.23531831730476463,0.6870789789265085,0.43262428989851914,1.6001910751592145,1.1197032688250275,2010,2.7507462686567163,1769.1630977438142,1.136130412489002,95,11,4,80,0.0472636815920398,5398384,4565577
SK,2012,0.4887667911776205,0.06564009131703204,0.20775376895819475,0.18113441049691884,0.5544068824946525,0.3888881794551136,1.2675,0.1775,0.703,0.54,1.445,1.243,1.2877199451088641,0.18154213129647728,0.6745493450456312,0.5175689017234096,1.4692620764053412,1.192118246769041,2000,2.688,1775.0665099159853,1.126718344821153,111,13,7,91,0.0555,5407579,4575586
SK,2013,0.49440851188959095,0.05664675048379503,0.21902580907084332,0.17512291349504897,0.551055262373386,0.3941487225658923,1.207,0.16,0.703,0.523,1.367,1.226,1.2474428132973707,0.16591683723244638,0.6703139143676453,0.5028656850984374,1.4133596505298172,1.1731795994660827,1000,2.593,838.932397348277,1.1919911582397227,54,13,4,37,0.054,5413393,4582684
